10

5 4
1 0 
1 2 
3 2 
3 4 
1 3 3 1 4 

7 6
5 0 
3 5 
1 3 
1 2 
2 4 
4 6 
1 5 2 2 5 1 1 

8 14
5 0 
5 1 
4 1 
4 6 
3 6 
3 2 
7 2 
3 5 
4 3 
3 7 
4 5 
6 2 
0 1 
5 6 
3 8 8 5 7 7 3 10 

26 46
15 0 
3 15 
3 22 
4 22 
24 4 
8 24 
5 8 
7 5 
19 7 
18 19 
24 7 
3 4 
5 24 
24 22 
8 7 
19 8 
8 15 
4 15 
18 7 
19 5 
3 0 
0 22 
19 22 
15 22 
24 3 
8 18 
4 18 
22 8 
22 5 
3 5 
18 12 
14 18 
21 12 
14 6 
21 11 
6 20 
9 11 
13 20 
9 1 
13 2 
1 16 
23 2 
16 17 
10 23 
10 25 
25 17 
2 1 5 3 4 8 9 4 2 1 5 10 1 10 1 10 1 10 1 10 1 10 1 0 0 0 

1000 2000
948 0 
948 376 
539 376 
944 539 
944 608 
809 608 
809 568 
510 568 
157 510 
157 877 
614 877 
614 927 
423 927 
764 423 
682 764 
682 970 
970 693 
299 693 
437 299 
437 283 
283 581 
573 581 
146 573 
146 958 
795 958 
124 795 
124 762 
762 859 
907 859 
484 907 
631 484 
607 631 
143 607 
143 846 
846 855 
855 211 
211 928 
38 928 
38 844 
174 844 
466 174 
466 266 
83 266 
834 83 
561 834 
561 370 
370 340 
173 340 
173 334 
489 334 
489 115 
115 813 
304 813 
304 963 
468 963 
468 132 
132 810 
758 810 
758 862 
17 862 
17 753 
753 76 
76 136 
136 31 
832 31 
640 832 
184 640 
184 314 
457 314 
732 457 
732 739 
739 80 
943 80 
943 833 
833 139 
959 139 
959 35 
35 516 
258 516 
155 258 
151 155 
509 151 
509 442 
341 442 
341 642 
971 642 
971 969 
57 969 
533 57 
406 533 
526 406 
526 842 
690 842 
315 690 
355 315 
97 355 
97 652 
622 652 
751 622 
300 751 
300 694 
694 914 
914 603 
603 740 
740 663 
663 590 
590 346 
54 346 
168 54 
168 988 
988 871 
871 454 
40 454 
40 695 
695 560 
560 5 
102 5 
800 102 
733 800 
733 624 
286 624 
286 392 
202 392 
276 202 
276 253 
253 460 
26 460 
26 352 
78 352 
724 78 
724 806 
736 806 
719 736 
126 719 
126 306 
306 22 
22 6 
6 426 
426 930 
404 930 
404 377 
377 214 
214 30 
30 267 
267 470 
470 699 
699 803 
574 803 
410 574 
843 410 
555 843 
555 901 
954 901 
954 160 
160 220 
220 841 
916 841 
916 540 
540 238 
238 473 
473 388 
388 386 
386 193 
193 866 
20 866 
880 20 
343 880 
343 261 
261 27 
298 27 
298 541 
59 541 
628 59 
628 786 
722 786 
722 183 
961 183 
961 62 
62 913 
913 625 
625 310 
310 709 
354 709 
882 354 
612 882 
385 612 
964 385 
964 691 
953 691 
100 953 
195 100 
195 513 
513 598 
760 598 
381 760 
381 951 
951 262 
262 265 
425 265 
425 881 
881 68 
68 181 
181 515 
615 515 
615 199 
383 199 
383 69 
69 783 
783 360 
528 360 
471 528 
245 471 
288 245 
288 929 
929 643 
643 401 
213 401 
213 977 
397 977 
781 397 
781 702 
702 486 
486 657 
657 280 
133 280 
787 133 
787 648 
648 851 
851 517 
721 517 
721 894 
894 42 
42 256 
918 256 
918 585 
585 984 
984 674 
674 103 
103 237 
237 909 
909 531 
507 531 
507 629 
747 629 
411 747 
357 411 
587 357 
367 587 
683 367 
683 450 
450 796 
796 402 
402 772 
772 272 
272 127 
627 127 
147 627 
147 393 
159 393 
159 822 
822 811 
811 321 
321 728 
728 319 
319 229 
229 443 
443 777 
64 777 
64 804 
804 312 
312 257 
548 257 
660 548 
630 660 
630 18 
18 72 
72 113 
113 717 
717 711 
711 451 
816 451 
816 297 
285 297 
996 285 
949 996 
665 949 
421 665 
421 899 
326 899 
326 646 
82 646 
82 890 
279 890 
279 277 
505 277 
165 505 
165 418 
180 418 
180 602 
602 713 
982 713 
982 950 
327 950 
327 840 
840 556 
556 952 
137 952 
791 137 
791 912 
968 912 
968 904 
904 345 
345 766 
766 870 
178 870 
632 178 
632 414 
605 414 
605 983 
983 273 
94 273 
170 94 
170 207 
207 108 
829 108 
829 782 
122 782 
439 122 
979 439 
979 172 
799 172 
775 799 
775 514 
514 908 
487 908 
798 487 
798 535 
535 192 
649 192 
794 649 
891 794 
891 714 
55 714 
349 55 
23 349 
384 23 
384 81 
227 81 
543 227 
445 543 
445 667 
641 667 
641 619 
619 742 
742 472 
182 472 
351 182 
351 596 
596 260 
260 1 
815 1 
965 815 
201 965 
201 620 
493 620 
453 493 
453 44 
962 44 
921 962 
289 921 
98 289 
98 305 
58 305 
824 58 
824 116 
271 116 
975 271 
712 975 
712 270 
807 270 
46 807 
46 474 
474 911 
329 911 
269 329 
269 403 
337 403 
337 461 
104 461 
104 897 
939 897 
45 939 
45 893 
594 893 
594 823 
976 823 
358 976 
358 490 
32 490 
530 32 
118 530 
440 118 
14 440 
14 344 
788 344 
788 621 
441 621 
671 441 
671 885 
885 703 
703 697 
697 295 
50 295 
366 50 
974 366 
244 974 
244 495 
495 399 
399 919 
919 111 
114 111 
896 114 
896 154 
154 589 
589 53 
679 53 
491 679 
233 491 
797 233 
873 797 
873 726 
222 726 
222 716 
716 389 
884 389 
16 884 
444 16 
368 444 
95 368 
95 179 
335 179 
831 335 
831 481 
481 689 
689 558 
558 350 
494 350 
494 197 
282 197 
359 282 
164 359 
164 109 
109 48 
48 149 
149 230 
230 131 
498 131 
11 498 
11 853 
853 348 
287 348 
287 672 
672 922 
922 705 
686 705 
686 249 
236 249 
66 236 
478 66 
478 599 
239 599 
239 688 
688 189 
553 189 
738 553 
91 738 
792 91 
662 792 
662 379 
379 303 
825 303 
825 504 
504 957 
141 957 
876 141 
412 876 
412 696 
849 696 
849 254 
254 852 
852 980 
987 980 
987 435 
435 915 
316 915 
407 316 
407 387 
496 387 
496 19 
19 845 
597 845 
597 24 
552 24 
428 552 
428 308 
112 308 
112 935 
735 935 
735 375 
617 375 
617 161 
879 161 
566 879 
566 187 
836 187 
221 836 
221 469 
167 469 
715 167 
398 715 
301 398 
284 301 
284 37 
417 37 
900 417 
242 900 
462 242 
462 251 
700 251 
130 700 
130 720 
194 720 
194 117 
86 117 
226 86 
226 278 
278 523 
523 808 
74 808 
74 575 
887 575 
887 163 
163 223 
302 223 
105 302 
105 729 
400 729 
850 400 
210 850 
3 210 
570 3 
570 932 
932 592 
432 592 
432 88 
88 191 
224 191 
224 2 
106 2 
467 106 
827 467 
827 545 
545 867 
867 21 
21 588 
588 231 
430 231 
580 430 
580 217 
217 685 
89 685 
895 89 
727 895 
727 536 
681 536 
883 681 
883 550 
156 550 
520 156 
746 520 
746 247 
247 373 
604 373 
92 604 
92 854 
854 793 
793 209 
188 209 
188 364 
364 707 
707 218 
639 218 
639 356 
774 356 
774 477 
371 477 
637 371 
637 228 
228 362 
362 134 
692 134 
331 692 
175 331 
175 978 
978 875 
875 456 
456 7 
755 7 
967 755 
967 563 
176 563 
985 176 
985 150 
150 380 
668 380 
668 557 
557 408 
572 408 
889 572 
264 889 
264 243 
243 296 
296 347 
123 347 
452 123 
452 79 
79 391 
391 485 
292 485 
394 292 
394 650 
650 634 
634 725 
994 725 
994 212 
36 212 
36 926 
434 926 
311 434 
730 311 
730 307 
506 307 
506 75 
75 910 
910 313 
313 169 
169 225 
225 320 
9 320 
9 635 
542 635 
542 924 
293 924 
293 571 
571 821 
821 741 
780 741 
780 744 
744 502 
502 925 
925 529 
153 529 
601 153 
317 601 
215 317 
633 215 
942 633 
942 353 
767 353 
801 767 
801 659 
857 659 
611 857 
611 920 
920 70 
673 70 
673 945 
945 204 
835 204 
835 532 
119 532 
593 119 
595 593 
259 595 
259 626 
626 158 
158 240 
240 336 
449 336 
886 449 
886 923 
923 903 
395 903 
395 475 
475 488 
989 488 
989 600 
600 342 
342 684 
99 684 
538 99 
779 538 
779 128 
128 997 
547 997 
547 847 
77 847 
784 77 
784 670 
583 670 
583 933 
748 933 
748 666 
666 499 
499 142 
981 142 
981 145 
898 145 
752 898 
752 511 
511 252 
252 636 
129 636 
330 129 
549 330 
549 508 
508 323 
323 10 
10 39 
39 73 
73 365 
990 365 
990 84 
84 464 
464 564 
564 869 
869 138 
820 138 
405 820 
93 405 
166 93 
166 190 
190 874 
90 874 
90 769 
865 769 
171 865 
29 171 
678 29 
763 678 
763 47 
576 47 
817 576 
817 819 
419 819 
419 805 
34 805 
455 34 
778 455 
415 778 
415 294 
734 294 
734 551 
551 274 
645 274 
645 447 
447 966 
609 966 
429 609 
322 429 
761 322 
761 776 
776 754 
653 754 
653 577 
731 577 
12 731 
524 12 
524 382 
448 382 
448 409 
546 409 
546 8 
8 995 
960 995 
960 802 
802 544 
544 768 
785 768 
332 785 
931 332 
931 436 
436 973 
309 973 
664 309 
664 858 
858 647 
647 947 
938 947 
675 938 
300 622 
973 858 
637 362 
132 304 
173 136 
753 758 
461 403 
893 897 
188 356 
836 617 
444 884 
744 925 
815 742 
402 822 
913 541 
301 715 
230 853 
421 949 
393 822 
597 308 
1 965 
5 695 
392 78 
0 608 
283 573 
508 10 
504 662 
456 967 
695 454 
160 841 
447 609 
563 150 
344 440 
260 815 
630 711 
823 893 
746 373 
358 530 
778 274 
947 332 
833 457 
571 741 
572 243 
481 368 
127 772 
884 716 
351 260 
557 572 
362 692 
286 733 
975 116 
918 42 
32 976 
538 128 
178 766 
176 668 
641 742 
130 251 
266 38 
22 719 
874 769 
106 545 
323 73 
44 965 
855 143 
713 950 
963 813 
487 514 
815 270 
969 533 
550 520 
664 973 
577 12 
197 230 
231 21 
425 951 
441 788 
151 258 
938 647 
38 855 
0 376 
740 590 
114 919 
778 734 
799 122 
223 105 
782 979 
168 346 
360 471 
84 869 
684 779 
373 520 
487 891 
297 949 
596 104 
845 24 
10 511 
508 252 
123 79 
502 153 
989 475 
114 53 
976 594 
825 379 
531 629 
875 175 
788 440 
406 642 
954 555 
722 628 
411 683 
256 531 
481 558 
649 487 
210 400 
329 461 
602 982 
45 104 
632 870 
461 45 
358 32 
133 851 
932 3 
647 664 
668 408 
313 320 
853 705 
412 141 
37 900 
836 879 
666 142 
852 435 
796 127 
72 717 
332 802 
605 829 
819 34 
50 697 
487 714 
97 315 
370 844 
182 535 
931 785 
282 558 
400 105 
6 126 
791 766 
272 627 
490 530 
844 928 
194 700 
73 10 
102 560 
343 27 
691 385 
553 792 
425 615 
666 933 
764 927 
697 366 
927 581 
370 834 
981 128 
183 62 
979 122 
763 29 
280 787 
305 289 
739 959 
943 739 
352 736 
336 626 
188 854 
840 279 
262 513 
283 146 
967 7 
376 944 
453 962 
445 641 
286 202 
449 923 
312 660 
705 236 
81 23 
542 9 
958 762 
741 744 
360 383 
1 351 
419 734 
442 642 
163 729 
935 617 
68 515 
793 373 
876 696 
457 31 
349 384 
635 225 
831 558 
827 106 
329 337 
709 625 
475 886 
510 927 
975 824 
603 663 
817 419 
602 277 
131 11 
625 62 
889 296 
671 621 
535 649 
440 32 
762 631 
3 400 
303 738 
688 91 
900 398 
245 643 
284 469 
50 974 
303 504 
414 870 
435 254 
630 816 
419 34 
158 835 
699 267 
883 156 
279 505 
415 805 
163 74 
77 547 
931 802 
914 300 
995 802 
489 304 
151 833 
150 668 
132 758 
975 270 
755 362 
316 504 
462 700 
187 469 
596 472 
829 327 
498 922 
45 897 
832 943 
270 271 
381 262 
884 179 
506 293 
846 561 
171 190 
862 753 
847 748 
243 452 
160 843 
883 536 
539 948 
908 798 
237 531 
252 330 
668 572 
643 213 
845 387 
927 970 
821 293 
381 598 
348 114 
915 407 
802 785 
115 810 
112 879 
332 544 
550 681 
454 988 
952 766 
904 137 
911 46 
794 799 
690 355 
907 958 
93 365 
398 417 
918 984 
367 450 
612 953 
495 919 
474 975 
109 11 
688 553 
496 553 
122 891 
911 269 
556 137 
473 866 
724 736 
886 903 
822 627 
686 236 
132 862 
142 145 
583 784 
807 271 
768 332 
832 136 
646 421 
435 980 
277 890 
218 364 
134 331 
157 809 
89 883 
533 526 
55 23 
983 94 
106 224 
141 504 
282 109 
59 298 
916 220 
957 303 
149 131 
189 239 
854 774 
908 55 
238 388 
453 620 
439 137 
532 595 
164 498 
585 674 
923 475 
821 502 
871 40 
405 138 
551 447 
37 398 
889 408 
541 310 
641 472 
811 159 
873 233 
667 81 
210 932 
236 282 
576 171 
405 190 
143 631 
111 399 
693 437 
244 399 
985 380 
502 741 
382 409 
611 70 
332 524 
821 924 
938 858 
631 859 
377 426 
298 343 
880 386 
329 104 
46 712 
351 472 
173 834 
305 824 
733 102 
223 523 
939 461 
859 124 
192 798 
173 489 
249 287 
602 165 
39 323 
303 141 
320 635 
787 894 
401 181 
100 760 
258 739 
693 146 
97 810 
805 455 
973 382 
970 423 
217 430 
685 231 
197 359 
555 574 
774 364 
17 758 
243 394 
653 731 
204 532 
774 639 
317 153 
27 961 
169 910 
404 6 
319 443 
16 335 
220 954 
913 59 
703 671 
253 286 
702 657 
944 877 
214 930 
239 236 
803 470 
322 776 
683 393 
660 229 
417 879 
935 428 
808 226 
842 971 
968 791 
303 662 
245 360 
29 47 
486 401 
870 345 
779 784 
104 358 
18 113 
681 727 
55 227 
604 247 
478 686 
849 876 
36 506 
21 545 
880 866 
964 354 
650 485 
306 719 
912 982 
379 792 
597 19 
352 202 
400 932 
169 635 
64 443 
539 568 
681 156 
557 380 
932 432 
980 849 
958 573 
793 92 
409 12 
859 809 
57 751 
387 957 
151 442 
113 630 
360 643 
793 604 
240 595 
930 574 
508 636 
437 146 
294 778 
160 901 
161 375 
192 794 
997 779 
829 207 
979 799 
259 593 
285 949 
99 488 
886 336 
865 29 
327 982 
436 664 
546 960 
493 201 
764 693 
494 558 
853 287 
166 769 
445 742 
189 738 
175 134 
227 641 
385 310 
660 451 
408 243 
649 714 
156 746 
223 887 
42 471 
724 719 
968 345 
388 625 
580 231 
14 788 
590 40 
365 464 
76 457 
948 944 
346 663 
490 976 
717 816 
502 780 
543 667 
259 920 
155 509 
967 176 
256 721 
588 867 
7 228 
705 672 
166 455 
795 146 
321 627 
82 279 
804 257 
10 636 
899 890 
97 690 
409 995 
590 526 
42 585 
707 175 
405 90 
595 626 
995 544 
513 951 
39 508 
406 315 
797 399 
556 327 
588 580 
912 137 
297 402 
659 744 
768 960 
404 426 
667 619 
401 977 
961 722 
418 505 
426 22 
114 154 
923 488 
82 326 
417 715 
105 850 
75 36 
426 306 
943 35 
209 92 
612 964 
310 354 
163 302 
963 132 
91 412 
447 322 
990 323 
16 389 
600 684 
755 456 
703 440 
652 315 
491 589 
543 472 
820 869 
511 636 
223 575 
321 822 
199 68 
857 920 
976 885 
672 348 
593 903 
354 195 
608 157 
928 631 
767 942 
401 929 
16 873 
691 598 
777 319 
320 292 
935 375 
746 883 
251 242 
481 444 
331 978 
909 747 
272 796 
853 48 
729 302 
543 23 
315 842 
389 873 
732 943 
699 214 
511 670 
947 664 
197 350 
89 217 
30 470 
811 796 
75 307 
649 799 
820 903 
17 76 
803 410 
552 161 
592 570 
577 645 
947 973 
994 36 
729 223 
587 683 
615 69 
966 761 
873 716 
225 924 
867 106 
782 273 
174 963 
53 222 
276 392 
842 406 
617 735 
869 93 
787 702 
80 139 
645 551 
597 980 
945 835 
316 435 
730 434 
111 244 
990 145 
627 772 
70 945 
182 667 
867 2 
472 81 
484 762 
926 212 
529 744 
211 38 
665 996 
487 632 
365 10 
738 504 
217 536 
126 736 
577 761 
221 879 
188 793 
666 847 
829 649 
980 254 
925 780 
295 974 
792 738 
653 455 
86 278 
994 123 
799 227 
105 808 
284 417 
155 80 
624 800 
445 384 
74 523 
575 808 
58 116 
278 469 
772 393 
59 866 
982 952 
740 914 
450 629 
36 311 
309 647 
428 24 
274 447 
810 304 
319 321 
595 336 
149 109 
436 332 
635 506 
820 73 
952 327 
961 913 
195 882 
31 17 
883 247 
604 520 
539 809 
634 394 
697 885 
592 850 
47 981 
996 646 
193 388 
69 528 
653 645 
412 849 
841 954 
244 896 
449 395 
128 784 
806 352 
276 78 
689 350 
694 740 
226 720 
532 240 
571 225 
213 517 
117 251 
473 193 
499 145 
853 498 
164 230 
392 22 
493 962 
42 531 
126 78 
847 997 
898 511 
673 611 
468 813 
301 469 
819 763 
439 782 
466 844 
157 614 
27 541 
893 461 
779 636 
721 357 
634 994 
199 69 
22 126 
133 648 
520 681 
201 44 
667 472 
629 103 
123 296 
452 347 
897 461 
866 386 
252 142 
14 530 
423 877 
657 133 
740 690 
471 288 
397 486 
429 966 
94 605 
570 210 
871 5 
182 742 
5 454 
252 129 
499 748 
528 288 
709 62 
577 754 
171 769 
57 151 
795 211 
968 137 
961 880 
31 640 
151 516 
639 707 
418 713 
738 478 
825 696 
542 293 
112 735 
209 364 
593 835 
375 836 
477 356 
382 544 
727 550 
827 592 
727 746 
194 86 
693 283 
373 209 
455 886 
237 256 
319 660 
739 38 
170 829 
259 70 
696 987 
671 697 
434 212 
564 73 
245 929 
379 688 
807 337 
970 764 
494 149 
452 485 
806 126 
766 968 
740 733 
93 138 
340 334 
317 633 
947 675 
571 924 
184 758 
464 820 
242 417 
907 607 
909 103 
777 717 
507 747 
530 45 
632 605 
245 528 
455 415 
639 209 
163 105 
353 659 
904 870 
6 306 
513 691 
100 513 
169 320 
368 335 
10 84 
468 810 
32 45 
430 850 
887 105 
26 78 
600 488 
258 969 
671 344 
151 959 
877 927 
118 344 
907 762 
751 652 
589 679 
913 385 
462 417 
724 253 
546 524 
797 726 
855 466 
397 213 
155 751 
54 988 
742 1 
555 410 
48 282 
587 909 
62 628 
335 481 
738 239 
484 466 
171 763 
785 436 
842 355 
26 624 
633 204 
953 385 
751 694 
391 264 
702 397 
978 228 
947 858 
617 566 
229 728 
555 214 
800 286 
449 240 
217 545 
507 909 
666 779 
653 12 
312 64 
496 597 
682 437 
367 772 
533 751 
810 862 
211 762 
777 229 
985 889 
679 154 
174 266 
641 351 
388 866 
94 714 
523 194 
811 443 
158 475 
332 664 
35 80 
529 780 
889 380 
226 210 
585 237 
54 663 
599 553 
477 362 
278 218 
900 462 
553 239 
382 8 
78 719 
116 823 
461 474 
117 808 
40 5 
233 222 
803 214 
230 48 
596 641 
191 2 
689 831 
673 767 
573 970 
223 74 
240 626 
678 190 
308 987 
748 511 
358 893 
358 712 
625 964 
195 953 
666 583 
939 807 
939 104 
952 912 
799 439 
678 869 
802 768 
266 143 
308 552 
174 38 
634 75 
139 35 
357 367 
899 82 
909 918 
617 187 
435 504 
576 419 
538 684 
650 850 
547 128 
192 487 
165 82 
807 911 
74 278 
88 592 
37 566 
179 368 
394 485 
183 59 
279 791 
130 575 
660 72 
23 172 
685 727 
549 129 
334 963 
996 816 
642 526 
791 840 
269 461 
391 725 
725 926 
875 331 
810 31 
505 82 
718 675 
675 325 
427 718 
325 361 
427 234 
361 446 
584 234 
446 518 
216 584 
518 818 
750 216 
771 818 
750 972 
771 567 
972 917 
789 567 
917 339 
789 135 
339 519 
135 479 
519 110 
512 479 
110 60 
856 512 
60 433 
856 463 
433 826 
868 463 
826 586 
756 868 
255 586 
482 756 
934 255 
13 482 
934 905 
13 501 
905 591 
263 501 
591 759 
263 101 
363 759 
101 96 
61 363 
687 96 
704 61 
71 687 
241 704 
200 71 
465 241 
677 200 
465 892 
438 677 
892 232 
438 710 
232 416 
420 710 
416 33 
420 63 
33 522 
63 946 
522 521 
946 610 
521 537 
737 610 
198 537 
737 120 
198 838 
125 120 
838 837 
676 125 
656 837 
676 940 
661 656 
497 940 
661 582 
497 324 
582 749 
324 390 
860 749 
390 203 
219 860 
203 25 
372 219 
956 25 
372 651 
51 956 
651 458 
51 941 
814 458 
941 770 
937 814 
206 770 
281 937 
206 698 
15 281 
698 49 
906 15 
49 52 
991 906 
52 745 
991 527 
559 745 
527 888 
765 559 
290 888 
65 765 
554 290 
669 65 
616 554 
205 669 
369 616 
680 205 
654 369 
680 992 
993 654 
861 992 
28 993 
291 861 
144 28 
4 291 
144 618 
4 706 
623 618 
43 706 
186 623 
43 333 
186 422 
333 413 
658 422 
655 413 
658 121 
655 830 
121 41 
830 268 
41 492 
986 268 
492 743 
936 986 
431 743 
878 936 
431 500 
878 250 
864 500 
250 459 
790 864 
85 459 
525 790 
839 85 
525 196 
839 578 
483 196 
578 140 
87 483 
140 378 
87 723 
378 185 
723 396 
613 185 
396 338 
107 613 
828 338 
848 107 
828 480 
848 902 
480 152 
275 902 
701 152 
275 56 
562 701 
162 56 
562 208 
476 162 
955 208 
565 476 
757 955 
708 565 
757 534 
708 872 
534 773 
67 872 
148 773 
67 606 
148 177 
235 606 
328 177 
235 248 
863 328 
248 424 
863 318 
424 374 
579 318 
374 569 
812 579 
644 569 
812 246 
638 644 
503 246 
638 998 
998 999 
503 999 
887 146 361 441 280 119 563 957 694 317 294 144 650 710 512 576 912 131 805 208 1 143 363 369 858 288 586 349 12 291 157 967 276 513 795 214 675 358 843 90 452 269 82 690 232 474 434 326 103 291 654 760 730 231 755 474 926 153 236 886 696 233 548 93 584 989 343 250 187 938 651 876 65 907 165 988 62 913 669 168 130 326 765 948 954 38 459 305 753 251 890 557 998 851 965 172 890 745 723 911 517 760 561 219 79 112 696 409 62 521 377 291 758 145 413 14 42 499 139 582 927 830 661 792 125 562 291 885 608 824 497 113 762 142 232 300 890 688 788 820 619 499 741 4 946 533 59 10 832 301 882 964 147 879 630 941 420 223 669 589 319 177 904 19 376 751 3 31 647 123 510 742 282 100 551 841 874 332 31 116 811 485 254 824 446 695 791 324 821 831 495 505 874 45 195 397 963 78 302 442 819 926 866 544 558 70 44 789 31 864 323 761 885 197 210 169 562 338 516 623 864 688 454 785 996 464 940 609 720 61 849 25 404 446 944 368 307 230 774 610 440 166 959 831 957 829 721 967 834 231 890 409 334 445 362 807 572 776 584 962 856 694 978 760 938 546 316 897 171 228 337 472 196 692 703 435 676 512 916 805 407 35 759 643 690 102 397 797 877 792 786 205 539 454 985 230 502 150 978 270 278 260 912 773 13 108 239 688 763 382 451 829 775 56 933 473 583 741 833 342 747 576 163 128 139 747 927 616 896 619 791 182 763 45 302 215 529 843 399 646 479 830 423 652 927 294 126 440 777 595 5 213 977 725 506 295 941 286 938 643 812 911 767 112 3 514 1 798 345 946 888 50 382 840 904 981 625 397 589 954 630 876 678 940 896 463 235 498 342 374 569 566 26 267 734 804 61 213 588 23 630 303 314 975 969 873 903 675 971 494 277 922 892 711 943 747 505 163 548 750 807 958 404 769 607 821 392 575 747 542 427 938 389 381 486 754 667 100 548 367 23 475 712 100 708 228 69 953 76 552 664 775 386 436 841 687 290 261 748 480 176 369 967 166 646 281 502 637 435 783 544 850 28 986 844 491 671 910 783 189 604 644 987 633 271 452 94 998 366 862 86 977 752 480 278 634 309 468 503 848 15 823 802 329 513 344 400 205 959 385 921 390 287 827 240 579 621 655 715 473 383 378 165 971 179 272 453 150 196 1 926 416 977 890 569 522 851 998 60 678 894 662 864 531 629 526 174 372 975 814 212 110 61 374 284 617 530 647 208 228 453 79 936 263 967 568 115 437 486 52 185 926 261 675 253 316 173 185 405 303 343 222 875 285 676 200 392 230 97 577 465 70 164 981 645 199 30 768 193 8 901 861 968 228 154 850 221 736 638 267 4 314 681 680 195 958 810 571 845 623 556 588 383 308 586 72 801 828 433 825 785 477 990 151 740 178 878 449 211 787 360 240 878 48 43 482 469 86 551 552 855 449 329 609 772 141 216 939 91 767 982 194 180 566 940 216 121 73 955 179 849 178 317 46 680 841 307 65 253 760 540 14 768 680 441 662 16 415 915 168 724 85 401 346 336 185 548 552 999 530 31 521 404 242 190 366 417 454 451 901 80 240 324 759 700 28 833 338 781 610 888 320 815 702 225 732 294 829 561 636 100 573 970 315 521 395 596 341 989 423 28 381 363 885 638 677 83 727 799 471 191 116 445 672 616 379 102 627 381 843 101 993 103 992 706 827 520 806 400 866 973 449 520 975 330 89 193 448 666 815 467 615 520 668 225 907 662 169 956 474 125 513 839 797 882 976 162 168 753 899 4 1000 1 1000 1 1000 1 1000 1 1000 1 1000 1 1000 1 1000 1 1000 1 1000 1 1000 1 1000 1 1000 1 1000 1 1000 1 1000 1 1000 1 1000 1 1000 1 1000 1 1000 1 1000 1 1000 1 1000 1 1000 1 1000 1 1000 1 1000 1 1000 1 1000 1 1000 1 1000 1 1000 1 1000 1 1000 1 1000 1 1000 1 1000 1 1000 1 1000 1 1000 1 1000 1 1000 1 1000 1 1000 1 1000 1 1000 1 1000 1 1000 1 1000 1 1000 1 1000 1 1000 1 1000 1 1000 1 1000 1 1000 1 1000 1 1000 1 1000 1 1000 1 1000 1 1000 1 1000 1 1000 1 1000 1 1000 1 1000 1 1000 1 1000 1 1000 1 1000 1 1000 1 1000 1 1000 1 1000 1 1000 1 1000 1 1000 1 1000 1 1000 1 1000 1 1000 1 1000 1 1000 1 1000 1 1000 1 1000 1 1000 1 1000 1 1000 1 1000 1 1000 1 1000 1 1000 1 1000 1 1000 1 1000 1 0 0 0 

1000 2000
394 0 
394 130 
130 121 
727 121 
973 727 
973 929 
615 929 
589 615 
643 589 
923 643 
37 923 
98 37 
98 810 
810 905 
82 905 
399 82 
356 399 
760 356 
883 760 
64 883 
373 64 
327 373 
327 284 
284 641 
930 641 
930 967 
967 840 
840 245 
245 947 
947 102 
548 102 
222 548 
222 151 
113 151 
113 515 
196 515 
196 725 
725 892 
514 892 
774 514 
774 726 
520 726 
255 520 
477 255 
874 477 
874 941 
941 385 
432 385 
432 692 
692 517 
974 517 
46 974 
46 780 
226 780 
439 226 
157 439 
238 157 
552 238 
216 552 
216 801 
699 801 
699 164 
791 164 
849 791 
849 839 
420 839 
44 420 
970 44 
521 970 
291 521 
291 491 
365 491 
365 919 
919 303 
303 975 
975 379 
379 212 
212 11 
228 11 
228 192 
192 693 
924 693 
555 924 
184 555 
184 268 
268 193 
938 193 
938 437 
437 135 
10 135 
476 10 
476 690 
624 690 
624 621 
621 404 
404 979 
313 979 
868 313 
271 868 
507 271 
720 507 
821 720 
285 821 
285 484 
484 494 
494 549 
549 50 
50 845 
443 845 
443 653 
653 293 
293 295 
295 609 
625 609 
277 625 
277 803 
544 803 
25 544 
25 968 
968 853 
853 574 
603 574 
56 603 
56 816 
456 816 
375 456 
375 378 
572 378 
572 462 
178 462 
178 949 
949 799 
799 355 
660 355 
660 211 
715 211 
627 715 
796 627 
45 796 
1 45 
983 1 
983 490 
360 490 
13 360 
13 761 
761 189 
987 189 
987 454 
904 454 
904 743 
314 743 
314 396 
396 279 
279 670 
670 951 
951 292 
731 292 
250 731 
3 250 
3 738 
738 781 
781 171 
171 227 
227 471 
464 471 
464 96 
96 862 
888 862 
872 888 
872 522 
522 687 
248 687 
229 248 
229 497 
497 869 
172 869 
172 79 
79 95 
95 989 
261 989 
827 261 
827 559 
559 302 
302 52 
408 52 
408 566 
814 566 
814 633 
633 550 
550 856 
856 620 
620 586 
247 586 
247 635 
635 540 
540 223 
223 885 
885 933 
822 933 
613 822 
613 468 
468 185 
678 185 
608 678 
341 608 
880 341 
287 880 
716 287 
716 831 
773 831 
418 773 
418 945 
945 898 
740 898 
740 792 
792 679 
679 696 
696 297 
297 954 
954 833 
833 219 
219 528 
140 528 
617 140 
617 775 
775 664 
200 664 
401 200 
401 32 
450 32 
450 266 
426 266 
506 426 
706 506 
706 765 
789 765 
789 771 
771 630 
116 630 
438 116 
553 438 
21 553 
784 21 
457 784 
902 457 
309 902 
309 201 
201 167 
167 154 
154 8 
673 8 
141 673 
141 769 
769 709 
709 207 
330 207 
330 787 
787 691 
691 344 
344 649 
316 649 
751 316 
751 249 
249 169 
62 169 
366 62 
542 366 
414 542 
127 414 
243 127 
251 243 
601 251 
386 601 
591 386 
591 996 
444 996 
444 69 
421 69 
153 421 
153 173 
173 217 
217 748 
465 748 
806 465 
225 806 
225 939 
994 939 
655 994 
783 655 
433 783 
122 433 
804 122 
804 958 
710 958 
710 429 
215 429 
215 486 
406 486 
406 682 
682 194 
194 380 
318 380 
143 318 
143 59 
59 736 
672 736 
805 672 
7 805 
7 283 
283 242 
844 242 
389 844 
389 265 
265 509 
509 959 
959 40 
811 40 
811 422 
422 16 
16 322 
435 322 
123 435 
176 123 
176 916 
916 253 
158 253 
819 158 
819 925 
925 36 
36 387 
756 387 
756 556 
556 24 
533 24 
533 570 
570 393 
393 763 
407 763 
407 843 
220 843 
280 220 
317 280 
317 881 
162 881 
995 162 
995 928 
861 928 
861 829 
733 829 
733 597 
597 830 
830 976 
922 976 
188 922 
188 729 
263 729 
263 894 
807 894 
807 873 
73 873 
73 392 
392 714 
714 545 
382 545 
778 382 
834 778 
340 834 
340 99 
998 99 
802 998 
133 802 
681 133 
274 681 
274 539 
539 897 
654 897 
70 654 
70 210 
878 210 
677 878 
677 896 
871 896 
777 871 
777 199 
199 917 
500 917 
891 500 
891 33 
652 33 
424 652 
893 424 
893 637 
600 637 
600 489 
493 489 
921 493 
921 663 
663 547 
547 395 
485 395 
485 629 
527 629 
445 527 
87 445 
708 87 
708 530 
530 411 
411 328 
685 328 
685 569 
569 269 
269 742 
114 742 
114 909 
909 129 
129 428 
618 428 
618 384 
384 759 
759 149 
149 604 
604 305 
305 595 
595 674 
674 910 
578 910 
402 578 
326 402 
326 155 
155 847 
867 847 
867 34 
34 866 
866 965 
965 770 
798 770 
786 798 
786 581 
646 581 
2 646 
2 117 
230 117 
300 230 
300 15 
639 15 
183 639 
183 932 
812 932 
812 758 
758 705 
705 427 
427 558 
689 558 
846 689 
846 680 
14 680 
852 14 
852 658 
776 658 
599 776 
516 599 
516 628 
628 650 
97 650 
752 97 
752 85 
442 85 
442 144 
144 209 
209 541 
105 541 
359 105 
359 128 
611 128 
757 611 
757 719 
750 719 
750 596 
955 596 
138 955 
138 362 
419 362 
419 259 
391 259 
234 391 
234 634 
697 634 
697 492 
519 492 
203 519 
203 68 
68 20 
20 218 
6 218 
956 6 
576 956 
686 576 
598 686 
598 823 
823 722 
722 48 
48 55 
55 108 
900 108 
38 900 
38 403 
895 403 
895 331 
364 331 
899 364 
899 623 
964 623 
964 724 
662 724 
320 662 
320 425 
425 267 
267 440 
440 256 
256 337 
458 337 
458 713 
713 181 
857 181 
857 594 
594 640 
640 77 
518 77 
74 518 
74 168 
168 304 
962 304 
962 466 
466 936 
638 936 
47 638 
614 47 
614 671 
671 163 
163 23 
23 112 
126 112 
126 667 
946 667 
946 109 
323 109 
374 323 
374 258 
90 258 
90 119 
119 252 
252 469 
469 877 
952 877 
92 952 
92 148 
148 704 
704 398 
398 668 
668 915 
190 915 
190 582 
582 159 
159 523 
376 523 
288 376 
645 288 
65 645 
65 111 
111 307 
809 307 
809 632 
436 632 
436 957 
473 957 
160 473 
441 160 
441 948 
948 499 
78 499 
78 851 
848 851 
5 848 
5 568 
214 568 
213 214 
213 41 
593 41 
593 980 
560 980 
808 560 
808 221 
221 262 
262 145 
647 145 
296 647 
296 943 
943 405 
405 430 
339 430 
301 339 
301 423 
525 423 
606 525 
606 417 
150 417 
150 449 
449 942 
944 942 
944 368 
503 368 
175 503 
175 501 
311 501 
311 410 
410 381 
381 29 
992 29 
992 28 
28 124 
338 124 
338 826 
745 826 
984 745 
984 205 
205 446 
363 446 
343 363 
186 343 
186 886 
737 886 
42 737 
587 42 
546 587 
546 409 
409 187 
4 187 
882 4 
329 882 
9 329 
9 571 
666 571 
666 35 
361 35 
361 31 
31 818 
753 818 
260 753 
683 260 
683 472 
961 472 
161 961 
161 747 
747 622 
622 971 
971 610 
610 532 
532 573 
911 573 
911 179 
179 513 
513 308 
997 308 
997 71 
71 239 
239 953 
470 953 
470 863 
863 744 
342 744 
452 342 
452 927 
927 434 
434 27 
54 27 
54 233 
233 93 
358 93 
631 358 
631 592 
592 991 
529 991 
529 334 
908 334 
972 908 
451 972 
451 918 
876 918 
684 876 
139 684 
139 890 
115 890 
990 115 
543 990 
707 543 
707 75 
75 656 
656 91 
837 91 
837 813 
616 813 
136 616 
136 841 
832 841 
30 832 
935 30 
202 935 
828 202 
828 870 
870 577 
561 577 
561 332 
920 332 
920 564 
564 231 
51 231 
39 51 
39 815 
83 815 
755 83 
755 367 
152 367 
152 206 
206 817 
817 236 
180 236 
180 937 
937 319 
319 487 
350 487 
350 461 
461 508 
698 508 
698 118 
118 100 
100 986 
370 986 
270 370 
270 926 
282 926 
306 282 
590 306 
590 854 
198 854 
198 825 
246 825 
246 483 
483 734 
734 195 
195 659 
721 659 
325 721 
732 325 
732 156 
88 156 
762 88 
762 531 
636 531 
636 488 
467 488 
467 26 
26 695 
695 347 
347 94 
80 94 
793 80 
859 793 
859 985 
985 790 
702 790 
702 782 
764 782 
607 764 
607 913 
913 276 
276 166 
22 166 
22 963 
963 864 
321 864 
137 321 
137 58 
907 58 
836 907 
676 836 
887 676 
887 665 
665 526 
315 526 
315 53 
333 53 
511 333 
511 739 
739 89 
237 89 
237 988 
988 496 
372 496 
372 369 
369 182 
308 863 
358 233 
682 486 
214 848 
117 300 
40 422 
666 361 
792 450 
878 654 
973 615 
526 739 
829 922 
686 218 
974 520 
250 171 
163 112 
332 231 
603 816 
518 256 
606 944 
789 154 
847 402 
752 611 
900 55 
499 704 
465 69 
617 450 
569 742 
100 370 
813 707 
329 753 
6 403 
553 630 
396 904 
541 359 
26 325 
726 514 
425 440 
668 704 
207 769 
862 951 
102 222 
946 112 
423 339 
32 200 
689 15 
98 905 
845 549 
680 689 
548 245 
183 300 
96 872 
311 368 
679 954 
407 393 
548 947 
1 490 
37 905 
166 913 
450 401 
637 489 
261 79 
991 334 
411 708 
942 368 
373 760 
674 578 
591 444 
503 501 
625 803 
819 756 
937 461 
394 589 
411 129 
96 227 
82 37 
996 386 
634 492 
826 992 
592 529 
589 923 
94 88 
362 596 
39 564 
959 844 
302 261 
313 271 
36 556 
98 643 
130 0 
873 894 
136 30 
487 180 
667 112 
334 972 
461 698 
315 237 
653 549 
755 815 
604 674 
322 756 
202 136 
943 145 
686 634 
722 598 
811 959 
340 802 
16 486 
792 716 
389 7 
869 827 
323 946 
833 140 
8 167 
611 359 
117 646 
130 727 
806 994 
494 443 
739 53 
56 574 
564 51 
44 849 
472 753 
231 39 
887 511 
587 666 
36 756 
571 31 
892 774 
7 672 
283 844 
664 528 
810 82 
222 113 
419 719 
483 825 
829 995 
268 693 
198 246 
636 88 
419 203 
826 28 
882 187 
702 985 
176 158 
314 904 
921 489 
150 368 
41 980 
373 548 
941 692 
681 539 
837 832 
137 907 
297 833 
150 647 
344 330 
192 11 
150 606 
707 656 
175 942 
259 634 
947 222 
22 80 
577 39 
876 890 
674 114 
525 301 
306 926 
917 871 
161 971 
821 484 
267 662 
507 313 
609 277 
258 252 
194 318 
102 113 
955 750 
477 520 
372 237 
7 736 
773 696 
183 15 
471 862 
248 862 
288 111 
262 647 
396 743 
956 686 
155 581 
73 714 
539 133 
239 863 
691 316 
309 784 
515 548 
461 487 
464 171 
968 603 
468 678 
662 425 
632 307 
233 631 
983 45 
180 817 
726 892 
313 621 
436 441 
159 190 
819 36 
962 936 
909 428 
64 905 
946 638 
469 148 
618 674 
935 832 
135 938 
516 776 
41 568 
446 343 
964 662 
949 462 
582 376 
284 930 
29 997 
376 159 
358 27 
15 230 
148 398 
570 407 
407 220 
595 149 
248 888 
491 839 
777 896 
531 488 
263 873 
898 792 
320 256 
111 809 
406 215 
33 500 
5 851 
620 540 
963 166 
164 801 
193 437 
193 555 
899 403 
558 14 
607 782 
441 473 
53 511 
108 403 
941 477 
983 627 
308 71 
849 970 
617 630 
831 696 
593 214 
829 280 
952 148 
862 229 
287 945 
953 342 
89 988 
861 733 
128 757 
255 385 
542 62 
458 181 
798 965 
898 297 
315 887 
404 313 
745 205 
792 341 
56 378 
704 190 
307 948 
56 375 
731 738 
965 34 
358 991 
438 630 
542 169 
363 124 
656 543 
883 356 
355 211 
763 570 
406 429 
189 13 
603 853 
586 635 
526 676 
812 183 
483 721 
899 895 
344 787 
486 429 
213 851 
452 863 
798 581 
239 513 
937 236 
401 706 
271 268 
225 153 
881 995 
748 225 
234 419 
808 980 
638 74 
318 59 
699 839 
590 282 
744 452 
171 738 
91 841 
975 919 
29 410 
652 600 
561 935 
679 528 
469 704 
71 573 
847 2 
242 389 
429 958 
95 827 
548 151 
171 471 
391 492 
21 771 
321 963 
230 2 
210 677 
830 280 
558 846 
20 576 
430 943 
525 647 
167 553 
699 216 
33 424 
91 75 
799 45 
166 321 
683 161 
550 814 
75 115 
229 522 
468 341 
780 791 
333 665 
915 398 
942 150 
752 144 
691 709 
319 461 
765 771 
664 401 
54 927 
577 828 
350 236 
210 917 
389 283 
414 251 
370 461 
646 230 
974 385 
403 331 
500 896 
440 181 
819 176 
937 367 
962 74 
591 601 
140 664 
957 441 
517 432 
662 440 
343 42 
878 871 
733 995 
265 844 
566 633 
21 457 
996 243 
893 921 
228 975 
491 919 
870 202 
225 994 
255 941 
946 119 
756 24 
913 764 
720 549 
25 574 
30 75 
69 748 
866 770 
804 429 
897 998 
457 954 
8 141 
856 635 
941 432 
683 961 
419 138 
938 192 
887 907 
339 405 
192 184 
781 872 
421 217 
184 690 
449 606 
256 713 
333 237 
968 544 
761 987 
926 986 
64 356 
888 172 
647 160 
158 916 
158 387 
976 733 
670 454 
164 420 
328 742 
920 231 
839 791 
203 20 
899 331 
462 378 
225 655 
263 188 
470 744 
762 636 
90 469 
88 467 
942 301 
427 758 
417 449 
910 595 
434 452 
869 79 
698 282 
118 986 
915 159 
683 753 
591 69 
179 997 
284 373 
650 846 
891 652 
45 627 
634 203 
384 685 
48 895 
983 761 
47 671 
917 677 
801 552 
558 758 
909 742 
663 493 
169 207 
450 664 
268 555 
58 333 
623 724 
409 4 
936 518 
650 516 
631 529 
845 484 
633 856 
658 599 
581 2 
158 925 
520 692 
851 214 
973 589 
476 494 
526 887 
487 937 
221 339 
996 421 
985 782 
863 953 
989 79 
532 971 
207 787 
282 270 
673 167 
97 442 
853 25 
96 888 
763 733 
98 82 
69 386 
155 402 
823 203 
499 436 
451 529 
151 515 
763 995 
267 74 
624 404 
492 956 
807 545 
403 320 
773 679 
645 111 
487 236 
154 141 
662 256 
519 218 
385 692 
457 266 
10 437 
594 74 
34 155 
811 16 
896 897 
155 595 
837 616 
250 738 
59 672 
138 599 
681 654 
248 869 
511 89 
829 729 
467 762 
452 27 
442 752 
520 548 
815 51 
291 839 
74 640 
364 425 
705 932 
825 734 
1 660 
773 716 
818 961 
199 871 
892 196 
942 417 
574 660 
499 441 
544 277 
38 108 
229 869 
209 611 
682 217 
222 515 
996 542 
679 297 
837 841 
92 252 
26 80 
825 282 
184 924 
695 702 
758 639 
35 31 
45 355 
407 710 
58 321 
338 745 
143 380 
426 450 
159 704 
861 162 
592 358 
341 933 
790 764 
319 180 
946 126 
464 862 
890 990 
819 387 
572 456 
618 129 
304 466 
928 830 
702 764 
487 755 
515 102 
734 659 
600 893 
359 144 
776 680 
464 172 
40 736 
533 843 
436 473 
663 527 
304 936 
225 433 
185 613 
827 302 
622 610 
556 925 
625 544 
817 152 
984 446 
356 82 
133 677 
7 143 
813 91 
140 775 
113 892 
476 193 
970 291 
133 998 
363 186 
279 314 
591 153 
59 194 
118 487 
117 558 
369 237 
181 304 
639 932 
618 604 
433 486 
175 339 
92 668 
393 162 
420 849 
228 693 
284 967 
782 963 
182 963 
330 414 
236 152 
343 826 
54 543 
187 587 
650 752 
179 239 
45 490 
649 751 
559 408 
816 375 
6 722 
256 857 
422 322 
890 543 
522 248 
199 891 
627 1 
201 154 
953 308 
970 420 
793 721 
756 570 
461 180 
561 920 
168 936 
305 618 
341 822 
83 231 
725 726 
337 662 
42 186 
507 868 
411 685 
677 998 
613 32 
283 805 
325 659 
246 282 
231 561 
769 8 
186 737 
136 813 
907 676 
666 329 
716 880 
713 857 
356 394 
823 218 
100 698 
511 237 
173 806 
80 790 
722 900 
553 116 
699 521 
387 925 
88 531 
787 316 
326 867 
426 32 
832 136 
476 443 
119 469 
73 807 
367 350 
552 157 
609 803 
594 713 
596 209 
573 610 
776 650 
776 628 
379 11 
733 188 
691 649 
964 895 
658 680 
929 727 
363 205 
9 161 
265 242 
109 23 
690 437 
139 115 
74 77 
238 791 
109 126 
843 280 
45 211 
419 391 
597 829 
135 621 
714 873 
175 311 
956 20 
973 643 
923 121 
915 376 
636 350 
450 706 
548 840 
627 211 
329 546 
589 98 
421 444 
23 126 
592 93 
687 229 
559 79 
467 94 
599 628 
973 130 
719 596 
99 802 
223 822 
391 138 
279 951 
436 307 
686 722 
242 143 
747 971 
295 50 
523 111 
988 372 
948 851 
25 803 
885 635 
774 477 
65 307 
367 83 
179 308 
268 938 
189 904 
71 971 
935 828 
804 433 
905 373 
434 876 
327 64 
33 917 
123 916 
157 517 
998 545 
840 947 
641 373 
976 539 
634 391 
539 340 
430 150 
492 6 
13 490 
898 635 
985 488 
152 180 
679 898 
870 920 
439 552 
200 775 
720 271 
432 216 
834 99 
164 385 
46 517 
115 684 
793 347 
175 944 
864 22 
263 807 
213 593 
347 80 
430 296 
829 830 
248 497 
857 74 
238 439 
332 828 
319 755 
78 473 
759 595 
156 325 
678 341 
525 430 
628 359 
164 849 
586 856 
492 234 
994 217 
393 756 
965 581 
921 685 
747 961 
334 890 
542 249 
342 927 
846 658 
242 811 
695 467 
763 917 
297 200 
274 210 
316 249 
219 297 
743 279 
27 573 
591 243 
645 376 
258 469 
368 338 
781 3 
805 844 
822 540 
198 370 
671 640 
825 721 
51 152 
897 802 
932 300 
141 207 
822 885 
847 965 
267 256 
90 109 
227 464 
40 16 
391 218 
122 783 
233 470 
394 121 
897 70 
547 921 
338 28 
339 296 
848 499 
823 686 
387 407 
253 811 
812 705 
457 8 
409 35 
761 360 
992 984 
590 483 
992 381 
618 759 
124 992 
998 834 
652 489 
245 967 
742 411 
263 73 
610 747 
814 620 
560 262 
974 432 
671 23 
837 656 
866 910 
114 129 
385 520 
252 877 
118 508 
213 568 
869 872 
856 172 
255 726 
356 373 
276 526 
576 895 
172 261 
461 100 
974 692 
318 736 
687 869 
29 28 
690 621 
166 864 
292 670 
65 809 
532 911 
159 952 
523 645 
300 639 
840 641 
922 733 
202 30 
991 631 
526 511 
362 259 
199 210 
391 203 
160 957 
260 610 
839 238 
555 437 
282 370 
392 873 
625 56 
112 374 
406 176 
193 212 
484 443 
350 508 
919 157 
546 886 
490 627 
74 47 
649 249 
760 98 
491 970 
671 638 
127 194 
135 476 
236 206 
776 852 
288 523 
653 845 
995 861 
819 253 
330 709 
647 943 
405 296 
601 243 
226 216 
556 819 
634 209 
213 5 
213 441 
91 616 
923 810 
394 727 
523 190 
300 2 
405 41 
360 987 
486 194 
363 546 
513 997 
631 54 
732 721 
672 318 
521 975 
946 374 
755 152 
433 958 
387 16 
340 133 
109 374 
417 525 
604 759 
533 407 
586 678 
747 942 
410 124 
182 906 
182 352 
906 746 
800 352 
648 746 
800 146 
512 648 
146 562 
779 512 
562 101 
12 779 
644 101 
460 12 
17 644 
460 728 
585 17 
728 415 
585 694 
208 415 
694 703 
960 208 
66 703 
960 298 
254 66 
711 298 
400 254 
711 455 
413 400 
455 602 
104 413 
741 602 
104 125 
741 191 
125 884 
431 191 
712 884 
978 431 
495 712 
978 982 
495 567 
875 982 
551 567 
875 701 
754 551 
174 701 
257 754 
174 785 
584 257 
19 785 
177 584 
86 19 
579 177 
86 626 
281 579 
626 612 
281 557 
448 612 
661 557 
448 103 
661 275 
273 103 
275 132 
273 478 
235 132 
749 478 
388 235 
481 749 
583 388 
335 481 
81 583 
335 57 
81 397 
57 84 
142 397 
84 505 
142 286 
535 505 
286 474 
535 563 
940 474 
563 120 
498 940 
120 536 
60 498 
165 536 
63 60 
299 165 
289 63 
480 299 
723 289 
480 824 
67 723 
824 651 
107 67 
651 842 
860 107 
61 842 
510 860 
969 61 
244 510 
969 349 
244 377 
835 349 
795 377 
993 835 
795 966 
797 993 
49 966 
981 797 
865 49 
981 76 
977 865 
459 76 
977 390 
858 459 
390 106 
858 272 
106 354 
272 717 
788 354 
717 903 
788 688 
903 482 
820 688 
482 934 
131 820 
934 675 
204 131 
675 412 
204 669 
412 768 
669 700 
768 730 
700 447 
730 170 
447 580 
170 504 
580 453 
504 371 
554 453 
371 416 
278 554 
931 416 
575 278 
72 931 
575 240 
72 794 
197 240 
534 794 
197 232 
912 534 
735 232 
324 912 
735 950 
657 324 
950 914 
657 538 
290 914 
772 538 
290 901 
772 336 
901 351 
336 767 
383 351 
475 767 
383 718 
475 43 
479 718 
766 43 
479 502 
766 224 
502 605 
224 537 
565 605 
537 241 
357 565 
241 879 
357 838 
879 147 
838 588 
147 353 
524 588 
463 353 
264 524 
134 463 
346 264 
294 134 
345 346 
294 619 
855 345 
619 310 
312 855 
310 348 
110 312 
348 850 
110 18 
850 642 
889 18 
999 889 
999 642 
323 257 614 645 692 381 149 525 974 931 416 553 176 727 998 966 321 96 762 911 344 365 133 292 754 335 418 302 169 593 77 164 659 960 988 138 533 998 465 418 576 776 263 628 873 441 687 796 580 278 367 43 889 807 976 999 347 888 852 561 203 776 690 20 644 58 212 315 75 268 183 538 882 137 126 683 309 292 404 147 979 608 289 54 605 761 783 736 106 356 806 632 371 591 159 121 212 734 143 48 163 692 485 441 687 764 89 497 323 108 363 927 434 330 78 323 819 313 148 719 689 456 205 383 710 381 605 864 117 955 240 497 759 146 839 694 247 342 919 321 731 304 823 137 146 748 642 486 181 718 958 176 295 934 923 341 662 371 614 205 622 427 941 216 288 277 821 306 464 994 409 477 377 986 143 916 622 732 252 386 248 588 820 404 987 712 402 877 214 984 52 834 990 976 625 407 153 253 841 806 931 669 819 174 22 856 276 628 941 838 876 859 204 862 479 93 847 916 136 1 318 579 2 250 765 371 115 736 772 363 638 315 518 706 345 632 684 767 701 782 442 44 777 700 167 526 74 505 347 497 985 23 792 278 555 669 496 360 619 741 442 345 96 739 737 62 200 404 402 171 774 656 483 212 290 211 893 122 898 184 885 494 835 750 667 384 749 552 476 354 207 617 15 619 923 517 564 754 801 142 736 67 914 875 201 320 965 842 639 255 392 820 996 55 403 544 475 995 330 117 652 966 938 839 308 299 469 821 485 368 162 964 564 259 485 971 742 583 552 286 610 223 54 813 823 368 227 485 481 970 311 356 262 323 492 320 888 845 999 478 660 974 931 568 443 936 621 879 652 852 842 606 632 785 498 558 759 559 948 837 171 509 220 903 167 687 484 808 457 938 736 484 554 553 221 876 695 490 305 777 525 258 562 506 390 381 262 931 651 444 92 624 958 781 619 2 157 204 938 494 255 874 233 874 550 515 424 768 534 460 181 676 395 173 288 801 296 274 9 892 217 999 521 713 118 496 853 419 346 144 845 162 262 188 835 765 216 436 487 901 791 104 962 105 744 463 380 42 208 335 622 967 931 459 401 416 20 540 502 106 665 913 120 760 297 216 594 386 663 607 961 54 340 490 436 138 206 143 221 535 552 525 135 446 857 482 742 946 106 95 952 699 355 891 752 627 161 891 140 660 718 166 52 70 376 96 710 682 805 339 412 336 621 978 967 157 803 100 295 884 703 987 639 842 25 85 460 347 22 820 735 282 792 950 186 931 277 624 437 428 815 501 753 970 808 839 916 284 311 632 745 316 469 736 301 612 510 739 574 413 406 250 648 491 779 85 124 691 678 189 601 132 425 695 530 192 121 616 233 79 111 322 480 251 119 347 420 718 747 811 812 748 750 159 422 382 851 274 457 391 125 276 345 486 670 766 714 325 802 88 788 424 955 545 237 477 623 542 693 811 767 966 636 304 406 213 361 365 841 605 261 465 555 462 948 912 875 378 260 533 693 36 739 58 135 929 829 476 97 361 291 676 509 923 544 27 887 876 186 471 160 865 787 877 327 797 77 497 769 150 374 792 142 288 822 695 580 484 637 343 920 955 790 355 985 277 720 115 666 328 606 69 912 952 135 267 364 115 211 517 144 658 921 476 720 276 625 668 382 261 244 721 180 48 679 596 312 878 83 257 710 24 255 178 763 619 521 878 956 870 310 553 306 439 829 950 568 336 212 596 499 491 553 177 247 8 158 286 356 413 81 975 993 426 820 342 175 489 246 896 487 313 236 395 83 518 568 886 475 859 601 990 684 968 10 380 229 39 266 87 930 1000 1 1000 1 1000 1 1000 1 1000 1 1000 1 1000 1 1000 1 1000 1 1000 1 1000 1 1000 1 1000 1 1000 1 1000 1 1000 1 1000 1 1000 1 1000 1 1000 1 1000 1 1000 1 1000 1 1000 1 1000 1 1000 1 1000 1 1000 1 1000 1 1000 1 1000 1 1000 1 1000 1 1000 1 1000 1 1000 1 1000 1 1000 1 1000 1 1000 1 1000 1 1000 1 1000 1 1000 1 1000 1 1000 1 1000 1 1000 1 1000 1 1000 1 1000 1 1000 1 1000 1 1000 1 1000 1 1000 1 1000 1 1000 1 1000 1 1000 1 1000 1 1000 1 1000 1 1000 1 1000 1 1000 1 1000 1 1000 1 1000 1 1000 1 1000 1 1000 1 1000 1 1000 1 1000 1 1000 1 1000 1 1000 1 1000 1 1000 1 1000 1 1000 1 1000 1 1000 1 1000 1 1000 1 1000 1 1000 1 1000 1 1000 1 1000 1 1000 1 1000 1 1000 1 1000 1 1000 1 1000 1 1000 1 0 0 0 

3333 10000
0 1 
1 333 
186 333 
186 2546 
2546 1104 
1104 1327 
1327 2429 
2429 2376 
132 2376 
3195 132 
2986 3195 
1082 2986 
312 1082 
1251 312 
1251 1758 
669 1758 
669 1859 
2136 1859 
430 2136 
3261 430 
3261 819 
622 819 
622 739 
739 915 
915 563 
563 532 
2236 532 
477 2236 
680 477 
3038 680 
3038 2011 
2011 476 
1695 476 
1695 2901 
2901 846 
846 1941 
1941 1877 
1568 1877 
1568 2772 
2773 2772 
2091 2773 
2091 3224 
3224 2553 
2553 3264 
3264 1462 
1462 1063 
1063 1802 
1802 600 
600 1956 
1522 1956 
1148 1522 
1148 1830 
732 1830 
507 732 
507 2375 
2375 2341 
2813 2341 
2813 2957 
827 2957 
2051 827 
887 2051 
887 948 
2361 948 
2361 3027 
3027 2865 
2865 3053 
3053 2736 
2073 2736 
2073 1714 
1714 1528 
405 1528 
340 405 
2784 340 
2784 2099 
3148 2099 
1491 3148 
3216 1491 
3216 216 
216 2674 
2674 2222 
2222 1525 
1525 245 
245 2387 
3020 2387 
2722 3020 
2345 2722 
2345 1336 
1336 1255 
1255 844 
1349 844 
1349 1064 
2156 1064 
3251 2156 
1203 3251 
310 1203 
401 310 
401 2422 
369 2422 
369 2903 
2903 3265 
395 3265 
679 395 
679 2482 
2482 2561 
1943 2561 
445 1943 
445 2830 
1463 2830 
1392 1463 
1382 1392 
1382 181 
181 2886 
2886 750 
389 750 
389 855 
1117 855 
2037 1117 
2037 612 
2120 612 
1316 2120 
444 1316 
444 1183 
1183 1692 
1692 3240 
3240 2556 
1770 2556 
244 1770 
244 1408 
3315 1408 
3315 2961 
2961 2906 
3284 2906 
1573 3284 
1573 1253 
822 1253 
822 315 
24 315 
24 2223 
1259 2223 
1259 696 
250 696 
250 1991 
1991 2036 
438 2036 
438 867 
867 752 
752 1346 
3207 1346 
3207 3192 
3192 3155 
3155 773 
3051 773 
3051 2075 
971 2075 
971 2786 
878 2786 
117 878 
1855 117 
620 1855 
620 3074 
3074 888 
888 277 
1010 277 
1283 1010 
2952 1283 
2933 2952 
593 2933 
593 2720 
2831 2720 
2831 60 
2857 60 
2857 2739 
2672 2739 
1811 2672 
1838 1811 
3175 1838 
3175 2463 
2463 2032 
2755 2032 
2755 358 
11 358 
838 11 
838 2910 
2910 1164 
2771 1164 
1958 2771 
738 1958 
2532 738 
2532 434 
434 2639 
1411 2639 
1601 1411 
1003 1601 
2021 1003 
946 2021 
2069 946 
2069 502 
502 2140 
2239 2140 
2239 441 
441 580 
580 860 
269 860 
2733 269 
555 2733 
555 815 
707 815 
778 707 
3144 778 
3144 1055 
1721 1055 
1721 569 
569 2080 
2080 2071 
2157 2071 
2157 536 
2779 536 
1417 2779 
1417 351 
351 494 
2570 494 
2081 2570 
1330 2081 
1330 1516 
301 1516 
916 301 
2802 916 
1945 2802 
1945 2544 
2544 963 
617 963 
162 617 
1033 162 
1033 2962 
2962 2568 
2568 956 
956 567 
567 417 
417 352 
688 352 
1230 688 
214 1230 
214 2002 
2002 2576 
1188 2576 
1188 288 
1208 288 
1208 1339 
2598 1339 
839 2598 
2835 839 
2835 883 
883 952 
1285 952 
1061 1285 
1061 2379 
2379 2530 
2382 2530 
2751 2382 
647 2751 
1338 647 
2552 1338 
850 2552 
2927 850 
3127 2927 
3127 3237 
3237 223 
714 223 
1367 714 
1367 626 
2508 626 
2508 523 
523 2390 
2035 2390 
2845 2035 
2845 208 
208 1609 
1609 2329 
2329 2403 
2403 2718 
13 2718 
552 13 
858 552 
858 1774 
1787 1774 
1787 1096 
807 1096 
625 807 
625 3233 
3330 3233 
1993 3330 
303 1993 
1975 303 
1428 1975 
1428 1575 
3245 1575 
1495 3245 
3131 1495 
3131 1332 
1959 1332 
1959 640 
2296 640 
2296 823 
823 2333 
34 2333 
51 34 
51 974 
267 974 
267 2443 
2511 2443 
2511 1708 
257 1708 
257 673 
627 673 
1861 627 
1861 2963 
1976 2963 
1976 1248 
2315 1248 
988 2315 
3150 988 
2213 3150 
991 2213 
991 2497 
2497 2060 
1849 2060 
1287 1849 
1287 2842 
2646 2842 
2646 783 
1115 783 
2837 1115 
2837 2373 
2413 2373 
2237 2413 
2237 1118 
2829 1118 
1812 2829 
3 1812 
2764 3 
941 2764 
941 91 
91 156 
156 2084 
2084 818 
818 2127 
1947 2127 
1947 365 
365 1630 
1630 830 
830 571 
961 571 
2456 961 
2456 863 
863 1984 
663 1984 
1415 663 
1415 2377 
2377 2287 
2287 1375 
526 1375 
2799 526 
2799 695 
695 2869 
2853 2869 
2323 2853 
2985 2323 
1843 2985 
8 1843 
8 2682 
2076 2682 
2076 99 
2832 99 
2832 1499 
1499 992 
1310 992 
1549 1310 
1549 1127 
1127 1120 
1120 1431 
1431 2998 
2675 2998 
2675 128 
128 1820 
1820 3165 
20 3165 
2769 20 
2391 2769 
2474 2391 
2474 384 
448 384 
304 448 
304 2493 
2743 2493 
2743 1939 
1498 1939 
3162 1498 
3162 954 
954 1384 
1384 2965 
2564 2965 
2564 3031 
2232 3031 
2232 2589 
1908 2589 
1047 1908 
1047 97 
97 1221 
1221 2041 
2049 2041 
1092 2049 
984 1092 
2555 984 
2555 255 
2866 255 
141 2866 
2637 141 
2637 1517 
1517 544 
1440 544 
1440 3096 
3096 305 
2174 305 
3104 2174 
3104 1638 
1523 1638 
1523 1133 
2877 1133 
1421 2877 
1421 582 
1054 582 
834 1054 
1261 834 
1261 2339 
2339 1214 
50 1214 
50 152 
152 512 
512 1192 
1192 2651 
2651 113 
1911 113 
1318 1911 
1318 2209 
2209 2624 
1066 2624 
1066 880 
880 349 
349 329 
329 2932 
2932 2393 
2393 2950 
852 2950 
1760 852 
1760 639 
1179 639 
150 1179 
150 1174 
1174 2335 
3022 2335 
2025 3022 
591 2025 
591 2480 
2480 46 
3325 46 
3325 933 
933 697 
1112 697 
937 1112 
576 937 
701 576 
701 2253 
1893 2253 
1903 1893 
1903 1809 
1809 1662 
1662 912 
763 912 
2066 763 
1711 2066 
1681 1711 
1681 1423 
1238 1423 
1238 2125 
2125 2386 
2386 316 
2112 316 
2112 2704 
2704 234 
1042 234 
1738 1042 
2358 1738 
2358 3092 
789 3092 
2627 789 
2627 501 
2263 501 
2263 2178 
1868 2178 
1899 1868 
1899 1266 
557 1266 
2882 557 
2882 481 
481 475 
475 2814 
664 2814 
664 2106 
2106 3257 
1829 3257 
2665 1829 
2665 2478 
2478 2609 
2609 1342 
1342 2706 
167 2706 
167 1111 
1111 1213 
1213 1534 
1534 1424 
1424 892 
892 958 
958 3098 
3098 2550 
2550 1846 
1537 1846 
1537 2468 
969 2468 
969 2043 
379 2043 
379 1200 
1200 2828 
2828 1950 
1950 270 
2748 270 
2748 2518 
3205 2518 
1097 3205 
1394 1097 
922 1394 
2820 922 
2820 1079 
1079 3080 
3080 2746 
782 2746 
782 373 
2396 373 
2396 228 
868 228 
2597 868 
2597 1036 
2094 1036 
371 2094 
83 371 
1542 83 
1542 1485 
1485 2945 
2945 1994 
1994 79 
79 712 
712 49 
2410 49 
2410 1857 
1138 1857 
1138 1296 
2010 1296 
2010 1571 
1395 1571 
2975 1395 
478 2975 
478 3115 
3115 227 
1751 227 
1751 27 
3076 27 
3076 1254 
1254 2823 
2185 2823 
621 2185 
621 298 
1755 298 
1755 882 
3060 882 
2023 3060 
3196 2023 
3196 2955 
2451 2955 
2451 1527 
1527 1874 
1874 2585 
292 2585 
2783 292 
2783 671 
684 671 
684 105 
2031 105 
2031 1328 
1328 253 
1696 253 
3077 1696 
231 3077 
231 3101 
1282 3101 
791 1282 
194 791 
1012 194 
1012 331 
331 327 
266 327 
266 2504 
3156 2504 
1142 3156 
1099 1142 
1099 2259 
2259 2731 
2591 2731 
2591 1252 
2481 1252 
2481 1735 
1300 1735 
1300 3083 
3083 2433 
2433 103 
103 18 
3316 18 
3316 636 
1101 636 
2349 1101 
2425 2349 
1672 2425 
187 1672 
187 3149 
3149 2612 
616 2612 
1569 616 
2919 1569 
518 2919 
2884 518 
2884 2132 
2132 1511 
2338 1511 
2536 2338 
2536 2426 
2138 2426 
2138 2586 
2586 921 
921 1444 
1444 1434 
1434 1136 
1136 1123 
817 1123 
817 1040 
1040 1290 
2271 1290 
2692 2271 
2692 2267 
2267 658 
2405 658 
2405 1906 
1906 744 
720 744 
720 2873 
2873 2064 
2557 2064 
2557 1873 
1873 364 
364 2056 
2502 2056 
2502 1892 
841 1892 
3164 841 
1872 3164 
1872 263 
2898 263 
2898 578 
2529 578 
2529 2890 
1675 2890 
885 1675 
711 885 
562 711 
562 2801 
2801 2277 
386 2277 
3017 386 
3017 1373 
265 1373 
1737 265 
2749 1737 
2749 291 
2255 291 
1808 2255 
1808 3281 
3281 2880 
61 2880 
694 61 
3253 694 
1726 3253 
1726 2542 
2417 2542 
2417 2048 
3059 2048 
805 3059 
143 805 
143 950 
950 159 
1624 159 
651 1624 
651 710 
592 710 
821 592 
1928 821 
1928 110 
110 1660 
1660 998 
1854 998 
2897 1854 
2897 2879 
2879 1927 
218 1927 
1786 218 
1786 3282 
3282 1051 
1051 1910 
1717 1910 
2088 1717 
709 2088 
2416 709 
2416 2419 
2419 2204 
2204 196 
196 932 
932 420 
420 2649 
551 2649 
1918 551 
1918 2155 
1305 2155 
126 1305 
2505 126 
2505 725 
1486 725 
2101 1486 
2101 2821 
1702 2821 
1702 86 
86 235 
1326 235 
1326 1949 
1949 2603 
2179 2603 
2580 2179 
949 2580 
3097 949 
2490 3097 
934 2490 
1627 934 
1627 1565 
1465 1565 
1465 2936 
2936 3003 
2245 3003 
3184 2245 
3184 1361 
1361 881 
881 930 
930 2781 
2848 2781 
1610 2848 
1610 1871 
1871 2395 
262 2395 
262 3087 
1024 3087 
1024 1352 
1352 1796 
1796 775 
775 2447 
2398 2447 
2398 1588 
1588 1029 
1029 2600 
2600 1790 
1723 1790 
1715 1723 
3283 1715 
3283 2989 
2989 403 
2923 403 
2923 3246 
2701 3246 
2252 2701 
3268 2252 
2469 3268 
2404 2469 
702 2404 
3262 702 
1915 3262 
1915 630 
2364 630 
1626 2364 
1626 1312 
1312 102 
3062 102 
2154 3062 
2154 1078 
1078 342 
893 342 
893 3229 
261 3229 
2437 261 
2160 2437 
2160 957 
957 1547 
1547 965 
965 40 
40 1724 
924 1724 
924 286 
286 1986 
1986 2172 
1223 2172 
1818 1223 
2595 1818 
2595 2551 
2551 2817 
3278 2817 
3278 2303 
1359 2303 
1359 1114 
1114 2506 
2506 2169 
546 2169 
1182 546 
1182 66 
213 66 
213 47 
1072 47 
610 1072 
610 1869 
2365 1869 
2365 1433 
1433 853 
2744 853 
2744 3291 
575 3291 
575 2793 
689 2793 
2432 689 
1642 2432 
1642 2849 
2849 654 
898 654 
898 297 
2450 297 
2450 1492 
1492 1025 
2389 1025 
2389 2735 
1966 2735 
370 1966 
2402 370 
2402 2642 
243 2642 
1679 243 
1679 1146 
172 1146 
172 1734 
1771 1734 
1771 2645 
935 2645 
909 935 
909 3222 
3222 3128 
3128 1766 
221 1766 
2696 221 
2696 2671 
1897 2671 
1897 3189 
3189 2164 
2164 656 
2434 656 
2434 3091 
338 3091 
3123 338 
3123 1271 
1659 1271 
1659 729 
902 729 
902 1921 
997 1921 
2439 997 
2439 2218 
2218 767 
2137 767 
2137 2803 
2803 1412 
1412 619 
619 650 
1343 650 
759 1343 
759 987 
177 987 
1206 177 
1206 2312 
973 2312 
973 225 
225 1946 
106 1946 
161 106 
721 161 
721 3259 
801 3259 
801 1895 
1895 3209 
3209 849 
3187 849 
2980 3187 
3305 2980 
344 3305 
344 970 
1582 970 
1582 903 
903 2274 
2274 281 
281 1015 
2200 1015 
26 2200 
26 1697 
1697 2057 
2057 1280 
774 1280 
774 2250 
1748 2250 
3307 1748 
3307 3198 
109 3198 
1625 109 
1625 3169 
3169 2007 
1387 2007 
1387 3019 
1703 3019 
1703 2788 
2788 3191 
3191 528 
528 2013 
2013 2699 
2992 2699 
2992 1385 
1385 254 
254 1022 
836 1022 
705 836 
2662 705 
2662 959 
2313 959 
870 2313 
870 2573 
2838 2573 
1185 2838 
1185 2680 
1386 2680 
1784 1386 
2633 1784 
2633 2152 
252 2152 
2150 252 
2150 776 
776 635 
560 635 
2572 560 
37 2572 
37 1374 
1374 2924 
2924 2794 
3146 2794 
1341 3146 
1341 786 
786 3095 
3095 1620 
1620 1604 
1604 2644 
3014 2644 
3014 564 
2974 564 
78 2974 
967 78 
967 209 
95 209 
2347 95 
2347 2631 
2631 1519 
1519 247 
1957 247 
2268 1957 
3134 2268 
3134 74 
74 272 
118 272 
118 1629 
703 1629 
1828 703 
1828 918 
918 579 
2418 579 
1850 2418 
1850 945 
1944 945 
1944 2334 
2334 2198 
2198 2909 
2123 2909 
1772 2123 
2707 1772 
2707 1736 
2215 1736 
2215 1844 
3057 1844 
3057 1606 
2168 1606 
2588 2168 
2588 2314 
259 2314 
259 2039 
56 2039 
56 133 
1593 133 
1593 2628 
2628 192 
968 192 
968 2716 
3204 2716 
1357 3204 
1357 667 
2104 667 
2170 2104 
845 2170 
1513 845 
1513 577 
3182 577 
3182 735 
376 735 
376 1691 
1691 2513 
2513 1942 
986 1942 
1794 986 
1794 1487 
191 1487 
191 1538 
1538 1589 
1589 1937 
1937 361 
361 1240 
1240 424 
2579 424 
3263 2579 
3263 2438 
2438 499 
499 1202 
1202 41 
41 2225 
2225 184 
287 184 
2995 287 
2995 2970 
2537 2970 
1143 2537 
1143 115 
2107 115 
459 2107 
459 1922 
3248 1922 
1345 3248 
1345 955 
1764 955 
1764 440 
440 2583 
2583 279 
1181 279 
806 1181 
2994 806 
2994 2464 
596 2464 
596 3012 
740 3012 
995 740 
995 2012 
2012 2147 
2487 2147 
2487 2629 
2629 1227 
1227 3310 
3310 1074 
1074 1878 
1878 2522 
831 2522 
1379 831 
1379 3236 
32 3236 
32 70 
70 1783 
2691 1783 
321 2691 
2167 321 
2167 2876 
2876 2668 
1076 2668 
1076 166 
166 251 
251 917 
1430 917 
1430 1550 
1451 1550 
1451 498 
498 2093 
2093 206 
174 206 
174 513 
513 136 
136 2520 
2520 2265 
2523 2265 
2523 2819 
2713 2819 
742 2713 
64 742 
2326 64 
2326 1932 
2427 1932 
3306 2427 
58 3306 
3172 58 
3172 3186 
3186 1773 
1773 1628 
1628 82 
82 2090 
2090 2473 
2473 3227 
3227 824 
2930 824 
1920 2930 
1920 421 
2800 421 
2800 2182 
2020 2182 
2020 1500 
1500 2471 
43 2471 
2342 43 
1649 2342 
2535 1649 
2535 1419 
2887 1419 
2887 1065 
1065 2666 
29 2666 
1938 29 
1938 704 
704 3178 
3178 2702 
781 2702 
2818 781 
3225 2818 
1885 3225 
1885 584 
3277 584 
2072 3277 
2072 1311 
2816 1311 
1520 2816 
1520 1544 
2942 1544 
1749 2942 
2264 1749 
1699 2264 
1699 3039 
3039 2501 
2501 1680 
1680 2915 
3190 2915 
3190 1827 
2727 1827 
816 2727 
1378 816 
953 1378 
360 953 
492 360 
492 1992 
1992 2971 
2971 467 
346 467 
3153 346 
1276 3153 
1276 1964 
294 1964 
294 2608 
894 2608 
728 894 
728 2135 
2684 2135 
1823 2684 
1823 3290 
638 3290 
1705 638 
1705 3254 
3254 1673 
2510 1673 
2510 1069 
1740 1069 
1740 2858 
2858 3276 
3276 2812 
454 2812 
454 901 
901 451 
451 3112 
2982 3112 
2982 923 
1128 923 
1128 2352 
1165 2352 
2409 1165 
1292 2409 
1273 1292 
2738 1273 
715 2738 
3058 715 
3058 1089 
1089 543 
543 2307 
2307 3304 
3304 2648 
2648 1450 
900 1450 
1995 900 
1995 1587 
1587 89 
89 2960 
2308 2960 
3297 2308 
3297 1108 
2305 1108 
2305 2353 
2539 2353 
1027 2539 
2905 1027 
2905 437 
437 1967 
1967 660 
15 660 
15 2042 
2517 2042 
2517 309 
309 463 
463 2331 
3318 2331 
2488 3318 
2359 2488 
2359 391 
391 419 
419 2008 
2008 1245 
2894 1245 
222 2894 
879 222 
879 2321 
114 2321 
114 1232 
1750 1232 
3273 1750 
1824 3273 
1824 1743 
1729 1743 
1546 1729 
1546 3295 
3295 2863 
2770 2863 
2770 388 
2861 388 
589 2861 
548 589 
3136 548 
3136 2944 
2332 2944 
1762 2332 
1762 1713 
1713 2006 
236 2006 
1914 236 
1914 2717 
2717 1457 
233 1457 
2142 233 
2142 2695 
1851 2695 
1218 1851 
1005 1218 
2457 1005 
147 2457 
607 147 
607 561 
1249 561 
1249 3088 
975 3088 
975 2371 
2371 268 
268 200 
200 1644 
1644 1651 
1651 1639 
1639 374 
374 3331 
3331 1125 
2003 1125 
2306 2003 
2306 2122 
2122 1168 
1168 2669 
2669 293 
293 171 
1420 171 
3005 1420 
3005 1241 
1241 3099 
3103 3099 
3103 1733 
3223 1733 
2851 3223 
2851 489 
2547 489 
2895 2547 
1401 2895 
1682 1401 
531 1682 
2392 531 
2392 2678 
2678 274 
368 274 
237 368 
237 2796 
2893 2796 
2893 422 
581 422 
2159 581 
2159 2360 
2360 3154 
2129 3154 
2129 2061 
2061 2667 
2667 121 
121 1728 
1728 2565 
2565 803 
803 1141 
1141 1353 
1353 3185 
1636 3185 
1313 1636 
1313 1779 
3303 1779 
3303 1422 
1422 325 
1067 325 
1067 3171 
3171 906 
906 2205 
2205 979 
415 979 
92 415 
92 1139 
1139 2189 
2189 2697 
1052 2697 
2653 1052 
891 2653 
891 271 
271 1293 
1293 3275 
3275 2033 
2177 2033 
2177 339 
1616 339 
1616 2839 
542 2839 
699 542 
699 804 
497 804 
3075 497 
3075 1152 
3312 1152 
3321 3312 
3321 2330 
1757 2330 
4 1757 
2385 4 
1866 2385 
655 1866 
2811 655 
2270 2811 
2270 862 
792 862 
691 792 
38 691 
38 2775 
2775 2367 
3086 2367 
1641 3086 
1641 1370 
1398 1370 
1398 484 
484 886 
1381 886 
1381 3280 
124 3280 
2762 124 
1308 2762 
978 1308 
978 601 
2657 601 
1483 2657 
1483 2246 
2246 3213 
3213 3294 
1475 3294 
2959 1475 
108 2959 
108 583 
2559 583 
2559 3298 
2431 3298 
2807 2431 
1268 2807 
762 1268 
2710 762 
3292 2710 
3179 3292 
3179 3046 
3046 1270 
2240 1270 
2240 2512 
2512 2183 
652 2183 
652 982 
3133 982 
3133 229 
3270 229 
3270 1563 
1563 3108 
3108 328 
328 306 
2834 306 
387 2834 
387 1235 
1235 1934 
1934 3036 
3036 1514 
425 1514 
425 1856 
1856 2698 
2698 2575 
158 2575 
322 158 
322 2363 
2465 2363 
2465 2626 
111 2626 
111 743 
1664 743 
1000 1664 
356 1000 
356 1987 
1987 25 
25 2862 
686 2862 
686 2163 
1831 2163 
1831 1028 
826 1028 
826 908 
2461 908 
2461 2052 
2052 1184 
2753 1184 
2726 2753 
1833 2726 
1833 2195 
2195 1008 
1177 1008 
183 1177 
183 1926 
1366 1926 
2899 1366 
2899 3260 
3260 2111 
1334 2111 
1334 1507 
1507 458 
458 446 
446 2860 
2860 1884 
1884 1455 
1455 2983 
2983 2787 
690 2787 
690 2257 
2257 2859 
2859 101 
101 1670 
1670 1746 
1746 1263 
1263 3085 
3085 3018 
2987 3018 
2987 920 
920 847 
847 1199 
1198 1199 
797 1198 
242 797 
242 203 
2492 203 
1319 2492 
2577 1319 
2577 594 
2908 594 
1081 2908 
1081 2964 
2212 2964 
2212 3008 
2867 3008 
2867 1110 
2730 1110 
1555 2730 
1402 1555 
2351 1402 
726 2351 
726 2266 
2460 2266 
2460 431 
431 2165 
990 2165 
1694 990 
1694 2729 
1727 2729 
1727 140 
140 872 
872 760 
2300 760 
2300 1674 
1674 3064 
1068 3064 
1068 1011 
1461 1011 
1461 525 
525 1209 
1710 1209 
2479 1710 
2479 1618 
1618 2316 
2316 96 
96 1388 
1388 465 
3293 465 
2797 3293 
2797 545 
545 1853 
1853 3066 
3066 1732 
1456 1732 
1456 3218 
3218 514 
514 765 
1060 765 
1355 1060 
224 1355 
224 2470 
2288 2470 
2503 2288 
758 2503 
758 570 
570 2113 
2113 911 
911 3288 
2292 3288 
2292 2940 
3272 2940 
5 3272 
2616 5 
2616 1901 
1901 1173 
1173 188 
188 2272 
2272 3050 
3050 3215 
3215 2721 
677 2721 
217 677 
1780 217 
1886 1780 
1166 1886 
624 1166 
624 290 
2187 290 
2187 1913 
1913 1193 
1193 145 
145 3113 
3313 3113 
2362 3313 
1503 2362 
2100 1503 
2004 2100 
44 2004 
2844 44 
3309 2844 
645 3309 
645 433 
1677 433 
3143 1677 
1678 3143 
1094 1678 
1972 1094 
2620 1972 
2620 3138 
3138 1793 
947 1793 
1816 947 
1816 2725 
1615 2725 
2400 1615 
1088 2400 
1088 1446 
3208 1446 
495 3208 
495 1189 
2194 1189 
1337 2194 
1337 3258 
3258 1747 
337 1747 
112 337 
112 771 
771 1929 
1929 1302 
1302 615 
362 615 
362 2442 
2442 1595 
1595 2430 
2430 3025 
566 3025 
2407 566 
2407 2401 
1400 2401 
1400 993 
993 1839 
154 1839 
2946 154 
1807 2946 
2737 1807 
2737 169 
1178 169 
1178 2054 
1931 2054 
2640 1931 
913 2640 
913 2082 
173 2082 
173 508 
2795 508 
1134 2795 
1134 2166 
534 2166 
534 2394 
631 2394 
631 1406 
1014 1406 
1014 3106 
2191 3106 
981 2191 
2228 981 
2228 2885 
2885 2424 
472 2424 
3158 472 
1480 3158 
1654 1480 
1195 1654 
1195 1369 
2604 1369 
808 2604 
687 808 
1504 687 
1504 642 
1858 642 
1858 2549 
2549 31 
2756 31 
2030 2756 
1145 2030 
1145 1954 
1954 925 
1009 925 
1985 1009 
2545 1985 
2545 2543 
926 2543 
926 1222 
1912 1222 
313 1912 
2805 313 
2805 749 
1635 749 
1635 1669 
2280 1669 
2776 2280 
2776 1619 
3070 1619 
3070 3285 
2414 3285 
2761 2414 
2089 2761 
2914 2089 
1391 2914 
1116 1391 
299 1116 
299 1122 
1122 788 
2745 788 
2652 2745 
2652 378 
378 595 
42 595 
42 2015 
1298 2015 
1298 910 
910 1020 
1020 1864 
1739 1864 
2317 1739 
2317 1518 
1309 1518 
2063 1309 
2063 3045 
516 3045 
1996 516 
2918 1996 
1416 2918 
1416 666 
2852 666 
2852 2193 
2193 904 
904 1553 
447 1553 
3214 447 
3214 1071 
2085 1071 
2085 1778 
1778 731 
2723 731 
2723 318 
1294 318 
1294 1631 
527 1631 
527 558 
1902 558 
1902 464 
2368 464 
2368 1633 
1633 3168 
3168 1087 
98 1087 
98 2911 
406 2911 
1948 406 
219 1948 
1653 219 
1653 800 
3117 800 
856 3117 
856 1965 
1965 2618 
2372 2618 
2372 2611 
859 2611 
859 436 
436 3197 
363 3197 
363 3107 
2423 3107 
2423 857 
857 3132 
2638 3132 
1107 2638 
1459 1107 
1459 1862 
1862 334 
334 535 
1121 535 
1121 1962 
1962 1999 
3202 1999 
123 3202 
1795 123 
211 1795 
211 972 
2622 972 
2622 2843 
1845 2843 
1845 1362 
1362 2766 
2108 2766 
2098 2108 
2098 1798 
2249 1798 
1453 2249 
2650 1453 
2650 2216 
411 2216 
1070 411 
1070 2498 
1666 2498 
295 1666 
295 3234 
3234 3034 
88 3034 
88 2922 
2922 2233 
2233 1554 
1554 1006 
2289 1006 
3252 2289 
3252 2278 
2278 2768 
539 2768 
539 48 
48 1220 
2634 1220 
2571 2634 
2571 1102 
1329 1102 
724 1329 
724 2489 
2489 537 
537 1050 
1050 1084 
1258 1084 
1090 1258 
2258 1090 
3255 2258 
3255 2455 
2948 2455 
2948 149 
1460 149 
1460 1645 
1645 439 
439 1905 
1905 1351 
985 1351 
698 985 
698 2578 
2578 2619 
2619 675 
675 1881 
1348 1881 
2516 1348 
2516 3210 
2656 3210 
2459 2656 
2459 385 
385 3004 
3004 1331 
1331 2711 
2711 785 
1891 785 
353 1891 
1441 353 
1596 1441 
1596 3219 
1236 3219 
2878 1236 
1105 2878 
983 1105 
3114 983 
3114 787 
787 2610 
2610 2566 
1454 2566 
382 1454 
160 382 
2663 160 
2663 1303 
2947 1303 
1852 2947 
1852 3267 
3267 1059 
1059 1704 
1704 769 
769 1046 
1046 1167 
1167 2524 
3023 2524 
3023 432 
1219 432 
1219 1151 
1151 1045 
1045 1080 
1170 1080 
1170 809 
809 2115 
2115 1246 
73 1246 
2686 73 
2686 2384 
2912 2384 
2086 2912 
2086 3042 
1140 3042 
1140 1284 
76 1284 
1031 76 
1031 197 
3015 197 
842 3015 
842 2694 
2694 1256 
1256 120 
120 509 
2548 509 
2548 1265 
2462 1265 
1801 2462 
1801 2175 
3241 2175 
1767 3241 
2883 1767 
2883 529 
529 71 
1894 71 
372 1894 
372 390 
390 2625 
2625 2681 
1963 2681 
1963 2454 
2454 77 
77 135 
1917 135 
30 1917 
871 30 
119 871 
2920 119 
2116 2920 
2133 2116 
1018 2133 
506 1018 
506 466 
116 466 
116 2207 
3317 2207 
3317 1741 
1741 2683 
496 2683 
496 3037 
3037 780 
780 1404 
1404 53 
540 53 
540 1153 
1153 2778 
2778 1756 
716 1756 
716 1605 
1605 517 
2815 517 
2815 201 
794 201 
3194 794 
3163 3194 
3163 2134 
2134 2996 
2996 1825 
1825 1466 
2275 1466 
2275 1509 
2284 1509 
2097 2284 
1813 2097 
2050 1813 
2050 1742 
2319 1742 
618 2319 
1860 618 
1860 2285 
2285 1161 
1815 1161 
2143 1815 
2143 22 
2327 22 
2327 2967 
2967 1952 
1952 1888 
1888 628 
122 628 
122 999 
999 2181 
1091 2181 
1882 1091 
1909 1882 
1909 1159 
3180 1159 
3180 608 
2144 608 
2144 2782 
2567 2782 
1269 2567 
1269 3166 
3199 3166 
3199 2939 
2939 1405 
1405 354 
354 3244 
661 3244 
485 661 
485 2750 
2192 2750 
751 2192 
751 2269 
2687 2269 
2687 706 
706 2931 
1980 2931 
1980 289 
289 2273 
1489 2273 
442 1489 
1826 442 
1826 573 
662 573 
662 416 
490 416 
490 1591 
2346 1591 
226 2346 
226 1363 
1363 2954 
392 2954 
1981 392 
761 1981 
761 2907 
3239 2907 
474 3239 
3159 474 
2014 3159 
2397 2014 
1799 2397 
2752 1799 
148 2752 
793 148 
793 2554 
2554 2806 
400 2806 
400 2304 
2248 2304 
2248 2693 
1129 2693 
1129 2997 
799 2997 
799 212 
212 3174 
3174 311 
239 311 
2846 239 
2846 2587 
2587 170 
1800 170 
1657 1800 
1709 1657 
1556 1709 
1556 1505 
833 1505 
2279 833 
2279 1577 
1577 2525 
2525 1289 
2343 1289 
2343 2293 
2293 1260 
3137 1260 
3324 3137 
3324 2173 
2173 1806 
2496 1806 
54 2496 
1718 54 
590 1718 
2569 590 
2569 2700 
2700 2719 
1822 2719 
3319 1822 
1594 3319 
2188 1594 
2188 2206 
1586 2206 
1586 996 
1530 996 
1530 2102 
2102 418 
2262 418 
2247 2262 
2247 1073 
1073 1720 
1720 928 
928 7 
249 7 
493 249 
1951 493 
1951 3279 
1477 3279 
1477 1414 
1768 1414 
2673 1768 
1109 2673 
3028 1109 
1837 3028 
1837 347 
2059 347 
2184 2059 
2757 2184 
2757 2420 
2420 1690 
1690 2176 
2176 3055 
3061 3055 
3061 825 
2309 825 
2309 2916 
2913 2916 
2913 1295 
1295 3193 
3323 3193 
409 3323 
1437 409 
1437 2009 
2009 2406 
1228 2406 
1228 2171 
139 2171 
139 2734 
2734 462 
2295 462 
2295 1840 
1840 755 
755 2747 
275 2747 
549 275 
549 19 
2833 19 
1923 2833 
2018 1923 
556 2018 
556 1998 
1225 1998 
1225 1380 
964 1380 
964 1162 
3001 1162 
3001 2466 
500 2466 
2356 500 
2356 1526 
1526 939 
939 2582 
2582 2224 
1244 2224 
1320 1244 
3068 1320 
3068 3203 
2428 3203 
2428 3328 
1130 3328 
1130 2659 
1797 2659 
3176 1797 
3082 3176 
59 3082 
1647 59 
1647 168 
168 1689 
1689 2017 
1598 2017 
1598 1217 
1217 2151 
2251 2151 
2251 1701 
1701 2453 
2892 2453 
2892 230 
230 2969 
2969 3287 
3287 848 
848 455 
2244 455 
1968 2244 
2310 1968 
2310 676 
676 1250 
2636 1250 
1172 2636 
510 1172 
510 2676 
1865 2676 
1865 1103 
3024 1103 
3024 1279 
1279 1515 
1515 2758 
2203 2758 
2203 1558 
606 1558 
606 3152 
3152 3000 
3000 2381 
1301 2381 
1427 1301 
215 1427 
215 2053 
2053 2941 
2941 104 
3026 104 
3026 2124 
1919 2124 
1288 1919 
1288 398 
2068 398 
2999 2068 
802 2999 
802 1693 
864 1693 
3212 864 
3084 3212 
3084 1584 
515 1584 
633 515 
944 633 
3129 944 
3129 283 
3320 283 
2210 3320 
2210 456 
456 2902 
1688 2902 
1156 1688 
1156 559 
1436 559 
3016 1436 
2810 3016 
189 2810 
678 189 
678 1531 
2856 1531 
2856 629 
629 2654 
1687 2654 
1687 1621 
1621 2540 
2540 884 
884 2777 
1038 2777 
1038 670 
2792 670 
2034 2792 
3100 2034 
3100 21 
1730 21 
2441 1730 
3135 2441 
3135 700 
700 843 
843 1879 
1883 1879 
1883 2290 
2290 296 
408 296 
632 408 
632 1360 
1360 1468 
2934 1468 
1785 2934 
1785 16 
16 2217 
2593 2217 
2593 504 
1953 504 
1953 1559 
178 1559 
178 1210 
1210 2855 
1731 2855 
3044 1731 
2024 3044 
2024 790 
1262 790 
1262 2491 
2491 2016 
246 2016 
198 246 
198 3181 
3181 2190 
2190 1613 
1613 977 
977 1085 
2472 1085 
1324 2472 
85 1324 
603 85 
611 603 
611 2847 
2847 3170 
3183 3170 
3183 1763 
1763 905 
1557 905 
1557 2058 
2058 1234 
1234 1973 
1973 1479 
1479 3063 
2008 2894 
1854 2416 
1582 344 
1153 780 
1258 2258 
2821 725 
2156 369 
2855 504 
2259 1142 
1659 902 
1894 3241 
2272 1901 
633 3084 
2505 2101 
235 2603 
2645 1734 
1234 1557 
119 135 
792 1381 
2466 939 
2530 1339 
24 696 
3166 3180 
1674 760 
1130 2428 
970 281 
13 2403 
1917 871 
64 2427 
1116 2914 
2116 1018 
1756 1605 
3153 1964 
2097 1466 
133 2039 
368 2893 
3233 34 
517 496 
490 1363 
1189 337 
3304 1450 
1080 809 
1313 1353 
2060 991 
145 1780 
2314 2168 
360 346 
2837 1118 
2758 1558 
424 1202 
2190 977 
673 1861 
972 1845 
438 1991 
64 2523 
1723 3283 
2386 2112 
3024 1250 
1892 3164 
1758 1859 
937 697 
3262 2923 
2428 2659 
1254 27 
86 2821 
1421 2174 
1102 2634 
3244 1405 
3027 2051 
2326 2427 
846 1695 
2041 1092 
2883 3241 
2268 247 
1596 3114 
2206 996 
606 2203 
1816 2620 
82 58 
906 415 
2878 983 
1218 2695 
720 2271 
2441 700 
2438 424 
1701 2017 
576 1112 
3022 150 
631 3106 
3263 1937 
3018 847 
2171 2734 
917 1451 
2397 392 
2575 2465 
3092 481 
2073 1528 
531 237 
2525 2293 
3087 2848 
638 3254 
2052 2753 
3096 544 
1005 147 
114 222 
1362 1798 
528 2313 
696 2223 
1051 2088 
2054 1504 
2745 378 
2023 2823 
21 2792 
490 2346 
2600 1588 
1962 1862 
2648 900 
249 1951 
2959 3213 
1334 2860 
1114 2172 
920 3085 
2939 354 
1739 1518 
135 2133 
2952 277 
696 1991 
1631 318 
1117 612 
3288 2113 
1111 1534 
2570 351 
2971 492 
1956 1830 
2206 1594 
1348 3210 
666 1071 
159 651 
3214 2368 
2404 3268 
2116 119 
1010 1855 
2345 1255 
119 2454 
43 1500 
584 2072 
1616 1293 
194 327 
2762 1483 
1161 2143 
3307 3169 
3085 1746 
485 3244 
2768 1090 
1626 102 
2310 455 
3290 2684 
2151 2017 
2377 571 
2007 2788 
624 1886 
2100 2362 
476 2901 
677 3215 
2267 1906 
1938 1065 
1505 1709 
2967 22 
1345 2438 
2184 2420 
3304 900 
395 445 
187 18 
559 1688 
958 1846 
946 580 
690 2859 
197 1140 
2752 793 
1223 893 
3241 529 
1826 662 
882 298 
2502 1873 
2645 3128 
392 2907 
2787 2257 
2752 474 
982 1270 
3036 1235 
338 902 
2100 44 
3209 801 
102 2989 
1751 2010 
2401 362 
372 71 
2859 2983 
1843 2076 
3265 2422 
1976 2315 
1461 1068 
123 2098 
2450 898 
743 2626 
1374 3146 
501 2112 
2898 2890 
660 2042 
2505 1305 
417 2962 
2431 3292 
729 997 
1736 1844 
650 2439 
3075 339 
2406 3193 
2649 725 
1873 2064 
1677 44 
2247 1720 
213 3291 
1295 2916 
905 2058 
1693 3212 
2049 1221 
1768 1109 
2631 1957 
1066 2393 
628 2181 
1208 883 
3294 2246 
21 2034 
1557 1763 
2980 1895 
846 476 
1598 2892 
771 362 
535 1862 
2400 2725 
1926 2899 
1947 1630 
589 2770 
506 116 
3127 850 
472 2228 
322 111 
2965 3031 
1525 2387 
1729 3273 
1639 2371 
2098 1453 
1192 2393 
1088 495 
448 2769 
827 2813 
1709 170 
493 7 
2668 2167 
1802 1522 
489 1682 
724 1050 
2088 2416 
841 2056 
2379 1285 
1838 2755 
2332 1713 
843 2290 
2818 2072 
152 1192 
271 1052 
2761 1391 
2398 1029 
2770 3295 
1052 2775 
704 2887 
2586 2884 
525 1068 
2764 156 
2947 2663 
1071 2852 
1818 1986 
3304 543 
2269 706 
1208 2598 
2034 1730 
2591 2259 
1415 2287 
1262 2016 
2403 1959 
1931 2082 
147 975 
1486 2821 
2424 1654 
109 3307 
385 3210 
1220 539 
1166 290 
1874 3060 
2907 1981 
1430 251 
1864 1309 
969 1846 
548 388 
2704 1042 
2239 580 
3042 1284 
2316 1388 
2329 523 
715 1089 
1424 3098 
2259 1252 
543 1292 
3058 543 
1669 2414 
379 1111 
459 3248 
373 83 
1085 3170 
2974 967 
2678 1682 
949 2490 
2564 1384 
709 2419 
1263 847 
1606 2215 
583 2959 
1387 1625 
269 555 
2733 2239 
215 2941 
1879 2441 
2405 1444 
1338 2751 
3223 1401 
3046 2183 
1140 2912 
1943 181 
695 526 
2941 3026 
1263 101 
2057 774 
1624 950 
2492 726 
856 800 
2980 1280 
3022 591 
526 1843 
1938 2072 
2717 2695 
662 490 
1320 2224 
3172 2090 
2779 2157 
2471 2535 
1379 2522 
2134 3194 
2794 37 
821 950 
924 3278 
3099 3223 
2890 578 
208 3237 
1991 867 
159 805 
2306 1168 
1184 2726 
2183 3179 
432 1151 
908 1831 
3330 625 
1613 1085 
545 96 
785 1441 
1563 229 
731 1294 
254 836 
2580 1949 
3123 2434 
416 573 
25 1884 
1962 3202 
1911 2624 
2088 2419 
939 3082 
1047 2041 
1531 189 
441 269 
2803 1659 
628 1159 
1360 296 
743 2465 
2021 1601 
3293 2479 
626 223 
2686 1246 
2634 724 
2434 2164 
1690 2757 
1398 38 
1520 2942 
3189 2434 
1701 230 
2748 1950 
2237 2842 
1174 639 
340 2073 
219 2911 
2263 789 
1230 352 
1985 2543 
2628 735 
1099 3156 
2845 2390 
2788 2992 
3284 1408 
3223 2547 
477 532 
2832 992 
2251 2453 
2066 912 
732 1148 
2653 1293 
2401 993 
3257 2814 
802 864 
444 1692 
2471 2326 
912 701 
2994 596 
198 2472 
2548 842 
2154 261 
2954 2907 
1200 2043 
1357 192 
595 1298 
2059 1837 
2401 1839 
1980 485 
620 1838 
1221 2474 
2176 2420 
1919 3026 
2420 3061 
2551 286 
3104 1133 
2796 3154 
836 959 
1279 1865 
975 1249 
1881 2516 
2099 1491 
267 51 
3104 1523 
630 702 
1577 1289 
1133 582 
1662 1903 
792 1866 
1185 2152 
477 3038 
386 1737 
2571 537 
2209 880 
415 1139 
463 3318 
2880 694 
2217 632 
2553 2773 
2697 1139 
3008 2964 
1727 1694 
2178 1042 
430 819 
1610 2781 
715 1273 
2701 3262 
1911 152 
883 2002 
255 141 
2246 2657 
3004 2711 
803 1728 
110 2879 
1051 2416 
2842 1849 
1910 3282 
926 1635 
3319 2188 
1724 965 
246 2491 
915 3261 
2543 1912 
2517 660 
434 1411 
3076 2823 
2667 2565 
3150 991 
1433 2744 
110 592 
1337 1747 
2401 154 
1799 3159 
2794 1374 
56 1593 
66 1359 
1948 1653 
2771 1838 
2023 1755 
1384 1939 
1068 1674 
1130 3203 
3108 3270 
1565 2781 
2735 1025 
2706 2106 
1036 782 
2542 3059 
703 118 
2750 289 
2642 1679 
254 2013 
608 3244 
2745 1122 
2073 2865 
750 181 
3261 669 
1208 952 
1052 2189 
611 3170 
2722 2387 
2595 1223 
79 83 
3084 515 
2471 2182 
1115 3150 
2654 1621 
941 1984 
2032 3175 
2474 448 
2892 2969 
3031 1092 
1905 1645 
1011 3064 
778 815 
1523 2637 
8 992 
2159 422 
440 955 
1523 2339 
476 2236 
3186 58 
1920 3227 
1480 472 
580 555 
710 159 
695 1375 
867 1346 
1553 3214 
2832 2076 
61 291 
1897 2164 
1766 1897 
1594 1586 
2903 2422 
2807 3298 
3275 891 
1227 1074 
2725 947 
921 1434 
83 1485 
698 2459 
1120 1549 
3101 1012 
894 2684 
2194 495 
2052 908 
1008 1366 
2490 2603 
1616 2177 
603 3170 
1649 1500 
1897 3091 
1958 2639 
2209 329 
3016 189 
3303 1636 
2697 2653 
1170 73 
1992 467 
2985 2853 
2111 2899 
1453 1666 
1000 2163 
2175 1767 
283 2902 
891 2033 
2792 1730 
2482 445 
2266 2351 
785 1331 
230 2310 
1516 916 
2579 499 
562 885 
2844 433 
1369 687 
2775 2270 
3216 2099 
830 1947 
1872 578 
2555 2049 
1408 1770 
1858 1504 
2557 2056 
3103 1420 
2125 2112 
2707 2123 
839 952 
2071 569 
575 1642 
1773 82 
2278 2289 
1577 3137 
2025 639 
2381 606 
2936 1565 
3287 455 
2542 3253 
1491 216 
2631 247 
1636 1141 
716 2778 
1174 3022 
2280 926 
485 1405 
3061 2176 
2137 1412 
2669 2122 
1360 2934 
944 3212 
2974 3014 
215 510 
1619 1669 
1162 1526 
2497 1849 
749 1669 
1492 2389 
476 3038 
2638 123 
2356 2466 
2331 2488 
1659 370 
1633 464 
253 2451 
2041 2555 
2803 1343 
1857 2010 
1424 958 
2974 209 
1538 361 
1589 191 
1772 1736 
3077 331 
2645 909 
1110 3008 
439 2258 
2544 617 
101 2987 
2081 351 
83 2597 
3210 2459 
279 2464 
1750 114 
1921 1271 
2591 1300 
2637 2866 
371 1079 
2030 1954 
2333 51 
2084 941 
1328 292 
2360 2129 
1584 283 
2756 642 
2489 1050 
1559 1262 
371 1036 
987 973 
910 1996 
1320 2582 
3186 2090 
197 76 
758 2288 
2833 549 
622 3261 
3252 48 
2914 788 
584 2816 
2147 2994 
2223 315 
166 321 
2043 2468 
274 2392 
1330 301 
3 941 
29 704 
1895 3259 
2279 1556 
2192 485 
1681 316 
749 2543 
2246 3280 
2520 2523 
2013 2788 
1256 842 
1468 2217 
2222 216 
2779 351 
1298 1020 
982 1563 
1868 664 
15 2905 
1066 2209 
259 56 
2432 2849 
1721 778 
2012 596 
2085 2852 
2093 58 
1965 406 
310 369 
2694 197 
1345 1922 
885 2898 
1553 2723 
2379 883 
2620 1793 
1934 425 
3184 881 
2902 1156 
2914 2761 
3205 2748 
2869 2799 
1168 293 
1902 2368 
2525 2279 
2376 1104 
971 878 
191 1794 
1546 2863 
281 903 
964 2356 
2101 1702 
2341 827 
1616 1067 
2552 2927 
3208 947 
1345 1181 
2066 1681 
2284 2275 
1162 1380 
2293 1289 
2359 3318 
462 2747 
2015 1020 
3044 2855 
642 31 
2187 1886 
1189 3258 
161 3259 
3246 775 
2884 1511 
2611 363 
1454 2610 
1633 1087 
2167 1076 
1462 1802 
114 879 
2284 1860 
53 2683 
2583 1764 
1428 3245 
2989 2923 
566 2401 
262 1871 
1202 3263 
1503 2004 
804 655 
2273 2687 
1589 1691 
2481 2731 
1172 1250 
671 292 
2842 783 
1184 2461 
2736 1528 
3312 2330 
1891 1441 
1241 1168 
2466 1162 
1402 726 
2132 2426 
419 2331 
34 823 
995 596 
2213 1849 
1951 1768 
2438 1202 
1666 3234 
235 2101 
242 2165 
2716 192 
1625 3307 
661 2939 
1958 1164 
701 1893 
2612 1569 
364 263 
1928 592 
1088 1337 
2379 647 
2501 953 
2122 3331 
612 2903 
158 2363 
103 3316 
3053 1528 
1593 2039 
2279 2293 
216 245 
2351 760 
857 363 
802 3212 
1846 1200 
237 1401 
2463 358 
3315 2556 
802 2068 
893 1078 
2376 312 
603 1085 
710 1624 
1519 2347 
687 1654 
1363 2346 
1862 1107 
910 2063 
312 1859 
2805 1654 
1349 2156 
809 1246 
1987 1000 
376 1942 
1055 569 
974 34 
1118 2127 
1618 1710 
2265 1550 
2867 1402 
2505 1486 
557 1868 
1254 2185 
543 715 
1104 0 
3162 1939 
2535 1500 
1953 16 
3000 2203 
2209 3022 
908 1184 
2377 941 
534 1406 
2263 1868 
1994 1036 
1408 2961 
2091 2553 
3165 384 
1708 673 
868 922 
627 257 
1256 2912 
1263 2987 
2481 103 
2982 451 
2016 3181 
1755 621 
1986 1223 
2698 158 
3098 892 
2656 3004 
1808 2880 
3275 271 
254 705 
2522 1074 
152 1214 
2950 1760 
353 3004 
1913 3113 
731 2085 
2465 111 
1309 1416 
531 2547 
2716 133 
1774 552 
34 257 
839 1061 
321 2668 
493 1720 
3037 1404 
2173 3137 
2398 3087 
1852 1303 
1554 1121 
1268 3298 
716 517 
3091 1271 
346 2971 
110 2897 
38 2367 
1424 1111 
1134 2394 
321 917 
686 1831 
2586 2536 
1868 2627 
2304 2693 
1300 2481 
1378 360 
2852 1416 
2618 2611 
1249 1644 
912 1711 
1703 1387 
671 3077 
616 3149 
2556 1408 
564 2794 
2948 2258 
1177 2862 
386 1873 
2464 806 
1530 2262 
3050 677 
2684 3039 
1957 1519 
2228 2424 
2678 531 
2295 549 
2456 941 
920 3018 
562 1675 
691 862 
395 2482 
102 1915 
3152 1558 
177 2312 
607 1005 
353 785 
2410 1138 
670 2777 
2431 2183 
930 2395 
512 2651 
2895 2392 
2247 2719 
2492 2908 
955 1181 
1401 531 
1259 24 
2341 1956 
438 696 
2396 2746 
1382 2886 
184 41 
917 166 
2651 1911 
2749 265 
128 3165 
529 390 
767 650 
1516 3144 
785 1704 
1709 833 
121 2565 
2345 2387 
1845 2108 
2503 570 
2392 1682 
2998 1120 
2633 252 
1387 2250 
2356 3068 
3325 1112 
1206 759 
2265 136 
1522 1830 
1672 18 
1351 2578 
208 3233 
42 1298 
514 1456 
233 1851 
1271 729 
1917 119 
2983 1507 
972 2843 
1771 172 
2858 1069 
2330 4 
2963 627 
2955 1527 
601 3294 
1968 455 
97 984 
545 3293 
386 2801 
1228 139 
1730 700 
2603 1326 
2206 1530 
1568 2773 
1230 1188 
904 447 
1824 1750 
2666 1938 
274 237 
3086 2811 
1909 2144 
2419 196 
888 1010 
2672 2463 
1198 920 
2571 1554 
401 369 
167 1213 
2913 3323 
941 156 
2025 2335 
1483 3213 
2934 16 
1563 3133 
742 206 
527 1902 
1513 3182 
695 571 
418 1073 
2312 225 
786 95 
3117 1653 
3014 2794 
1051 709 
1606 2707 
695 2985 
575 853 
2912 2686 
2463 2755 
1520 2182 
2321 1232 
333 1251 
2345 3020 
1568 1462 
567 1230 
58 2427 
1096 625 
2942 1311 
1639 2264 
168 59 
752 3192 
1972 947 
1240 1937 
493 2247 
1606 2588 
86 1486 
2358 789 
2382 850 
2013 2992 
2833 2018 
546 1072 
531 368 
1111 1342 
544 3104 
3114 1105 
2892 1701 
1245 879 
2696 3128 
859 3197 
952 2598 
701 937 
2795 2401 
2271 744 
13 858 
540 1404 
1747 112 
2391 128 
1038 678 
458 2860 
322 1514 
1380 1923 
2363 743 
2433 2504 
1546 1743 
475 1868 
1526 500 
286 630 
1406 2394 
1822 2700 
2270 792 
290 1913 
3294 2807 
886 1641 
3283 2398 
1849 783 
2778 1605 
2097 1509 
3001 1380 
1699 1749 
2924 3146 
582 2877 
1653 1965 
963 162 
2865 2345 
822 1573 
2964 2460 
933 46 
3282 218 
1912 749 
3080 228 
236 2717 
1440 305 
872 2300 
1373 386 
1944 2418 
761 392 
1673 3290 
1636 1779 
2636 510 
740 2994 
578 885 
2349 636 
387 1934 
3057 2039 
1504 31 
913 808 
1513 2170 
1446 3258 
1947 1984 
418 2247 
1146 2402 
1072 213 
3051 3192 
2268 272 
1766 909 
2266 2165 
1892 2056 
2317 1020 
1720 2262 
1031 1284 
53 3037 
148 1799 
1423 316 
1268 3292 
2215 2707 
2744 575 
1999 2638 
1816 1972 
984 255 
2160 40 
2481 1142 
351 2157 
2212 1110 
465 2316 
542 497 
1621 2777 
821 998 
1664 111 
518 2132 
1783 32 
2517 463 
916 617 
499 3263 
3075 3321 
2820 3080 
552 2403 
821 651 
3237 714 
1391 1619 
2642 2735 
3273 2321 
136 206 
2051 2813 
1593 1357 
1554 2289 
226 2954 
3004 2459 
1459 1962 
2006 1914 
760 2729 
102 342 
166 1430 
3305 970 
2386 2358 
523 626 
1308 3280 
2173 2496 
603 1324 
1450 2307 
1732 514 
2319 1860 
2627 2263 
2233 2289 
1956 1063 
1689 59 
1987 2862 
1355 1732 
2272 1173 
497 1152 
2557 744 
2830 750 
2080 1721 
244 3315 
2547 2851 
2518 782 
3320 1288 
2512 982 
3086 484 
2258 2455 
501 789 
1359 546 
3154 121 
2920 2133 
2312 721 
294 1276 
306 3270 
836 2347 
489 1401 
1495 2296 
984 2041 
1283 888 
1500 2182 
2425 518 
2373 2646 
2003 1241 
964 1225 
3330 1428 
3277 1520 
2755 2739 
425 2363 
15 1967 
2687 1980 
1864 1298 
1118 2413 
1839 1931 
807 858 
2547 1241 
1733 3099 
2048 805 
3100 670 
901 2510 
3278 2551 
617 2568 
1554 724 
1629 272 
1577 2343 
1454 3267 
1604 3014 
1624 2880 
2225 287 
2061 3185 
2191 2228 
3166 2750 
1868 1266 
1091 1909 
579 2334 
1523 3022 
2883 2462 
2753 2461 
739 819 
2210 1688 
3101 2031 
1636 2565 
3000 606 
2215 2123 
3293 1732 
882 3196 
1735 3083 
618 2931 
196 420 
2805 1912 
1828 74 
818 2237 
1271 338 
749 2761 
1327 132 
954 2493 
1784 2794 
2933 2831 
990 2460 
3087 2395 
1101 2612 
1079 1097 
1338 850 
3017 2801 
917 1076 
1899 1534 
288 883 
1695 2011 
790 2491 
2443 257 
2236 680 
847 2987 
3062 1078 
301 2544 
3218 3293 
347 3028 
2290 632 
281 801 
173 2795 
690 1746 
2895 1682 
679 2561 
1015 1697 
774 1748 
2799 2985 
1738 3092 
2315 2963 
2222 3216 
245 3020 
30 77 
2090 1628 
2329 2718 
1516 2081 
1285 839 
1292 1165 
870 1022 
2381 1558 
1116 3070 
2731 1099 
2545 926 
1855 3074 
376 1794 
2513 1538 
2194 3258 
1635 2805 
930 1361 
537 724 
259 2716 
2142 1851 
1361 2245 
2125 1868 
1012 327 
1375 1984 
2164 3091 
74 1629 
1303 1704 
2698 425 
2080 536 
263 1675 
1518 2063 
2275 2097 
1932 64 
2284 2319 
2179 1326 
647 850 
1391 2089 
3236 2691 
843 3135 
932 2155 
2251 1598 
1872 2529 
1018 2207 
3135 1038 
500 2582 
2187 624 
3107 3197 
2532 2639 
1102 3255 
2686 1140 
315 1692 
3280 886 
2814 557 
2167 2691 
1666 88 
3100 1436 
888 620 
64 2713 
1076 2876 
1228 1437 
1795 3202 
2565 3154 
731 2193 
1679 2645 
2783 684 
420 551 
2482 2830 
2755 11 
3204 667 
1253 3284 
1402 2460 
1931 1178 
339 2839 
1908 1221 
2002 1188 
1128 1165 
114 3273 
1125 2306 
2244 510 
1349 1255 
2176 825 
1159 608 
390 2681 
1921 2439 
1882 2181 
3168 98 
2376 1327 
776 2572 
2971 3153 
3183 905 
312 1758 
433 3309 
3159 793 
848 2244 
2572 1374 
1785 504 
211 123 
1741 496 
128 2493 
2919 616 
758 1901 
2721 2292 
371 1542 
1740 816 
2963 1248 
411 2249 
3169 109 
1214 1261 
944 1584 
2353 15 
621 882 
979 3171 
841 2064 
2223 822 
1741 30 
2288 224 
3171 1779 
92 979 
1950 1200 
2838 870 
475 1829 
3191 2013 
1573 1692 
591 701 
589 2944 
787 2663 
576 1893 
2051 2957 
2718 858 
1345 1764 
1094 1677 
2358 1042 
700 3100 
1645 2578 
508 2082 
1380 2466 
3240 1183 
1797 3082 
224 758 
2331 309 
1741 540 
1742 1161 
2217 504 
1688 1436 
2447 2600 
1312 893 
2391 384 
1768 1477 
2524 1046 
2099 340 
3218 1732 
1838 2463 
2285 618 
1635 2545 
2473 824 
3101 791 
2295 755 
744 2064 
288 1339 
1282 3156 
3156 331 
2571 724 
1738 2704 
2846 170 
2422 2830 
2910 358 
2195 826 
600 2375 
2177 3275 
1689 1217 
2669 1420 
2957 887 
2248 2997 
358 2032 
1199 920 
3193 2916 
3178 1938 
1729 3295 
2193 666 
101 2257 
2933 60 
3309 1094 
441 2140 
575 689 
2503 2113 
321 1783 
493 1073 
3183 2847 
1195 1480 
3015 2694 
2811 1866 
573 490 
422 2796 
2986 312 
2360 1241 
1911 512 
2321 2894 
658 1906 
3203 2224 
848 2969 
97 2589 
371 1994 
191 1691 
1054 2877 
1717 3282 
673 2963 
792 4 
2853 695 
660 309 
738 2771 
1764 459 
250 1259 
2671 3222 
3174 2997 
3196 2451 
2373 783 
188 3050 
1117 750 
2342 1500 
2347 78 
979 1067 
475 557 
312 669 
3091 1766 
1024 262 
1170 1151 
3018 1263 
2216 3234 
2414 1391 
2764 1812 
663 2377 
481 1111 
3131 1959 
47 610 
1040 1123 
250 822 
1209 2479 
954 1498 
902 997 
1103 2676 
2631 37 
1594 1530 
905 1234 
3214 1778 
2738 3112 
2323 8 
2683 3037 
944 515 
2924 560 
911 2292 
2381 1427 
2334 1850 
2195 2111 
1850 118 
321 2876 
1070 3234 
440 1345 
1431 2675 
3305 3187 
822 24 
556 964 
2072 2816 
2174 1133 
2151 2659 
221 3128 
2989 2701 
2430 566 
2691 2522 
1073 2262 
1666 3034 
1946 161 
1125 1168 
2779 494 
2942 1699 
967 3014 
959 2838 
421 2182 
2122 293 
765 1732 
2245 2781 
1412 987 
2372 98 
1074 41 
1011 1674 
2098 1362 
1309 2015 
2460 2165 
3229 342 
20 1820 
364 2502 
1917 77 
658 2873 
751 1980 
1809 1711 
2758 606 
1011 1209 
967 95 
2856 3016 
1621 3016 
1888 1405 
11 2463 
198 2016 
3234 88 
1675 711 
842 120 
2588 3057 
918 3134 
2015 2745 
2451 1874 
2611 1965 
1912 1858 
481 557 
1915 1626 
2970 735 
2629 1181 
2386 2178 
1984 1415 
2037 181 
1123 2271 
1820 2998 
515 283 
306 387 
1794 1691 
474 2014 
3184 3003 
3330 807 
32 321 
1872 2898 
2667 2129 
1644 374 
2959 1483 
971 3192 
2758 1865 
987 1343 
1459 2638 
2510 1740 
1341 3095 
558 1633 
3268 2701 
259 133 
430 563 
40 2303 
1953 1262 
3083 103 
1638 2174 
1398 1641 
2795 2082 
56 2716 
437 2353 
2278 48 
1593 192 
2716 1357 
106 225 
630 1312 
1387 2924 
1726 2417 
1174 1179 
3144 1721 
2164 338 
271 2033 
774 1703 
763 1662 
200 1651 
1305 551 
2200 3169 
42 1122 
1854 2879 
2675 20 
2397 3159 
1385 1022 
1129 1800 
1554 2278 
2573 1185 
275 755 
1066 349 
3000 2310 
1883 296 
214 688 
219 406 
419 2488 
1582 3305 
928 493 
1838 2672 
2007 1703 
2573 2680 
956 617 
3046 3292 
706 1980 
303 1428 
2863 236 
3181 1613 
761 1363 
765 224 
2909 1844 
289 706 
1738 234 
2310 1250 
497 1866 
2669 171 
800 219 
2333 267 
3051 971 
3291 853 
783 2829 
1943 2830 
3153 2608 
2365 1072 
786 1386 
1015 849 
1618 96 
296 3100 
767 2439 
2657 108 
2233 1006 
2730 2867 
1918 235 
2172 2817 
868 1542 
2597 228 
1630 2127 
1460 2455 
406 98 
1519 1629 
1121 3202 
2289 539 
1654 1504 
1078 1626 
967 2347 
1427 2053 
2816 1749 
2933 2720 
2457 1218 
1018 2920 
2582 556 
1824 1729 
2303 1223 
915 622 
1568 846 
2402 243 
581 368 
3278 2506 
844 1336 
2924 2644 
1807 993 
3083 3316 
2316 3293 
934 3097 
2676 2203 
2522 2487 
1331 1891 
37 776 
2277 1808 
3330 2845 
3196 1527 
1980 442 
2627 2358 
2066 2125 
1806 54 
3328 2582 
1950 1846 
2856 1687 
2367 792 
2160 261 
2832 1120 
2182 2930 
559 3016 
2014 1799 
1657 170 
3184 2179 
1642 654 
2217 1731 
1666 1070 
878 620 
1808 61 
1355 2288 
888 878 
1316 855 
3320 2902 
2698 322 
930 262 
993 2442 
600 1148 
2442 2430 
1384 2391 
2025 2480 
2425 3149 
2059 1768 
2650 2249 
2927 1338 
1859 430 
2060 1287 
431 2266 
2573 109 
1693 633 
2867 594 
2296 1993 
1770 2961 
536 1417 
77 2625 
1213 1424 
981 3106 
1575 1495 
1414 2569 
3106 1406 
88 2233 
1547 286 
999 1091 
1976 1861 
1466 1509 
1487 986 
2066 1809 
2333 2296 
3316 1101 
3248 2107 
2792 1038 
1136 1040 
1731 1210 
2075 878 
1881 385 
2992 1022 
1669 313 
2905 1967 
1170 2115 
535 2638 
956 1033 
1588 403 
1428 3233 
1850 1629 
2274 1015 
2922 3234 
2821 2155 
1405 2687 
2375 2051 
340 1528 
2364 1915 
1367 3127 
2802 301 
1082 2376 
2877 3104 
2334 2123 
3185 803 
1724 1547 
2591 1099 
1087 2368 
1866 4 
1455 1263 
1036 922 
625 13 
368 2678 
390 1801 
160 2947 
2094 3080 
3183 1085 
1238 2358 
434 2910 
2410 712 
3303 325 
2203 1515 
1812 1118 
1958 2532 
631 534 
1678 2100 
2752 1363 
2068 1288 
1742 618 
7 2247 
1466 2134 
1516 494 
222 2321 
2600 775 
534 472 
2866 2555 
269 2239 
2694 509 
1492 297 
339 271 
2338 616 
2431 2512 
2681 2454 
2702 584 
2886 855 
235 934 
2330 542 
1895 970 
183 1366 
1156 678 
2233 2766 
885 2529 
560 2150 
3112 923 
1329 3252 
251 1076 
301 2081 
339 542 
3055 1414 
983 787 
2122 2003 
514 1060 
882 2185 
2173 2700 
20 1498 
1101 2425 
41 499 
2749 1373 
2844 645 
705 1784 
1959 2296 
3283 235 
73 1219 
1008 1833 
2794 1620 
497 1641 
2775 691 
3236 831 
2568 1230 
3135 1879 
464 98 
2422 3251 
2907 3159 
922 1542 
2957 2361 
1265 1801 
945 2418 
1822 2569 
1751 2185 
212 311 
688 417 
1434 2586 
652 3133 
930 1871 
2644 1620 
974 823 
3189 2696 
2744 2849 
310 2156 
2675 3165 
592 651 
438 315 
3263 361 
3320 802 
3275 339 
2848 930 
2191 3158 
2250 3307 
102 3229 
540 2778 
815 269 
1103 1279 
3244 2939 
1734 243 
115 2995 
1152 699 
2159 1733 
2695 233 
1631 1778 
2024 1262 
1103 3152 
1156 1436 
2950 2932 
98 1902 
2060 627 
2911 3168 
506 2920 
3 156 
2616 188 
2952 1010 
2960 543 
2878 3004 
3023 809 
1673 1740 
1000 743 
758 3288 
2746 1079 
1694 726 
720 658 
714 626 
490 226 
173 1931 
1287 2646 
1828 2418 
1479 3170 
1845 2622 
1318 2651 
2656 1348 
2442 337 
140 1710 
3127 223 
1912 1635 
1639 1644 
1129 3174 
1336 3020 
802 3152 
440 1922 
1886 2721 
2554 2304 
2723 2085 
124 1381 
237 979 
1422 1779 
1749 2501 
1806 590 
1228 3193 
3144 707 
2172 1724 
2746 2820 
749 2776 
3113 1166 
1647 2017 
1522 600 
647 2530 
2493 448 
1292 2738 
959 705 
742 3306 
2165 1727 
303 3233 
803 121 
548 2944 
2842 2829 
2918 516 
1141 2360 
3204 2104 
573 442 
2273 706 
3150 2315 
1919 2941 
1593 259 
2224 3328 
1236 1596 
2555 1092 
135 2454 
374 268 
537 1090 
545 1732 
2353 89 
203 2577 
213 1114 
1251 1082 
531 274 
654 689 
2518 892 
549 1225 
1255 2156 
221 3189 
2245 2936 
679 2903 
984 2049 
2163 826 
562 2255 
105 671 
481 2814 
2634 1329 
950 1928 
2033 1616 
1480 2424 
1309 2317 
2992 254 
316 1042 
1882 2285 
941 2829 
2565 1313 
3318 391 
834 2624 
1290 2692 
1986 2595 
1913 145 
956 417 
3264 1063 
97 1908 
2437 957 
1919 1103 
2501 3190 
2407 771 
3137 2569 
123 1999 
2402 2389 
2700 590 
2107 1143 
2330 2270 
1544 584 
1353 1728 
918 2418 
3233 807 
1953 2593 
2731 1252 
1460 439 
841 1873 
2718 3330 
3027 948 
1005 2695 
37 560 
2745 1116 
513 206 
145 2362 
1996 2063 
1895 849 
1840 275 
1874 2783 
1711 2386 
2434 338 
1486 551 
544 984 
252 1374 
1669 2089 
1010 3074 
2803 2434 
986 1538 
1690 3028 
2513 3182 
817 1136 
1050 3255 
22 2319 
2150 37 
1749 1544 
3324 54 
111 2862 
1766 3222 
1601 2069 
1857 1395 
2363 1514 
434 738 
775 1352 
1059 769 
3163 2996 
2271 2405 
642 687 
1537 379 
3298 3179 
382 3114 
506 2133 
2138 1444 
171 2122 
1293 2033 
197 2175 
2160 965 
2373 1812 
1800 1556 
283 944 
1079 2396 
834 582 
1111 2706 
156 1118 
1627 3003 
1301 215 
1899 475 
88 1554 
3191 254 
507 2341 
3252 1006 
2883 2548 
1111 2609 
3044 1085 
2248 239 
1330 617 
2566 2878 
535 800 
1587 2960 
888 1811 
2691 70 
1466 1741 
1400 495 
1401 2547 
762 3179 
1771 909 
295 2922 
2184 3055 
774 281 
2848 262 
2127 365 
331 266 
2287 526 
361 424 
973 1946 
3225 2072 
806 279 
3123 2671 
2559 3294 
3190 1680 
333 1104 
1884 446 
3323 2171 
1892 2898 
1382 2830 
1794 1538 
1337 1189 
3088 561 
917 174 
2665 664 
1046 1704 
2116 506 
1263 1670 
1793 1088 
281 1697 
1 2986 
1866 2367 
409 1295 
2459 1891 
2704 3092 
1692 1943 
1055 815 
3062 1312 
509 2462 
631 1014 
2389 1966 
3324 1260 
2608 1964 
3001 964 
2498 411 
973 177 
1460 2948 
2275 2134 
878 3192 
2573 2313 
711 2898 
596 806 
788 299 
2469 2154 
591 46 
400 793 
2422 2156 
3063 1973 
2583 1345 
3191 1185 
912 1681 
2264 3039 
1770 1316 
2788 3019 
1235 2698 
2377 2832 
513 742 
3227 2326 
494 2081 
3143 645 
855 444 
935 3222 
1909 2967 
3187 1895 
303 1774 
2321 1967 
1859 1251 
365 571 
570 1060 
3104 3096 
1129 212 
556 1923 
763 1893 
1457 2142 
2751 2379 
1681 2125 
982 229 
3077 1328 
7 418 
1290 2267 
2362 3113 
2501 2264 
53 2778 
662 706 
1920 2800 
2865 2736 
379 2828 
3024 1865 
669 3195 
2434 3128 
2296 34 
2451 3060 
2564 2589 
2123 1844 
344 2274 
926 1912 
945 2123 
1928 1717 
949 2179 
1530 1951 
892 1534 
2237 2373 
2946 993 
189 559 
2419 932 
2802 162 
3100 1730 
573 289 
2428 1320 
1869 546 
391 2008 
968 56 
2723 527 
3114 3219 
31 1145 
2339 834 
196 651 
2069 580 
969 379 
3246 1871 
2995 184 
917 2093 
1967 2331 
1134 169 
2194 771 
3252 88 
970 973 
1914 1713 
3237 1367 
2115 73 
1871 881 
563 2236 
494 1417 
903 2200 
1050 1329 
2652 1122 
2017 59 
1651 2371 
600 2553 
2064 364 
2927 1367 
354 3199 
1843 1310 
2138 1569 
390 1894 
2555 2877 
133 3204 
1705 1823 
497 339 
128 2998 
1610 2395 
1230 1516 
1528 1148 
2400 1446 
771 1302 
19 275 
361 2225 
1505 2525 
2365 853 
451 454 
886 2762 
49 83 
2536 1511 
1764 1181 
2269 2192 
2908 2964 
2389 2642 
2834 3036 
1850 918 
844 2345 
1857 1296 
1542 2945 
632 2593 
2341 3027 
774 26 
1596 785 
2111 1507 
802 944 
2163 1028 
2172 1818 
3034 1102 
3307 705 
441 2069 
750 855 
1897 221 
908 356 
2305 3297 
2090 1773 
1985 925 
767 619 
3178 2818 
1301 3000 
1225 3001 
1787 625 
2108 1362 
1419 2666 
1220 2571 
3012 2147 
2650 2498 
1337 1446 
209 1828 
1547 2437 
296 16 
2540 1687 
2719 1594 
1862 436 
1770 444 
1129 799 
2207 466 
1142 266 
991 2373 
1227 2012 
729 1921 
3023 1045 
691 2367 
2210 2902 
2799 663 
77 390 
619 2803 
415 2205 
409 2916 
156 818 
2683 3317 
2429 1104 
504 1559 
1071 447 
1757 2189 
425 2575 
1677 1678 
1790 1029 
984 305 
170 239 
1882 3180 
2674 1491 
773 888 
2176 2757 
2142 236 
2820 3205 
3239 1799 
1254 3196 
1466 3163 
292 1874 
805 1726 
1625 3198 
2115 2686 
2957 1956 
2768 1554 
1747 1793 
218 709 
2628 2716 
985 1905 
2190 296 
409 2009 
481 664 
622 669 
3187 344 
3038 2901 
1748 109 
808 2795 
395 2561 
2773 3224 
2086 2686 
132 186 
385 2711 
871 2116 
1750 1546 
1995 3297 
1503 1793 
3236 1783 
3075 3312 
464 558 
2212 2908 
2273 442 
2748 2828 
1926 1184 
1295 2176 
116 496 
329 2950 
2205 92 
3136 2332 
1845 2766 
3123 3259 
2807 2559 
492 467 
1330 2570 
2132 2338 
624 1913 
633 3129 
3291 898 
1763 1613 
2034 2777 
2501 1699 
650 1412 
1346 773 
2636 2676 
1530 1073 
3095 1604 
694 1726 
1167 432 
3134 272 
342 2551 
2310 3287 
3251 310 
281 2200 
900 89 
515 2902 
724 2455 
559 2902 
160 1454 
760 990 
2106 501 
1689 1797 
1262 198 
197 842 
309 2042 
3323 2734 
2520 2819 
2752 400 
2174 1440 
2727 346 
1101 518 
113 2339 
1651 268 
64 3306 
2566 787 
1921 2218 
3028 2673 
1227 2147 
1208 1188 
2936 3184 
2372 859 
451 2352 
3277 2264 
2262 493 
1679 2402 
2102 996 
2837 2646 
3115 2451 
596 279 
499 1240 
439 985 
1812 941 
2097 1860 
1394 79 
2778 116 
3236 2668 
731 558 
1780 3215 
171 1241 
2385 655 
3199 2567 
1625 2013 
2170 735 
2674 1525 
2094 1296 
1184 1833 
315 696 
1920 82 
462 139 
581 3223 
3146 2644 
1283 2933 
1276 728 
484 1370 
1526 2582 
1729 2863 
1885 2702 
1117 1316 
1853 2797 
2420 2059 
2985 2287 
2341 2051 
2813 507 
508 1134 
1693 2999 
1871 3087 
1958 838 
2151 230 
540 3194 
3101 2504 
2003 1651 
2216 2098 
2450 853 
716 1466 
187 518 
1256 3015 
222 1232 
1258 1050 
1141 3185 
3031 2675 
935 1771 
3055 825 
3216 3148 
858 714 
292 1282 
1872 841 
2853 2287 
3267 432 
1837 3055 
2016 2855 
1718 2496 
277 1283 
1104 186 
3036 2183 
466 1018 
1296 2410 
148 2806 
2341 1830 
822 2961 
536 1055 
2144 3180 
809 2686 
2766 1999 
246 977 
1811 2739 
436 2611 
3212 1172 
1324 977 
2642 1734 
1105 3219 
3287 230 
2545 1009 
2638 2618 
252 635 
2726 2195 
3066 1456 
139 1437 
923 2352 
3058 2738 
1672 3149 
3307 2788 
2609 167 
289 442 
908 1028 
2338 1569 
499 2537 
2205 2189 
2006 2717 
3229 2364 
3100 1038 
230 2453 
363 1902 
3328 2018 
2008 309 
2191 631 
537 3255 
600 827 
1392 181 
1374 1341 
1568 1941 
3325 2335 
771 337 
1598 2151 
296 2934 
1424 167 
1370 38 
2588 1844 
2384 2086 
2381 3152 
589 3136 
532 819 
2012 2487 
25 743 
3165 1440 
2104 845 
1878 2167 
583 1475 
3297 1450 
1967 2359 
313 31 
2879 1786 
476 1568 
173 913 
1003 2639 
1647 1689 
2570 2157 
2722 1336 
891 2189 
2577 1081 
2520 513 
1431 128 
1809 2704 
679 3265 
147 1644 
1308 601 
339 1293 
467 3153 
270 1200 
1703 3191 
2554 2752 
268 3331 
1573 315 
564 2644 
2922 1554 
2218 619 
3031 2589 
1708 2443 
2668 2691 
1436 1531 
1353 803 
1090 1084 
2555 1261 
594 1319 
2644 209 
972 1795 
868 373 
904 2852 
632 1883 
3097 1627 
1343 619 
1654 1369 
1133 1421 
2936 1627 
2371 3088 
704 2702 
950 2417 
2419 551 
2033 2653 
2377 1375 
2517 3318 
242 1198 
1228 2009 
268 975 
2382 2552 
2422 310 
1903 912 
1298 2317 
2593 16 
2082 993 
1430 1076 
1515 1103 
255 2174 
847 1198 
2830 2561 
1400 615 
2931 1591 
1437 2420 
1339 214 
1688 944 
934 3003 
405 2784 
3305 2274 
291 694 
2190 246 
325 3171 
3225 2887 
2326 2819 
2734 2295 
1362 123 
2598 883 
1402 2212 
2883 1894 
640 1332 
2550 1534 
2550 892 
3058 2960 
187 3316 
2270 2657 
2216 1453 
1929 112 
557 1899 
3223 3103 
612 1382 
2873 1873 
1029 775 
2945 1571 
884 2034 
1626 3246 
542 804 
2447 1796 
3182 845 
2862 1000 
104 1919 
2775 1641 
667 1513 
1726 710 
1549 2998 
3284 315 
2612 1434 
1507 2787 
2462 529 
1881 1351 
1177 1926 
2833 2171 
267 2511 
2579 1240 
206 64 
2250 3169 
3024 2676 
2093 1451 
2223 867 
1751 2823 
2772 3224 
2216 2634 
506 2207 
2143 2327 
484 38 
2950 150 
1886 3215 
830 365 
1932 3306 
187 2425 
2277 562 
1949 2179 
1028 2753 
2552 647 
1589 1240 
2120 444 
555 441 
2137 619 
2939 3166 
944 678 
2406 2171 
1657 1556 
3324 1806 
1981 2346 
992 1127 
1280 2250 
910 2918 
415 2360 
2034 3135 
761 3239 
1311 1544 
2638 857 
1359 2506 
2608 2684 
2498 295 
678 2856 
296 632 
2625 2454 
1386 2662 
2530 1285 
513 2522 
1829 2478 
79 1395 
1993 1975 
1673 1705 
3229 2923 
1509 2050 
1055 2080 
373 371 
2750 1405 
297 1114 
1391 1122 
474 761 
113 1192 
2265 2427 
339 906 
1785 2593 
2382 2379 
1945 301 
354 661 
2313 2838 
1727 872 
3252 539 
2239 502 
2656 385 
498 1430 
196 1305 
318 3168 
3076 1751 
2319 2050 
673 2511 
2212 594 
2903 395 
2406 2913 
1544 2264 
1772 2215 
2506 1182 
2154 102 
3178 2666 
2136 669 
2442 566 
1669 3070 
197 509 
59 2251 
728 2608 
3087 1352 
1116 2761 
2693 2806 
2962 567 
2296 523 
2395 403 
489 3103 
2192 3244 
2182 1920 
2287 2869 
346 492 
2642 1146 
1808 2048 
436 363 
2170 577 
2834 1235 
3192 2786 
1161 999 
150 349 
1546 1232 
329 880 
2138 1123 
189 670 
2076 8 
1071 2723 
2292 570 
159 3059 
378 1298 
1427 2941 
3091 1659 
752 438 
1958 2910 
2746 270 
2405 2267 
561 268 
3257 2665 
1701 2659 
1559 1210 
2680 2633 
3003 1949 
642 1369 
1269 2144 
1780 2187 
855 1392 
3280 691 
2490 2580 
2392 368 
64 3172 
1060 224 
1006 2571 
3112 638 
154 913 
2106 1213 
89 1165 
1420 293 
1054 3096 
1417 2157 
445 2561 
2407 1400 
690 2983 
2240 2183 
2899 183 
2099 1528 
119 466 
523 208 
968 1357 
626 3127 
1994 712 
1736 1593 
1351 2249 
782 1079 
2702 2818 
2513 735 
370 2389 
1071 1778 
2673 1414 
2134 1825 
2349 187 
334 1999 
1703 528 
1513 2104 
272 703 
73 2912 
1073 928 
346 1992 
1400 1839 
2240 3046 
3036 306 
577 376 
1361 1465 
744 3164 
529 1894 
2505 2821 
455 2453 
2018 2747 
2061 2565 
2657 2431 
3150 1861 
1290 1136 
1456 1388 
477 2011 
2240 3292 
847 242 
2987 1746 
1434 817 
2184 1837 
2375 2813 
116 3317 
626 2927 
2343 1260 
1991 315 
2360 581 
2396 922 
1394 3080 
2443 627 
3178 781 
312 2429 
1292 1680 
2403 2035 
161 849 
1830 600 
1654 808 
1208 214 
3115 3076 
2474 2589 
2858 2812 
2487 1227 
2252 403 
253 2585 
2863 2861 
2469 3262 
3005 374 
3091 656 
275 2009 
2918 666 
136 3186 
1444 2586 
3062 2364 
1064 1336 
2492 1081 
1956 1148 
3262 3062 
1236 785 
2195 2753 
558 1631 
1710 1011 
2454 3317 
2879 1051 
2489 1329 
1159 122 
2409 2648 
1222 2543 
885 2801 
1824 2944 
1290 817 
2085 1631 
782 3080 
1173 677 
2377 526 
3135 2290 
425 3036 
667 2170 
206 1550 
1499 2076 
1778 464 
3086 1370 
2170 3204 
607 1218 
825 2916 
3193 409 
2642 2645 
64 136 
983 160 
1710 96 
893 261 
169 2640 
2923 2600 
651 950 
1011 96 
834 1214 
1331 3210 
1029 2923 
1311 1520 
3017 265 
2820 1036 
2633 776 
2138 2536 
1555 425 
172 1921 
1054 2339 
2678 2061 
2309 1295 
337 1337 
192 56 
2856 884 
2018 1225 
1246 2912 
1511 2919 
3154 2159 
1127 2832 
1288 3152 
1179 2335 
37 3014 
3031 1498 
1485 1994 
217 2721 
1266 2882 
309 2359 
689 2744 
1288 2124 
126 1486 
792 2811 
1166 1780 
2546 507 
2081 2071 
1159 2567 
1339 839 
3331 1639 
1168 3331 
563 477 
525 3293 
2618 859 
2839 3075 
421 2930 
801 849 
582 1523 
3132 1107 
676 455 
1693 2068 
501 1042 
1815 22 
2332 1914 
3227 2090 
2711 3219 
1657 1505 
295 88 
2457 561 
56 3204 
2975 1571 
1800 2587 
3209 3305 
1737 1675 
675 985 
2511 257 
1404 2548 
2582 3068 
831 1878 
1461 872 
2504 1142 
2409 2738 
2091 846 
2308 900 
253 3077 
3279 1414 
422 368 
2020 2800 
2195 1177 
2734 1840 
743 3133 
2222 3020 
1431 2391 
1998 1380 
2341 1522 
1694 1555 
1022 2699 
2404 3262 
846 2772 
2473 82 
403 1029 
2012 740 
3108 356 
3205 1394 
212 239 
2497 2413 
1379 70 
2911 1087 
111 356 
610 213 
454 3276 
1598 2453 
797 2577 
356 2862 
1798 2216 
1085 85 
678 559 
1613 2016 
2255 2749 
540 794 
2543 1858 
386 885 
3197 857 
1995 1450 
1477 2673 
1595 771 
922 2748 
2681 506 
2189 92 
83 868 
316 2066 
983 2566 
370 654 
2290 408 
974 2497 
2309 2913 
2645 1146 
2478 167 
299 595 
2559 108 
2365 898 
1078 2364 
1324 1085 
715 2042 
804 2811 
658 2502 
1966 1025 
676 1172 
742 1932 
1690 2309 
620 117 
2414 1619 
858 1787 
621 2823 
2184 347 
1996 42 
1717 709 
2107 1345 
104 215 
1258 3252 
1518 3045 
1463 1382 
2552 626 
318 1778 
656 1659 
2537 115 
546 66 
1947 571 
1881 3210 
1525 216 
1992 1827 
1638 305 
998 3282 
2020 82 
2747 1437 
1479 2058 
1537 2550 
2764 2829 
780 496 
2638 1962 
2616 765 
85 2190 
270 3205 
2952 2720 
2268 1519 
403 1790 
1082 669 
1405 1909 
3291 1433 
608 1269 
2695 1457 
2091 1941 
1270 3133 
3276 451 
1664 2698 
2687 3244 
1101 3083 
1236 1454 
2319 2285 
2094 83 
2333 1332 
1976 2511 
1361 2936 
687 1145 
2593 2934 
616 187 
1968 3024 
2758 3152 
1134 534 
296 2034 
53 780 
1005 561 
1710 1461 
769 1167 
1784 2680 
1110 1555 
198 2190 
1363 2907 
322 1664 
578 263 
150 2335 
1565 934 
658 2138 
715 1165 
2653 2189 
3245 3131 
1441 3219 
2447 1029 
844 3020 
1666 411 
2157 569 
1794 1942 
2672 2857 
1334 446 
1108 1027 
1901 5 
1427 104 
2567 608 
1461 3064 
3064 2300 
104 2124 
743 356 
2842 2213 
863 1375 
1931 913 
762 3292 
1626 893 
546 610 
758 2113 
921 2884 
932 725 
2654 678 
2051 1528 
3285 2776 
1711 1423 
2894 879 
174 1076 
135 2920 
790 1731 
1300 103 
1840 556 
786 2572 
1856 3036 
2007 1625 
845 1942 
988 2060 
2250 2200 
1370 978 
838 1411 
1465 2245 
1822 2188 
561 147 
3284 822 
2603 2580 
1367 523 
3062 2404 
2911 1653 
2308 923 
2856 2654 
1873 2801 
618 2097 
971 1855 
331 2504 
2832 2985 
219 856 
749 2280 
978 2657 
2111 1000 
3156 2259 
2731 1012 
1027 15 
500 1320 
310 2482 
3128 909 
2364 1312 
2386 2106 
3254 2510 
1598 1797 
1751 478 
2587 2554 
2683 506 
2036 1259 
1928 710 
3117 219 
1918 2649 
2997 212 
3083 2591 
697 46 
3001 500 
1903 763 
3127 2382 
677 2272 
2713 3306 
3115 2975 
2954 2752 
2899 1177 
2831 593 
660 437 
1968 1250 
1926 3260 
908 2195 
3298 108 
2885 1134 
1430 136 
2253 1809 
2576 214 
2015 910 
2907 474 
2386 234 
121 2061 
2032 2639 
1112 1903 
2784 1714 
628 999 
1440 1517 
607 2371 
415 3171 
3325 2480 
1850 703 
1172 2676 
2160 2817 
690 101 
321 251 
804 1152 
2454 390 
379 2550 
54 833 
2997 1826 
2319 2097 
1737 2255 
1950 1537 
2480 2253 
974 2443 
1784 2152 
1261 582 
1899 501 
2104 1357 
215 2381 
2157 2080 
1440 2589 
1388 760 
1928 998 
154 1400 
2030 31 
1040 2271 
2959 1381 
495 1972 
1945 494 
2806 793 
2591 2433 
110 998 
2427 3172 
2542 61 
1720 7 
3 1118 
1112 2393 
1140 2086 
2837 2413 
1303 160 
2516 2656 
315 1259 
1601 434 
1466 2050 
1011 760 
3098 1213 
3064 2266 
1454 787 
751 2750 
124 1308 
3045 1996 
1861 1947 
2865 1528 
2166 2795 
3066 545 
2842 2497 
1222 2545 
2376 2986 
1213 2665 
2549 2756 
2523 2713 
3096 255 
1003 946 
556 1380 
2181 2327 
2237 2829 
2566 1303 
2155 126 
675 2516 
1503 3113 
3255 1258 
455 2636 
1285 162 
510 1865 
1591 1489 
2622 211 
1367 2845 
2386 2704 
2768 2571 
3012 995 
2327 1405 
2122 1420 
3288 2616 
2731 194 
2806 2304 
2358 2704 
368 2129 
1630 863 
252 2838 
2816 2942 
2885 3158 
697 591 
1129 2806 
1993 807 
3082 1689 
47 1869 
2846 311 
2918 447 
2351 431 
297 654 
1710 2316 
351 301 
1015 1582 
894 1964 
3104 305 
373 228 
1853 1209 
344 2980 
1874 2185 
403 1715 
99 2682 
632 700 
1799 2806 
3313 145 
721 106 
577 845 
2662 2013 
975 200 
2002 1230 
3178 1885 
1763 3170 
2418 2334 
54 590 
1946 3259 
3319 418 
340 1491 
2517 15 
47 546 
1466 2996 
1704 432 
1715 1790 
1027 2353 
2727 3190 
3155 971 
2923 3062 
1332 2296 
2810 1531 
705 1385 
1022 705 
677 1780 
863 830 
2901 1877 
18 2433 
1843 2323 
1962 535 
3288 2940 
3196 1282 
1024 2395 
3304 1108 
1601 2532 
117 277 
898 2432 
1385 2699 
2112 1042 
1146 1734 
711 2277 
141 544 
2097 2050 
2786 117 
973 106 
295 2249 
3133 3270 
1891 3219 
1672 616 
1104 2986 
921 1569 
1733 2851 
1114 546 
2832 2682 
235 1702 
691 1398 
2831 2857 
1732 1060 
1638 3096 
1909 2097 
1972 3138 
781 3277 
3143 1816 
1878 2147 
1500 1065 
1008 2461 
1047 2965 
2720 60 
1854 821 
1964 728 
3114 2878 
2418 3146 
1654 2394 
775 262 
1012 1099 
909 1897 
1005 236 
1203 1064 
965 924 
1310 1120 
1222 313 
944 3320 
1384 2589 
1203 3265 
2897 218 
2402 2735 
2064 720 
3037 1741 
1709 2587 
405 1255 
1885 2072 
2178 501 
1436 678 
513 498 
887 507 
242 1670 
1931 169 
3316 1672 
995 2487 
3068 2224 
1210 16 
1689 2151 
304 1498 
3292 3298 
2317 910 
608 2782 
793 1800 
2398 262 
2638 1862 
1250 848 
3075 1866 
2277 2749 
1559 790 
1453 1070 
2316 2797 
1065 1419 
844 1064 
3229 2437 
2959 2431 
102 957 
2124 864 
2310 2244 
3018 1746 
3268 2989 
2837 3150 
888 1855 
800 2911 
152 834 
3258 337 
1786 1918 
417 214 
2239 2570 
1392 2830 
603 2190 
1569 636 
1866 862 
2185 298 
2551 47 
1606 1844 
2629 2147 
2684 728 
2946 1400 
2140 946 
523 2035 
1811 60 
2269 354 
3294 2959 
830 2084 
3180 3244 
2522 2629 
885 1854 
2912 3042 
3208 2194 
177 801 
1522 1877 
2768 2498 
818 1984 
2184 2916 
2493 384 
1411 2532 
3214 2723 
1379 279 
2616 2940 
226 392 
2887 2666 
1462 3224 
2895 531 
303 3330 
946 2239 
673 1976 
3027 887 
1626 3062 
2013 836 
2578 985 
2098 2249 
1573 1991 
2835 2598 
871 1018 
42 910 
325 1779 
2407 615 
418 1586 
1902 318 
2884 636 
3097 2580 
1816 1793 
1926 2195 
1352 2447 
34 552 
826 1831 
2576 1230 
1657 833 
972 2098 
2628 56 
1260 1505 
1270 2710 
767 1412 
2906 3315 
3080 1485 
1958 2831 
1845 211 
1014 169 
497 2385 
1221 2866 
3091 3123 
290 1780 
233 2006 
433 1793 
1059 2566 
387 425 
2470 765 
1735 1252 
171 3103 
1690 1768 
675 1348 
2376 3195 
858 2329 
1966 2642 
529 1767 
2816 2887 
3008 2987 
338 2642 
1954 2756 
997 2218 
133 192 
1492 935 
1993 3233 
1958 434 
154 169 
2673 2262 
158 2626 
2491 16 
922 1079 
1185 870 
617 1033 
1455 2257 
2178 1266 
789 1899 
2672 2933 
3190 953 
3254 454 
1420 489 
2174 3096 
878 1855 
2469 2252 
2385 1757 
2147 1074 
2815 2782 
2857 1010 
822 3240 
245 2099 
465 96 
1975 2842 
838 358 
1423 576 
536 2069 
1678 224 
20 1431 
2640 2082 
1927 2897 
1388 3293 
2373 2213 
2032 1811 
2327 122 
1945 916 
1121 1795 
1089 2352 
1616 3275 
2897 998 
923 1673 
788 2652 
1635 2776 
3253 3059 
794 1756 
358 117 
732 2957 
3244 2269 
2100 145 
3037 540 
2502 2557 
1206 225 
2914 1122 
1951 1414 
642 2549 
51 2443 
85 198 
1530 1822 
2793 2432 
158 3133 
384 954 
2651 152 
2930 2020 
2873 1434 
2073 3053 
268 1644 
363 859 
267 627 
2879 1624 
3324 2293 
2406 139 
1249 2770 
761 1980 
1221 2965 
1249 1168 
2776 3070 
1219 3267 
243 370 
3283 2600 
1749 1520 
1270 652 
44 145 
2275 2050 
2656 1331 
2106 2665 
2783 2451 
740 2464 
883 2751 
1547 40 
773 2075 
726 2730 
1677 1503 
2164 650 
251 2691 
2680 2838 
2865 340 
1644 236 
97 2041 
1680 1311 
700 2290 
1843 2853 
2952 838 
3103 3005 
2980 970 
1944 1850 
148 3239 
1024 1796 
1195 472 
21 3135 
1740 2135 
2456 2127 
2649 1702 
656 3189 
3112 901 
3154 2061 
371 228 
551 709 
721 801 
2612 2731 
1984 830 
1922 184 
48 2571 
2414 1122 
1280 1582 
206 498 
1373 2277 
1691 3057 
1664 356 
431 990 
1370 601 
2306 1420 
1558 3000 
2727 1680 
91 2060 
2455 1090 
1883 843 
1962 334 
2800 2930 
1223 3229 
3202 1845 
2313 705 
3044 1210 
3024 1515 
2792 2777 
544 2049 
1161 1813 
2345 2222 
1932 498 
1499 1431 
797 101 
1105 2516 
2198 1736 
2205 1779 
50 834 
1457 1914 
2648 1587 
1939 2493 
2127 91 
537 149 
3174 239 
1067 92 
188 3215 
2722 245 
797 1263 
3192 773 
860 2157 
1518 1864 
2771 2032 
1571 1138 
440 279 
2564 3162 
893 2154 
1341 2794 
1068 1209 
2232 1498 
3088 2695 
2339 152 
2556 1316 
313 2280 
1591 416 
1168 2003 
97 1092 
2474 2493 
2409 923 
1029 1024 
948 3264 
518 2138 
136 2523 
3328 2659 
30 506 
2518 1950 
2492 2577 
1313 1067 
2524 809 
478 227 
1610 2580 
3260 1334 
1457 2457 
691 2811 
2737 2946 
2771 2021 
2470 2503 
2401 2430 
3270 2183 
128 2474 
1492 898 
528 2992 
1733 1241 
2667 2893 
3264 2957 
3134 786 
2922 3034 
3268 3262 
818 695 
1735 103 
2179 3097 
313 1985 
2663 382 
1249 147 
118 1828 
1708 1495 
3209 1387 
3219 1704 
1999 1121 
132 2429 
689 1433 
2930 3227 
678 1468 
2738 543 
3096 2637 
1094 947 
8 99 
3148 340 
112 1302 
3143 2004 
3082 676 
2224 2659 
322 356 
639 852 
808 2756 
1282 331 
362 1595 
1460 2619 
242 1199 
2469 3246 
1029 1715 
3154 1141 
1615 2620 
978 1381 
894 294 
2897 1660 
415 1422 
1746 847 
168 1526 
86 1326 
2570 2071 
0 2429 
189 1436 
1906 720 
1070 2216 
1800 2846 
1919 398 
2756 1009 
1993 1495 
226 1591 
2733 707 
2626 322 
494 1330 
579 1629 
2964 594 
2954 2014 
1164 838 
391 463 
1620 78 
2620 947 
2052 1831 
5 624 
1221 3031 
1348 3004 
765 3218 
2600 262 
1563 1934 
1404 517 
2244 676 
77 1963 
2287 863 
1433 47 
3310 2629 
2987 1366 
1594 2496 
1280 3198 
2805 1222 
1746 1884 
1313 325 
3312 497 
1795 3197 
990 2729 
2706 1424 
3181 246 
3229 2154 
231 1012 
2595 342 
2971 728 
269 580 
2588 2039 
386 2749 
2631 3134 
2861 1729 
1987 111 
478 27 
2942 2727 
1915 702 
2400 3258 
518 2536 
1577 1556 
444 244 
2595 3278 
1054 1133 
1688 3320 
1751 1097 
3294 1483 
887 827 
2696 1766 
64 2668 
2457 975 
254 2573 
1279 3152 
1332 1575 
3285 2761 
455 2676 
2706 2478 
26 344 
262 218 
2189 3171 
3282 1726 
2659 59 
690 1455 
656 3123 
388 589 
2795 2424 
378 1864 
2331 2517 
971 3207 
3066 1388 
2576 952 
774 3307 
2433 1300 
2382 647 
1103 2758 
3215 2272 
1092 255 
1779 803 
2327 2285 
1760 2932 
338 1659 
1455 446 
2250 970 
2179 86 
318 731 
1268 2710 
3005 2122 
627 1976 
516 2063 
1466 540 
351 536 
2470 758 
1195 2604 
3290 1740 
1308 1381 
3176 2453 
2391 2743 
2132 2138 
2498 88 
2557 2873 
3218 1355 
1909 3180 
635 2150 
1395 2010 
2173 833 
79 2094 
2700 3319 
871 2454 
1461 1209 
972 1798 
113 1318 
1495 303 
3143 1793 
1691 986 
2944 2861 
3050 1780 
38 3292 
3169 3198 
2985 526 
523 2718 
446 1366 
1505 239 
2303 2595 
1505 2279 
2169 213 
218 998 
2433 3316 
1092 3096 
2611 856 
372 135 
2764 1118 
2460 1555 
3098 969 
946 2771 
1963 390 
1487 2438 
595 788 
2597 3080 
504 178 
1586 1720 
853 2432 
1902 1633 
1694 3064 
1998 2018 
2955 1874 
2650 1121 
1332 823 
1326 2505 
2659 2017 
2867 2212 
2628 2039 
905 2847 
1827 2915 
619 281 
372 1767 
528 2788 
952 1061 
1627 2490 
3234 1795 
3183 2472 
667 968 
3169 3019 
2676 215 
1245 391 
2266 920 
1090 1050 
2271 1136 
1987 1664 
231 194 
2910 738 
2816 3277 
1208 1230 
1316 1183 
595 1020 
1690 3279 
881 2781 
2665 2609 
2107 287 
2200 1697 
1387 109 
1310 2832 
782 1342 
2704 2125 
2265 742 
2913 825 
1430 1451 
168 3176 
2902 670 
3018 2859 
987 650 
2557 720 
1485 371 
1708 1976 
1392 244 
466 2920 
762 2959 
2793 1966 
3214 2085 
1361 775 
1311 3277 
1298 2852 
1825 2284 
43 1920 
2913 2176 
1830 1802 
1338 523 
2031 1527 
1664 2465 
2947 1167 
2902 3212 
1465 1627 
1462 2091 
3319 2262 
1319 203 
2251 1865 
1627 949 
2007 3019 
1008 2862 
1639 2669 
2321 2359 
2756 1145 
1873 2056 
121 2129 
882 684 
552 267 
353 3219 
2207 1741 
970 1015 
96 3293 
850 3237 
2413 2456 
2964 1319 
266 3156 
1575 3131 
3092 2263 
2674 3216 
610 1433 
2622 3202 
2375 3053 
30 135 
868 2094 
158 2465 
133 3182 
2549 2030 
2600 2398 
2150 1784 
1678 2725 
2571 2578 
2957 948 
1711 316 
34 2837 
2356 755 
1045 1219 
2544 494 
454 1740 
2413 2764 
615 2442 
102 261 
2363 3036 
1219 1046 
216 887 
2911 1633 
48 1102 
214 2962 
259 2215 
728 346 
1516 2570 
3318 2321 
2140 3144 
1080 2115 
1866 2270 
385 1331 
2228 3106 
3077 1012 
2743 304 
2246 601 
1282 231 
1840 2747 
286 2303 
2306 200 
3298 652 
1860 1742 
1125 374 
183 1008 
3137 1806 
141 1440 
2694 120 
923 2858 
1709 2846 
1953 1210 
2923 1723 
1227 3012 
548 2770 
143 3059 
1713 233 
2932 852 
856 2372 
2502 578 
559 2810 
2556 2120 
2799 2323 
979 906 
3016 1531 
123 972 
2362 2721 
2349 518 
1704 2947 
2603 2245 
2983 1884 
3240 444 
1726 2255 
1475 2559 
537 698 
79 2945 
2431 1475 
620 867 
2954 2346 
885 2890 
2179 235 
2346 662 
1953 2934 
1674 2964 
2347 247 
1731 198 
561 1851 
1214 1192 
744 2267 
3179 3213 
3279 493 
1178 2737 
3084 2210 
3066 2797 
1499 1310 
607 236 
1687 1531 
1790 2469 
86 2505 
244 2556 
2382 626 
2699 109 
160 2566 
2352 2982 
2278 1006 
2895 489 
379 1829 
636 103 
2910 11 
878 2036 
2447 1715 
2209 512 
2567 2939 
3036 3046 
3064 1209 
879 660 
2784 3216 
136 2819 
268 2003 
463 419 
2051 948 
714 2552 
364 2557 
918 703 
3181 790 
1553 2193 
3017 562 
2974 1604 
2010 478 
627 974 
2316 545 
1177 2052 
1732 1853 
1036 1485 
389 1463 
808 1858 
2120 2037 
2801 1872 
2518 1097 
2155 2505 
1108 2353 
1027 437 
2166 2394 
1715 2923 
1519 3014 
2032 2532 
26 1015 
1659 3123 
29 3178 
1453 3034 
2585 684 
2150 2633 
2390 1367 
991 1287 
2224 939 
1861 257 
1120 2323 
444 1259 
1014 2394 
1330 916 
707 555 
1105 1596 
1241 1420 
765 1456 
1910 709 
3108 306 
995 2629 
222 419 
2332 2717 
3154 2667 
2510 3112 
689 2849 
369 844 
863 1415 
2750 2939 
242 2987 
806 3306 
1166 677 
2748 2746 
1419 1649 
1036 2396 
1594 1806 
1897 2696 
2793 1642 
338 2439 
475 2609 
2686 432 
1992 360 
958 2550 
535 1459 
749 2089 
2579 184 
1223 1114 
2239 1003 
529 871 
3005 3099 
974 988 
1141 1728 
2848 1361 
2616 3215 
188 758 
263 711 
1993 1787 
353 2663 
3328 3068 
2225 3248 
2262 928 
782 2597 
2619 698 
2091 3264 
755 462 
2106 2609 
1517 305 
963 567 
196 551 
1678 1972 
3328 3203 
2975 1138 
3064 2479 
254 26 
2930 2819 
3292 2183 
2751 3127 
1111 1846 
110 3282 
2835 1033 
2757 1837 
2091 600 
462 1162 
2817 1114 
1678 1793 
184 1202 
888 2075 
1359 1915 
2673 2757 
437 2539 
1122 378 
1232 1729 
1391 2776 
2054 2737 
612 389 
3315 2561 
1999 2233 
721 970 
251 1550 
133 2104 
1586 3319 
1011 872 
141 3104 
1895 106 
2455 2489 
194 1282 
1375 1415 
2569 2525 
249 347 
2361 2813 
955 459 
98 1294 
2006 589 
388 3295 
1929 362 
1374 635 
1015 2980 
1589 361 
2701 2404 
268 607 
1416 2193 
1855 3155 
356 25 
2762 3280 
1862 1999 
1893 1809 
1767 1801 
2453 2659 
2736 2361 
3174 799 
2194 1747 
2726 908 
1858 31 
2793 898 
2464 1181 
349 2932 
1895 721 
726 2460 
370 2642 
2080 269 
2481 2591 
635 2680 
1475 2657 
1816 1615 
2043 1213 
2788 254 
2650 1666 
2142 1005 
1680 816 
1838 2857 
2806 2248 
860 441 
2280 1635 
1125 200 
2303 1114 
1679 3189 
661 751 
2915 2727 
1089 2960 
738 2639 
1379 32 
1528 2341 
1905 2459 
1756 780 
781 1065 
2043 2828 
351 2544 
2248 1129 
2293 833 
1140 76 
3192 1991 
3194 2815 
775 2398 
162 2544 
2897 1786 
2795 2394 
2772 600 
252 2347 
620 277 
329 852 
825 2757 
2682 1499 
2185 227 
1020 1739 
704 1065 
3176 2017 
1681 1238 
1292 2510 
845 968 
809 2384 
2052 826 
2090 1920 
272 918 
1920 824 
701 1809 
3304 1995 
560 786 
868 1036 
136 2093 
2437 286 
1214 1054 
1148 2553 
73 809 
1672 2612 
1750 1218 
1055 2157 
1853 3218 
2637 544 
1071 558 
353 1596 
1265 1256 
3001 1526 
1557 3183 
2648 2960 
1596 3004 
1938 3225 
627 1849 
2699 2788 
1040 2692 
3316 2349 
1366 2862 
1486 1029 
871 372 
1853 1456 
1327 2546 
1534 167 
953 492 
867 3207 
2244 1103 
2018 964 
879 1824 
3207 1991 
635 1341 
2447 1588 
2577 2908 
3115 2410 
1063 3224 
3189 1771 
2863 388 
902 656 
296 3044 
2884 2612 
2472 85 
2725 1088 
2530 1208 
2439 902 
2693 799 
1091 608 
2540 629 
2481 2259 
3287 1701 
1681 2253 
2490 1326 
512 50 
1994 1395 
225 650 
477 819 
2766 2650 
3086 2775 
2861 1762 
1932 3172 
1316 3240 
1855 2075 
2593 1360 
776 252 
595 2015 
496 201 
1489 2687 
570 5 
2326 3172 
2885 1504 
825 1414 
2725 1446 
1362 1070 
666 1996 
339 699 
1433 1869 
1770 3240 
1669 1912 
2487 831 
1381 1398 
2713 2326 
2807 762 
2156 401 
2721 2272 
458 1334 
2104 2215 
2259 1300 
755 2734 
2269 2931 
1869 66 
2640 1178 
1022 3198 
1669 2805 
662 1363 
2648 1108 
1265 842 
518 1569 
610 2365 
29 1065 
1927 3282 
1556 833 
1250 510 
700 408 
2762 1381 
2694 1031 
2466 2833 
1760 576 
1153 1605 
1799 793 
1837 3061 
2540 1038 
1569 2425 
1422 3171 
1748 3169 
2249 2216 
3146 3095 
1486 1949 
235 2821 
1934 1514 
327 1099 
1923 2747 
2305 900 
1468 632 
1547 3229 
2992 2313 
213 2506 
2546 1251 
1060 3293 
1055 707 
2284 1813 
476 477 
2716 2170 
2556 1692 
3244 2750 
902 2803 
1140 1256 
201 2778 
1828 1629 
1770 1346 
1927 1910 
2099 216 
1381 1370 
4 2811 
2781 934 
534 1931 
1954 1009 
1872 1892 
328 1934 
2168 3057 
1386 2013 
2662 1022 
863 961 
342 40 
2459 1348 
312 2546 
3202 211 
444 1117 
289 226 
1504 1020 
3198 997 
173 1406 
1375 2799 
1557 3181 
1511 1434 
556 1225 
79 2410 
2438 1240 
1355 2470 
2339 50 
2061 1728 
932 2204 
3059 651 
1718 2719 
1162 500 
2695 2770 
2453 3152 
995 1922 
3061 1295 
2343 2279 
2237 2837 
1338 3127 
1624 3059 
3012 2012 
2310 606 
3213 3298 
2819 2265 
607 1232 
1047 1221 
1090 2571 
663 1127 
1701 168 
1295 462 
459 2537 
305 2877 
1954 1195 
1843 2832 
2653 1067 
1550 2520 
3251 401 
1588 775 
403 2701 
694 1373 
1838 2831 
496 2207 
1694 140 
1183 1943 
2657 886 
1359 2701 
2098 1845 
1164 358 
439 698 
2057 26 
2901 2011 
2591 327 
1107 535 
1088 1816 
1139 906 
2081 2080 
594 2987 
560 776 
101 1746 
761 1591 
2368 2911 
2816 3190 
2735 654 
119 30 
189 629 
1639 1420 
2654 1531 
3 2829 
1855 277 
91 818 
849 2980 
2259 3076 
1613 198 
3321 691 
2289 88 
564 78 
3154 237 
2250 2057 
888 3155 
1311 2702 
2090 3306 
2402 2645 
509 1894 
141 1221 
1905 2619 
2812 451 
2915 953 
986 3182 
1944 272 
2559 2431 
1547 2160 
1010 2720 
2417 3059 
372 1963 
2191 1014 
924 40 
1422 1067 
1589 2579 
1295 825 
2057 3019 
2717 2142 
3060 3076 
161 1343 
122 2967 
2691 1074 
1858 2604 
1749 3225 
3285 1122 
50 1192 
898 2849 
2532 838 
1531 629 
1711 1662 
1674 1618 
3290 3254 
742 2819 
2811 862 
1809 912 
2310 1172 
1090 439 
2748 1846 
3233 1787 
1342 1266 
2063 1020 
2729 2266 
2818 584 
3194 1952 
2510 1705 
500 19 
1993 858 
1601 11 
463 879 
2652 2015 
2094 373 
1203 2422 
3280 484 
1261 2651 
1766 2642 
154 1807 
1942 1937 
2676 676 
2730 3008 
2188 3028 
1485 868 
1964 346 
1697 2838 
1228 462 
2998 255 
254 959 
628 3180 
3005 3223 
3190 3178 
934 1465 
3186 2427 
977 198 
821 710 
2945 1138 
621 1254 
3284 2961 
2326 3306 
1695 3264 
1680 3039 
2945 868 
1139 1052 
915 532 
1680 1827 
2433 518 
328 229 
775 2395 
1762 589 
2983 183 
705 2680 
2031 2783 
1519 1736 
1755 2955 
3159 761 
3285 2914 
824 2090 
1503 3309 
815 3144 
1117 389 
1687 670 
1146 3128 
3298 583 
2481 18 
1308 1475 
1173 3272 
251 1783 
973 721 
1444 1136 
162 567 
611 3183 
41 1922 
454 2858 
1052 2205 
3014 1620 
2102 1586 
1596 2566 
595 2652 
416 226 
2625 2175 
3192 2075 
2278 539 
2996 2275 
3084 2068 
2036 2223 
1937 845 
2409 3058 
2437 893 
2624 512 
3098 2468 
954 3031 
1569 3149 
2971 953 
43 1419 
1282 3077 
1742 2285 
2025 3325 
3209 3187 
778 1516 
819 2236 
2036 867 
901 1673 
1430 513 
1015 2250 
1621 629 
3248 115 
2844 2725 
3260 2195 
1715 262 
454 2684 
961 365 
2823 27 
2547 3303 
576 46 
3148 1525 
1408 3207 
1419 704 
2608 1705 
678 1687 
3003 881 
1115 2646 
2849 297 
2271 2267 
1918 1305 
1259 3207 
3323 755 
1133 512 
1245 419 
1723 1359 
438 3207 
2474 304 
3259 656 
24 1253 
2175 529 
166 2093 
255 1221 
1457 3088 
2523 513 
3134 95 
1825 2275 
2773 3038 
217 188 
187 1569 
1822 418 
1361 2781 
120 3015 
3233 2390 
1591 1826 
3163 1815 
462 1840 
3293 990 
2619 2516 
2101 725 
2195 1028 
2179 1465 
1943 2482 
3003 725 
3015 509 
1265 2883 
2498 1362 
1366 3260 
1695 477 
2820 782 
2727 953 
1248 267 
201 517 
1884 2787 
916 1033 
3280 1483 
3179 2363 
1918 420 
206 2668 
2936 1588 
2457 293 
2803 2439 
677 1886 
2608 1673 
2593 1210 
2349 1735 
194 3101 
1926 1833 
2638 1121 
3149 2349 
915 2236 
1268 108 
2819 64 
1616 699 
325 2697 
364 1872 
887 3216 
542 1616 
1463 822 
2738 1089 
2743 2232 
1885 3277 
552 2718 
1288 1279 
1642 898 
615 1747 
2656 2578 
2717 1713 
967 3146 
3251 1255 
1087 406 
233 548 
3004 1236 
2649 932 
2363 356 
1797 3328 
664 1829 
1504 2424 
1746 2257 
932 126 
1709 3324 
749 313 
2253 576 
2510 638 
2948 1050 
252 2573 
2373 1115 
1527 298 
1276 492 
699 497 
1573 2906 
1289 2279 
2723 1902 
1630 571 
743 1235 
2303 2817 
1457 1218 
214 1188 
2405 578 
2009 2171 
1694 431 
1806 1289 
3080 2828 
1778 1294 
2089 1116 
1811 2831 
2783 2585 
3204 968 
1480 3106 
2155 235 
1972 1793 
2154 342 
1859 2429 
1929 3025 
2999 1288 
883 1285 
3275 1139 
259 2707 
974 2511 
188 2503 
3248 287 
2245 2580 
2240 3179 
1363 1826 
1802 2051 
3019 2013 
2156 445 
2568 1033 
194 331 
551 2155 
2209 1911 
651 143 
1071 731 
1790 775 
915 2773 
1762 2944 
1261 1054 
1183 855 
2600 1915 
477 1104 
2330 2177 
1146 1771 
2640 508 
891 1293 
1067 803 
2391 1120 
2668 1430 
1116 788 
2345 2051 
2474 1939 
2965 2339 
1591 2397 
868 2396 
2609 2706 
1628 3186 
212 2248 
3103 2669 
2727 2264 
2194 112 
830 961 
208 2035 
3197 2423 
2893 237 
2859 2987 
2120 855 
2084 571 
2154 1547 
3050 1901 
2566 382 
1952 2327 
917 206 
200 374 
2372 436 
3106 2885 
1708 1861 
2797 465 
1784 2573 
2603 881 
2379 3237 
2948 439 
1527 3060 
2094 228 
1917 2920 
703 579 
3146 2572 
2608 1276 
2102 2262 
3042 76 
1858 3106 
1146 370 
1206 973 
356 425 
2089 2414 
337 1929 
3248 955 
1609 2845 
1839 2407 
1055 580 
2384 432 
139 2009 
1489 289 
582 50 
3129 515 
2887 2535 
1309 527 
2441 843 
434 1055 
2309 2184 
259 1844 
2946 1839 
2373 34 
2069 2639 
3257 2478 
325 1139 
2268 74 
2424 1369 
2567 628 
824 82 
2648 543 
49 79 
1591 2954 
2504 105 
1287 2837 
2899 1334 
3212 3129 
227 3076 
1802 1956 
964 1998 
2232 2564 
1802 1148 
935 221 
696 2786 
2727 1378 
2663 769 
267 1976 
2058 3183 
305 1261 
245 507 
2751 2530 
2247 2102 
860 2140 
2002 567 
1757 655 
3087 1610 
2405 744 
1693 515 
3068 1244 
401 1064 
2426 2884 
1047 2589 
2133 372 
611 1085 
921 1123 
2622 535 
2367 1757 
2169 610 
1234 3183 
1897 3123 
845 3204 
126 3282 
1820 2675 
1939 384 
465 545 
575 1433 
3259 3209 
217 145 
1786 1717 
2489 385 
518 1290 
1359 2595 
5 911 
991 3330 
1188 883 
3245 807 
2835 952 
1991 1346 
631 2166 
3227 421 
1486 1918 
797 2492 
390 71 
2884 1434 
1270 3292 
2547 2306 
2738 2352 
1495 3330 
239 2587 
1253 2906 
2654 2540 
2377 2799 
783 2213 
2386 1042 
1651 374 
1145 2549 
1550 498 
1559 16 
298 2823 
1693 2210 
2645 3222 
415 2330 
1795 2650 
1394 1079 
2694 2548 
716 2815 
1796 1915 
2962 162 
2267 1040 
2865 2361 
975 1125 
1117 2886 
2678 2796 
1689 2428 
2009 3193 
1741 466 
532 739 
3264 3224 
1213 2746 
1546 548 
2998 1127 
739 563 
676 1968 
1227 995 
2387 1336 
1514 25 
615 1929 
2575 322 
2140 707 
141 2555 
2834 1514 
2438 184 
786 2794 
2255 694 
1080 1140 
974 1495 
2386 1238 
1145 3158 
2583 1227 
1301 1288 
286 1223 
2232 1908 
551 932 
1598 168 
2903 1943 
819 680 
3287 2244 
1360 790 
523 552 
822 389 
1244 2582 
2586 1300 
2877 1523 
2666 1500 
1183 1117 
3083 18 
15 437 
786 1620 
3004 1881 
247 209 
1772 2334 
2883 71 
1523 305 
1838 2032 
935 1679 
206 1430 
3279 1530 
3246 2252 
1252 2536 
2240 3108 
2187 3313 
1198 3085 
1837 1768 
3277 2090 
3280 2657 
666 447 
3239 3159 
224 465 
706 2939 
2037 855 
915 2136 
948 1528 
1373 1737 
1713 236 
2272 1193 
2188 2102 
2648 1089 
3182 191 
2014 2304 
1202 459 
2736 3027 
135 1963 
3044 3181 
349 113 
1801 1170 
34 3245 
1326 2580 
2711 2516 
2518 379 
2747 556 
478 1079 
1305 725 
958 1111 
233 1914 
2396 782 
485 3166 
1823 728 
1553 1416 
571 2076 
1059 1046 
328 2834 
2695 3295 
947 1678 
1797 1130 
331 671 
2648 2307 
1208 2382 
1951 2673 
610 2744 
3137 2496 
1401 1728 
1360 843 
2766 1653 
2123 1850 
1141 2061 
883 352 
2088 126 
328 2512 
239 1556 
54 2173 
1517 3096 
3195 312 
2999 104 
2504 194 
418 996 
1045 1303 
2619 2455 
1192 1911 
1444 2271 
3209 161 
3117 1965 
2954 573 
1838 60 
616 2349 
50 113 
3107 857 
577 184 
2212 1081 
774 1697 
1802 2091 
3312 1757 
3001 1244 
1181 2995 
2573 2662 
2766 2098 
1258 724 
3288 3050 
1265 509 
557 789 
1677 645 
2909 1944 
2142 975 
1763 611 
915 1859 
3132 1862 
295 2233 
2846 3137 
1786 1927 
1704 3267 
2756 925 
2213 1248 
271 92 
3194 53 
2271 817 
711 2890 
295 2216 
478 1857 
983 353 
475 664 
3258 495 
1362 2622 
2927 2845 
2597 373 
819 563 
338 656 
216 3148 
3061 1477 
342 1312 
987 903 
1054 349 
304 1939 
91 2084 
1837 1414 
2492 242 
1951 7 
759 2312 
1928 2897 
3259 3187 
3143 2725 
271 2653 
2786 1855 
1696 331 
3318 419 
2812 1673 
1329 537 
2093 174 
158 306 
1348 2619 
1141 2565 
2432 610 
2423 363 
1829 2882 
1893 316 
928 249 
620 2786 
401 1349 
977 611 
2619 1351 
251 1451 
436 1459 
791 1012 
3319 996 
1076 32 
2433 2481 
234 1681 
292 2031 
263 2529 
291 3281 
1604 786 
624 3113 
2407 993 
3163 2815 
1714 2865 
2955 2023 
1538 845 
701 2480 
1446 1816 
1010 2910 
797 2240 
1381 1641 
122 2181 
957 965 
1606 133 
3135 1531 
1888 2327 
2406 1437 
1727 2300 
2711 382 
124 978 
1285 1208 
2085 447 
1846 2468 
3138 1678 
1724 3062 
1151 2524 
3208 2400 
2364 102 
2779 2071 
2539 2648 
3313 2272 
2535 2342 
805 2542 
2794 635 
1713 388 
2288 5 
3012 2994 
2684 1673 
3294 108 
1295 2406 
360 1827 
2332 1743 
1757 3321 
2147 740 
2188 1530 
434 1003 
3305 903 
694 3281 
555 860 
618 1815 
1500 2264 
2099 1714 
2776 788 
2697 979 
570 3272 
2733 815 
236 200 
744 1040 
988 1287 
1437 3061 
1374 2150 
2539 1995 
1334 1664 
2014 793 
616 518 
455 230 
2471 2342 
3101 1696 
27 636 
1253 532 
2239 2069 
2064 2405 
978 2762 
2624 1318 
2980 3209 
13 208 
2948 2489 
208 2403 
2124 1172 
1345 459 
1428 1495 
1923 1998 
1647 3203 
292 105 
2751 3237 
838 3175 
1743 2861 
1861 1287 
888 2786 
43 1065 
1181 3012 
2706 3257 
762 2240 
2265 2093 
2866 984 
999 1159 
2522 1783 
139 2295 
2295 19 
663 1118 
2570 1945 
2783 1328 
2443 2315 
1784 870 
3222 2696 
5 1913 
493 1768 
3245 2333 
159 143 
1544 1699 
79 371 
1756 1404 
1089 1450 
801 970 
1109 249 
385 2258 
2723 1633 
1913 433 
826 2753 
2916 3061 
577 735 
227 1857 
3244 1091 
1152 3321 
98 1948 
11 738 
295 1453 
2262 7 
3331 1682 
969 2945 
1392 389 
3272 911 
2338 2138 
2122 1125 
2159 2893 
1406 913 
2855 1360 
1918 3282 
1746 594 
2970 1143 
898 1146 
3068 2428 
430 669 
2021 1721 
543 923 
710 950 
1710 1068 
2279 1260 
534 2795 
2233 2498 
3186 2471 
1287 673 
1823 894 
2696 2164 
1793 2725 
432 3042 
1515 1584 
1292 2352 
223 2927 
2489 1084 
955 806 
2426 2586 
1130 1244 
1193 1503 
472 981 
1559 3170 
2321 1245 
1064 310 
1167 3114 
2962 1330 
3148 405 
408 1883 
497 2330 
2609 1829 
3197 2843 
601 3280 
2069 2021 
1099 2504 
3293 1011 
2441 21 
1619 2280 
836 1385 
2814 2882 
1453 2766 
1379 1878 
2041 1517 
628 1815 
2420 1837 
1778 2193 
1954 808 
196 1918 
3227 2182 
167 3098 
44 645 
18 1735 
606 2941 
2997 2806 
1305 2419 
968 133 
1929 1747 
29 3225 
2945 712 
2912 809 
22 1161 
3259 973 
3272 2616 
464 1087 
1638 1133 
1094 3143 
1877 2772 
2659 3176 
855 612 
2665 3098 
236 589 
2463 773 
3193 2309 
2218 2164 
1091 1888 
2997 2304 
2466 1225 
1902 406 
3004 1891 
301 214 
2817 1182 
2775 792 
3134 1629 
983 1454 
1899 481 
135 3317 
1293 415 
3298 3046 
2914 1619 
636 187 
3229 957 
327 3156 
2608 638 
3077 3101 
2550 1424 
3215 1166 
945 1606 
213 2701 
2941 2068 
792 38 
2651 1638 
1498 1384 
2548 1284 
1217 2017 
1886 217 
1811 2755 
253 298 
1342 576 
1114 3278 
478 1395 
2593 700 
2673 2059 
2431 108 
3137 2343 
3207 752 
2307 1089 
1798 2108 
2358 316 
557 2178 
389 2120 
808 1504 
1367 2035 
1605 2134 
501 2358 
707 1721 
2361 827 
2844 3138 
2154 2989 
1412 1343 
545 758 
2733 860 
2365 66 
1386 1185 
2696 1271 
3107 1862 
1050 1102 
2359 222 
2782 2967 
911 2503 
1704 1080 
3152 3026 
697 2932 
2091 1568 
1801 3241 
2682 2985 
1022 959 
119 1018 
624 1780 
262 3003 
1289 799 
968 1513 
2770 607 
669 1251 
360 923 
793 761 
269 946 
364 2405 
2842 991 
2300 2729 
1236 1105 
83 712 
833 442 
2512 1270 
1954 3106 
2113 2292 
2120 1692 
2068 104 
2051 507 
1699 728 
2342 1920 
1786 2416 
1081 3008 
1079 373 
3150 2060 
2402 1771 
305 544 
844 2387 
1699 1311 
2828 3098 
2752 226 
48 2768 
3320 1584 
3283 403 
329 113 
883 839 
59 1797 
992 2853 
1382 2037 
3265 1382 
2745 2414 
2188 2700 
985 1881 
762 3298 
2603 86 
1311 3039 
1704 3023 
3321 92 
224 525 
1563 3179 
2784 827 
2821 2179 
1774 1096 
1423 2386 
2598 1188 
1645 3255 
178 1731 
1953 2217 
2048 2749 
409 3028 
178 2855 
654 243 
189 2856 
2473 1628 
2710 1483 
2680 2152 
19 1923 
1492 2735 
3045 1416 
707 580 
233 2457 
2489 2278 
2225 2995 
3224 600 
1589 2268 
3323 2406 
2247 2569 
1860 1813 
1415 2869 
2090 2427 
2777 1531 
3224 1802 
2812 1740 
950 3059 
2656 1121 
171 3005 
1906 1290 
2869 1984 
2843 2233 
1972 1677 
1573 3315 
2488 391 
1687 3016 
2341 2865 
2002 688 
532 680 
2849 2450 
3100 2856 
2147 2522 
3025 1595 
2365 213 
782 868 
2056 2405 
132 1082 
2097 2996 
43 421 
560 3146 
3260 1177 
850 223 
621 2478 
2947 1454 
2768 1329 
2720 2755 
70 831 
591 576 
3310 32 
2491 2024 
1252 1300 
2394 981 
638 1673 
1295 1109 
390 2883 
680 2011 
172 935 
1475 3213 
395 2422 
2625 372 
1090 1645 
2821 2088 
2699 836 
91 571 
870 344 
1914 1682 
1743 419 
3207 3155 
928 1657 
3176 1130 
729 1946 
1081 1110 
233 236 
1027 391 
3199 608 
2233 211 
1342 167 
3023 1167 
2339 512 
2393 1760 
104 2381 
1913 3313 
2719 3319 
1318 1066 
680 846 
2190 2472 
846 1082 
2116 30 
27 621 
881 2245 
2334 945 
3196 298 
3058 900 
1029 932 
2885 472 
1538 1937 
61 3281 
1294 3168 
1790 1871 
2159 274 
3088 200 
1575 1993 
2224 1526 
1327 3195 
1680 2264 
592 881 
370 2735 
608 2285 
640 625 
3034 2498 
2524 769 
2725 3309 
2310 1701 
3055 2309 
2416 1717 
1748 3198 
2113 2940 
880 2393 
2010 2955 
1527 2585 
1518 299 
2753 1270 
589 2863 
548 1232 
3031 2493 
2582 964 
3255 2516 
1189 433 
1523 50 
1444 1123 
1298 98 
3306 3186 
2468 2550 
2747 549 
2173 2014 
1102 724 
2447 2989 
2407 3025 
1874 671 
2545 642 
1232 3273 
1042 3092 
481 2106 
250 1408 
2434 221 
415 803 
1515 2151 
219 98 
3236 70 
2883 809 
2838 776 
3169 2788 
549 462 
3055 1295 
1217 2251 
1972 2400 
3088 268 
3264 1802 
1820 2769 
991 1115 
594 797 
475 2882 
1208 2002 
715 1292 
108 1270 
2625 1894 
333 2546 
3155 1991 
995 2994 
759 619 
2758 3024 
1724 3278 
1941 2901 
1737 2801 
1341 2974 
956 2962 
836 2573 
71 2681 
2636 2310 
2385 792 
2138 921 
2052 1008 
1328 1874 
2398 1352 
3323 1437 
2447 1723 
2104 2628 
197 2454 
1963 2625 
3185 1313 
759 2803 
2969 1701 
1379 2012 
1064 2722 
1503 3313 
2716 667 
2764 91 
916 1230 
47 1182 
871 77 
3303 1067 
1859 186 
440 1181 
629 670 
2249 1362 
2837 991 
2572 2794 
3212 1558 
1301 1558 
2802 1330 
1468 1785 
2048 143 
1227 3236 
859 1999 
1394 2820 
3203 2659 
3044 1262 
356 826 
430 915 
1949 2649 
2933 2786 
1120 1939 
678 2810 
434 441 
1366 1833 
1441 1236 
2773 1063 
3107 1107 
2424 1014 
492 1680 
2132 1569 
154 2430 
1285 1367 
1468 408 
2375 732 
1455 2860 
838 434 
2720 2857 
2609 2125 
2493 2965 
316 2704 
215 606 
1128 451 
263 3164 
1626 630 
41 2970 
1046 1852 
2553 1063 
983 2610 
186 1 
762 108 
2636 848 
156 988 
1856 158 
670 2034 
922 2828 
422 237 
1888 122 
2177 699 
2865 216 
2192 1489 
2014 3239 
930 3184 
1046 2663 
405 3053 
573 2907 
433 3143 
2924 37 
2523 2093 
892 2706 
852 2393 
2905 2539 
1531 1621 
2659 1244 
3068 1130 
2177 3312 
2101 1918 
562 2890 
197 2548 
2884 3149 
1483 3046 
2059 3028 
338 997 
389 181 
3148 2387 
947 433 
1265 2175 
1046 1303 
2530 223 
2525 833 
1865 848 
2620 1094 
1577 833 
1138 79 
2542 1808 
2225 1202 
1213 1138 
676 230 
1595 1929 
133 2628 
612 1316 
2701 2469 
1854 1910 
752 2036 
1846 1394 
372 1265 
3051 620 
3114 1046 
618 2050 
1378 492 
3182 376 
2372 1087 
1170 432 
85 611 
3208 337 
417 963 
3225 584 
1375 2985 
230 1968 
2140 2733 
2442 1400 
563 333 
1705 346 
607 2457 
51 2296 
1647 2659 
3137 1289 
212 1657 
1942 1487 
325 1636 
361 1487 
25 686 
3297 2331 
2829 2413 
115 287 
3131 13 
372 2681 
1463 181 
2591 1735 
2481 3316 
2315 1287 
500 1380 
655 691 
2835 1339 
2595 286 
1248 1861 
203 1198 
2867 1555 
2205 3171 
1491 1525 
1477 347 
2905 1450 
625 523 
3123 1921 
2410 1994 
2710 2807 
581 1141 
752 3155 
1271 898 
288 839 
2490 1465 
2155 2649 
2932 384 
3076 621 
1704 1219 
655 2270 
1012 1672 
2160 1223 
2982 901 
886 1398 
1096 3233 
1401 2360 
66 2817 
2802 1516 
3180 1269 
611 2472 
496 53 
30 3241 
436 3107 
1415 2076 
2098 1795 
1615 1446 
675 2578 
2312 1343 
763 1042 
171 2717 
2237 1812 
509 2175 
2548 1963 
1130 3082 
1423 3092 
624 2721 
3114 3267 
3233 1975 
2892 848 
1360 16 
2132 2536 
705 2699 
513 1550 
995 2147 
3229 1078 
2916 2757 
2464 3012 
1858 2228 
928 1109 
143 110 
2898 2529 
1795 1962 
2223 1253 
749 1009 
440 2107 
1554 3252 
3248 1143 
1184 826 
990 3064 
363 2618 
901 1069 
1115 2829 
2568 567 
1127 1431 
3156 3083 
2638 436 
2327 2144 
2650 411 
3100 2792 
1014 2228 
2570 2779 
2876 1783 
384 1549 
2959 2559 
120 2548 
25 1028 
26 2980 
3055 462 
1525 3216 
697 1903 
2721 3050 
2975 2010 
944 3084 
1959 1096 
3038 1695 
2493 1498 
2983 242 
1424 481 
1145 642 
549 168 
725 126 
710 110 
3134 1957 
782 228 
2004 1166 
1962 123 
3214 666 
2930 1773 
815 738 
1530 418 
595 1122 
2334 2909 
2639 1601 
506 2454 
2931 2750 
3012 2487 
807 13 
1165 3276 
2863 1743 
906 1313 
740 1181 
2869 2323 
1739 1298 
1519 1604 
1720 249 
2597 2945 
3170 85 
1295 3028 
1755 1527 
1747 1189 
2454 116 
184 1143 
2879 998 
3095 564 
362 1302 
2315 974 
2429 563 
776 1385 
1166 1173 
2372 2776 
3112 3304 
910 378 
808 2549 
2878 1441 
963 1945 
2636 1865 
593 2857 
1029 1723 
64 2265 
114 1729 
1063 3038 
3172 82 
143 710 
126 2101 
150 1760 
2447 2404 
978 2246 
1902 1631 
148 2304 
3225 704 
3057 2334 
949 1565 
2127 571 
2216 211 
1796 1588 
1874 2010 
2603 3097 
512 1066 
2032 2672 
2177 542 
3223 2392 
1416 318 
675 698 
872 1853 
2995 1589 
1101 2536 
2860 2787 
751 1405 
1975 3330 
2419 1702 
3055 2913 
1569 658 
2801 265 
1731 905 
3183 977 
2218 1659 
1697 1280 
1786 709 
191 1937 
2245 1565 
961 663 
50 2174 
3257 481 
1783 1345 
1751 2975 
2107 2537 
1254 2975 
3213 3280 
2441 2934 
2053 606 
1065 3178 
475 2106 
3257 664 
2946 2401 
3291 2793 
1451 2326 
1595 2401 
1282 266 
1268 2431 
2140 815 
2700 1720 
1714 405 
1860 2050 
252 2313 
2048 2880 
2107 1922 
2893 531 
792 237 
1094 2362 
3312 2367 
1762 975 
1601 946 
2173 1709 
1159 1882 
3143 2362 
365 818 
3198 2007 
2317 3045 
40 2595 
2251 848 
2717 1762 
2504 2591 
2994 1764 
1675 386 
589 1750 
128 1120 
726 431 
2490 86 
2334 903 
3042 3015 
2837 2315 
2470 1060 
2247 1594 
1234 2472 
1975 807 
621 227 
540 116 
1846 1857 
971 117 
2654 559 
267 1708 
904 1416 
1504 2549 
1705 2135 
1883 2792 
2999 2210 
950 420 
1208 2751 
3155 3051 
446 690 
2722 1525 
42 1020 
117 2075 
1946 2312 
2451 2585 
1437 3203 
1985 926 
1609 2035 
3104 2637 
2585 105 
2961 1692 
642 808 
1271 2218 
1682 274 
1818 2817 
2497 1630 
1055 269 
2684 346 
2851 2360 
560 1374 
1899 912 
2898 1737 
3074 277 
391 1069 
1342 481 
1084 1329 
1279 2310 
3031 1127 
799 1709 
1412 161 
3117 1087 
3209 2057 
110 821 
2313 1386 
655 4 
1868 3257 
2252 2989 
1029 881 
947 217 
706 751 
1918 2505 
3203 59 
2393 2209 
1302 3208 
1888 2967 
2933 277 
1691 1513 
1040 2586 
1511 2349 
2069 2140 
3264 1877 
2619 1881 
2054 913 
2007 1697 
652 2710 
3143 1972 
566 993 
556 755 
2222 340 
1715 2989 
2585 2955 
2156 1336 
1485 79 
376 3204 
351 1330 
999 3180 
3304 1089 
2729 140 
884 1038 
3307 1387 
803 2667 
1906 2692 
2815 2996 
856 2618 
579 2588 
492 1699 
2947 1059 
2844 1972 
1818 2551 
51 823 
1582 3187 
838 2755 
3168 800 
3163 1605 
495 1615 
1770 1183 
2090 2523 
1959 1428 
1773 3306 
1260 2173 
2600 3246 
1901 645 
3144 536 
767 2803 
306 2559 
1065 1649 
1690 1837 
2638 3107 
552 208 
1221 1092 
3303 1313 
687 1619 
2719 2569 
1129 2587 
3248 2522 
2471 824 
957 40 
534 2191 
1308 1483 
1906 3164 
3295 3273 
303 1096 
2272 2940 
2749 3017 
1416 516 
1189 2620 
106 3259 
2287 365 
1893 1662 
2722 1255 
294 1823 
1114 1182 
1749 3178 
3260 2165 
1283 946 
2455 1258 
1359 610 
3022 2480 
2860 2987 
186 1327 
206 2930 
2545 2549 
3057 2215 
1966 654 
3176 3203 
2882 1738 
2225 2716 
2438 2225 
376 2513 
1153 53 
3152 1301 
1342 2106 
1345 3310 
2844 2100 
1800 239 
1868 2358 
2154 2364 
1785 2290 
2061 803 
274 2796 
3205 2597 
1704 1852 
3179 2710 
1436 629 
237 2678 
1644 1125 
408 21 
2812 2352 
3208 1747 
2748 2820 
2731 1142 
2994 424 
658 744 
1279 2676 
3316 2425 
2262 1822 
884 670 
1556 2846 
2503 514 
844 2722 
3063 238 
1661 3063 
1566 238 
1661 1686 
1017 1566 
1469 1686 
2221 1017 
1196 1469 
2221 2949 
1196 3011 
2949 1611 
3011 348 
1611 2092 
348 553 
57 2092 
553 2976 
57 565 
2976 3040 
565 3007 
3040 2378 
3007 1997 
2378 460 
550 1997 
460 1135 
1744 550 
2214 1135 
1744 1665 
2214 2785 
1665 1876 
2282 2785 
2153 1876 
2282 2500 
1272 2153 
1053 2500 
2235 1272 
668 1053 
67 2235 
668 1306 
2022 67 
574 1306 
2121 2022 
574 3249 
1432 2121 
3249 280 
2677 1432 
280 1155 
2677 1819 
479 1155 
39 1819 
479 2900 
1933 39 
2900 2643 
1933 877 
2452 2643 
1365 877 
1201 2452 
1365 2047 
1201 1841 
2047 2324 
764 1841 
2324 317 
2798 764 
317 1204 
1429 2798 
435 1204 
1429 2630 
435 3124 
2180 2630 
3124 1016 
1603 2180 
450 1016 
2538 1603 
1207 450 
84 2538 
1207 2027 
2754 84 
2027 1791 
2754 483 
1791 810 
426 483 
810 511 
426 657 
938 511 
657 1448 
938 1671 
1561 1448 
598 1671 
341 1561 
598 205 
341 1700 
205 240 
1700 2483 
240 397 
2483 875 
397 2774 
207 875 
2774 989 
2808 207 
989 429 
2808 2065 
429 193 
2065 87 
745 193 
524 87 
745 897 
343 524 
897 1021 
3266 343 
1021 2477 
3266 1545 
2477 138 
2732 1545 
1974 138 
164 2732 
1832 1974 
3071 164 
1832 3231 
3071 3296 
919 3231 
3296 1467 
919 644 
1467 1407 
1759 644 
1407 1769 
1397 1759 
1769 2458 
1397 2499 
2822 2458 
3151 2499 
2822 10 
3151 1445 
10 3238 
1445 722 
1887 3238 
722 2336 
1805 1887 
1098 2336 
3286 1805 
1098 155 
427 3286 
155 1572 
541 427 
1572 1032 
541 2486 
1032 936 
2486 1978 
936 2242 
1978 2130 
1512 2242 
2130 2446 
1776 1512 
812 2446 
2521 1776 
2978 812 
2521 2988 
1247 2978 
2988 1226 
1113 1247 
1226 3093 
723 1113 
3093 65 
723 2990 
1789 65 
1464 2990 
320 1789 
1464 2531 
320 2117 
2531 1482 
994 2117 
3111 1482 
994 486 
204 3111 
2709 486 
204 2888 
1607 2709 
470 2888 
1607 3105 
470 2229 
713 3105 
2197 2229 
1449 713 
2197 2602 
2162 1449 
2602 1321 
1585 2162 
1321 1646 
1376 1585 
1286 1646 
708 1376 
2208 1286 
452 708 
2208 1900 
452 3030 
1900 2199 
2981 3030 
1062 2199 
2981 2840 
1062 375 
2046 2840 
375 2118 
2046 2599 
399 2118 
2599 3271 
399 2370 
3271 2494 
2370 3073 
2494 1399 
3073 1176 
1157 1399 
2928 1176 
1157 179 
614 2928 
179 2444 
1663 614 
681 2444 
3069 1663 
1725 681 
3069 1034 
2299 1725 
199 1034 
1650 2299 
199 1106 
1650 2864 
1106 2594 
2864 1281 
2594 131 
3188 1281 
890 131 
3188 2951 
1150 890 
487 2951 
1497 1150 
487 2641 
1497 1612 
2641 1867 
1612 1435 
127 1867 
2383 1435 
2590 127 
538 2383 
2590 766 
3160 538 
829 766 
597 3160 
829 2067 
840 597 
3035 2067 
1425 840 
300 3035 
1425 2558 
2357 300 
2220 2558 
2357 180 
414 2220 
2836 180 
2055 414 
2340 2836 
2742 2055 
2340 2870 
2742 3145 
2870 1314 
3145 1171 
1314 1160 
264 1171 
1160 1988 
1634 264 
2201 1988 
1961 1634 
2201 730 
1961 1501 
730 1137 
3122 1501 
1231 1137 
367 3122 
1231 1347 
367 404 
1347 1215 
795 404 
1792 1215 
795 2714 
326 1792 
2714 1836 
276 326 
2647 1836 
276 1418 
1562 2647 
256 1418 
1562 568 
256 1706 
2984 568 
1277 1706 
1026 2984 
258 1277 
1026 1814 
258 3118 
1533 1814 
3118 2514 
1533 1377 
1335 2514 
1377 144 
1510 1335 
1552 144 
1197 1510 
2827 1552 
1197 3326 
81 2827 
3326 641 
1493 81 
1971 641 
1493 3217 
1971 1707 
335 3217 
1707 2495 
2563 335 
1095 2495 
1004 2563 
1095 1044 
1004 2826 
1044 2119 
2826 3078 
2119 2592 
3078 1667 
2592 2328 
1242 1667 
2328 3130 
1242 1317 
100 3130 
1317 1622 
1393 100 
1274 1622 
1393 2105 
2449 1274 
2105 3033 
2449 547 
3033 649 
547 3211 
649 2606 
3211 2765 
2661 2606 
1390 2765 
1532 2661 
1191 1390 
1599 1532 
1191 2872 
1599 307 
2872 2062 
3054 307 
3308 2062 
3054 3090 
3308 366 
125 3090 
554 366 
125 1907 
1810 554 
813 1907 
1810 2724 
813 1426 
2724 719 
1426 2186 
643 719 
1149 2186 
643 2937 
2607 1149 
2937 2658 
3235 2607 
3125 2658 
2234 3235 
3125 1567 
931 2234 
1551 1567 
931 2632 
2929 1551 
2632 3119 
175 2929 
1821 3119 
175 1413 
1821 3226 
927 1413 
3226 45 
2448 927 
45 153 
3301 2448 
1803 153 
3301 2476 
1803 2445 
907 2476 
2445 3021 
907 2850 
951 3021 
2925 2850 
951 753 
2925 3289 
2226 753 
757 3289 
1037 2226 
157 757 
1037 3243 
157 2344 
3243 2507 
2344 3048 
1093 2507 
3048 2519 
1267 1093 
357 2519 
1267 1364 
2103 357 
2095 1364 
2103 1506 
2095 733 
1007 1506 
733 241 
1180 1007 
241 682 
683 1180 
1683 682 
1970 683 
3041 1683 
734 1970 
3041 854 
2977 734 
854 1590 
402 2977 
2685 1590 
1442 402 
2685 3201 
3065 1442 
2605 3201 
1187 3065 
2605 1212 
2670 1187 
469 1212 
2670 2354 
1077 469 
2354 1817 
1077 1521 
2780 1817 
1521 2515 
772 2780 
2515 2712 
772 2096 
1144 2712 
2096 1473 
2291 1144 
1640 1473 
1936 2291 
1640 521 
2411 1936 
521 2281 
1396 2411 
2281 1019 
1396 1712 
23 1019 
1712 2968 
2145 23 
2146 2968 
2083 2145 
1333 2146 
1439 2083 
613 1333 
1439 35 
613 33 
35 1229 
2664 33 
1229 1190 
851 2664 
1190 1564 
851 2337 
1564 1154 
2655 2337 
1154 330 
2904 2655 
330 779 
1056 2904 
2841 779 
1056 3230 
2841 3056 
2202 3230 
3056 1655 
835 2202 
165 1655 
835 1216 
165 2079 
2087 1216 
55 2079 
355 2087 
55 3147 
717 355 
3147 1410 
717 505 
1410 1960 
1058 505 
1960 2715 
1058 966 
2584 2715 
966 3089 
2584 324 
412 3089 
1614 324 
1158 412 
1925 1614 
1494 1158 
1925 28 
1597 1494 
3094 28 
3177 1597 
3094 1124 
3177 2311 
3302 1124 
2311 960 
1804 3302 
2139 960 
2926 1804 
2139 1658 
2926 1490 
1658 602 
1472 1490 
828 602 
1472 940 
828 1570 
1524 940 
2467 1570 
176 1524 
1278 2467 
176 503 
1001 1278 
2868 503 
3126 1001 
2038 2868 
3126 522 
2038 3167 
1383 522 
3167 837 
1383 3161 
837 2029 
3161 3269 
1617 2029 
1969 3269 
1617 2760 
648 1969 
2028 2760 
586 648 
646 2028 
586 768 
1233 646 
768 1788 
784 1233 
1898 1788 
2141 784 
1898 3029 
623 2141 
873 3029 
623 2484 
2991 873 
2484 3314 
2991 1470 
1782 3314 
381 1470 
1782 2560 
381 2254 
2560 929 
2254 962 
1194 929 
962 1880 
1194 68 
1880 2388 
68 1211 
2388 1576 
2596 1211 
2322 1576 
2596 129 
2219 2322 
129 1541 
2763 2219 
1541 1481 
1307 2763 
1481 1368 
895 1307 
2958 1368 
634 895 
1471 2958 
2256 634 
1471 2040 
2256 3102 
1602 2040 
1243 3102 
1904 1602 
1243 3200 
1904 896 
3081 3200 
52 896 
3081 672 
52 1502 
2366 672 
260 1502 
2366 394 
260 1916 
14 394 
1916 2966 
754 14 
2966 2355 
754 3228 
1752 2355 
3228 3220 
659 1752 
2581 3220 
659 323 
1447 2581 
2114 323 
1488 1447 
2114 9 
1488 2301 
396 9 
2301 2528 
1543 396 
2528 2302 
1543 443 
2302 2972 
693 443 
1637 2972 
93 693 
2896 1637 
93 1777 
3067 2896 
1777 2380 
599 3067 
2943 2380 
2705 599 
2943 2534 
1350 2705 
874 2534 
1350 1847 
284 874 
1275 1847 
284 1574 
1275 1291 
1574 2436 
1291 718 
2436 491 
718 2804 
2854 491 
2804 1264 
461 2854 
1264 345 
3032 461 
980 345 
3032 3274 
980 943 
2435 3274 
943 1344 
36 2435 
1344 2956 
1358 36 
2956 2 
2635 1358 
2 377 
1237 2635 
314 377 
1930 1237 
585 314 
1930 3079 
2325 585 
3079 1608 
1372 2325 
1535 1608 
2689 1372 
1535 2889 
2689 1632 
2889 2161 
2318 1632 
1119 2161 
3072 2318 
1119 2078 
3072 3142 
2562 2078 
2294 3142 
3009 2562 
3299 2294 
2824 3009 
3139 3299 
2824 861 
2077 3139 
1169 861 
1536 2077 
587 1169 
2000 1536 
107 587 
2000 869 
107 2526 
869 942 
1132 2526 
1043 942 
1132 2070 
1043 2231 
2070 3109 
2809 2231 
2350 3109 
1652 2809 
2350 1389 
3043 1652 
1389 814 
3043 1224 
814 3120 
1322 1224 
1955 3120 
1322 393 
1057 1955 
393 2227 
2158 1057 
2128 2227 
1075 2158 
2412 2128 
2767 1075 
2412 1049 
1583 2767 
1049 220 
1583 1580 
220 3232 
1131 1580 
285 3232 
1163 1131 
285 332 
1578 1163 
2688 332 
2574 1578 
2688 319 
533 2574 
319 1508 
976 533 
1508 1979 
976 2298 
3049 1979 
1753 2298 
3049 811 
1753 741 
811 1239 
1548 741 
1239 1656 
2260 1548 
1656 2601 
2260 605 
2601 798 
756 605 
798 2891 
756 137 
2891 2348 
137 2728 
770 2348 
2728 889 
1186 770 
530 889 
232 1186 
1745 530 
1030 232 
1745 2921 
1030 2485 
2921 1940 
480 2485 
1940 1754 
407 480 
182 1754 
195 407 
182 308 
865 195 
308 737 
865 2026 
6 737 
2026 2509 
6 1002 
2938 2509 
1623 1002 
1529 2938 
1623 1304 
1257 1529 
1304 142 
1257 336 
142 1848 
1340 336 
3256 1848 
482 1340 
3256 747 
2399 482 
747 2790 
2399 473 
2790 2261 
2440 473 
2789 2261 
2440 3157 
2789 3221 
471 3157 
3221 2533 
3250 471 
1889 2533 
3329 3250 
2741 1889 
876 3329 
2741 2421 
190 876 
665 2421 
1476 190 
2475 665 
1476 2871 
2475 2623 
2871 1924 
519 2623 
1924 2045 
1977 519 
2044 2045 
1977 2019 
2044 3121 
1896 2019 
1676 3121 
3052 1896 
3300 1676 
3052 2230 
3300 69 
2369 2230 
80 69 
1083 2369 
80 1982 
185 1083 
2415 1982 
1781 185 
1409 2415 
1484 1781 
3173 1409 
453 1484 
380 3173 
453 674 
2825 380 
1452 674 
2825 2131 
428 1452 
2131 2621 
428 449 
1698 2621 
3006 449 
2690 1698 
1834 3006 
2690 727 
1834 832 
604 727 
914 832 
63 604 
302 914 
63 1716 
302 2283 
3327 1716 
2283 163 
3327 468 
163 1870 
2679 468 
359 1870 
2679 1354 
653 359 
3002 1354 
653 1842 
3010 3002 
1842 748 
282 3010 
748 1496 
1600 282 
1684 1496 
2241 1600 
2238 1684 
2241 1722 
2238 1539 
1722 899 
1539 1356 
210 899 
1356 746 
457 210 
746 2917 
423 457 
1297 2917 
423 278 
1297 75 
520 278 
1989 75 
3311 520 
1983 1989 
3311 2374 
1983 572 
2374 2001 
572 1048 
2001 2979 
1048 488 
2979 2703 
2211 488 
2703 1761 
2211 2660 
1761 3013 
796 2660 
3013 685 
796 2615 
685 3140 
2615 1765 
3140 1041 
2875 1765 
1371 1041 
1592 2875 
3247 1371 
1592 1438 
1147 3247 
248 1438 
1147 1323 
2993 248 
1323 1458 
2243 2993 
2297 1458 
2541 2243 
1403 2297 
2148 2541 
1403 692 
3110 2148 
692 1863 
1560 3110 
1863 866 
2286 1560 
866 2617 
2286 383 
3141 2617 
383 2973 
3141 609 
202 2973 
3047 609 
820 202 
1719 3047 
820 1478 
2074 1719 
1126 1478 
777 2074 
1175 1126 
2953 777 
130 1175 
3206 2953 
1540 130 
3206 2708 
1540 2881 
12 2708 
2881 94 
12 1668 
94 1579 
1668 1581 
151 1579 
1581 72 
151 1990 
72 1835 
1775 1990 
1835 2791 
1775 2320 
3116 2791 
2320 2408 
2740 3116 
90 2408 
2740 413 
2149 90 
1315 413 
1935 2149 
1315 350 
1935 637 
350 1299 
637 1035 
1299 2935 
2276 1035 
1890 2935 
2527 2276 
1890 2614 
2527 1039 
2759 2614 
1039 62 
1474 2759 
62 1013 
2005 1474 
1013 2613 
1643 2005 
1100 2613 
2110 1643 
1100 1086 
3242 2110 
1086 273 
588 3242 
1205 273 
146 588 
1205 410 
146 2126 
410 134 
1023 2126 
3322 134 
1023 2196 
736 3322 
2874 2196 
736 17 
1648 2874 
1875 17 
1685 1648 
2109 1875 
1443 1685 
1325 2109 
3332 1325 
1443 3332 
5756 9372 523 1040 2117 7141 7442 9345 3672 3628 7945 6429 9784 3316 8444 4823 4476 527 9884 2335 3089 727 4194 9894 9295 703 689 9669 7958 9754 4435 5421 4602 9537 8913 8265 6320 1648 6325 891 3559 5413 7394 6808 3814 7562 1085 9719 3256 1370 4473 9052 8751 7344 9183 5045 168 5836 9262 568 5882 9239 9085 8215 6310 2312 9041 3954 3525 70 4001 6753 2184 9975 1300 895 901 6606 5154 2138 348 9436 1750 2056 751 8311 536 8478 190 3417 8260 924 7005 7153 1631 4993 7380 385 1995 3528 5274 8963 1319 8764 4926 4182 3125 6106 9936 8604 3480 1944 7456 4477 9810 9629 431 6207 7894 1614 4403 3698 5920 5737 3460 1733 9990 3383 2127 1260 9291 3076 2685 7367 519 9057 8495 5527 7504 6877 7418 1946 6161 6443 6505 1139 6614 1250 9970 7074 867 7040 5405 6091 7340 575 1030 1580 5029 1431 3396 48 5217 2013 322 5630 1694 1441 8639 5265 4771 4142 6145 9651 1760 808 9053 3854 7687 4896 9628 7940 1371 6621 5484 5330 7887 8838 9363 2652 3132 5274 6483 2921 439 8374 2325 9581 434 6149 2228 3704 9054 2604 5612 3785 6065 4457 3110 206 5290 5151 4304 4557 333 599 4902 4468 4487 751 1553 1490 3601 1428 821 9329 3894 9794 586 713 9438 9942 7784 7189 7959 6233 5429 17 6241 2174 6363 7557 4431 8138 1254 6058 5680 5681 8643 6112 4913 1568 8456 7379 7945 6389 1317 4829 5059 3988 4147 174 33 8066 6774 3390 7946 613 8040 6295 6418 4783 3709 5117 1988 2221 8648 4165 4304 2664 1184 8823 7625 8935 9424 39 7037 4542 4740 1946 3154 2195 3898 9106 3700 7566 1779 4218 9849 2622 3472 3537 9036 6905 8036 7754 512 3905 4293 2531 766 8243 2905 2959 8499 7016 352 6649 6764 4950 5583 2259 4101 9774 3469 2424 6448 1317 1788 2649 9686 3403 6346 6704 4595 9842 6359 475 7169 7999 4058 4930 3205 951 6674 5943 5974 5421 9349 9318 1576 1294 4479 1832 711 1029 6989 5653 6593 9192 3760 3660 465 5816 8641 4821 9793 9440 9241 6777 56 1629 7654 6367 887 6328 2672 7305 184 859 4796 2357 7781 5240 416 2060 117 3296 734 3474 3511 4658 9028 9608 6745 8189 9283 1555 8611 9339 5570 5727 3878 4638 6778 9594 1964 3371 8560 4270 5642 3637 7497 8758 5535 7330 3226 7866 6675 7547 5159 1745 1125 2747 9343 9145 5698 8836 8508 7020 5575 6649 7970 1469 1775 8271 6195 4421 820 1372 6531 8628 302 9192 7106 7883 7190 2378 9759 5220 375 8091 82 3493 7980 8863 2051 7622 9950 8860 2948 3093 7097 8967 2867 2618 7907 6534 7845 3155 9293 5560 5191 7875 3564 6867 5377 326 776 6573 1094 6961 3246 2445 8351 4203 1110 5373 4348 4574 2040 1492 884 213 4000 3439 9057 419 6054 9348 4318 26 3346 16 5459 7780 5771 2534 1005 5800 3291 8329 3324 2891 499 1605 7071 2781 7492 5747 7589 1851 4274 116 952 1161 7564 4410 1052 448 3644 4069 6536 4533 2529 43 6368 7417 2739 2517 8675 2409 9057 1103 4707 8869 1923 1020 907 9041 4879 4282 1638 6149 1052 878 9194 608 3853 3968 3703 3075 1146 620 6210 9925 5183 1463 1905 6200 7014 6812 502 5068 3757 6275 278 5724 2284 1521 3401 3099 7966 9413 6065 198 684 3941 2422 6988 3680 2841 6555 5991 9916 5554 9745 363 8192 7977 1522 9478 2964 6742 8334 4940 7918 3357 1619 4284 7371 4143 264 7716 417 4153 4660 3894 5576 4363 8822 3008 3245 5725 3252 1757 3355 2474 4301 1228 8025 3769 9697 1657 7909 8996 3921 9494 7675 6866 1817 2988 9208 4901 3281 2592 266 7534 9949 1418 9560 533 322 4752 2202 1372 702 8668 2203 1928 1220 3524 6242 9016 3870 8010 103 3767 3799 9903 9364 9483 3766 1773 6418 2874 6431 7152 6778 8760 9715 8370 2007 8788 2795 9219 4845 3762 9109 7876 3713 7561 5988 2979 4134 206 2445 8349 9622 3943 4583 8939 2151 9807 6326 5523 8286 6548 1744 5414 925 6147 3750 3389 1756 4650 7567 4390 8327 2303 5025 1734 4507 7036 8219 873 1334 4983 5329 278 6335 6334 720 5882 4455 4377 6369 7628 9021 6235 4390 9385 1691 9918 2397 6598 1172 20 3156 1139 3790 7515 4648 2324 4731 9767 9434 4721 6476 5222 9586 7938 8704 3957 7276 8829 7847 1086 2489 8219 5153 731 6050 2919 5902 9265 8430 7877 3439 9029 1091 7932 8199 9898 7948 8132 6392 2128 9146 1894 1118 7991 9114 4844 8720 8535 7492 1385 8965 3327 6802 3838 9815 7205 3176 8142 5165 6484 7204 9937 2630 2137 9199 3930 6782 7288 8124 9470 8610 3601 8365 7839 3657 8402 4857 6628 7224 1750 1996 5399 1474 6080 2488 5772 1305 2381 8902 1302 7037 3965 6054 17 16 9980 55 571 454 8522 888 8434 7810 2157 8415 6512 7499 5941 4749 7456 4832 9745 8267 6536 5541 9192 6143 2573 2315 9782 2431 5868 9618 192 356 2530 1433 3110 8223 1759 5069 7877 3540 9982 1610 5425 3447 3370 8004 3464 8824 6849 216 5400 6688 9565 7740 9785 4765 8797 3172 2035 9132 4974 5617 3220 4351 6216 1482 8522 7200 7650 9879 1526 1171 583 4406 4332 4750 7328 161 7360 6097 2240 2651 8371 9405 6561 4529 7222 2850 3858 3149 5423 4014 4018 4783 4282 8180 692 2601 1727 9893 557 8714 6806 859 1065 2126 8448 3177 7119 5696 4308 2742 3831 4545 2131 3137 123 4834 1603 938 9862 1716 5567 6695 1975 9706 783 5062 9793 3757 1486 3356 3796 6992 3202 214 255 6998 3945 9645 5730 9561 7781 6201 4716 5980 7576 6539 8063 5379 4300 7830 101 169 6394 8553 8714 1799 9627 7638 2873 1849 5785 5190 7640 3980 8642 7359 3769 4508 6219 1459 4134 2860 6211 7557 4177 2385 4942 6696 7740 2588 7798 836 9201 9943 6196 8573 7949 4405 8755 4779 2228 4411 3952 150 3809 5530 4192 9004 5504 5974 5656 1898 1510 7912 5685 5783 7303 37 9345 3128 1490 9730 7829 1426 4427 3816 1748 4797 4452 6829 1348 6663 7391 4730 9178 4523 7935 7249 6524 8173 6833 5044 7585 8591 3832 9584 266 803 9916 3862 8240 5994 3652 3287 7481 1256 2066 6353 2526 4273 2891 322 7782 2908 7009 2231 4944 1769 7746 4769 7121 1511 6272 6869 2791 4795 3729 1532 6308 5845 6823 8201 8610 7719 3350 1605 4358 5522 745 2157 5503 8386 8262 9307 6821 8742 9324 3230 5574 6661 182 5986 4286 9429 8451 140 6487 9929 8561 4380 6778 2998 3677 112 4519 9387 8155 459 4393 2576 2676 6604 6629 7808 7479 4434 3350 2254 5981 6133 7576 346 9022 7595 9049 7774 7802 7145 2042 9825 8757 7082 7833 2855 7875 7787 9008 3858 5654 7117 1556 325 5451 2681 6804 4110 281 5151 5481 9146 7126 5731 9526 2836 2665 4181 4812 1064 1185 5092 866 8211 5032 7511 6981 2843 4506 4357 396 2492 7970 1159 8244 4849 1655 1907 2620 4648 338 8768 6224 9460 3093 664 8179 805 9274 9901 4324 630 5657 5777 5381 454 1806 2676 9397 1477 3268 8500 4797 3242 1908 8128 3244 6074 408 9334 6282 4445 1392 9836 1193 3471 6614 6095 246 8881 1186 1035 1411 8992 8162 9369 3896 7312 9459 3129 5924 5363 9999 8447 1355 7509 6793 368 4135 7220 8575 2643 6027 5655 7330 8488 8639 8674 1567 6309 677 4473 5516 5305 3915 8460 4758 7198 8363 5258 1312 8493 1576 6908 9362 2274 1919 7224 1331 7743 5272 8961 3324 1166 4224 3748 2618 2149 5870 8316 1202 8820 4814 2292 510 8177 3645 3704 2182 7992 4938 3850 2844 867 1246 9701 856 3742 940 9224 2397 9737 5970 683 8846 3298 4484 4003 1268 1499 9637 6103 1207 7826 6299 6819 6585 9986 451 7602 1171 1270 1436 8601 2477 396 9207 8782 3010 8346 9787 2338 2814 5549 6228 9239 7200 6229 4675 3259 9883 2511 6721 6189 3843 5942 6817 1619 4255 4962 834 6738 5991 9826 593 1018 5456 1273 231 1377 4739 775 5295 7480 4040 4214 3144 8969 4982 8002 5197 6278 2135 3093 9049 6462 9690 9536 6828 4177 5971 3386 9187 5681 717 8689 6767 1280 1309 6832 2396 4755 6936 9695 1167 5697 2418 1228 8530 8598 2710 2491 3868 6070 4489 6238 3207 4224 3239 9547 7446 377 2275 6122 466 9316 9051 9961 7721 48 7620 5923 6945 6019 9745 6152 4840 4396 3397 777 3859 5595 1448 3900 7417 4105 3558 7382 9261 4142 100 4774 4770 1109 3400 2381 3838 6076 9755 8446 1838 2969 7923 155 766 8376 234 9861 5992 5072 3707 2123 4908 345 7573 4222 6787 8100 9408 9847 2134 7149 6940 6789 6806 2874 2135 6838 2982 9341 1401 2560 2028 2106 2567 5311 6771 3064 4310 9960 8635 1742 9719 7519 6853 8867 1668 8131 7039 467 3146 9879 1034 6016 9390 4468 75 4207 6191 8087 4994 270 9465 5261 6625 5695 380 5580 5812 2633 6977 4620 8999 5133 7766 1784 5457 7381 4960 8084 2968 1609 3524 4023 3346 6753 3962 8533 2557 2605 9854 4460 9604 2239 6342 8611 3260 9985 9387 4775 1616 7710 4943 1558 4788 8765 8992 6160 7095 4343 9775 92 6447 4614 5308 8532 3629 9265 6790 4651 781 9858 6251 3547 9573 8056 611 5491 5545 3526 9148 6628 9271 9430 8160 8414 4603 4848 329 651 1104 1135 6494 4150 6933 8078 6085 3619 6210 6698 9748 8704 5706 8062 900 5055 8785 4849 1801 2481 4790 5798 6538 9410 6277 2617 7845 6767 2926 9838 3147 3905 3886 7555 8923 4230 5322 7999 8515 37 2710 250 3575 9668 2537 657 5825 6531 9439 1990 1253 1163 8171 3849 4355 7273 7641 7954 4472 722 3888 8904 4318 5663 6365 4311 7036 5618 4264 4923 9433 3113 610 4623 5877 1670 839 7501 9421 9651 1885 6226 7214 3023 5542 6400 6803 9366 6069 66 768 6028 308 7772 8712 6377 5799 250 8890 4357 5488 2423 1466 1037 6229 446 4636 40 2777 4868 7147 8903 4780 9124 9292 4275 1811 4639 8660 1453 674 6795 9578 1933 9254 5760 9156 9278 333 5404 3151 356 4485 4630 3552 231 3766 3970 3686 7922 4232 5106 1760 3891 3644 1330 2437 5284 2009 4330 7021 5709 356 7151 1036 5625 5100 2976 2956 8988 8440 9282 5141 1127 8921 5202 253 8612 2185 5114 3834 6876 5243 2196 4153 8962 2621 6039 6347 3028 1697 415 236 5694 5252 9556 1368 4817 6243 8160 3243 9582 1790 746 7771 787 9333 8828 9154 4058 3066 5449 8108 2296 8624 2750 5755 5946 1141 9713 990 8634 4598 6367 3572 2084 858 8050 8903 3394 2139 1061 2285 8831 1045 823 5257 4839 2677 1306 6516 7456 3420 7633 9338 651 1728 7852 7735 5031 7106 2011 3361 6256 3751 5275 7673 4856 782 9835 4632 2538 5882 8931 3329 979 420 1896 7370 9943 3358 7195 2756 6298 5529 420 6973 2247 1440 1262 4493 5988 5670 8238 1396 5828 5709 3700 5976 2818 6580 7594 848 8341 9801 2663 879 5123 101 1396 1130 3202 2373 6723 7812 4743 10 4822 4923 8263 4845 8803 634 3844 9257 120 7570 4425 4401 3471 5019 5336 2798 6380 4329 9679 5632 8756 7359 4910 2222 4977 3592 3080 5373 2468 6481 8299 1102 8231 653 445 4867 9382 9514 3687 6352 1419 5343 9188 730 7996 4473 3852 5273 2854 3833 1935 8787 2211 5844 8897 69 9869 723 5902 1414 1048 8996 3529 8815 4035 9412 8550 3948 1354 6777 7836 4393 5011 3384 9716 3440 6825 5370 7597 3185 1014 9700 1749 4555 1880 3554 3144 2434 7962 9051 7507 5686 7990 5648 9017 5157 8968 8698 154 4916 1449 9710 2740 1219 7455 5944 1705 9355 9518 1360 4582 3879 9992 4186 922 4152 8743 8695 22 1984 7224 6027 1859 4009 3713 8549 9178 9614 387 9129 8051 9453 5177 5246 5994 1497 8219 3167 4055 3105 2379 8377 9065 9005 4069 6323 2995 2812 5920 9440 2573 2600 5937 1249 4918 1712 1812 6545 8673 8377 7242 8826 3555 1183 8703 9509 8554 2228 903 6742 3199 2680 9776 4232 8714 34 5822 87 3152 2310 6791 9907 8379 1102 8658 9218 5403 7359 7895 8890 4440 8534 152 5837 6813 1242 7071 6556 1554 6907 2968 8115 7774 9634 6520 6354 9434 2179 6770 2789 9235 3890 5696 113 6198 4306 2312 6327 3978 463 949 7624 2163 1062 3357 4389 7300 918 4679 5208 7828 7979 2429 7920 3106 1042 3327 4960 7840 1122 2238 7502 7435 6722 9500 7463 9630 834 1278 6107 4922 4631 2608 6290 3365 3877 5567 3049 9843 6305 2811 8198 5009 6733 9308 3054 1335 9336 1950 9323 4340 7709 6786 4832 2313 640 3420 8667 476 9002 7156 8384 275 4914 2826 8890 7062 49 7650 801 9721 3981 2768 5763 2907 3050 5497 4791 1931 2186 562 1977 7265 8995 8661 9606 7261 9759 183 2242 5595 6662 7653 8862 9996 1163 6620 295 5310 7011 7971 2488 724 1377 6533 9431 3722 1410 3875 3930 5325 664 6607 9643 9857 2914 9011 3571 4915 2702 7475 8111 6142 7190 8790 898 4100 2856 6822 8667 8898 8802 7442 5168 9417 9234 871 3413 1033 2975 5393 4109 9822 4376 3889 6428 9968 1692 319 4039 2563 686 6262 6382 3770 110 1443 237 5472 5997 3837 3988 3438 255 2089 2618 9565 3766 8000 2519 7944 3499 9436 4539 737 1546 4859 1640 6618 6232 7704 3070 6674 9140 2666 2400 10000 1 10000 1 10000 1 10000 1 10000 1 10000 1 10000 1 10000 1 10000 1 10000 1 10000 1 10000 1 10000 1 10000 1 10000 1 10000 1 10000 1 10000 1 10000 1 10000 1 10000 1 10000 1 10000 1 10000 1 10000 1 10000 1 10000 1 10000 1 10000 1 10000 1 10000 1 10000 1 10000 1 10000 1 10000 1 10000 1 10000 1 10000 1 10000 1 10000 1 10000 1 10000 1 10000 1 10000 1 10000 1 10000 1 10000 1 10000 1 10000 1 10000 1 10000 1 10000 1 10000 1 10000 1 10000 1 10000 1 10000 1 10000 1 10000 1 10000 1 10000 1 10000 1 10000 1 10000 1 10000 1 10000 1 10000 1 10000 1 10000 1 10000 1 10000 1 10000 1 10000 1 10000 1 10000 1 10000 1 10000 1 10000 1 10000 1 10000 1 10000 1 10000 1 10000 1 10000 1 10000 1 10000 1 10000 1 10000 1 10000 1 10000 1 10000 1 10000 1 10000 1 10000 1 10000 1 10000 1 10000 1 10000 1 10000 1 10000 1 10000 1 10000 1 10000 1 10000 1 10000 1 10000 1 10000 1 10000 1 10000 1 10000 1 10000 1 10000 1 10000 1 10000 1 10000 1 10000 1 10000 1 10000 1 10000 1 10000 1 10000 1 10000 1 10000 1 10000 1 10000 1 10000 1 10000 1 10000 1 10000 1 10000 1 10000 1 10000 1 10000 1 10000 1 10000 1 10000 1 10000 1 10000 1 10000 1 10000 1 10000 1 10000 1 10000 1 10000 1 10000 1 10000 1 10000 1 10000 1 10000 1 10000 1 10000 1 10000 1 10000 1 10000 1 10000 1 10000 1 10000 1 10000 1 10000 1 10000 1 10000 1 10000 1 10000 1 10000 1 10000 1 10000 1 10000 1 10000 1 10000 1 10000 1 10000 1 10000 1 10000 1 10000 1 10000 1 10000 1 10000 1 10000 1 10000 1 10000 1 10000 1 10000 1 10000 1 10000 1 10000 1 10000 1 10000 1 10000 1 10000 1 10000 1 10000 1 10000 1 10000 1 10000 1 10000 1 10000 1 10000 1 10000 1 10000 1 10000 1 10000 1 10000 1 10000 1 10000 1 10000 1 10000 1 10000 1 10000 1 10000 1 10000 1 10000 1 10000 1 10000 1 10000 1 10000 1 10000 1 10000 1 10000 1 10000 1 10000 1 10000 1 10000 1 10000 1 10000 1 10000 1 10000 1 10000 1 10000 1 10000 1 10000 1 10000 1 10000 1 10000 1 10000 1 10000 1 10000 1 10000 1 10000 1 10000 1 10000 1 10000 1 10000 1 10000 1 10000 1 10000 1 10000 1 10000 1 10000 1 10000 1 10000 1 10000 1 10000 1 10000 1 10000 1 10000 1 10000 1 10000 1 10000 1 10000 1 10000 1 10000 1 10000 1 10000 1 10000 1 10000 1 10000 1 10000 1 10000 1 10000 1 10000 1 10000 1 10000 1 10000 1 10000 1 10000 1 10000 1 10000 1 10000 1 10000 1 10000 1 10000 1 10000 1 10000 1 10000 1 10000 1 10000 1 10000 1 10000 1 10000 1 10000 1 10000 1 10000 1 10000 1 10000 1 10000 1 10000 1 10000 1 10000 1 10000 1 10000 1 10000 1 10000 1 10000 1 10000 1 10000 1 10000 1 10000 1 10000 1 10000 1 10000 1 10000 1 10000 1 10000 1 10000 1 10000 1 10000 1 10000 1 10000 1 10000 1 10000 1 10000 1 10000 1 10000 1 10000 1 10000 1 10000 1 10000 1 10000 1 10000 1 10000 1 10000 1 10000 1 10000 1 10000 1 10000 1 10000 1 10000 1 10000 1 10000 1 10000 1 10000 1 10000 1 10000 1 10000 1 10000 1 10000 1 10000 1 10000 1 10000 1 10000 1 10000 1 10000 1 10000 1 10000 1 10000 1 10000 1 10000 1 10000 1 10000 1 10000 1 10000 1 10000 1 10000 1 10000 1 10000 1 10000 1 10000 1 10000 1 10000 1 10000 1 10000 1 10000 1 10000 1 10000 1 10000 1 10000 1 10000 1 10000 1 10000 1 10000 1 10000 1 10000 1 10000 1 10000 1 10000 1 10000 1 10000 1 10000 1 10000 1 10000 1 10000 1 10000 1 10000 1 10000 1 10000 1 10000 1 10000 1 10000 1 10000 1 10000 1 10000 1 10000 1 10000 1 10000 1 10000 1 10000 1 10000 1 10000 1 10000 1 10000 1 10000 1 10000 1 10000 1 10000 1 10000 1 10000 1 10000 1 10000 1 10000 1 10000 1 10000 1 10000 1 10000 1 10000 1 10000 1 10000 1 10000 1 10000 1 10000 1 10000 1 10000 1 10000 1 10000 1 10000 1 10000 1 10000 1 10000 1 10000 1 10000 1 10000 1 10000 1 10000 1 10000 1 10000 1 10000 1 10000 1 10000 1 10000 1 10000 1 10000 1 10000 1 10000 1 10000 1 10000 1 10000 1 10000 1 10000 1 10000 1 10000 1 10000 1 10000 1 10000 1 10000 1 10000 1 10000 1 10000 1 10000 1 10000 1 10000 1 10000 1 10000 1 10000 1 10000 1 10000 1 10000 1 10000 1 10000 1 10000 1 10000 1 10000 1 10000 1 10000 1 10000 1 10000 1 10000 1 10000 1 10000 1 10000 1 10000 1 10000 1 10000 1 10000 1 10000 1 10000 1 10000 1 10000 1 10000 1 10000 1 0 0 0 

5000 10000
296 0 
1983 296 
2352 1983 
4450 2352 
2704 4450 
4415 2704 
4415 1323 
4889 1323 
4889 2337 
436 2337 
436 4904 
4904 102 
102 2391 
2391 225 
3014 225 
4271 3014 
4185 4271 
3994 4185 
4170 3994 
4170 3392 
4536 3392 
4536 2710 
2933 2710 
2933 3704 
4112 3704 
2299 4112 
4856 2299 
4338 4856 
4338 2610 
2610 4615 
110 4615 
110 2182 
2182 1799 
1799 893 
4449 893 
1880 4449 
188 1880 
604 188 
4356 604 
4306 4356 
4553 4306 
3253 4553 
3253 2 
1491 2 
4673 1491 
3279 4673 
4091 3279 
4091 1178 
1178 1666 
108 1666 
108 3646 
3646 3587 
1901 3587 
3674 1901 
2670 3674 
2670 942 
3538 942 
3025 3538 
1145 3025 
1145 871 
1576 871 
1576 356 
399 356 
399 1769 
1769 2354 
3834 2354 
4689 3834 
4689 3608 
3608 4453 
4453 1226 
1226 4515 
728 4515 
728 2884 
2884 3892 
4331 3892 
4331 2130 
2130 3008 
3008 503 
3057 503 
3057 2489 
1189 2489 
1189 137 
3850 137 
3718 3850 
3718 2599 
292 2599 
626 292 
626 2468 
2468 829 
3957 829 
1709 3957 
3933 1709 
2439 3933 
548 2439 
2498 548 
2918 2498 
394 2918 
394 2338 
99 2338 
99 799 
4468 799 
4908 4468 
4908 4469 
1911 4469 
1885 1911 
1885 719 
719 3112 
987 3112 
2620 987 
2620 2520 
2977 2520 
2977 823 
3558 823 
3558 909 
909 4044 
3275 4044 
3275 3198 
1408 3198 
1038 1408 
3137 1038 
18 3137 
1127 18 
1127 730 
4225 730 
4774 4225 
2359 4774 
2988 2359 
2988 2345 
3089 2345 
3089 3451 
3451 2631 
1910 2631 
1910 1484 
1484 2060 
4507 2060 
4507 338 
3852 338 
679 3852 
679 175 
175 3540 
3540 1331 
1331 2311 
210 2311 
4202 210 
4202 1976 
2760 1976 
2760 4099 
727 4099 
727 2656 
2656 3846 
515 3846 
515 3527 
3509 3527 
2502 3509 
2502 986 
767 986 
767 4795 
4795 1493 
1493 1208 
644 1208 
644 4010 
4010 2129 
3843 2129 
3843 729 
729 2986 
2986 291 
291 1099 
1099 4671 
4671 4989 
4989 1082 
1082 2010 
2717 2010 
4730 2717 
4730 797 
797 3229 
4748 3229 
4748 742 
742 1040 
1040 1582 
1582 1106 
1242 1106 
4089 1242 
3547 4089 
357 3547 
357 4290 
4290 3456 
96 3456 
1858 96 
1858 4096 
3051 4096 
3051 530 
1940 530 
1940 967 
1073 967 
1073 1768 
1016 1768 
1016 2769 
631 2769 
2920 631 
3075 2920 
3075 141 
4881 141 
4881 194 
194 945 
4401 945 
489 4401 
603 489 
961 603 
2208 961 
561 2208 
1612 561 
1612 3488 
798 3488 
798 4369 
4369 3733 
3733 2824 
2824 1978 
1978 3944 
2897 3944 
1156 2897 
3207 1156 
2217 3207 
4880 2217 
4880 3524 
4783 3524 
4783 3682 
3682 1151 
318 1151 
318 3133 
299 3133 
299 458 
2404 458 
2404 3108 
1443 3108 
4741 1443 
4723 4741 
3397 4723 
3397 195 
1922 195 
562 1922 
2961 562 
2961 568 
4085 568 
4085 1327 
1327 2766 
2766 3785 
3785 3872 
1680 3872 
3291 1680 
3291 2381 
2661 2381 
498 2661 
498 2005 
628 2005 
1939 628 
1939 666 
1051 666 
1051 583 
3314 583 
3731 3314 
3731 4776 
4776 4713 
4713 2571 
4376 2571 
4376 397 
397 1984 
2400 1984 
2400 363 
571 363 
328 571 
328 2619 
4216 2619 
4216 324 
4118 324 
3070 4118 
2598 3070 
2598 4121 
4121 275 
131 275 
4421 131 
1210 4421 
4264 1210 
1610 4264 
1610 70 
3938 70 
3938 2711 
2711 3360 
3360 158 
697 158 
697 1773 
1773 2707 
2092 2707 
2092 4409 
4771 4409 
4435 4771 
4891 4435 
3866 4891 
3866 4611 
4951 4611 
4951 2527 
1131 2527 
940 1131 
1829 940 
1816 1829 
2436 1816 
2436 4491 
3362 4491 
3409 3362 
2239 3409 
2239 3739 
3739 4188 
4188 4045 
4045 2018 
2018 1409 
3101 1409 
3101 3645 
3645 3580 
3580 1419 
1419 4002 
3559 4002 
1827 3559 
1827 2454 
2454 19 
19 193 
3231 193 
2022 3231 
2022 4016 
1698 4016 
1698 4819 
402 4819 
402 1486 
1486 2716 
2716 3494 
2658 3494 
4402 2658 
524 4402 
4058 524 
4058 128 
128 2316 
2316 2719 
2719 3520 
3520 320 
320 4406 
3269 4406 
4177 3269 
3935 4177 
3935 487 
487 3672 
2030 3672 
2030 404 
1972 404 
1972 4937 
4937 907 
423 907 
423 331 
3735 331 
1638 3735 
1638 2831 
2831 2975 
3110 2975 
3926 3110 
4384 3926 
4384 869 
40 869 
40 950 
950 4584 
1828 4584 
1828 769 
4934 769 
616 4934 
616 4294 
4294 3402 
3402 3003 
3003 534 
2056 534 
2056 3847 
3372 3847 
3372 3532 
4048 3532 
4358 4048 
3410 4358 
3410 2244 
2244 4008 
4361 4008 
703 4361 
703 2836 
2836 2999 
2185 2999 
2747 2185 
2747 558 
335 558 
930 335 
930 2698 
2698 4837 
4837 661 
4215 661 
1363 4215 
3087 1363 
1347 3087 
1347 1569 
1569 1956 
1809 1956 
3335 1809 
4983 3335 
4983 4551 
4473 4551 
4473 3719 
3124 3719 
3124 499 
499 1807 
2266 1807 
1064 2266 
1064 298 
2473 298 
3963 2473 
3848 3963 
3848 3592 
1523 3592 
1523 4217 
4217 3548 
2233 3548 
4092 2233 
4695 4092 
2932 4695 
2932 4675 
4003 4675 
1130 4003 
1130 3856 
4726 3856 
1510 4726 
1621 1510 
1621 4026 
4026 808 
1046 808 
1046 552 
4057 552 
3455 4057 
3455 4712 
4712 130 
2898 130 
2898 4397 
4397 1485 
1485 1992 
1992 2306 
2306 1729 
355 1729 
355 4922 
4922 3966 
3966 4472 
4472 2896 
2896 4135 
4135 2644 
1262 2644 
1262 3463 
2029 3463 
3373 2029 
3373 3881 
3881 155 
4871 155 
4871 4567 
4567 755 
755 1887 
1887 4594 
2950 4594 
1463 2950 
358 1463 
2161 358 
2226 2161 
2226 3115 
3754 3115 
3754 1444 
3023 1444 
3023 1953 
1953 1490 
3878 1490 
643 3878 
643 597 
2019 597 
1188 2019 
1188 51 
889 51 
889 3614 
3614 3627 
3627 1494 
4575 1494 
4575 2231 
569 2231 
1598 569 
1598 588 
588 4442 
4442 3228 
1422 3228 
1422 3945 
4966 3945 
2732 4966 
2732 2355 
38 2355 
3655 38 
3434 3655 
3434 3004 
3713 3004 
1542 3713 
1542 1388 
1102 1388 
174 1102 
3567 174 
354 3567 
354 721 
721 1785 
4466 1785 
1161 4466 
1161 685 
685 4645 
4645 2461 
2461 103 
1997 103 
1997 2280 
2280 3147 
1329 3147 
3775 1329 
3775 2974 
2974 123 
2925 123 
2925 4476 
4792 4476 
1033 4792 
2386 1033 
2386 2080 
3437 2080 
3652 3437 
3652 4305 
452 4305 
452 2361 
2361 1750 
1750 3430 
3430 4955 
4955 62 
62 3993 
3993 3186 
3186 4780 
1171 4780 
708 1171 
708 3927 
250 3927 
250 3803 
4841 3803 
4400 4841 
484 4400 
3313 484 
1362 3313 
2809 1362 
2809 3294 
3294 245 
245 1336 
4115 1336 
4830 4115 
4830 444 
2071 444 
2071 3336 
2213 3336 
2213 654 
654 547 
547 1841 
1841 4252 
4252 4676 
4676 3056 
3056 3611 
3611 1354 
4352 1354 
4416 4352 
4416 965 
4301 965 
4301 2426 
3475 2426 
3475 4878 
4878 3700 
3700 4535 
4535 235 
4366 235 
4366 539 
1555 539 
1555 4997 
4997 3190 
4518 3190 
48 4518 
85 48 
4495 85 
792 4495 
792 1875 
3481 1875 
3481 481 
3510 481 
3510 4746 
4746 4208 
4174 4208 
1184 4174 
1184 3288 
751 3288 
1568 751 
1568 766 
2114 766 
2114 3577 
1049 3577 
2112 1049 
3027 2112 
3027 1520 
1520 1342 
2822 1342 
3690 2822 
3690 2960 
1558 2960 
2749 1558 
3240 2749 
3240 651 
651 4743 
4743 3103 
1238 3103 
1238 3660 
3660 4756 
332 4756 
332 1192 
1192 2020 
3111 2020 
3111 1746 
1413 1746 
4456 1413 
4456 1198 
1198 4654 
501 4654 
501 2082 
2082 3332 
4696 3332 
3221 4696 
3221 3268 
4821 3268 
4625 4821 
4625 2310 
4407 2310 
4407 1010 
1010 3603 
3603 3307 
610 3307 
610 23 
23 876 
1197 876 
1197 4626 
1970 4626 
1970 862 
862 1624 
2605 1624 
1303 2605 
1288 1303 
1288 3304 
3304 1389 
1389 2555 
2555 2228 
2228 2642 
2642 2108 
4720 2108 
1530 4720 
1561 1530 
1561 1656 
807 1656 
807 1367 
1367 2442 
2828 2442 
3064 2828 
3064 917 
4102 917 
4102 3376 
3376 3380 
3380 794 
794 914 
914 551 
2357 551 
2357 2275 
2275 140 
615 140 
1026 615 
1200 1026 
1200 3230 
3230 2998 
4912 2998 
4097 4912 
4097 1148 
1148 4333 
4333 13 
13 2584 
2584 3202 
3181 3202 
4206 3181 
4622 4206 
4622 3951 
3951 4662 
3988 4662 
126 3988 
1090 126 
1090 1495 
1995 1495 
1995 3063 
3063 1739 
1739 2485 
2928 2485 
2690 2928 
2690 2850 
2850 3358 
3358 2204 
943 2204 
943 405 
405 4769 
4769 1745 
1745 234 
234 3717 
3717 1153 
1227 1153 
1227 2397 
2397 3974 
3974 406 
406 1364 
1320 1364 
4487 1320 
4487 1930 
4007 1930 
4007 1215 
4649 1215 
4649 4288 
190 4288 
3316 190 
3316 2578 
1126 2578 
1126 1634 
3473 1634 
3473 1373 
4023 1373 
1499 4023 
553 1499 
2058 553 
2264 2058 
1394 2264 
2654 1394 
896 2654 
3462 896 
1101 3462 
1101 3342 
2927 3342 
3483 2927 
3175 3483 
3175 353 
1890 353 
3756 1890 
1217 3756 
2734 1217 
1779 2734 
652 1779 
2393 652 
2393 4330 
657 4330 
657 2623 
2623 1053 
3536 1053 
3536 58 
2416 58 
2802 2416 
3967 2802 
3967 2506 
2506 413 
413 3556 
4570 3556 
578 4570 
578 3831 
3831 4494 
4494 1396 
2372 1396 
2372 2363 
2363 2712 
2712 4722 
4066 4722 
3267 4066 
1963 3267 
566 1963 
4462 566 
4462 2399 
4582 2399 
4582 1107 
1107 2375 
2375 2093 
2093 1220 
2168 1220 
4414 2168 
4414 4029 
1111 4029 
1111 4526 
4526 1917 
3349 1917 
3840 3349 
3840 4403 
4403 1857 
1857 1232 
2341 1232 
1952 2341 
1439 1952 
1439 2174 
3665 2174 
3665 606 
1748 606 
1024 1748 
1024 4520 
4520 4200 
2330 4200 
2330 4721 
4721 3885 
3885 2916 
2916 4084 
4084 3960 
3960 4025 
262 4025 
1205 262 
1205 2579 
2043 2579 
462 2043 
4276 462 
4276 4387 
4144 4387 
4144 3246 
3246 2990 
2541 2990 
2541 3474 
3474 3973 
3973 3139 
302 3139 
302 90 
90 3523 
2064 3523 
426 2064 
426 1556 
189 1556 
3648 189 
4824 3648 
2805 4824 
2805 2302 
2302 1008 
3320 1008 
1492 3320 
3981 1492 
3981 4995 
1386 4995 
2706 1386 
2706 4247 
2167 4247 
2167 1814 
1514 1814 
1514 345 
345 3355 
1128 3355 
1128 4086 
2924 4086 
1965 2924 
1965 4164 
4459 4164 
2282 4459 
2282 3447 
4051 3447 
2224 4051 
2856 2224 
619 2856 
619 4069 
4069 1435 
1435 3779 
2087 3779 
2309 2087 
4346 2309 
4346 2277 
2277 2539 
2324 2539 
2324 3068 
3068 1986 
2736 1986 
2736 3989 
2754 3989 
2754 4860 
4860 56 
2237 56 
2237 1927 
1927 4273 
4273 1251 
1251 939 
939 4911 
2133 4911 
2133 4735 
1322 4735 
1322 1665 
265 1665 
860 265 
3109 860 
3109 1619 
2835 1619 
4742 2835 
1114 4742 
1114 1374 
4430 1374 
1714 4430 
1714 3287 
344 3287 
204 344 
204 166 
1359 166 
1359 510 
4828 510 
4828 2611 
2569 2611 
2569 1057 
2320 1057 
2320 1479 
1479 3637 
2287 3637 
2287 3913 
3913 3800 
1022 3800 
1022 2586 
2817 2586 
4895 2817 
21 4895 
21 2402 
388 2402 
388 27 
27 2315 
4797 2315 
4797 1448 
1448 1643 
4631 1643 
2411 4631 
2411 3243 
3661 3243 
3661 791 
791 2841 
2841 4608 
4608 1646 
1646 4213 
4213 1397 
1397 4030 
4030 2694 
34 2694 
1669 34 
2346 1669 
4223 2346 
1906 4223 
1906 4408 
4408 1199 
1199 3016 
3016 4389 
1083 4389 
1083 3280 
20 3280 
1219 20 
1219 4343 
315 4343 
315 4199 
822 4199 
2156 822 
161 2156 
3602 161 
3602 4519 
2601 4519 
2601 4458 
4458 4796 
4796 2803 
3683 2803 
3853 3683 
3853 4163 
4163 3786 
3786 3305 
3305 1876 
1876 1921 
2731 1921 
2731 3351 
2722 3351 
2061 2722 
3703 2061 
3188 3703 
3605 3188 
3605 4245 
4440 4245 
4440 1177 
1177 1521 
4467 1521 
4467 4710 
971 4710 
971 311 
311 1098 
2434 1098 
2434 1879 
911 1879 
2278 911 
2278 4842 
4842 4571 
4571 617 
3018 617 
3018 4621 
1382 4621 
1382 529 
3311 529 
4969 3311 
4969 2238 
2238 3595 
3595 3752 
2648 3752 
2648 4162 
4162 3596 
2172 3596 
3931 2172 
3931 572 
3206 572 
4068 3206 
4107 4068 
4107 1949 
1949 3060 
3416 3060 
3416 2003 
3298 2003 
3298 2730 
3088 2730 
4234 3088 
4234 4909 
4909 877 
739 877 
461 739 
461 3095 
1957 3095 
2181 1957 
2617 2181 
1233 2617 
1002 1233 
1380 1002 
1380 2300 
1674 2300 
1674 2531 
4781 2531 
2135 4781 
1176 2135 
701 1176 
2953 701 
2953 1160 
1160 678 
3594 678 
3594 2137 
4957 2137 
2413 4957 
1889 2413 
3698 1889 
3698 2905 
3911 2905 
3911 2903 
3555 2903 
3555 4665 
3300 4665 
3393 3300 
3393 1840 
1840 4248 
4248 3854 
1641 3854 
4557 1641 
1524 4557 
1524 4641 
4641 1679 
1667 1679 
29 1667 
29 3297 
272 3297 
592 272 
592 1839 
1839 4075 
4075 3141 
4632 3141 
4632 4229 
4229 1438 
4858 1438 
4858 3826 
2274 3826 
2274 1795 
2235 1795 
2235 249 
4629 249 
4629 2032 
2827 2032 
1696 2827 
3671 1696 
43 3671 
43 3625 
3625 1724 
1724 1118 
3238 1118 
1077 3238 
4980 1077 
4596 4980 
4596 1628 
1628 4171 
4171 3184 
3184 4504 
172 4504 
172 4405 
1595 4405 
1595 4332 
4332 882 
3955 882 
3955 4266 
4266 1931 
3999 1931 
3999 2616 
852 2616 
1706 852 
4704 1706 
4704 819 
819 2305 
2304 2305 
1914 2304 
1270 1914 
1270 775 
775 4077 
4077 1819 
1819 2403 
2403 4683 
1836 4683 
1836 803 
1798 803 
1711 1798 
2247 1711 
4129 2247 
1442 4129 
1442 2602 
1944 2602 
98 1944 
2993 98 
2993 1637 
4563 1637 
4563 2800 
2500 2800 
2500 3152 
3152 1782 
1782 3126 
3126 1139 
1139 2292 
2107 2292 
2107 2132 
1947 2132 
4320 1947 
2669 4320 
173 2669 
173 1695 
4805 1695 
2504 4805 
3174 2504 
3174 880 
880 1801 
1801 2937 
2937 2574 
2574 4150 
4150 4381 
4381 2009 
3910 2009 
3910 261 
396 261 
396 3794 
3794 4754 
4754 1632 
1632 4750 
3628 4750 
300 3628 
4770 300 
4770 200 
978 200 
978 684 
684 3466 
3466 2466 
1605 2466 
1605 4360 
3959 4360 
2847 3959 
2847 1404 
1404 2290 
4158 2290 
4158 4940 
116 4940 
3898 116 
2672 3898 
2672 3513 
3513 417 
3096 417 
370 3096 
2813 370 
2813 360 
360 3618 
4480 3618 
702 4480 
702 3029 
3029 1473 
1078 1473 
843 1078 
843 1343 
1343 1529 
1529 1003 
1003 2526 
2526 1069 
1069 199 
199 129 
129 938 
612 938 
612 1062 
2191 1062 
2191 3822 
3822 2047 
2047 3344 
3344 4847 
4847 1854 
3723 1854 
2838 3723 
2838 2967 
2967 1168 
1168 3832 
3832 4894 
4893 4894 
4883 4893 
4883 4377 
4377 2229 
2229 2630 
2630 1684 
3838 1684 
82 3838 
1824 82 
1824 4233 
3585 4233 
4938 3585 
4464 4938 
1403 4464 
1060 1403 
1060 3949 
350 3949 
350 1743 
1743 4541 
391 4541 
391 3396 
1737 3396 
1737 762 
3129 762 
2163 3129 
2770 2163 
1898 2770 
1676 1898 
1676 3553 
476 3553 
476 3339 
3339 3788 
4574 3788 
182 4574 
550 182 
550 2118 
2118 2453 
2453 936 
4444 936 
2090 4444 
2090 927 
927 983 
1302 983 
1302 4564 
4564 2989 
4375 2989 
4375 4949 
4949 3369 
1878 3369 
1878 3514 
3858 3514 
3858 3394 
3394 1201 
1201 4925 
4925 4538 
4538 4962 
4678 4962 
759 4678 
1357 759 
3308 1357 
3200 3308 
4285 3200 
2963 4285 
2963 4877 
4877 4139 
4139 1059 
2513 1059 
2513 3701 
2792 3701 
3676 2792 
1755 3676 
1755 1912 
1912 776 
776 2308 
2308 4907 
2762 4907 
2762 2683 
2558 2683 
3440 2558 
3384 3440 
4269 3384 
1175 4269 
1175 500 
4396 500 
3272 4396 
3272 3043 
1183 3043 
4539 1183 
4235 4539 
874 4235 
874 3276 
3276 327 
327 2193 
1202 2193 
1202 560 
560 2713 
3121 2713 
3121 613 
1635 613 
4132 1635 
4132 455 
455 4825 
2765 4825 
2765 1294 
1294 347 
347 1353 
4253 1353 
567 4253 
567 4851 
4851 2796 
420 2796 
420 1402 
1973 1402 
1973 4205 
2524 4205 
3781 2524 
3511 3781 
2293 3511 
4218 2293 
4218 3806 
3806 1012 
3616 1012 
1089 3616 
1378 1089 
1378 4090 
2614 4090 
4315 2614 
4985 4315 
46 4985 
1216 46 
2109 1216 
2109 4667 
1850 4667 
1850 495 
495 3845 
2483 3845 
2178 2483 
2604 2178 
2604 992 
992 4827 
4827 4232 
3980 4232 
840 3980 
1860 840 
1860 4531 
2979 4531 
1384 2979 
1384 4685 
4022 4685 
506 4022 
2284 506 
2284 1767 
2615 1767 
3736 2615 
3736 381 
381 4651 
4651 4286 
4286 2419 
3662 2419 
3662 686 
4747 686 
4747 4945 
4945 1315 
1315 3211 
1843 3211 
1487 1843 
3635 1487 
1042 3635 
2591 1042 
2591 3039 
1138 3039 
1654 1138 
1654 1005 
1005 3780 
4328 3780 
4328 4130 
4130 2806 
2806 3811 
3811 4939 
4939 3863 
256 3863 
3104 256 
875 3104 
4448 875 
3983 4448 
3983 2490 
2490 1123 
1123 3424 
248 3424 
1961 248 
516 1961 
516 1129 
1129 270 
2120 270 
2120 2496 
732 2496 
732 4630 
1143 4630 
1143 2757 
2757 437 
2385 437 
2385 4483 
4483 3123 
2587 3123 
2587 611 
45 611 
45 1615 
1615 4788 
901 4788 
901 3714 
1764 3714 
1764 2106 
1021 2106 
1021 1905 
1905 4620 
4620 565 
565 1943 
2512 1943 
1115 2512 
3042 1115 
3042 3148 
3148 168 
380 168 
380 2776 
2776 2655 
4334 2655 
3102 4334 
3102 687 
1072 687 
2104 1072 
3586 2104 
1370 3586 
52 1370 
831 52 
1297 831 
1297 2744 
4477 2744 
4477 1004 
3729 1004 
3729 4838 
4838 3224 
3224 2991 
2991 904 
904 1392 
2066 1392 
2066 238 
4134 238 
4413 4134 
4413 290 
4036 290 
4036 1326 
2877 1326 
1475 2877 
2789 1475 
2984 2789 
2984 4070 
4070 1552 
1552 4470 
428 4470 
428 1318 
931 1318 
3651 931 
63 3651 
63 286 
4981 286 
4981 826 
826 2954 
2954 2219 
2219 4263 
2892 4263 
2892 865 
865 3871 
162 3871 
162 1712 
1712 1591 
1591 763 
3581 763 
3581 4424 
2197 4424 
4716 2197 
4716 2647 
3033 2647 
2265 3033 
1540 2265 
3191 1540 
3191 2211 
3919 2211 
3919 1790 
1790 4850 
4850 4329 
4931 4329 
4931 3037 
3037 94 
3407 94 
4815 3407 
3801 4815 
3801 2223 
3005 2223 
3005 2044 
2044 3818 
2322 3818 
2788 2322 
1759 2788 
4292 1759 
65 4292 
760 65 
760 1137 
3213 1137 
3213 1035 
1765 1035 
1765 845 
845 3082 
1441 3082 
1441 1687 
4578 1687 
4578 2677 
1043 2677 
3423 1043 
1371 3423 
770 1371 
770 1248 
2733 1248 
1998 2733 
1998 42 
42 4947 
4947 119 
1478 119 
1478 2351 
815 2351 
2931 815 
2931 106 
106 2695 
2695 1308 
1308 4321 
4321 3007 
4560 3007 
4560 564 
1869 564 
1869 47 
2085 47 
483 2085 
483 3006 
984 3006 
3323 984 
825 3323 
825 3153 
4647 3153 
4647 3893 
471 3893 
471 511 
3890 511 
3890 1416 
1867 1416 
993 1867 
3081 993 
3081 1789 
2858 1789 
4256 2858 
4256 929 
929 4705 
4705 4355 
4355 3135 
2564 3135 
1296 2564 
1296 2559 
2559 1865 
1579 1865 
2358 1579 
3565 2358 
3565 2017 
2017 4990 
2758 4990 
4941 2758 
4492 4941 
4492 4700 
4700 1950 
3387 1950 
3387 4588 
4588 2270 
2270 31 
31 4733 
3545 4733 
3545 73 
4879 73 
4879 2939 
2939 39 
39 4265 
1611 4265 
1611 1649 
1158 1649 
1158 1770 
1770 956 
956 2449 
2451 2449 
134 2451 
1239 134 
1239 3444 
258 3444 
258 2365 
952 2365 
952 2742 
2742 1368 
1368 3722 
3357 3722 
3357 2667 
3425 2667 
3425 1607 
1477 1607 
4639 1477 
4639 2006 
2006 3034 
3034 1918 
1067 1918 
3970 1067 
3970 2546 
223 2546 
2944 223 
2944 2495 
3759 2495 
3759 2691 
2691 1518 
1518 1838 
1838 4067 
4067 2121 
2121 490 
490 2260 
2260 3086 
4307 3086 
2709 4307 
1103 2709 
2956 1103 
2956 632 
903 632 
3916 903 
3916 2829 
2829 1027 
1793 1027 
3657 1793 
1454 3657 
1454 4761 
4761 3395 
3395 2334 
1787 2334 
1787 1337 
1337 3828 
3828 4037 
4037 3315 
3315 846 
1590 846 
1590 2815 
3017 2815 
3017 2374 
1941 2374 
1941 4345 
4345 448 
448 2870 
2870 3378 
3378 1146 
1306 1146 
1306 3131 
4436 3131 
4436 2101 
4516 2101 
277 4516 
277 3171 
4351 3171 
4351 3817 
3817 433 
4000 433 
4798 4000 
4918 4798 
4918 3232 
3419 3232 
2846 3419 
2846 2111 
3529 2111 
3529 3749 
3325 3749 
1806 3325 
1806 16 
3142 16 
3142 2550 
665 2550 
2507 665 
789 2507 
1775 789 
3687 1775 
3687 2680 
2680 2431 
2431 3667 
1174 3667 
1174 2184 
2184 3259 
3259 2164 
3062 2164 
4814 3062 
2866 4814 
2866 3620 
2424 3620 
714 2424 
714 1766 
1766 1164 
1164 2152 
2124 2152 
2124 2158 
2158 2086 
2086 339 
339 4674 
3470 4674 
3470 4607 
4607 2650 
2650 1825 
814 1825 
814 3550 
1467 3550 
1467 1690 
1690 3177 
4971 3177 
4971 3020 
3020 853 
853 557 
3321 557 
3321 2518 
2518 1618 
2934 1618 
2934 2348 
217 2348 
3237 217 
3386 3237 
1340 3386 
1340 3512 
3512 634 
634 213 
4287 213 
3480 4287 
3480 3161 
3161 3681 
3681 2625 
2625 254 
2685 254 
3222 2685 
3222 167 
167 1994 
1994 4420 
1459 4420 
1459 4725 
2941 4725 
4039 2941 
4039 2738 
2738 2294 
2294 3244 
1348 3244 
4759 1348 
4759 4390 
4890 4390 
4890 348 
4159 348 
3842 4159 
1566 3842 
976 1566 
3128 976 
3128 120 
120 4073 
314 4073 
314 2563 
2563 3149 
3149 95 
95 86 
786 86 
786 3252 
88 3252 
88 4973 
812 4973 
812 3812 
3812 387 
466 387 
2291 466 
2291 1231 
1231 2460 
2460 1570 
469 1570 
2373 469 
456 2373 
456 4914 
4914 3352 
3352 2632 
2298 2632 
2298 1203 
1203 1551 
1551 2458 
2458 1457 
198 1457 
2425 198 
2425 1727 
1727 1951 
4031 1951 
4031 1415 
4702 1415 
649 4702 
4778 649 
4778 264 
3476 264 
3498 3476 
4963 3498 
4963 4283 
4283 4835 
4835 2279 
2279 494 
494 650 
650 2281 
2340 2281 
659 2340 
349 659 
349 237 
3377 237 
3377 4417 
1095 4417 
1095 533 
533 2501 
1028 2501 
1028 689 
374 689 
4708 374 
735 4708 
735 2450 
367 2450 
2637 367 
2637 384 
1032 384 
1032 3457 
3457 1881 
750 1881 
4362 750 
4362 4228 
1753 4228 
1753 2906 
2052 2906 
2052 3658 
306 3658 
1803 306 
1803 2886 
431 2886 
3136 431 
3561 3136 
4637 3561 
4637 393 
393 3991 
3814 3991 
824 3814 
824 4143 
4143 77 
77 2596 
2596 3774 
3774 421 
421 4996 
4996 3050 
3050 2948 
2948 3644 
3644 1307 
1307 1894 
1894 1273 
1633 1273 
1633 3734 
3734 4236 
4465 4236 
1335 4465 
3099 1335 
2267 3099 
2268 2267 
589 2268 
589 517 
4782 517 
4782 61 
83 61 
4972 83 
4972 2075 
2660 2075 
2660 2380 
2380 512 
512 4924 
4991 4924 
3530 4991 
3880 3530 
3880 1849 
1849 2778 
2452 2778 
3912 2452 
3912 4869 
1655 4869 
1655 4455 
4455 2763 
2763 2783 
2783 4855 
4855 545 
1813 545 
1813 3987 
1800 3987 
4760 1800 
1290 4760 
1290 3857 
2681 3857 
1820 2681 
1820 2499 
2854 2499 
2755 2854 
171 2755 
171 1977 
3250 1977 
3250 4537 
4537 3122 
4948 3122 
2095 4948 
416 2095 
2768 416 
2768 3471 
1456 3471 
892 1456 
3333 892 
3333 623 
623 886 
886 4660 
4660 4398 
4018 4398 
4018 2613 
2608 2613 
2432 2608 
3782 2432 
1851 3782 
1642 1851 
2958 1642 
2958 1066 
4565 1066 
1925 4565 
1019 1925 
451 1019 
135 451 
135 3925 
2194 3925 
445 2194 
445 951 
951 2965 
3146 2965 
3146 670 
923 670 
923 2395 
3446 2395 
3446 2252 
2252 1406 
1406 4046 
4046 4497 
1214 4497 
1214 4227 
1689 4227 
1449 1689 
1449 2773 
496 2773 
496 4836 
4836 1190 
1190 3891 
3891 3584 
3584 220 
220 274 
2463 274 
3730 2463 
4258 3730 
4258 1154 
1932 1154 
1932 2057 
1955 2057 
1955 2415 
2415 389 
389 707 
4921 707 
2810 4921 
2810 3055 
3241 3055 
3241 531 
1162 531 
1162 4568 
885 4568 
885 3155 
2033 3155 
2033 2303 
2139 2303 
849 2139 
849 3501 
4859 3501 
4859 2525 
2525 1651 
1058 1651 
715 1058 
715 1599 
1116 1599 
2702 1116 
2538 2702 
2538 1465 
1465 281 
281 3689 
3689 820 
820 698 
698 4239 
4239 3961 
3961 1797 
1797 4623 
1990 4623 
1990 3915 
3915 278 
1121 278 
1121 32 
32 2976 
3638 2976 
3638 1513 
2983 1513 
2983 700 
74 700 
1726 74 
4601 1726 
4601 3290 
2392 3290 
2392 4554 
4817 4554 
4817 2904 
3589 2904 
3589 3058 
3058 4412 
1913 4412 
1393 1913 
2532 1393 
2532 1472 
1472 1172 
3798 1172 
3798 620 
620 1715 
415 1715 
415 4214 
4214 3539 
3539 4854 
4854 991 
1639 991 
1639 4818 
4818 667 
2026 667 
2200 2026 
2646 2200 
4282 2646 
1070 4282 
688 1070 
4367 688 
1527 4367 
1527 2523 
2782 2523 
3286 2782 
3286 4379 
2917 4379 
2917 124 
124 2871 
2871 479 
4326 479 
4326 3226 
4888 3226 
4888 4589 
4589 2407 
2407 3295 
2921 3295 
2921 2318 
2318 3619 
230 3619 
230 2746 
605 2746 
3869 605 
1662 3869 
2739 1662 
2739 3695 
921 3695 
921 2790 
2790 409 
1580 409 
1580 1564 
1564 4482 
153 4482 
718 153 
2262 718 
2262 1225 
1225 4439 
1623 4439 
1623 4739 
4739 1440 
660 1440 
660 902 
902 4240 
4240 1212 
1212 2509 
1079 2509 
2863 1079 
2863 1471 
1471 4446 
1424 4446 
1437 1424 
1437 1966 
435 1966 
435 1191 
1191 1533 
2207 1533 
2207 818 
3515 818 
4110 3515 
4110 2025 
2025 3939 
2577 3939 
2577 259 
1029 259 
1029 3284 
3284 3522 
3522 1445 
4701 1445 
765 4701 
3418 765 
3418 3163 
3163 2147 
884 2147 
884 658 
658 2170 
2170 2576 
2576 91 
91 2481 
2481 1173 
4120 1173 
3485 4120 
253 3485 
3233 253 
3233 1221 
1221 1744 
1601 1744 
1601 4540 
4540 3312 
3312 2825 
1964 2825 
1964 1345 
1345 699 
699 4717 
870 4717 
2131 870 
2131 2136 
2209 2136 
2209 150 
2313 150 
2313 148 
148 3383 
3076 3383 
3076 3796 
1376 3796 
480 1376 
1522 480 
1522 4812 
4812 609 
2553 609 
2553 1195 
1195 1584 
1584 528 
528 4786 
3762 4786 
3762 4063 
4063 3562 
4299 3562 
4299 2592 
4302 2592 
4368 4302 
4368 584 
532 584 
532 2804 
2804 1383 
1383 176 
2852 176 
2852 1589 
1589 3012 
3012 640 
2940 640 
2283 2940 
2283 614 
614 4865 
4865 3365 
3365 4372 
4372 1086 
3248 1086 
3144 3248 
3144 935 
2699 935 
2908 2699 
2908 1703 
1703 1330 
1330 1808 
1808 2636 
2636 629 
3028 629 
3209 3028 
4734 3209 
4165 4734 
3778 4165 
3778 2779 
1274 2779 
4897 1274 
3889 4897 
3889 138 
585 138 
1092 585 
3508 1092 
1166 3508 
1166 4193 
1056 4193 
1056 1281 
3262 1281 
3262 3815 
3623 3815 
3420 3623 
3420 4919 
2383 4919 
1908 2383 
4189 1908 
2187 4189 
2187 996 
672 996 
851 672 
851 3257 
3257 1243 
303 1243 
303 4691 
3968 4691 
4293 3968 
4293 4127 
3763 4127 
3763 521 
521 97 
97 981 
3922 981 
3922 3468 
2423 3468 
2423 946 
1979 946 
4249 1979 
2113 4249 
4643 2113 
4427 4643 
3044 4427 
3044 2327 
3438 2327 
3438 75 
312 75 
312 1298 
3497 1298 
3497 2487 
2820 2487 
3318 2820 
1786 3318 
2556 1786 
3570 2556 
905 3570 
905 493 
4583 493 
2335 4583 
36 2335 
36 777 
777 2243 
2243 2034 
2034 1526 
602 1526 
4680 602 
4975 4680 
4975 2772 
535 2772 
1257 535 
1257 3341 
3341 4211 
2088 4211 
2088 3597 
3597 2476 
3210 2476 
1716 3210 
2785 1716 
2785 3787 
1375 3787 
1375 2202 
2202 3710 
3710 3353 
3302 3353 
3310 3302 
1826 3310 
1826 3201 
3201 3669 
3359 3669 
3359 386 
386 3640 
364 3640 
2659 364 
450 2659 
450 1464 
2692 1464 
2692 4014 
4337 4014 
821 4337 
1395 821 
4441 1395 
4441 3606 
2240 3606 
2240 1517 
1517 2343 
4970 2343 
1328 4970 
1328 4207 
4207 691 
365 691 
600 365 
600 926 
806 926 
806 3196 
3196 224 
224 3738 
4125 3738 
669 4125 
669 308 
308 3918 
3918 795 
795 898 
4514 898 
4490 4514 
1886 4490 
3920 1886 
3164 3920 
1349 3164 
1349 4772 
4772 1532 
4432 1532 
4432 2116 
2116 2258 
2258 4212 
4212 676 
676 3958 
3958 1436 
1436 3656 
3656 4182 
4182 163 
163 1738 
645 1738 
645 2726 
2566 2726 
2566 1316 
1316 87 
1515 87 
2459 1515 
2459 2585 
2962 2585 
2962 3766 
2117 3766 
2117 1157 
1157 1317 
1777 1317 
1777 4852 
4852 4394 
2657 4394 
4131 2657 
4131 2943 
1710 2943 
1710 671 
3813 671 
2232 3813 
2232 867 
470 867 
2176 470 
2176 157 
4916 157 
3621 4916 
1182 3621 
4128 1182 
4128 2522 
2412 2522 
2089 2412 
273 2089 
1817 273 
1817 4848 
4848 2544 
2544 1428 
1293 1428 
1293 3283 
3702 3283 
3702 3065 
4382 3065 
4382 827 
60 827 
60 3934 
1300 3934 
3557 1300 
214 3557 
214 2069 
1291 2069 
1291 427 
427 2514 
964 2514 
1683 964 
3158 1683 
3158 2996 
3747 2996 
2565 3747 
2565 758 
4510 758 
3746 4510 
1458 3746 
4984 1458 
4984 2876 
3132 2876 
2053 3132 
2053 4757 
4757 473 
473 1105 
7 1105 
7 1847 
3421 1847 
3421 1015 
1015 4687 
4687 756 
756 4758 
4758 1663 
4303 1663 
4303 1263 
1263 1196 
1196 3917 
4547 3917 
192 4547 
4764 192 
4764 3708 
3708 1039 
1704 1039 
726 1704 
726 1713 
1713 4209 
4209 720 
3950 720 
3923 3950 
3923 3235 
3235 2542 
2542 3726 
3726 1721 
1721 4572 
4749 4572 
913 4749 
3159 913 
3327 3159 
2206 3327 
2206 1165 
4794 1165 
4794 4255 
4255 1170 
3942 1170 
4391 3942 
4391 1260 
1260 3937 
3085 3937 
3085 2957 
2957 788 
788 1903 
1903 4431 
122 4431 
3821 122 
2561 3821 
1385 2561 
4040 1385 
2421 4040 
3877 2421 
3877 179 
1218 179 
1218 2628 
1548 2628 
3757 1548 
3757 2063 
4954 2063 
4954 418 
4078 418 
3612 4078 
3612 633 
1147 633 
1147 482 
694 482 
3677 694 
3677 1585 
653 1585 
653 4498 
4383 4498 
4383 3649 
4088 3649 
520 4088 
520 3761 
3382 3761 
1677 3382 
362 1677 
1142 362 
1142 3953 
2307 3953 
2307 1104 
1104 2255 
1762 2255 
1762 1185 
1185 575 
575 549 
549 1815 
3905 1815 
3905 4920 
4920 1407 
1407 2554 
2554 3521 
4692 3521 
4692 1346 
1346 4534 
4534 1846 
1846 2414 
4140 2414 
774 4140 
1014 774 
1014 954 
4740 954 
4740 2970 
2970 1391 
4141 1391 
4141 3478 
3478 2812 
2812 738 
738 3071 
17 3071 
17 3189 
3189 675 
675 947 
947 2039 
2039 1503 
1503 3767 
3851 3767 
1048 3851 
3048 1048 
3048 4994 
3685 4994 
3685 233 
1488 233 
1488 582 
582 3151 
3151 2127 
2127 4474 
2128 4474 
2128 514 
107 514 
107 601 
601 1282 
3100 1282 
41 3100 
4930 41 
2126 4930 
2126 3725 
3725 3343 
2428 3343 
2428 3361 
3361 4779 
4779 2285 
955 2285 
955 1691 
1691 3066 
3066 3157 
3157 1344 
1344 4056 
4056 2705 
2705 4363 
4363 705 
705 3389 
3389 1470 
1470 2148 
93 2148 
93 2668 
1213 2668 
1213 2972 
147 2972 
3330 147 
3330 579 
1852 579 
1852 2834 
2834 1935 
1935 2715 
4186 2715 
3642 4186 
3642 1275 
1275 4176 
4176 4998 
969 4998 
139 969 
2701 139 
2701 4800 
2890 4800 
1539 2890 
1539 4552 
2002 4552 
3956 2002 
3956 3978 
2987 3978 
2987 186 
186 2750 
2750 4230 
4230 3670 
2046 3670 
2046 598 
598 3160 
4668 3160 
3381 4668 
3381 2377 
2377 2952 
2952 2368 
2368 3208 
3208 1725 
4845 1725 
4845 3282 
3282 4275 
2798 4275 
2798 2947 
2947 4953 
4614 4953 
4923 4614 
1805 4923 
1805 1693 
1693 442 
442 4339 
4339 371 
371 2973 
2973 4169 
4169 403 
2115 403 
3795 2115 
3795 1928 
982 1928 
3679 982 
3285 3679 
3285 3422 
4184 3422 
2675 4184 
2675 304 
1954 304 
3874 1954 
3874 4987 
4987 401 
639 401 
1423 639 
1423 1650 
957 1650 
1045 957 
899 1045 
3525 899 
3525 4950 
1285 4950 
1401 1285 
1401 4278 
4278 4604 
4604 546 
546 2326 
2326 3390 
2195 3390 
2845 2195 
146 2845 
146 4731 
4731 33 
33 3441 
3015 3441 
100 3015 
100 854 
854 3784 
4905 3784 
1482 4905 
1482 3579 
3755 3579 
3755 3748 
3748 4181 
4181 3666 
3666 1209 
1209 4627 
3855 4627 
2288 3855 
4719 2288 
4719 3197 
3197 3776 
4820 3776 
4820 1796 
1796 2568 
1575 2568 
3879 1575 
3879 4857 
37 4857 
69 37 
3908 69 
779 3908 
2007 779 
2007 4566 
3990 4566 
1660 3990 
1660 154 
154 1823 
1823 4511 
3094 4511 
2016 3094 
4082 2016 
4082 1975 
4297 1975 
4297 4501 
4501 4612 
4612 920 
2848 920 
2848 3772 
3772 2985 
863 2985 
2427 863 
208 2427 
580 208 
3502 580 
4525 3502 
2221 4525 
2221 4523 
2441 4523 
2441 3459 
3459 1119 
2162 1119 
934 2162 
2816 934 
3807 2816 
340 3807 
2169 340 
325 2169 
1723 325 
1723 3080 
2992 3080 
704 2992 
2862 704 
4576 2862 
4576 4309 
2024 4309 
2741 2024 
2741 1985 
4580 1985 
1418 4580 
1418 4861 
4861 3036 
3036 3347 
3347 2443 
2379 2443 
2379 3590 
3590 2671 
4506 2671 
80 4506 
3873 80 
3873 3052 
3052 280 
1204 280 
1204 1468 
1468 3258 
3258 260 
3883 260 
3883 422 
3371 422 
3371 2687 
3019 2687 
1771 3019 
692 1771 
692 895 
895 1433 
3789 1433 
4161 3789 
3591 4161 
2054 3591 
2849 2054 
2849 1758 
1758 2105 
2105 537 
537 4157 
2912 4157 
3941 2912 
3941 740 
740 2784 
2784 3599 
3599 2212 
127 2212 
1068 127 
497 1068 
497 4105 
4105 1859 
1859 2186 
2186 3716 
3716 439 
439 4348 
4348 398 
398 646 
646 3260 
908 3260 
944 908 
1474 944 
231 1474 
4718 231 
855 4718 
1076 855 
3145 1076 
4550 3145 
4638 4550 
3247 4638 
3247 1091 
1091 1512 
1512 2491 
2491 4452 
4452 3571 
3571 3696 
3696 1896 
2145 1896 
4724 2145 
4291 4724 
4291 211 
460 211 
460 4974 
3165 4974 
3165 3199 
3500 3199 
2888 3500 
2888 3038 
523 3038 
1600 523 
1600 419 
419 3178 
3178 2682 
2913 2682 
1451 2913 
1451 1152 
2084 1152 
2253 2084 
4438 2253 
4438 680 
3560 680 
3560 2700 
2700 4694 
4785 4694 
994 4785 
994 1351 
1351 2263 
2873 2263 
1266 2873 
1266 2339 
3706 2339 
2573 3706 
915 2573 
915 4618 
4618 3079 
4655 3079 
3804 4655 
4038 3804 
4038 577 
577 4308 
4308 2724 
3024 2724 
2919 3024 
4693 2919 
4693 2643 
1531 2643 
1531 1608 
1608 3574 
3574 3301 
1009 3301 
4752 1009 
2035 4752 
2035 3182 
3182 1989 
2474 1989 
2474 972 
972 1701 
2885 1701 
2885 2079 
2079 430 
430 4298 
4298 4887 
4154 4887 
282 4154 
835 282 
835 3969 
3969 1180 
1180 434 
1863 434 
267 1863 
267 1981 
1122 1981 
1122 655 
143 655 
3404 143 
2626 3404 
1780 2626 
1780 4979 
4979 3930 
3930 4529 
4529 159 
2398 159 
3699 2398 
3368 3699 
3368 2708 
2708 3412 
2076 3412 
2076 682 
682 295 
3400 295 
165 3400 
165 1447 
3894 1447 
3894 2447 
2447 4656 
4341 4656 
4341 736 
4635 736 
4635 2567 
2567 4304 
68 4304 
1334 68 
1334 411 
411 2533 
2533 464 
152 464 
3578 152 
3578 743 
1920 743 
1920 1907 
2494 1907 
4609 2494 
2930 4609 
3303 2930 
3303 15 
4155 15 
4155 3777 
3777 1697 
1848 1697 
1675 1848 
1675 429 
4160 429 
2331 4160 
3499 2331 
836 3499 
836 2225 
2225 4041 
4041 3093 
3093 3971 
3971 4428 
4428 1245 
2153 1245 
3517 2153 
3340 3517 
3340 1006 
1006 408 
55 408 
55 4336 
4336 284 
3516 284 
346 3516 
346 11 
11 2220 
1305 2220 
1305 3328 
4777 3328 
4777 2756 
2756 1304 
2624 1304 
2703 2624 
3903 2703 
3503 3903 
4197 3503 
4197 4703 
1054 4703 
1054 802 
1574 802 
1574 1525 
1525 2295 
2295 3601 
3601 4020 
3216 4020 
3216 2819 
3113 2819 
1426 3113 
3740 1426 
3740 1255 
1255 2074 
2430 2074 
586 2430 
2821 586 
2821 2997 
2997 4790 
4599 4790 
3486 4599 
3486 2901 
2869 2901 
2869 906 
906 1108 
1108 2317 
2317 3119 
3119 522 
1087 522 
216 1087 
4642 216 
53 4642 
53 4802 
4802 3692 
3692 4688 
4688 2189 
3114 2189 
4103 3114 
4103 1081 
4711 1081 
4711 1688 
3507 1688 
3507 2839 
2839 2177 
2177 1609 
4590 1609 
2272 4590 
228 2272 
228 2808 
2808 3533 
2013 3533 
2013 1783 
1783 2023 
2492 2023 
1694 2492 
1694 3712 
3712 4874 
1434 4874 
1434 1668 
1668 4261 
4261 1241 
4793 1241 
4793 3518 
618 3518 
618 1919 
1747 1919 
4846 1747 
4846 2945 
2945 1945 
1945 4745 
4745 1877 
4447 1877 
3875 4447 
3875 1222 
488 1222 
488 4640 
4640 1833 
4357 1833 
4357 2882 
2801 2882 
2801 778 
778 1295 
2891 1295 
2891 3715 
3715 3428 
3428 4804 
4775 4804 
2635 4775 
2635 3264 
132 3264 
132 1909 
2791 1909 
2791 922 
3452 922 
3452 2040 
2040 1044 
1044 1113 
1113 3819 
1181 3819 
352 1181 
352 1818 
1230 1818 
3899 1230 
301 3899 
301 4803 
4803 81 
2911 81 
2911 239 
239 1969 
1969 2881 
2881 2503 
2503 2068 
2068 1802 
1802 3582 
1837 3582 
3270 1837 
4816 3270 
1700 4816 
2094 1700 
1842 2094 
1842 3884 
4943 3884 
1761 4943 
3564 1761 
3564 784 
784 2190 
2860 2190 
2860 1645 
1645 3180 
3180 3664 
113 3664 
3506 113 
734 3506 
734 2409 
2409 3549 
3549 4808 
4808 1872 
1872 2062 
4591 2062 
4591 1365 
1365 2257 
1626 2257 
1626 3493 
3493 4896 
4896 30 
145 30 
145 2727 
2727 4496 
2122 4496 
4500 2122 
2059 4500 
4344 2059 
4100 4344 
4100 4844 
4508 4844 
4508 4527 
4527 2150 
4876 2150 
4876 1007 
3711 1007 
1211 3711 
2179 1211 
2179 3385 
4707 3385 
4707 4902 
4902 2470 
2470 1740 
1740 622 
3825 622 
3825 2771 
72 2771 
2438 72 
2438 1631 
3477 1631 
3477 424 
424 4681 
4681 594 
594 587 
2887 587 
2887 2180 
2301 2180 
3764 2301 
3868 3764 
4546 3868 
1519 4546 
3413 1519 
839 3413 
839 977 
977 2633 
2633 741 
2199 741 
2199 4982 
4982 753 
1013 753 
4543 1013 
4610 4543 
1261 4610 
1261 4573 
4573 2777 
1538 2777 
1538 4532 
4532 1284 
1968 1284 
1968 207 
1732 207 
1732 958 
1325 958 
2420 1325 
2420 1557 
1557 513 
513 359 
4354 359 
4354 1031 
1031 446 
446 4988 
576 4988 
2000 576 
2000 3429 
3429 4558 
2055 4558 
2055 3986 
2830 3986 
180 2830 
3289 180 
4168 3289 
1179 4168 
2814 1179 
919 2814 
919 4864 
879 4864 
1417 879 
3245 1417 
3245 590 
2477 590 
1244 2477 
1244 2581 
2581 4489 
4489 1682 
1682 4977 
4977 366 
793 366 
4886 793 
4886 3976 
3414 3976 
4111 3414 
4111 2097 
4055 2097 
288 4055 
2098 288 
690 2098 
3431 690 
1516 3431 
1516 4882 
4882 104 
104 1429 
2696 1429 
2696 3348 
4513 3348 
4513 2781 
3212 2781 
3212 412 
1120 412 
1120 1853 
953 1853 
4083 953 
4083 2639 
663 2639 
663 1958 
1958 713 
1187 713 
1187 1553 
1553 1023 
1023 924 
924 2286 
4009 2286 
3364 4009 
878 3364 
878 4522 
4522 3765 
4528 3765 
2175 4528 
3823 2175 
2761 3823 
4021 2761 
4021 474 
474 375 
375 432 
432 1938 
71 1938 
4753 71 
4753 1604 
810 1604 
810 313 
313 2482 
2482 2333 
2333 4260 
4260 4628 
4628 850 
4517 850 
2214 4517 
787 2214 
787 1096 
1565 1096 
4011 1565 
4011 4992 
3454 4992 
3454 3460 
3460 3403 
3403 3346 
25 3346 
25 4959 
4959 3985 
3985 4183 
4659 4183 
4659 178 
178 1572 
1572 4399 
4399 4 
4 1749 
2595 1749 
2595 351 
1355 351 
2038 1355 
2469 2038 
2981 2469 
4318 2981 
4826 4318 
4826 2842 
2842 2653 
4012 2653 
4012 3482 
3482 447 
1480 447 
1480 1136 
2389 1136 
2572 2389 
3737 2572 
3329 3737 
3769 3329 
3769 4579 
595 4579 
2899 595 
3624 2899 
1411 3624 
1411 1030 
330 1030 
330 4799 
4241 4799 
4241 3271 
3271 3296 
2857 3296 
2857 2618 
4119 2618 
4832 4119 
1893 4832 
1893 970 
970 1731 
1731 2312 
1781 2312 
1781 115 
115 2248 
2723 2248 
2723 3943 
3943 4986 
1550 4986 
4270 1550 
1279 4270 
1279 1754 
3010 1754 
3032 3010 
1133 3032 
1133 1420 
1962 1420 
1962 2833 
2833 4729 
3688 4729 
2241 3688 
1109 2241 
1109 861 
861 1000 
4460 1000 
2464 4460 
2464 1577 
1577 638 
638 1622 
1622 3366 
3366 3566 
2222 3566 
3865 2222 
3865 2065 
203 2065 
203 3011 
3011 1186 
1186 4106 
509 4106 
1948 509 
1948 1500 
1500 1644 
1644 1277 
1277 2045 
2045 1321 
872 1321 
872 26 
1258 26 
1258 4530 
4530 4910 
4910 581 
581 372 
4081 372 
4081 2737 
2737 4653 
4653 2083 
3615 2083 
1884 3615 
1884 2570 
4481 2570 
608 4481 
3928 608 
2269 3928 
2269 3281 
3904 3281 
2388 3904 
2388 2968 
3882 2968 
377 3882 
3026 377 
1229 3026 
1229 1924 
3448 1924 
2198 3448 
4762 2198 
4478 4762 
4478 772 
772 2609 
2154 2609 
2154 1034 
1034 918 
333 918 
333 3758 
737 3758 
3830 737 
3220 3830 
3220 725 
725 2936 
2936 3350 
3350 3299 
3299 1588 
2589 1588 
4001 2589 
4001 2689 
2994 2689 
2141 2994 
2141 2910 
3484 2910 
414 3484 
4613 414 
925 4613 
925 2297 
2893 2297 
2926 2893 
2926 3742 
3127 3742 
3127 2329 
2641 2329 
4499 2641 
1547 4499 
4147 1547 
4147 4425 
2851 4425 
1366 2851 
4853 1366 
1253 4853 
2843 1253 
2843 695 
2759 695 
3770 2759 
2151 3770 
2151 4767 
4767 3622 
2328 3622 
3273 2328 
3273 4765 
4765 607 
607 4109 
4109 4251 
635 4251 
635 3909 
3909 3169 
4936 3169 
928 4936 
4715 928 
4715 149 
149 2900 
2900 1206 
2855 1206 
998 2855 
2575 998 
3544 2575 
2360 3544 
2360 897 
897 4933 
4933 4194 
4194 3322 
1597 3322 
1597 12 
64 12 
64 3824 
3824 1462 
3684 1462 
3684 3041 
3041 3183 
3183 677 
121 677 
121 4961 
4961 1722 
1722 4175 
2679 4175 
2679 2627 
2627 4404 
183 4404 
1554 183 
3399 1554 
900 3399 
1446 900 
1446 768 
783 768 
783 268 
3098 268 
3098 4787 
4787 1228 
1228 1573 
1573 838 
838 1276 
1276 400 
400 3643 
3643 2160 
2160 2472 
937 2472 
937 4054 
4728 4054 
4728 1640 
4913 1640 
4913 4549 
4549 4359 
3810 4359 
2366 3810 
2149 2366 
2149 504 
504 3172 
3172 3768 
3768 3467 
1430 3467 
2534 1430 
4555 2534 
4555 156 
156 848 
563 848 
563 1432 
1432 184 
285 184 
1870 285 
1870 3255 
4104 3255 
1256 4104 
1256 1834 
3593 1834 
3593 2640 
2640 4142 
4017 4142 
4017 1140 
1140 4686 
378 4686 
378 1405 
4310 1405 
4310 1292 
136 1292 
136 1235 
1235 1497 
3975 1497 
3975 1271 
1271 1065 
1065 4060 
3697 4060 
3760 3697 
3760 4661 
4661 3337 
1169 3337 
202 1169 
202 891 
891 1613 
858 1613 
858 1586 
1586 1358 
1358 2467 
2467 4238 
4238 244 
244 2371 
4122 2371 
636 4122 
3743 636 
3743 4524 
4524 1596 
1596 542 
542 410 
811 410 
811 1810 
1810 4300 
4300 3887 
748 3887 
748 681 
3633 681 
4461 3633 
4461 1398 
1398 2166 
3492 2166 
221 3492 
1025 221 
1025 3439 
3439 757 
757 2123 
2246 2123 
2246 1309 
4196 1309 
4196 3417 
4968 3417 
1993 4968 
1993 3185 
3185 2259 
4311 2259 
4311 92 
92 832 
832 4885 
4885 3293 
4192 3293 
4192 1489 
1489 2721 
2721 385 
2752 385 
3686 2752 
3686 2249 
2249 2456 
2456 89 
841 89 
841 2549 
2549 2140 
376 2140 
376 2134 
276 2134 
276 837 
837 782 
2745 782 
2406 2745 
2406 1112 
4340 1112 
4340 1501 
1501 968 
1581 968 
67 1581 
67 1699 
4347 1699 
733 4347 
733 3528 
3528 2192 
2748 2192 
2748 1864 
2793 1864 
2793 3324 
4137 3324 
1496 4137 
4445 1496 
4445 4603 
3906 4603 
3906 3277 
3277 538 
2050 538 
2050 4658 
4658 4834 
4834 3791 
3791 3256 
3256 4505 
674 4505 
773 674 
467 773 
467 1647 
151 1647 
1289 151 
1289 2786 
101 2786 
101 2597 
2597 785 
683 785 
683 3630 
3630 1412 
1412 2119 
196 2119 
196 3195 
2552 3195 
2552 2915 
2915 1167 
2665 1167 
2665 144 
144 3996 
3996 4289 
2580 4289 
2580 1414 
3401 1414 
4418 3401 
169 4418 
2014 169 
2014 932 
4956 932 
4956 4616 
4616 2138 
2138 747 
747 2031 
4019 2031 
4019 185 
2600 185 
2245 2600 
2245 4872 
4123 4872 
4123 1897 
1897 4866 
4866 3054 
478 3054 
478 4598 
2325 4598 
4374 2325 
1670 4374 
1670 4958 
2353 4958 
242 2353 
4942 242 
4942 3472 
3162 3472 
317 3162 
4284 317 
4284 1265 
1265 263 
2867 263 
2867 4388 
4388 2382 
2382 664 
2188 664 
2188 3274 
3274 4709 
4709 1862 
1862 717 
3827 717 
3827 1664 
1664 342 
342 1299 
1299 334 
334 2396 
693 2396 
693 2390 
2390 1999 
1097 1999 
625 1097 
14 625 
1379 14 
574 1379 
574 4488 
809 4488 
2530 809 
4650 2530 
4650 3678 
3678 1756 
1756 2378 
2378 3809 
3809 4061 
133 4061 
133 2479 
2479 525 
525 4047 
4201 4047 
3588 4201 
3588 941 
941 4682 
4682 2471 
656 2471 
656 1671 
1671 1135 
4350 1135 
4350 4043 
4043 4657 
4657 3045 
3045 2674 
2230 2674 
2230 4901 
4901 3876 
1653 3876 
1653 2795 
4648 2795 
4648 1792 
1792 3106 
3106 4486 
4486 57 
57 3154 
3154 4600 
4600 4050 
4050 3962 
3962 465 
465 2853 
2853 117 
117 3326 
3326 912 
2323 912 
2323 3309 
2369 3309 
118 2369 
118 2028 
2028 326 
326 206 
2583 206 
2583 1252 
1252 1249 
1249 4873 
2865 4873 
2865 3356 
3356 3753 
1705 3753 
1705 205 
205 4327 
2955 4327 
1636 2955 
1636 3984 
3888 3984 
3888 1528 
1075 1528 
1075 1627 
2728 1627 
2946 2728 
2946 2155 
4423 2155 
3433 4423 
3433 3861 
3861 1708 
1452 1708 
1452 2011 
2011 4454 
4454 2942 
2942 2036 
2036 1778 
1778 3750 
4116 3750 
591 4116 
591 3234 
3234 2486 
2486 4932 
1117 4932 
1117 3074 
3074 2505 
4545 2505 
1856 4545 
973 1856 
973 4033 
4033 4220 
4220 4335 
4335 3179 
761 3179 
761 2621 
2621 1571 
1571 3572 
3542 3572 
1141 3542 
790 1141 
790 2342 
2342 24 
3631 24 
3631 142 
1085 142 
3563 1085 
3680 3563 
997 3680 
997 3607 
3607 3568 
3568 4929 
4929 4915 
323 4915 
323 3977 
3977 3610 
1534 3610 
4597 1534 
4049 4597 
4049 4244 
4244 4533 
1736 4533 
3598 1736 
3598 3609 
2321 3609 
2951 2321 
4365 2951 
4365 749 
749 3035 
2516 3035 
1149 2516 
4371 1149 
2922 4371 
4829 2922 
4829 3251 
4906 3251 
4906 2041 
4312 2041 
4312 2254 
2254 883 
883 4801 
4801 771 
1224 771 
3914 1224 
3914 990 
449 990 
449 3204 
3218 3204 
3218 4670 
1356 4670 
485 1356 
1883 485 
1883 2387 
2387 1658 
1658 4967 
4967 3705 
3673 3705 
3673 662 
662 3505 
3505 3691 
3691 4267 
541 4267 
3535 541 
963 3535 
1718 963 
3797 1718 
3797 3636 
3636 3954 
3954 475 
2964 475 
2964 3242 
3242 2832 
4766 2832 
4475 4766 
543 4475 
3841 543 
1685 3841 
1685 3236 
3236 2242 
2242 227 
2146 227 
2146 4633 
4633 1996 
859 1996 
2356 859 
2356 4259 
4259 3078 
1742 3078 
1742 4863 
4833 4863 
555 4833 
555 1287 
1287 3140 
2037 3140 
2037 3194 
3194 4463 
4463 3972 
4395 3972 
1247 4395 
3370 1247 
3370 3002 
1339 3002 
781 1339 
781 4976 
4042 4976 
4042 4386 
3896 4386 
3896 3641 
3067 3641 
2276 3067 
2276 28 
4485 28 
4485 368 
54 368 
4884 54 
1134 4884 
1134 1250 
2840 1250 
2764 2840 
2764 2332 
868 2332 
868 4732 
4732 518 
209 518 
842 209 
842 4434 
4434 4317 
4317 491 
491 3835 
3835 2663 
2663 1821 
1791 1821 
1791 856 
1093 856 
1830 1093 
1830 3405 
3405 1874 
1421 1874 
4900 1421 
4900 1125 
1125 1661 
1661 4737 
3895 4737 
3895 554 
2929 554 
3219 2929 
3219 673 
673 1377 
3040 1377 
866 3040 
1794 866 
2053 4303 
2141 3484 
335 2698 
4331 4515 
3153 471 
2066 904 
4258 1932 
3868 839 
1965 4086 
588 4575 
606 4520 
3535 3797 
1109 1000 
131 1210 
3880 4991 
1979 2423 
4627 3197 
3993 4780 
3498 4283 
942 356 
3518 4261 
3896 4042 
2777 1284 
2286 1553 
1642 1066 
1265 2867 
4973 86 
2323 4050 
1467 4971 
2492 3712 
4150 2937 
4707 3711 
1542 174 
1548 1218 
4463 3370 
1043 1371 
2858 929 
2770 3129 
4290 4089 
2334 3657 
1624 1303 
3620 714 
1415 1727 
3423 1248 
4515 3608 
622 72 
1698 402 
4091 4673 
1039 3159 
1817 2522 
68 2567 
909 3275 
1231 387 
4782 4924 
3713 3655 
4103 4711 
4890 4159 
481 792 
1795 249 
2456 841 
239 1230 
3497 75 
3679 3422 
353 3483 
1064 1807 
4760 1813 
1635 2293 
396 3628 
175 338 
4270 1133 
768 3399 
1957 1002 
2342 3631 
2538 281 
3851 1503 
3810 3467 
4948 2499 
563 184 
4543 4573 
3144 614 
2374 4345 
4481 1884 
1517 821 
3917 4303 
344 1114 
3127 4499 
987 2520 
73 4733 
4565 2432 
1452 2942 
1432 156 
1126 3473 
2585 1515 
3723 4894 
4812 1376 
4495 1875 
2307 1185 
120 2563 
1636 1528 
1076 231 
4490 4772 
3140 3194 
1495 126 
923 3446 
2990 462 
4017 2640 
1884 2083 
3908 3990 
2154 4478 
1484 3451 
3631 1141 
1146 3131 
4462 4582 
2997 3216 
1709 829 
21 2586 
951 3925 
4306 604 
4911 4273 
2204 2850 
368 4884 
4874 1668 
2940 3365 
4668 2377 
2175 4021 
3477 4681 
1262 755 
1903 179 
2904 1913 
1596 4300 
86 3252 
3500 523 
1293 827 
2186 497 
4435 3866 
4947 1478 
1225 718 
4631 2315 
4719 3879 
3779 2309 
497 127 
1528 3984 
1877 3875 
4334 687 
4557 1679 
264 649 
2226 3754 
4092 3848 
4604 2326 
2816 2162 
4358 3372 
2278 1879 
2451 1770 
1437 4446 
3370 3972 
3697 891 
2637 2450 
3499 3971 
1379 809 
452 1750 
2140 2721 
670 2965 
2225 2331 
444 2809 
1384 4232 
2601 3602 
3834 1769 
3561 2886 
4910 1258 
4489 366 
513 4354 
4934 3402 
3160 4230 
3066 2705 
1765 1137 
1564 718 
4307 3657 
4553 1880 
3065 3283 
3497 312 
36 602 
4307 2260 
4564 4949 
2640 1834 
4123 4866 
4574 550 
1382 4842 
2505 973 
2709 2956 
2018 4188 
2186 439 
3593 4142 
3142 1775 
797 1242 
1408 3137 
2991 2066 
96 3051 
2126 41 
3544 998 
3637 3800 
2152 2424 
314 3149 
4550 2491 
3711 4508 
608 3615 
2647 4292 
239 301 
4648 117 
2821 4790 
2321 4597 
2430 2821 
1903 2561 
2556 4583 
1538 4573 
759 2963 
3257 672 
3819 2040 
4919 1908 
574 1097 
2705 3157 
4002 2018 
2506 3556 
2416 2506 
4802 4642 
1190 220 
4292 2788 
500 3272 
1393 1472 
998 2900 
4514 1328 
2574 1801 
1552 428 
3289 2814 
747 4956 
865 4263 
806 691 
2869 1108 
855 4638 
3002 3140 
1006 1245 
3785 2961 
3163 884 
3633 748 
1815 4692 
1589 1383 
1005 2806 
3312 1221 
2108 2228 
562 195 
1051 628 
4860 2736 
1820 1813 
2329 3742 
3283 1428 
3602 1083 
4914 1551 
1346 2554 
1938 2761 
2852 935 
1547 2329 
3782 2613 
3699 4656 
1897 3054 
2341 2174 
774 2414 
3760 3337 
1819 4683 
174 1388 
4037 1337 
2308 1755 
398 439 
1214 3446 
3776 1796 
2068 1761 
1990 1121 
4377 2630 
4450 1983 
2997 1255 
4500 4344 
388 2817 
3881 4567 
2544 2089 
1755 2792 
3064 1367 
2267 3734 
4030 34 
408 284 
2758 2270 
1492 1008 
298 4675 
2924 345 
2378 3678 
854 3441 
1125 1830 
730 1038 
3874 4184 
450 364 
3376 551 
3012 176 
829 799 
529 4621 
1085 3680 
4845 2377 
2010 4671 
1949 2648 
2089 3283 
42 2733 
176 2940 
4879 31 
4686 1405 
3750 3074 
1972 4177 
1676 2770 
715 1116 
4197 3903 
1326 238 
1184 751 
869 4584 
276 2140 
1161 1785 
32 278 
1260 3085 
3828 1793 
714 4607 
4321 119 
3705 662 
4990 2358 
736 4304 
4524 4122 
3384 2683 
3670 3160 
984 483 
2647 2197 
3279 3253 
4229 4858 
3686 89 
1164 714 
512 4991 
2862 1468 
372 2083 
3360 1773 
1189 3057 
4826 4799 
2064 2805 
4170 4271 
1113 1181 
3821 4040 
3540 679 
4302 4299 
4366 4535 
3378 4436 
2762 2308 
1797 3915 
3277 4834 
2294 1348 
2905 2903 
4333 3230 
4335 761 
4077 2403 
584 2592 
1854 2838 
3928 3281 
3695 2790 
4230 2046 
32 3915 
1526 2772 
2709 632 
2633 3413 
2731 2061 
843 702 
4653 1884 
3421 1663 
3198 1127 
214 427 
958 513 
2212 2784 
2449 3357 
4036 238 
123 4476 
4707 2179 
620 415 
1555 3700 
4405 3184 
2252 4497 
554 3405 
3418 4701 
2852 3012 
2570 3904 
211 4724 
3129 3396 
2550 16 
3889 4165 
4919 1281 
4288 1126 
903 4307 
1510 4675 
286 3651 
4090 4218 
3523 426 
355 3966 
2041 3609 
3054 4598 
3460 25 
1984 363 
4681 2438 
4772 4432 
1918 2006 
4009 878 
3502 934 
1622 3566 
663 1553 
3715 2882 
2745 1112 
3823 3765 
682 3400 
3704 2299 
4759 95 
585 3508 
4912 3230 
958 1284 
1645 3664 
1553 1958 
3472 717 
3791 4505 
1931 3955 
158 70 
4848 273 
1878 3858 
2654 2058 
3738 806 
3174 4150 
2005 666 
1486 4819 
1787 3828 
1890 1217 
2822 2960 
3115 1444 
1825 1618 
332 3660 
352 1230 
4162 2172 
730 4044 
3819 2791 
1305 11 
1073 3547 
758 2053 
908 646 
303 4189 
1467 1825 
3181 4622 
969 4176 
3853 4796 
4631 3243 
893 188 
1958 2639 
2080 4792 
3941 4157 
3086 490 
4963 264 
4507 515 
2988 4225 
3582 4816 
1109 1962 
3843 4010 
32 3638 
1219 3786 
3746 4984 
2884 2130 
2133 1665 
1627 1528 
3975 1065 
4073 466 
1130 4092 
1394 2058 
4514 3920 
2371 3743 
3161 2625 
1465 3689 
2263 523 
2520 823 
1293 1817 
3152 4563 
3039 1042 
1391 2812 
1374 1619 
3330 2834 
102 1983 
719 1911 
506 4685 
4731 899 
1353 1294 
299 3682 
4275 1725 
534 3847 
4711 2492 
1716 2202 
4725 4420 
1864 3528 
3152 98 
3679 3795 
1062 3822 
3142 665 
1335 3734 
2993 1782 
1956 3848 
3351 2061 
1370 1297 
510 204 
1582 1242 
2108 1367 
1690 3480 
1532 2116 
1823 1660 
584 176 
1097 2390 
1641 1176 
3717 4007 
2585 87 
2095 2768 
4941 4700 
4273 2237 
1247 859 
1897 4872 
1444 1953 
1985 3036 
4881 3075 
1257 2772 
2904 4554 
3509 2311 
3990 69 
3131 448 
12 3322 
932 169 
260 1468 
419 2682 
2579 262 
3329 2899 
304 4184 
3699 2708 
940 1816 
4756 3111 
4884 1250 
1913 4601 
3803 2809 
2833 3688 
1249 2865 
1457 1551 
3463 4871 
2546 1067 
2119 3195 
4233 82 
4540 1221 
1413 4756 
1130 4675 
3307 1010 
4275 4953 
925 2893 
4045 2239 
767 2502 
1325 207 
4968 1309 
4977 793 
2703 4197 
1231 1570 
595 3624 
3475 3700 
3376 794 
3259 3062 
2860 3180 
18 730 
1402 2524 
608 2269 
1308 815 
4039 3244 
291 4671 
4824 3320 
855 3145 
4567 155 
1222 3715 
3201 3310 
3757 2628 
3313 1336 
4546 2438 
2786 2597 
1058 2525 
1833 1044 
4851 1402 
2106 4620 
2750 3160 
1881 2637 
4499 2329 
2996 964 
1004 4838 
4368 2592 
618 4846 
3502 2221 
4981 428 
2862 2992 
762 3396 
2482 4021 
2260 2121 
2656 515 
4102 3064 
2354 356 
27 4797 
3448 3882 
4271 3994 
4629 3671 
189 3523 
3766 1157 
4846 1919 
4642 3119 
4039 1459 
432 4528 
462 2579 
3804 3079 
1962 4729 
171 4537 
4925 4962 
1893 2857 
3681 254 
4042 2276 
400 1573 
1435 2309 
482 653 
365 1517 
3070 324 
3357 3425 
122 179 
574 14 
1382 3311 
1762 362 
2354 3057 
406 1930 
4834 2786 
2890 2987 
391 1737 
1142 1677 
2090 936 
4121 2711 
1677 4088 
2530 1756 
1179 3986 
4445 3906 
4223 4608 
2031 2138 
997 4929 
4110 259 
2101 3131 
3050 421 
1995 1739 
230 2407 
3111 4456 
686 1042 
1287 4833 
778 2882 
4603 1496 
4985 2614 
4119 970 
1373 1394 
124 4379 
29 4641 
1623 660 
632 1103 
2812 17 
2952 3208 
3922 2423 
676 3918 
765 3163 
1711 1442 
2639 1853 
259 3284 
3954 3505 
460 4724 
2939 1649 
3706 2263 
4036 4981 
2597 151 
2694 1397 
171 2499 
537 2912 
1191 259 
2113 946 
413 578 
4497 1190 
3139 90 
2037 1742 
1863 1180 
4042 28 
2873 1351 
33 2195 
1859 3716 
4383 1762 
785 1412 
1550 1279 
2539 3989 
549 3905 
4568 531 
1682 366 
4555 563 
2921 230 
2400 397 
68 411 
1856 3074 
1141 2342 
2502 3846 
4340 968 
2420 513 
4601 2392 
426 189 
4896 2122 
4748 1106 
1096 2214 
327 1202 
3811 256 
2275 615 
4360 2290 
56 2754 
4741 2404 
1715 1472 
2313 2136 
619 2224 
2062 4808 
2524 4218 
4687 1663 
2845 3390 
3904 2968 
2002 1852 
1989 972 
1329 123 
3789 3258 
1364 3974 
2022 193 
3366 2222 
633 653 
3814 4143 
1663 1263 
2156 3602 
4816 1761 
3621 157 
3424 270 
2829 1793 
2829 3657 
3259 3667 
423 3735 
2024 4576 
2706 3320 
24 142 
3318 312 
3271 4799 
3633 1398 
904 3224 
2636 2908 
4668 598 
3076 148 
1229 3448 
4995 1492 
3237 2934 
3201 3302 
290 1326 
2043 4144 
4388 664 
2915 144 
2351 4947 
606 2174 
4821 1010 
702 2813 
982 3285 
4216 2598 
3986 180 
2552 2665 
2509 4240 
4981 2954 
891 3337 
3268 4407 
2134 782 
2832 2964 
4048 4473 
4407 3603 
4239 4623 
3804 915 
4211 4975 
2460 2298 
4726 3455 
934 3807 
3801 3407 
4997 539 
1826 3710 
2291 2460 
3137 3198 
1996 2146 
2574 4381 
1750 4955 
120 976 
1748 2916 
1404 4360 
4613 2689 
4244 4597 
4625 3268 
2863 4446 
3520 2316 
1225 1440 
2241 4729 
4599 3328 
604 893 
3787 1716 
2292 1947 
460 3165 
4959 4 
2955 3984 
1683 2565 
735 367 
557 2518 
3606 4337 
1136 447 
626 829 
3510 3481 
211 3165 
4404 1554 
3764 4546 
500 4269 
3501 1651 
3776 4719 
1101 2927 
4596 4171 
3076 1376 
901 2106 
4404 2679 
3109 265 
997 3568 
3737 3769 
4361 2747 
4674 2650 
1446 783 
3642 1935 
263 4709 
4427 2327 
1869 4560 
2386 3652 
2365 3444 
549 3521 
3918 669 
3144 2699 
983 4564 
2650 3470 
4404 1722 
2065 638 
19 1827 
4023 553 
3473 4023 
2194 135 
770 3423 
4947 1998 
1070 2523 
27 2402 
4337 1517 
4832 2618 
2293 4090 
4086 1514 
846 1787 
3882 3281 
3057 728 
3420 996 
1710 2232 
2951 3609 
1102 3803 
465 912 
4383 520 
1086 2940 
2308 2683 
2230 3876 
2699 4865 
534 4048 
338 3137 
838 1446 
1190 2773 
4025 462 
4267 3535 
2871 4326 
3883 3258 
464 411 
3252 3812 
4278 546 
970 2312 
4298 3969 
4261 1747 
1814 2064 
1077 4596 
1288 4333 
3571 1091 
2573 4038 
2601 4796 
4863 3078 
1865 1296 
1426 4599 
3895 1661 
184 156 
758 3746 
969 2701 
280 3873 
2727 2122 
3237 1340 
518 868 
2468 3957 
897 1206 
142 4597 
4382 3702 
4063 4299 
658 1029 
1057 510 
727 3846 
3133 4783 
195 1151 
2127 1488 
4189 996 
2140 837 
4832 970 
3747 758 
3346 4959 
3937 2957 
717 4709 
1376 4063 
3368 165 
1806 3142 
4897 4165 
1872 3549 
1185 1407 
3004 38 
701 1160 
3322 4109 
4161 1433 
1395 2692 
1336 3294 
1397 1646 
4068 572 
3525 1045 
2933 4170 
3202 4333 
1160 1176 
342 3827 
4488 2530 
151 2050 
594 2887 
3378 448 
2118 4444 
4520 3665 
3386 3512 
3201 3710 
3004 2355 
2496 3424 
4613 2893 
2575 2360 
1295 4357 
132 2040 
3753 205 
2278 4571 
1104 549 
3314 1051 
4560 47 
1145 2354 
4805 2009 
4689 2354 
4311 1993 
2957 4431 
387 2291 
1705 1075 
4874 4793 
3683 822 
3343 1282 
2777 1968 
4252 547 
4164 2282 
4206 4662 
4564 3369 
1913 3058 
3235 1704 
2856 3447 
1724 43 
4408 4223 
3137 2359 
1964 699 
2119 3630 
3347 2379 
1395 3201 
3548 4695 
381 4022 
1851 2958 
1364 4007 
4227 4497 
4658 773 
3238 1628 
405 2204 
2486 3750 
614 3365 
1023 1187 
2759 1253 
4795 986 
3572 1141 
640 614 
4480 2813 
4270 1754 
4790 586 
4460 1109 
326 2369 
2564 1579 
582 233 
1695 2669 
3468 303 
2996 3746 
2117 1317 
1605 3959 
4534 2414 
4183 178 
2430 1255 
1375 3210 
2065 4106 
911 971 
1421 1125 
2164 1775 
4750 2009 
1759 3213 
741 4982 
4553 188 
2585 2117 
1713 3708 
1149 4829 
3362 1131 
1810 3887 
3020 3237 
3557 2069 
3178 1152 
3066 955 
314 95 
3316 4288 
1650 401 
3609 4533 
631 1016 
4413 2877 
957 1423 
892 623 
2062 1365 
2556 3318 
1829 2436 
3610 4533 
1746 2020 
953 1553 
2976 1121 
1102 3567 
3486 1108 
3412 682 
1833 488 
3757 418 
3303 2331 
736 4656 
265 1619 
2815 4037 
3769 1136 
4772 2258 
2041 4829 
399 1576 
4259 4863 
1957 3416 
4311 3185 
1446 3399 
1374 4742 
931 428 
2337 1323 
3373 3463 
2954 2066 
2817 21 
3563 997 
4467 1098 
1623 1225 
504 3768 
4854 1639 
513 576 
3916 1027 
3642 2715 
1897 4598 
4021 3823 
2338 548 
1095 237 
1199 4223 
4817 2392 
2126 3343 
3798 1715 
1599 4859 
4880 3207 
2986 2129 
298 3963 
2292 3126 
3746 2565 
2746 2318 
4726 4026 
2628 179 
4718 1076 
587 2301 
2840 368 
2834 579 
2449 2939 
4916 2176 
772 2154 
1019 1851 
225 102 
3628 1632 
1885 4469 
3996 2580 
1667 272 
4641 1667 
2317 2901 
569 1494 
80 2671 
1950 4492 
3782 1066 
4803 1969 
4729 3010 
1482 4627 
4692 2554 
3238 1696 
4358 4361 
4688 3114 
3124 4473 
4863 555 
661 3087 
1053 58 
1970 1288 
3255 1256 
2101 1146 
3743 4122 
171 4855 
2912 2784 
4878 2426 
41 1282 
3555 3911 
2835 3109 
1090 3063 
2779 4897 
3011 3566 
4890 4759 
4170 4185 
1121 3915 
667 4214 
929 3135 
138 4897 
1874 4900 
693 1299 
1518 2495 
3295 3619 
1513 1121 
499 2266 
324 1984 
862 610 
2847 684 
1885 4908 
1639 667 
1955 389 
4765 4109 
743 1907 
4720 1561 
4459 1965 
1405 1140 
4334 1072 
1885 2520 
4477 3729 
613 1202 
698 2392 
1104 1762 
3527 727 
859 4259 
323 1534 
4821 2310 
2997 4599 
2258 4432 
1802 3270 
1206 4933 
938 4893 
4434 1339 
1006 836 
1548 633 
1783 1694 
3455 1485 
3428 2891 
4245 3703 
3889 3508 
1260 1170 
3832 2967 
3003 2056 
4609 15 
2297 414 
2520 4469 
1636 4327 
2436 1131 
2522 1182 
822 315 
3517 1006 
1261 4543 
53 522 
1655 2763 
1598 1494 
3716 4348 
3991 77 
686 2419 
2141 4001 
3410 4008 
823 3112 
4861 1985 
3628 4754 
4770 3628 
123 4792 
1893 2312 
1668 1241 
3557 3934 
4799 2618 
3915 4623 
4799 2857 
3842 314 
4176 139 
490 2709 
3595 2648 
3597 3669 
1359 4828 
4983 4473 
1769 3608 
4183 4992 
927 3858 
3037 4329 
1257 4211 
1346 1846 
3692 2177 
2283 640 
3931 3206 
1148 2998 
2152 2086 
1737 4541 
4470 286 
1568 2114 
932 4418 
4208 1875 
978 4770 
882 1595 
4527 4876 
239 1802 
1318 286 
4344 2122 
2438 2470 
3566 3865 
3416 3298 
1462 64 
1819 1706 
1762 3905 
2127 582 
1491 3253 
1056 1166 
2170 91 
2128 601 
659 494 
1279 3943 
1030 4799 
4616 932 
3878 1953 
3321 3386 
2279 2501 
2420 207 
3074 4932 
1849 3912 
2141 2689 
4967 2387 
3273 4767 
4351 277 
4804 3264 
692 2849 
3019 422 
4859 849 
3658 3136 
1668 2272 
1709 2468 
3646 4091 
2831 907 
4653 4910 
3895 3219 
2696 1516 
4084 2330 
4387 2579 
1874 1830 
3262 4193 
372 4530 
424 72 
2053 913 
3522 1029 
3327 1165 
4116 1528 
1480 3482 
47 564 
2642 1288 
3655 1422 
912 117 
2698 2185 
4701 3522 
363 328 
1775 665 
4639 2546 
1154 220 
835 4154 
1684 82 
2450 384 
3835 4317 
273 2522 
1948 4106 
758 2996 
2412 1182 
4550 1076 
4050 4486 
3349 4403 
3320 4995 
803 2247 
1422 1542 
4085 1922 
1449 951 
1704 4764 
4338 3704 
3945 2732 
4462 2093 
3346 4992 
1077 3625 
248 516 
2506 4722 
1807 4008 
3023 1490 
3826 4229 
3456 1106 
3243 1397 
2973 442 
534 4294 
2083 2737 
924 1553 
2093 4582 
1654 3780 
3563 4929 
1072 3586 
2017 2358 
1174 3687 
3906 2748 
944 3260 
393 2596 
4377 4847 
2531 1176 
1078 1343 
2964 4766 
4207 926 
3890 993 
3944 2824 
292 3718 
2371 4238 
1638 40 
589 4465 
1887 2950 
785 1647 
3950 3235 
614 1589 
700 1513 
841 837 
4532 1968 
1292 1405 
1043 3033 
1709 3057 
4075 272 
3202 13 
386 3201 
1370 2984 
2884 4453 
2468 2599 
2053 473 
3666 4627 
2647 4424 
4829 749 
2944 1067 
1355 2981 
1417 919 
2208 3488 
2311 175 
2097 288 
4972 2660 
2297 4613 
2386 4792 
1401 4604 
4238 3743 
4351 4918 
4375 3369 
1850 1216 
2993 1944 
1182 4916 
96 4089 
4678 3701 
2760 727 
4895 2402 
2897 4369 
4783 318 
1456 2768 
4834 538 
2059 2122 
4907 2513 
435 1533 
798 2824 
3209 2636 
3304 1561 
2427 2007 
4782 2267 
1120 2781 
2321 4244 
2801 3270 
4498 1147 
3128 4073 
3152 1801 
1571 761 
308 898 
175 3275 
3875 2945 
4696 3268 
2567 736 
142 2342 
699 1221 
934 1119 
2655 380 
1320 1930 
2927 3175 
4881 945 
182 2453 
3722 4879 
2321 4312 
2158 1164 
3607 3680 
3578 464 
1557 359 
3635 1138 
586 1255 
1198 2082 
3703 20 
4803 2881 
1178 4553 
2307 2255 
2695 815 
2179 1740 
378 4310 
2957 122 
1529 1078 
1134 2764 
2639 713 
3244 1459 
4918 277 
4570 3831 
532 1589 
1021 4620 
4116 4454 
103 2280 
2411 1643 
4873 205 
1497 1271 
1262 155 
1525 3216 
45 2587 
1199 1906 
1239 1770 
3674 3646 
2953 678 
4476 1329 
3328 1304 
158 3938 
504 1430 
1532 3164 
3361 3343 
2189 4711 
4576 704 
2181 4909 
143 1122 
427 964 
1765 3213 
781 4042 
4980 3184 
4278 1045 
2139 3501 
1434 4261 
4720 2642 
3229 4671 
2326 146 
2156 315 
2489 3008 
377 1924 
2373 3352 
2993 1798 
100 33 
3018 4571 
3635 3039 
4678 1357 
3949 391 
2704 2352 
2224 3447 
3507 1609 
3323 3153 
434 3969 
1202 2713 
4793 1919 
67 4347 
3598 4533 
2150 1007 
4081 3615 
1650 1045 
1154 1955 
2333 810 
4583 777 
1572 4659 
3717 4769 
4458 3602 
3509 3846 
3697 4661 
4824 189 
1435 2087 
4415 4450 
104 3348 
2006 258 
4950 2326 
4442 1422 
3986 4558 
4181 3755 
1654 2591 
2214 1565 
132 2635 
469 2460 
958 4573 
4050 3326 
4996 3644 
3981 1008 
107 2126 
1609 2272 
2624 4703 
3387 2939 
4398 886 
3297 592 
3602 2061 
571 397 
4608 4213 
1379 2530 
2089 4382 
4671 1082 
3677 482 
4452 2145 
4460 2723 
1371 106 
4331 3008 
4131 2962 
4432 3164 
4057 808 
1321 1948 
2241 861 
3803 3927 
1718 475 
1375 3353 
1158 956 
2891 2882 
3624 3737 
3123 611 
759 4925 
1022 4895 
1854 2047 
1754 3032 
3691 3705 
4889 4415 
1275 4186 
2642 1495 
3752 4969 
2712 2372 
2893 2329 
2912 1758 
1368 2451 
2928 4769 
2992 2024 
146 854 
357 742 
4263 63 
3393 4248 
4475 1685 
588 3228 
2609 4762 
4267 3505 
1792 1653 
4909 3298 
4309 3080 
1128 2924 
4018 886 
2391 3014 
4625 4696 
3340 2153 
1905 2512 
1488 3151 
4111 4886 
901 1764 
2650 814 
3093 4428 
4214 2026 
4488 133 
1516 2098 
3553 2090 
1708 3433 
1919 1945 
2034 602 
2068 239 
1690 4971 
2556 312 
1940 1073 
3680 142 
1393 3290 
1056 4919 
967 1768 
1863 4887 
2854 3250 
1848 429 
4081 581 
1973 2524 
3917 192 
2198 333 
3747 1683 
1336 2213 
2798 2377 
3106 2323 
915 3706 
4942 3162 
4401 561 
2644 3463 
1291 1683 
4025 2916 
3131 3378 
2758 4492 
740 537 
512 3530 
884 2170 
3218 449 
1101 3483 
4702 4031 
1532 1886 
785 3630 
354 1785 
3159 1165 
3444 134 
2198 4478 
4389 1199 
1365 2122 
855 944 
1641 1524 
1573 268 
1742 2356 
653 520 
2727 1626 
3068 2539 
759 4962 
4901 3045 
4427 2113 
1824 3838 
1642 3782 
3953 362 
1697 4155 
904 238 
4757 7 
4777 1304 
1243 2327 
2231 889 
3772 2221 
726 4572 
461 1957 
3889 1908 
1554 1446 
4723 195 
3351 3853 
3209 629 
4306 3253 
1561 2108 
687 2655 
1598 2231 
2441 1119 
4552 2890 
2213 2071 
1605 684 
3640 2659 
176 2804 
4536 3704 
4159 2563 
3856 1510 
4494 1963 
3044 4249 
4628 4959 
3372 4048 
773 151 
4456 2020 
1963 2712 
4007 1320 
2316 524 
4683 803 
318 1443 
4301 3475 
3252 812 
1924 4910 
2700 4785 
898 3920 
762 391 
3906 538 
3328 2756 
4612 2848 
4116 1778 
2670 3538 
415 3798 
1550 3032 
4054 4913 
4752 3182 
4456 1746 
1992 4397 
1178 108 
4483 437 
2942 1778 
1108 4599 
3040 673 
178 4399 
314 3128 
3381 2952 
2934 2518 
2565 2053 
3683 4796 
1755 2513 
98 2602 
475 541 
993 4256 
3703 1177 
3723 1168 
1067 2006 
1736 4597 
1808 1703 
3610 4597 
659 650 
3224 3729 
4941 1579 
2979 1860 
856 1830 
4674 2158 
4628 71 
3293 2456 
4265 134 
2576 4120 
704 2024 
685 721 
4914 2458 
104 4886 
145 4896 
38 1542 
1894 4465 
75 1298 
3970 3034 
3243 1022 
552 3754 
3145 2491 
1872 734 
2207 1966 
3235 3726 
4972 61 
629 1808 
1881 2906 
2477 3245 
690 1516 
1993 4196 
2366 504 
868 2840 
1407 3521 
2123 4968 
4554 4601 
2066 4134 
4528 4522 
3422 2973 
1108 53 
2786 3630 
4362 2906 
1820 1290 
1674 4781 
1211 1007 
3122 3250 
656 941 
1932 3730 
4234 2730 
3852 175 
3155 1162 
3106 1653 
4420 2685 
167 4287 
4283 2340 
3144 1086 
1188 597 
4905 854 
4029 2168 
4923 3282 
1917 1748 
2913 2253 
1149 3609 
4834 4505 
2063 2421 
1493 3843 
4002 2454 
1700 1842 
2644 2896 
1979 2113 
1819 1836 
3980 4022 
769 869 
3740 586 
2311 1976 
3740 2821 
2190 3180 
3508 138 
1213 93 
450 2692 
1607 3357 
1428 3557 
2642 2555 
262 3665 
3645 1409 
1656 2442 
4463 1742 
3926 1828 
4025 4084 
3625 4504 
3183 121 
1979 3468 
3806 3781 
3188 4467 
1840 4665 
414 925 
2187 1908 
4766 543 
3291 2766 
2028 2369 
1964 4540 
1129 2496 
3220 1034 
2847 4158 
2770 762 
1615 4483 
1668 618 
940 4951 
3700 4301 
2552 1167 
4536 2299 
2595 1355 
2770 3396 
324 2619 
4770 4750 
3216 2295 
1343 4480 
758 964 
2975 1638 
2043 3246 
1176 2953 
2642 1530 
2667 1607 
4134 290 
1696 4632 
1489 221 
3039 1005 
4691 2187 
617 529 
3169 928 
1029 1471 
4686 2640 
4854 4214 
4414 1220 
2041 2254 
1890 3175 
1389 1197 
700 1121 
1860 1384 
775 2304 
469 4914 
1210 4118 
763 1712 
735 374 
4428 4041 
785 101 
3963 1523 
4890 2685 
3669 386 
4161 2054 
1664 1862 
1389 2642 
2762 2558 
4702 4778 
4107 572 
2653 4826 
4461 3492 
3577 3027 
3346 3985 
777 1526 
4170 225 
4431 756 
685 2461 
2200 1639 
1515 2566 
1224 4801 
3096 3513 
4737 1791 
2207 4110 
1878 983 
4718 1474 
2601 2803 
3383 150 
1143 4483 
1138 1005 
4589 4326 
2306 355 
230 605 
1950 2270 
2558 4269 
346 1305 
4990 4700 
3703 3605 
1079 660 
1136 2572 
3288 766 
3384 1912 
792 1746 
4031 2425 
4070 4470 
3743 1596 
685 4466 
2471 4043 
55 3517 
1670 2325 
3483 1779 
4838 4413 
298 2266 
2298 469 
3973 302 
3838 4233 
1471 1437 
1323 2704 
348 1566 
129 612 
914 917 
3095 877 
2292 2500 
1893 1731 
1782 2500 
4403 4029 
512 61 
571 4216 
4023 2654 
1440 718 
4444 2453 
2245 4123 
2795 57 
417 3898 
2280 2461 
1429 4513 
3806 4667 
4290 3547 
2038 4826 
1791 3835 
1086 2908 
845 1441 
2523 2917 
2199 839 
4177 487 
941 525 
365 4207 
1658 3673 
4449 1666 
3756 353 
3557 1291 
501 4756 
2964 3636 
1180 835 
1271 136 
3778 629 
4779 3343 
4607 1825 
4008 4048 
2849 2105 
1599 2538 
3729 1370 
446 2420 
450 3640 
4660 3333 
1762 3953 
529 4969 
4309 2741 
3645 1419 
2871 4379 
3960 2916 
1054 4197 
4043 2230 
1471 2509 
3421 756 
2063 482 
400 2627 
3171 3817 
2761 3765 
1053 657 
2924 4051 
4549 4728 
3930 2398 
4182 1436 
3919 4850 
4448 2490 
2749 3027 
4829 4371 
3944 3207 
1825 3550 
3296 4241 
4213 4030 
2427 3772 
3182 972 
1330 2636 
1810 1596 
1883 3218 
1901 2670 
4315 1378 
921 3869 
554 3219 
4537 2095 
3581 1712 
518 2332 
2937 880 
882 4266 
3452 2791 
26 4530 
4189 2383 
2602 2247 
4119 2857 
4667 3845 
2802 2506 
901 1905 
89 2549 
4583 36 
2211 2647 
2277 3068 
141 96 
2789 2877 
137 503 
3195 2915 
4988 2055 
397 363 
1786 2820 
1186 203 
947 3767 
172 1595 
4968 2246 
3817 4516 
1499 1373 
4115 245 
3898 3959 
3446 3925 
2395 2194 
3127 4425 
1775 1174 
4430 1114 
4628 787 
1344 3066 
3803 3313 
237 659 
1789 993 
4307 1103 
4162 3752 
3648 4144 
4790 2901 
1843 4945 
2748 2793 
789 665 
2556 4919 
4096 967 
4096 530 
1379 2390 
535 4975 
3779 619 
639 1650 
571 2619 
2447 4341 
3493 2062 
4481 3928 
1623 153 
1275 1935 
4740 1391 
2773 1689 
4416 3611 
3404 4529 
1621 3856 
4802 2189 
4183 4399 
613 4132 
1864 1581 
3803 62 
348 4759 
1636 3888 
1043 1248 
4710 311 
270 3123 
4282 4818 
3533 228 
3199 1451 
2945 1877 
4916 273 
941 2471 
467 4505 
2918 548 
719 2620 
1807 3124 
2922 3251 
3218 3914 
4781 701 
260 1204 
2862 2741 
4251 2900 
3133 2404 
3644 1273 
1517 1464 
4712 4057 
4097 3230 
4056 1691 
4800 1539 
2377 598 
4209 3950 
4337 3640 
52 2104 
1539 598 
360 370 
381 2419 
1875 3510 
4406 3520 
1482 3755 
1898 762 
2013 228 
1231 466 
3477 72 
1956 661 
3468 905 
4880 4783 
4171 1077 
1574 4790 
4771 2092 
4260 3403 
2711 70 
3530 4924 
4039 4725 
249 1696 
1789 929 
3580 2018 
3815 4189 
3071 947 
4648 1653 
4201 525 
2272 3507 
2772 3341 
3471 4948 
4988 359 
3578 4609 
756 1015 
4626 1303 
4655 915 
65 1759 
3210 3597 
2044 2223 
4767 4251 
3189 947 
858 3760 
1666 4673 
3258 280 
4533 2951 
1067 4307 
1994 3222 
4440 2061 
276 782 
3007 1308 
2614 2109 
4997 4878 
131 4118 
1737 1898 
2310 4696 
1651 715 
3190 1555 
4620 1943 
1386 4247 
137 2489 
3980 4531 
2765 4132 
261 4754 
3677 653 
3908 2007 
3698 3555 
535 4680 
90 2805 
4938 1403 
3428 4775 
2007 69 
3301 4752 
3008 3057 
2152 714 
4165 3209 
432 4009 
1487 3211 
245 2809 
4372 614 
3705 2387 
3988 1739 
3068 3989 
4877 1755 
1395 1464 
2033 1651 
523 419 
4248 1641 
4306 1880 
3085 788 
3014 102 
3212 4513 
3749 2111 
267 1122 
40 4384 
4939 2806 
2397 1153 
1653 117 
1512 3247 
1547 2641 
2677 1248 
626 3957 
3670 4668 
932 2138 
4346 3779 
3985 3460 
2586 4895 
1069 1003 
3034 4639 
598 3381 
2358 2758 
588 3614 
2569 2320 
3747 3158 
1340 634 
3332 3221 
183 838 
375 4021 
4748 4730 
3033 4716 
1626 4591 
878 1023 
2789 1552 
4458 4440 
1570 387 
81 1230 
2424 1766 
83 2075 
2742 2365 
1357 4139 
4329 3005 
3146 445 
2838 2047 
4009 713 
1169 1358 
2230 3045 
3472 4284 
4522 3364 
1990 1797 
352 1113 
2646 2026 
3212 953 
4189 851 
81 301 
1966 1191 
2212 497 
1889 4781 
658 2147 
2323 1249 
7 3421 
1568 4746 
1034 3758 
3697 1497 
3688 1109 
2463 1154 
552 4712 
521 3922 
1006 55 
4497 2773 
3093 1245 
759 3308 
399 3608 
1409 4045 
875 256 
1436 163 
4220 2505 
2187 672 
2441 2221 
4793 1668 
539 235 
1126 3316 
3714 2106 
1695 4320 
303 1281 
1527 2782 
2414 1014 
3389 1344 
2627 4175 
3149 786 
4872 3054 
766 751 
4469 3112 
4369 1612 
3990 2007 
1726 2392 
521 4293 
1961 732 
3759 2944 
4732 4884 
1736 1534 
3882 2388 
1557 1325 
4354 4988 
1389 1624 
3295 2318 
1726 3638 
2011 2942 
2723 4986 
4883 2838 
3238 1724 
1049 3027 
3335 4215 
3912 3530 
1224 883 
842 491 
4782 589 
1123 4448 
2644 1510 
1799 1880 
708 484 
2232 2176 
2680 789 
2413 678 
3953 4078 
450 386 
4821 3221 
4391 4255 
2244 4048 
2613 4398 
4511 3879 
676 4432 
2486 591 
1276 4054 
2967 4894 
4844 4527 
3803 3294 
3910 1632 
2148 4056 
2105 4161 
2413 4781 
2164 2184 
3273 4251 
1039 3917 
1798 2602 
3953 3677 
3321 2934 
4743 1342 
1044 3819 
2681 1290 
4539 874 
4351 433 
3955 2616 
4478 2609 
589 1335 
655 3404 
4357 2635 
423 2030 
54 4485 
931 63 
2149 3810 
2328 607 
18 1038 
1928 2115 
4040 3877 
2646 667 
1574 2295 
1883 3673 
3972 1287 
4260 810 
776 1755 
3874 3422 
2252 2395 
869 3926 
3621 3813 
140 3376 
435 1437 
1315 2615 
1618 3237 
1119 2816 
4359 4913 
2357 140 
3127 2926 
4934 4294 
37 1650 
2845 2326 
1059 2963 
4144 2706 
4344 2727 
4614 2798 
3545 31 
2222 1186 
1633 2268 
4260 432 
4238 1358 
3951 3181 
3550 3020 
1171 3927 
4765 3622 
4553 4449 
3199 2888 
1418 2054 
91 1966 
1685 1718 
2104 687 
1009 1608 
2608 4018 
811 4300 
4336 1245 
1049 3690 
3715 778 
268 768 
2114 2112 
747 932 
2031 185 
2468 292 
4001 1588 
28 3067 
2746 3869 
394 4468 
3191 3919 
2631 3089 
4566 779 
429 2331 
1244 4489 
1477 2006 
954 774 
3642 4998 
1635 455 
1921 3703 
299 318 
4092 3548 
4106 3566 
3581 2197 
1026 140 
589 83 
444 654 
2479 3809 
3950 726 
1284 2055 
3558 2977 
4261 4793 
1480 2389 
3549 3506 
2270 4700 
1270 4077 
4649 1930 
2479 2378 
1403 3949 
4953 4923 
4549 2366 
963 2922 
4950 4278 
1085 3631 
1947 2504 
4836 3891 
4954 4078 
1747 1945 
3644 1894 
4476 2974 
945 3075 
4067 2495 
3220 2994 
3233 3485 
28 368 
4066 2712 
2325 478 
750 384 
3050 3644 
1046 4712 
2611 510 
946 4249 
4160 4428 
2033 707 
433 3171 
2705 1344 
3212 1853 
4575 569 
357 1582 
3255 1432 
1300 1291 
2340 3377 
77 3774 
2635 922 
1123 1961 
2769 4401 
2742 258 
4836 274 
4351 3378 
2876 3746 
4215 2836 
1303 1970 
2962 2459 
3587 3674 
1951 198 
85 1875 
2809 4400 
2308 3043 
1500 4106 
4786 3562 
3975 136 
4183 1572 
579 147 
2749 2960 
3810 3172 
3661 2411 
3527 644 
2704 296 
2191 2047 
3238 4596 
4574 936 
1986 3989 
840 4531 
4297 1823 
1462 3183 
3476 1415 
335 2747 
2473 1807 
2573 1266 
2260 4067 
3970 3759 
3754 3023 
4276 4144 
432 787 
3898 2290 
1087 53 
1531 3301 
899 2952 
524 2658 
1747 2945 
2750 4668 
1555 235 
1296 1579 
2599 137 
151 467 
4494 578 
1339 4976 
244 858 
3558 4044 
2870 1941 
565 1905 
4872 4866 
2268 3099 
1687 1043 
1371 1248 
4232 992 
3926 40 
3571 2491 
3416 1949 
4486 1792 
1785 685 
3191 2265 
4923 2046 
360 4480 
1023 713 
1145 1576 
3755 3666 
1907 3578 
3529 3142 
1516 288 
3669 3710 
1743 4938 
4104 184 
4475 2832 
1694 2023 
908 4718 
2986 3843 
4344 145 
2777 1261 
4954 3757 
1665 4735 
725 4001 
4783 1151 
174 354 
2423 4293 
3814 4996 
4480 3029 
4142 1834 
70 4421 
4558 2830 
4030 791 
2992 2169 
2361 4305 
885 2033 
4523 3855 
3311 3596 
842 518 
3759 1518 
2849 4161 
2871 4888 
2324 2856 
826 2219 
2328 4765 
965 4352 
1701 1989 
2059 4844 
1238 2749 
3307 23 
1571 3179 
3986 879 
275 4421 
3439 2123 
3890 471 
4719 3855 
1379 4488 
3708 726 
611 1615 
662 1883 
4941 2564 
3405 1093 
3906 1496 
2888 523 
2079 1989 
3914 883 
150 480 
545 2763 
1184 4208 
432 1604 
4940 3898 
3740 2819 
2221 4082 
879 3245 
3008 3646 
3010 4270 
363 324 
4265 3545 
3025 356 
3352 2298 
475 2146 
230 2318 
2046 4668 
2580 3401 
4700 2758 
1552 2877 
2609 1034 
4650 1756 
4361 2999 
1040 1106 
940 2527 
748 4300 
3027 1568 
4201 2479 
2178 1860 
374 4228 
1386 3981 
1388 3004 
3403 3454 
935 1330 
4248 1679 
2018 3739 
4670 3204 
610 1010 
2428 3725 
4468 2338 
891 1169 
2313 528 
971 2434 
1064 3124 
1704 1713 
692 1433 
203 2222 
3440 1175 
2955 205 
60 2089 
1671 4350 
2979 4685 
537 2054 
2323 206 
3547 1940 
3679 442 
2733 4947 
4537 2854 
2668 3389 
282 3969 
3188 4440 
3330 4186 
1238 2822 
4650 809 
439 646 
2665 4289 
91 884 
471 4647 
3722 1607 
3041 64 
3016 34 
3738 898 
3032 1279 
2577 1029 
3024 4693 
1183 4925 
4550 1091 
1627 3888 
1683 214 
4283 198 
1799 2610 
1206 998 
4726 4695 
2564 4705 
30 2727 
2675 4987 
190 4649 
1135 656 
4061 2479 
1250 2764 
1883 1356 
1112 968 
1621 4726 
3854 4557 
2830 4168 
2299 4338 
4260 313 
137 394 
1478 1296 
3666 3748 
2383 3420 
3413 977 
3814 2906 
3505 3673 
4618 3706 
4793 618 
4929 1736 
3676 1357 
2855 2575 
2990 3973 
4648 465 
644 3509 
4803 352 
3145 4638 
4192 832 
3582 2881 
1595 3184 
3390 146 
4826 2981 
1165 1170 
1222 1877 
4223 1669 
2442 3064 
4270 3943 
2406 4340 
3159 4749 
684 200 
2615 2178 
199 612 
1913 2532 
2573 2339 
4128 3621 
377 608 
15 429 
2624 3903 
4769 943 
1590 3017 
1162 885 
3353 3201 
466 812 
1374 204 
1415 649 
2466 4360 
3233 2577 
4247 1814 
4610 1013 
3798 1393 
986 3509 
2270 39 
3664 2860 
661 1363 
4778 2340 
3004 2732 
2188 1664 
2298 4914 
4066 2372 
4001 377 
2860 2409 
1742 4259 
1451 2084 
1797 1121 
4475 2964 
238 2789 
292 2439 
2459 1316 
4594 1463 
3279 2 
4474 3151 
1527 688 
4560 3081 
1814 2706 
430 4887 
1700 3270 
2321 3598 
2602 2993 
609 4786 
2987 3956 
3595 617 
3251 2516 
1406 4227 
4431 1385 
3169 1462 
2840 2332 
1756 3809 
2301 3868 
1270 2305 
3570 3318 
2518 853 
3272 874 
734 3549 
568 4723 
377 1229 
2132 2292 
2719 320 
2393 2734 
3154 3106 
3628 2504 
3801 3818 
691 1328 
3972 3140 
1600 1152 
623 2768 
2060 3852 
1149 3251 
3683 3602 
3828 3017 
1782 1139 
2033 2525 
1168 2630 
2107 2500 
4573 4532 
2509 2863 
3402 2056 
1956 1363 
1830 2663 
1419 3559 
1510 1046 
1817 4382 
2577 2025 
3429 2055 
4615 1799 
2746 2739 
2056 3372 
2058 4023 
3514 2989 
3326 2323 
4795 1208 
612 2967 
1253 1547 
4703 1574 
1441 1765 
3397 4741 
3624 1136 
2180 741 
200 300 
1464 2659 
3355 1514 
629 3889 
2249 89 
3530 1849 
1242 3229 
2188 2382 
490 2495 
2060 2631 
1521 4710 
585 1166 
1527 124 
4734 2908 
1409 3580 
2713 1635 
3312 1601 
992 2178 
1737 4377 
1897 4374 
4369 561 
3337 4060 
2170 3418 
3342 2654 
1377 2929 
633 4078 
4284 263 
4800 139 
242 1664 
263 4388 
155 4135 
2388 2570 
2930 2494 
1141 1856 
3636 543 
3471 892 
625 1379 
3129 1898 
4018 1642 
180 1179 
145 4496 
1147 3612 
2003 4909 
1257 2692 
1958 1853 
23 1624 
583 666 
848 1432 
705 2148 
4054 1640 
983 550 
491 209 
3494 1486 
275 3070 
4115 2809 
1417 4489 
148 150 
172 3184 
4023 1126 
2472 838 
1211 3385 
3070 4121 
485 1658 
3874 546 
2827 3671 
2722 3605 
3852 4507 
85 481 
4523 340 
4213 791 
4330 2623 
216 906 
2544 1817 
3627 1188 
4874 1694 
4649 4007 
3931 4068 
1030 3624 
2052 1803 
3869 3695 
1185 2255 
2438 2771 
1212 1437 
2472 4054 
4205 1402 
537 3789 
1179 3289 
3610 4049 
2654 3462 
3240 1558 
3446 4497 
3736 4651 
3832 2838 
4507 1484 
3956 2701 
697 3360 
184 1169 
4300 681 
1351 2700 
4492 3545 
3513 360 
1766 2158 
4017 4686 
1808 2699 
3658 4637 
4974 4724 
106 2733 
1729 4922 
1102 354 
2482 810 
3681 2685 
4505 773 
860 1114 
3299 3220 
3649 653 
1243 3968 
4413 1392 
3310 3359 
4328 1005 
4194 897 
2363 1396 
655 2626 
384 367 
3662 4651 
1353 567 
3034 1067 
2512 3042 
3201 3359 
900 4404 
4045 1419 
4673 3646 
667 4367 
1599 1465 
1494 1188 
3938 4264 
458 1443 
94 2223 
4334 168 
2739 3869 
4748 4290 
479 124 
733 2793 
1302 4375 
3082 1687 
606 4200 
359 1031 
3971 4041 
4020 4703 
3713 1388 
2382 3162 
2584 4206 
237 2281 
1522 3796 
4307 2944 
1008 2706 
4105 2186 
3431 4111 
4160 1675 
2279 4283 
2748 733 
1591 162 
1994 1459 
2288 4181 
4058 3494 
1494 2231 
4092 2932 
489 194 
3540 3852 
3224 1392 
2074 2821 
2441 2162 
2079 2035 
2856 3355 
1135 4657 
610 3603 
3912 1655 
2016 1975 
3094 1660 
518 4317 
2525 3501 
840 1384 
3154 4050 
973 1117 
1920 2930 
3036 2443 
4217 2233 
718 2790 
153 2262 
2123 4300 
585 3889 
3233 1601 
1256 3593 
2180 3868 
230 3869 
27 1646 
2541 4387 
1365 3493 
134 3357 
2712 4462 
2897 3207 
4931 4815 
1014 2970 
2766 628 
4306 1799 
4988 1031 
3954 2964 
1214 1689 
3019 1433 
3648 2805 
3780 2591 
4158 116 
1958 4021 
4408 3016 
2135 701 
192 3708 
116 2466 
4238 4524 
1351 680 
4801 2254 
4656 3894 
2578 190 
1961 381 
2439 4468 
4388 1265 
602 4975 
3082 4578 
909 3198 
1962 1279 
1334 2533 
235 3700 
4051 2856 
474 3823 
1737 2163 
3961 4623 
4545 973 
3028 1330 
2065 3566 
644 2129 
460 4291 
2972 3330 
4147 1366 
589 61 
120 314 
3608 3834 
1909 3428 
3927 4841 
1795 4229 
2297 2926 
1309 3417 
2972 93 
862 1197 
2282 2224 
603 561 
2412 4128 
4047 3809 
3967 2416 
1382 3596 
1242 2129 
2293 2524 
2414 2970 
394 799 
1472 3798 
1415 1951 
4647 1867 
2984 1475 
209 1125 
769 616 
1992 1729 
1177 4467 
1004 2991 
560 4235 
2566 1738 
3570 2335 
1227 1364 
1977 2755 
1303 3304 
3100 3151 
4941 2017 
1271 3697 
1141 1571 
412 2781 
2302 4824 
1253 695 
1154 3584 
3555 3393 
3618 3029 
2709 903 
4749 4255 
4647 825 
1284 1538 
2243 2335 
280 1468 
1220 4526 
3515 1533 
4011 3454 
1349 3738 
4207 3164 
2604 4827 
3341 4680 
3677 1147 
3642 969 
3620 4814 
4230 1539 
2035 3024 
4016 2716 
381 4286 
2719 128 
3439 1309 
939 1927 
1429 3348 
4329 1790 
3689 698 
3293 92 
1099 729 
2097 3976 
2598 4118 
1391 3478 
748 1596 
3086 2121 
134 3545 
4253 420 
992 2483 
2327 75 
4311 4968 
4446 1966 
1613 1358 
3615 3281 
798 3733 
4238 4122 
1519 839 
1604 2482 
2309 4051 
548 3112 
3309 2853 
3280 4389 
694 1585 
613 455 
1983 1323 
2565 4510 
2057 4258 
2584 3181 
1164 4674 
4387 2043 
1819 4332 
77 3814 
364 386 
2870 16 
3113 1525 
1233 1380 
2031 4956 
1474 908 
4734 2779 
416 4948 
3692 1081 
3509 767 
2733 119 
3890 1867 
1700 1837 
2756 2220 
2901 1108 
3522 765 
4882 2696 
3581 3871 
444 3336 
3769 872 
4346 2324 
4463 2037 
3329 595 
143 2626 
4896 2059 
2332 4732 
3336 654 
4550 3247 
4541 3396 
3071 3189 
1551 2298 
2616 819 
1803 1753 
4817 1913 
4507 1331 
4682 3045 
4337 2692 
629 2908 
1355 4399 
2583 326 
4591 734 
2899 3737 
3390 4604 
1786 1298 
3302 3710 
1010 1970 
838 400 
4745 488 
3304 1197 
1230 4803 
2857 4832 
4921 389 
2050 3277 
3315 3828 
533 1028 
812 88 
1479 2287 
4361 4048 
1530 1656 
3824 3684 
167 3244 
3781 2293 
750 2637 
121 1722 
4888 2407 
2951 749 
303 672 
4550 2888 
1456 4398 
3216 3601 
3730 220 
851 2383 
1189 3008 
2765 455 
879 2814 
162 3407 
542 811 
2116 3920 
927 936 
3231 1698 
2689 2589 
2592 3562 
2358 4492 
952 1368 
4245 4467 
4063 532 
4265 2939 
3182 1009 
4637 824 
1781 4241 
784 734 
4971 2934 
3814 3561 
1540 4716 
1157 4852 
4214 991 
123 3775 
4382 60 
4932 3234 
1938 1604 
2431 3687 
958 1557 
4514 3738 
850 810 
1997 3147 
1510 130 
4256 4705 
2886 3136 
405 1745 
3200 2963 
3747 3746 
3599 127 
3394 4925 
2694 4223 
4971 557 
4485 3067 
631 141 
753 4543 
3878 2019 
961 4401 
2228 1656 
4625 1010 
3905 1142 
1708 2011 
4560 1478 
2623 3536 
3007 564 
3828 1590 
2667 4492 
3216 1426 
1182 470 
4815 94 
4632 4075 
2298 456 
4245 1521 
101 1289 
3014 4170 
2890 4176 
2220 3328 
3718 137 
1820 4760 
4449 188 
4660 1456 
919 879 
555 4259 
1209 3908 
4645 2974 
1713 720 
4218 1012 
4979 4529 
2360 64 
1181 81 
2225 3499 
2866 2424 
1989 2885 
1354 4252 
2468 2439 
2828 140 
3112 1885 
3482 2653 
2800 3152 
3025 871 
2903 4665 
1371 3818 
1756 4201 
2862 1723 
1378 3616 
3135 1296 
1689 4497 
2276 3641 
4553 2 
1072 1370 
4921 3055 
4610 3764 
3577 766 
301 1113 
4882 3431 
852 4683 
4757 3132 
1491 3279 
4998 139 
581 1924 
3536 2416 
1331 3852 
1996 4386 
1103 490 
1245 3517 
549 1185 
4630 2496 
852 3999 
3198 4044 
3128 3842 
2561 4431 
3096 116 
1075 3888 
4907 2792 
4618 2573 
481 1875 
2138 2600 
1106 3547 
4468 1038 
2339 2263 
2266 3124 
2202 3210 
436 1323 
2591 1487 
1389 862 
4498 3649 
4238 891 
4397 3548 
1966 1533 
2056 3532 
2854 2681 
358 3754 
1328 926 
1571 3542 
2275 1200 
2414 954 
141 194 
424 1631 
4505 538 
1608 2474 
687 3224 
827 3702 
3652 452 
2285 3066 
584 2804 
402 2716 
4085 2766 
4723 1443 
2242 2146 
3784 1482 
2928 1739 
2599 626 
1645 1872 
3121 560 
799 1885 
2069 3934 
3532 4358 
2793 4137 
687 168 
4405 4171 
1470 93 
4865 2283 
3344 1062 
4580 4861 
3606 1395 
658 2576 
1622 4460 
2968 377 
4421 4264 
1325 1732 
4830 245 
1516 104 
4552 3956 
1575 1796 
1685 2242 
2973 3795 
3039 2806 
2035 1531 
4508 4876 
4980 1118 
4804 4846 
674 151 
2219 4981 
4436 1941 
1300 827 
2359 3451 
3326 2028 
422 260 
4111 1968 
4212 2116 
4962 2989 
1679 1524 
4189 672 
1016 1858 
717 334 
254 3222 
3892 1666 
3980 248 
3015 33 
799 4908 
1274 3778 
2356 4833 
1568 3577 
2380 517 
4216 4118 
4856 2610 
2917 4854 
3750 2036 
4174 4746 
3729 904 
3925 1925 
3438 312 
3165 3500 
85 4518 
601 514 
4285 1201 
120 2460 
1802 2881 
2544 3702 
3624 4579 
1539 1725 
284 55 
1261 1013 
650 4835 
1173 3284 
2214 850 
2430 2819 
3795 403 
3789 260 
2855 2900 
3725 3100 
442 4614 
2025 1029 
2915 2580 
2831 331 
1228 183 
2458 198 
1471 1424 
11 4777 
404 487 
3399 2627 
3260 1068 
2022 1698 
372 2737 
689 421 
1389 1288 
4968 4196 
149 3909 
482 3757 
970 2723 
2785 1375 
2705 2148 
2999 2747 
3547 3229 
609 480 
3004 1542 
4902 72 
835 267 
2316 3269 
39 1158 
2504 2574 
1485 130 
1485 2898 
4913 400 
1619 860 
4842 3018 
2325 2353 
874 1183 
4575 3627 
1026 2998 
4777 346 
1024 2330 
1251 1619 
1221 253 
1870 3593 
2363 1107 
276 968 
388 4797 
4913 4728 
1896 4724 
2038 4260 
811 681 
1173 3233 
1619 1114 
1497 1169 
4112 4856 
165 3894 
2609 2269 
2776 168 
509 1500 
3528 3324 
1523 3848 
4175 2900 
1197 3268 
487 2030 
3244 348 
4127 3968 
892 2768 
4442 1598 
3333 4046 
1392 1072 
2494 743 
1146 3315 
355 2644 
1226 399 
3987 3880 
3455 552 
3018 4245 
3819 4803 
2498 799 
3912 2783 
2403 1836 
4872 4019 
2040 922 
4286 3662 
2406 782 
2020 1198 
2453 550 
583 4776 
1168 4893 
4321 4560 
965 3056 
1456 2608 
1257 493 
4407 3307 
1908 672 
3174 1801 
221 1810 
954 4140 
976 4073 
2023 1747 
1618 3321 
3896 3370 
2262 1580 
1646 2402 
2798 4845 
3524 2217 
2222 1622 
2759 4251 
2373 4914 
1662 3695 
2687 422 
1917 1232 
37 3879 
4470 1318 
4513 2696 
4361 2836 
2947 4275 
4358 2244 
2375 1220 
349 3377 
3880 512 
1696 2032 
2184 2866 
4121 571 
36 2243 
865 1591 
3622 3770 
3893 3890 
1389 4720 
2892 2954 
133 3588 
4362 374 
3126 3152 
3290 74 
4762 1924 
3462 1394 
3480 2625 
1972 2030 
461 2003 
1663 4547 
4345 3395 
1137 1759 
2526 938 
787 1565 
3822 4847 
2553 4063 
4798 3419 
4356 942 
2901 906 
1660 4566 
2777 1325 
3614 51 
1446 4404 
4787 838 
1456 3333 
1151 3524 
1093 4317 
2915 196 
2388 377 
2494 3499 
1413 1198 
2761 2175 
3885 4025 
256 4939 
2464 638 
1201 4962 
503 2489 
1691 2285 
3267 4722 
2228 1389 
375 71 
4953 2798 
836 464 
2899 4579 
3478 582 
1539 3642 
705 1344 
4657 4350 
1161 1542 
2348 3020 
1330 2779 
814 3667 
3284 3312 
3518 4846 
4165 585 
2341 1857 
1200 2998 
3857 4760 
4890 2738 
2097 590 
4661 1169 
601 3725 
2416 2623 
1747 618 
733 2192 
1680 2766 
2343 2240 
2036 591 
3682 4880 
786 3812 
1101 553 
1520 3240 
2291 3812 
4276 4025 
3853 2803 
3036 1418 
509 2222 
4312 883 
2481 1744 
4543 1519 
4083 3212 
3387 31 
285 848 
3919 2265 
3904 2198 
3532 3847 
3503 4703 
394 99 
582 3767 
2222 1577 
1383 584 
3885 4200 
1227 3974 
214 1291 
303 3968 
4808 734 
681 542 
1998 1478 
4023 4288 
3482 2842 
2404 1443 
2955 3888 
2432 892 
572 1949 
1724 3671 
1449 1214 
2661 3872 
1487 1089 
2576 1173 
1778 3861 
54 2840 
2244 4361 
688 2871 
285 3255 
4266 4332 
1140 1235 
4449 604 
489 967 
1956 3335 
3935 2719 
2639 953 
4825 4132 
4496 30 
1195 1522 
4709 3827 
1190 1955 
2368 1725 
2114 1049 
3702 1293 
2937 3126 
3237 254 
4285 3701 
4220 973 
129 2191 
2198 377 
3186 62 
1306 4436 
4418 2031 
940 1773 
2824 2217 
4712 3966 
2057 1154 
3545 2270 
1006 3971 
824 77 
1658 3705 
2509 1424 
1939 1051 
1939 2005 
861 1622 
3823 1938 
958 2420 
113 2190 
3786 1921 
581 4530 
2504 1801 
3429 576 
1201 4538 
3033 826 
1853 412 
65 1137 
261 3466 
210 3852 
3151 2128 
1198 3111 
927 1357 
4350 3588 
4745 2945 
3556 566 
3291 3872 
2924 2087 
317 4958 
4439 2262 
1634 2578 
1645 1761 
421 1894 
1404 116 
4734 629 
2108 1530 
842 4317 
3142 3749 
4901 4657 
370 417 
3409 158 
172 4980 
1457 4702 
1596 410 
1258 581 
1566 3128 
1572 1749 
1523 2233 
3154 1792 
2990 3139 
2573 3804 
1125 1874 
901 1615 
1992 2898 
2332 4485 
3362 2436 
1949 4068 
2931 1478 
4233 2630 
569 4442 
427 2069 
1538 4610 
4287 634 
909 1038 
2441 863 
3876 57 
2632 1727 
2182 4112 
2988 679 
1530 807 
2379 2671 
224 4125 
1850 3845 
3382 4088 
1781 1731 
1197 4743 
2229 1684 
590 4489 
2727 2059 
4643 3044 
3669 1464 
4667 3781 
368 2764 
1380 701 
2534 1256 
2848 863 
1253 3770 
242 717 
2674 4043 
3403 25 
3610 323 
1637 2500 
2284 4022 
2803 3786 
2094 3884 
3230 1026 
1008 4824 
1213 1852 
1830 1421 
2353 4942 
669 3738 
927 182 
3894 682 
740 3599 
491 4434 
694 3761 
2620 3112 
2135 1674 
3204 990 
3655 1598 
3673 485 
4216 328 
1373 1930 
2002 3978 
2913 3178 
1701 2474 
1221 3796 
4056 3157 
4546 741 
1762 1846 
196 2552 
1417 2477 
3891 4258 
3359 3353 
1459 2941 
2600 4123 
4775 3264 
1000 2222 
339 2158 
2 4091 
1054 2703 
458 3207 
4732 2764 
2253 1152 
2683 4396 
4206 3988 
1914 775 
3855 3666 
3038 1600 
264 3498 
424 2887 
4438 994 
2304 819 
776 2683 
1826 3302 
663 953 
2124 2086 
1737 1743 
384 3457 
71 2097 
3967 413 
2199 3413 
522 2317 
1209 3855 
1349 2116 
4278 2845 
2746 1662 
1024 606 
1699 3528 
3488 1156 
300 4750 
1135 2471 
3238 4980 
4598 1670 
2172 3206 
4788 611 
3497 1786 
3294 4830 
3043 1175 
3002 4395 
3916 1793 
4154 430 
2137 4781 
2501 689 
2479 4047 
4746 792 
3739 3409 
4551 3719 
2670 3025 
83 2268 
2158 2152 
1963 4462 
862 2605 
182 1898 
3037 4850 
1779 2623 
4819 193 
465 2323 
2910 414 
2229 4883 
4444 927 
2413 2905 
4665 3911 
1140 4310 
2257 3493 
2204 4769 
1048 947 
3302 450 
1576 942 
1858 3456 
546 1285 
88 786 
4743 3240 
2011 2728 
1945 488 
3645 4002 
3983 1123 
4301 4416 
1783 3533 
3755 3784 
1473 4480 
2486 1117 
376 2752 
1295 4804 
357 3051 
1957 2300 
911 3311 
4909 4781 
4570 413 
815 4321 
4678 4877 
623 1456 
1126 4649 
4056 4363 
268 3399 
4566 2568 
1336 4830 
2374 2815 
11 4197 
3300 2903 
4434 3835 
3892 2130 
2331 4428 
4134 2877 
4635 4304 
1186 1277 
1214 4046 
2398 3368 
493 2556 
4161 895 
1738 2117 
3605 311 
4168 1244 
1233 2181 
339 4607 
359 1968 
4967 1883 
4225 18 
4674 4607 
401 3679 
3093 2225 
4244 1736 
1797 4239 
244 4122 
2677 1687 
1494 3614 
1277 1321 
2056 4294 
580 2427 
1053 2802 
4879 4733 
1143 2496 
4441 821 
387 469 
1224 449 
2616 1931 
3213 760 
4367 2523 
4474 582 
2559 1579 
4377 4894 
4463 2832 
2122 145 
1779 3756 
4959 4183 
3381 3670 
133 525 
1148 3603 
1247 555 
1370 831 
893 2182 
92 2259 
3627 889 
2334 4761 
1139 2800 
4045 3739 
1907 736 
1087 3692 
360 1078 
2892 3871 
4774 2988 
4271 2391 
248 1123 
4932 4033 
3914 4801 
1241 3518 
1839 3297 
4845 3208 
3196 926 
2105 3591 
2559 3890 
4535 4495 
3348 2781 
2835 860 
2137 2413 
3370 4042 
4771 4611 
4088 3761 
258 2270 
870 699 
3686 2721 
1065 3760 
3786 3853 
1384 4022 
3605 1177 
3158 427 
196 2665 
4571 911 
3852 2631 
991 415 
4641 4248 
3514 4925 
1401 3094 
4308 2873 
550 4375 
1026 3380 
2461 1997 
742 3229 
3189 3361 
2933 3994 
987 719 
3438 1979 
952 3357 
1217 3462 
4757 1105 
388 21 
4463 3140 
982 2115 
65 3037 
3652 2361 
4703 802 
4122 1613 
1186 1500 
4208 3510 
3606 4970 
3476 1727 
3066 3978 
1808 3028 
2459 2240 
4834 2050 
2163 2118 
4982 3477 
3812 469 
4481 3904 
858 891 
1972 907 
3966 552 
4893 4847 
194 961 
2905 1889 
3190 1875 
1195 3762 
2708 295 
3402 3372 
2003 2730 
3237 2348 
2623 58 
4369 3488 
4014 821 
2741 4576 
4104 4142 
2342 3542 
413 2393 
418 633 
1200 3202 
2618 3296 
3731 4713 
2578 2654 
2983 74 
2759 2843 
3463 155 
4873 1252 
2636 4302 
4092 1523 
899 1285 
2341 1439 
1996 2242 
3087 4473 
3815 4193 
1180 4154 
849 1456 
1859 497 
2777 207 
3273 4853 
2897 1151 
3127 2893 
3155 2810 
3667 2680 
2503 4803 
2601 161 
568 1680 
2474 3301 
1837 4816 
4547 4764 
388 2315 
1918 2546 
1854 3822 
4670 3977 
470 3813 
4285 2513 
2396 342 
2530 3678 
2853 4050 
2466 684 
3733 961 
3696 1512 
3875 1945 
3991 4236 
30 3493 
2206 4572 
766 1184 
62 2361 
194 967 
1106 1858 
4879 4588 
942 3025 
1388 3434 
498 628 
945 2208 
3075 194 
1475 4036 
2956 3916 
2442 794 
2580 4123 
1920 2494 
415 4854 
3133 4741 
1660 4612 
3656 2116 
3068 2224 
1226 1145 
2691 4307 
684 4770 
1839 3141 
3590 4506 
2626 2398 
46 4315 
4018 171 
2085 984 
561 3944 
2613 4660 
52 1072 
4513 1516 
1192 3111 
4796 161 
2550 1806 
4670 4801 
202 1613 
1160 4957 
15 2930 
4236 1633 
4131 671 
186 3978 
3972 3194 
580 2221 
3824 12 
649 198 
4328 2806 
1869 4321 
4054 2366 
3468 4249 
2178 1216 
3873 1771 
1321 4910 
4565 1019 
2361 3430 
836 2331 
4817 1393 
4055 690 
4777 408 
1798 2247 
1520 2112 
3854 3300 
4016 402 
1238 4756 
1840 1667 
667 2200 
1846 1014 
1709 2439 
4127 521 
1099 4989 
3608 1226 
152 1848 
513 4988 
80 3052 
3528 1581 
1421 3405 
719 4468 
161 2694 
4500 2179 
3103 651 
3108 4741 
2020 3660 
4670 771 
697 3938 
2988 3089 
3113 3740 
1346 2414 
1097 14 
2034 36 
842 2663 
3297 1524 
718 4482 
3588 4682 
3651 1318 
3593 3255 
2847 4940 
1257 3597 
3139 3474 
1953 597 
2558 4907 
3163 4701 
3719 499 
938 199 
1791 1830 
605 2921 
1642 4398 
2643 2919 
3122 892 
2057 3730 
566 4722 
2421 1218 
494 4702 
3082 3213 
3315 2815 
4746 1875 
1409 3231 
4082 3094 
3780 3811 
3898 2574 
2871 2523 
4359 4054 
1219 4631 
3276 1202 
4601 1513 
2249 2134 
1972 2716 
2036 2011 
2816 340 
4218 3616 
4386 781 
2337 4904 
3730 1154 
2953 2413 
2172 2648 
4564 4375 
3784 3015 
1258 2045 
1109 4729 
4534 4692 
3518 1919 
2715 1275 
2563 4039 
3131 3171 
4547 1263 
3287 166 
1467 557 
1718 3705 
3696 4452 
866 1377 
2621 3542 
4707 622 
3036 4161 
2442 807 
4011 850 
2413 1176 
4957 1839 
2722 3703 
1112 837 
3343 4930 
1906 4030 
4731 3015 
2660 61 
4853 2851 
4555 848 
1998 119 
406 2397 
2527 4891 
913 1721 
3275 1408 
1438 4980 
1731 1109 
2961 4085 
2226 1953 
1083 20 
3304 140 
1729 4726 
501 3111 
701 678 
1771 2849 
2943 671 
2717 797 
1305 2624 
629 1330 
3285 401 
4073 3149 
771 3914 
2857 3271 
3067 4906 
4710 1098 
2033 3241 
3780 4130 
2632 469 
3293 832 
4120 253 
4894 4883 
3911 1889 
2672 1404 
4692 1407 
898 4490 
4236 1335 
2388 3026 
173 4320 
2576 3163 
4235 3276 
4828 2287 
2380 83 
2665 3195 
1146 4345 
1288 1624 
3100 4930 
2443 3590 
3395 3828 
3438 4427 
3840 1917 
3819 4874 
1396 3831 
2163 3553 
4940 2290 
1104 1185 
4701 2147 
4328 1654 
835 430 
1701 4298 
2760 4202 
2177 4590 
2036 4116 
788 4391 
3055 3730 
4461 2166 
4929 323 
4170 2299 
4264 70 
306 2886 
220 4836 
3017 1941 
1499 896 
3183 3684 
2372 4722 
3594 4957 
3562 3762 
1213 1470 
3983 3104 
4833 227 
3772 4612 
3876 2674 
522 216 
376 276 
1521 971 
3036 4576 
1881 1095 
4713 628 
1215 1930 
2363 4066 
1790 3213 
1894 1633 
2272 1783 
4815 2223 
2764 4317 
3424 3714 
652 1053 
4583 2243 
4792 1329 
4769 3358 
3481 3700 
2325 3472 
736 3894 
2778 2783 
2967 4847 
2443 4861 
2846 3749 
2373 1231 
4772 3920 
1224 4312 
4658 3324 
1694 2272 
4835 4963 
270 4630 
2960 1049 
2950 155 
740 2912 
3422 304 
3957 2439 
4229 272 
3515 2577 
57 912 
4565 451 
2804 2852 
1993 3417 
534 3372 
1497 748 
2576 2147 
3190 4495 
82 3832 
1710 4852 
3564 4943 
2399 1107 
2382 2867 
3919 3033 
3054 3472 
2943 3813 
4713 498 
3035 4371 
4713 397 
1258 872 
4338 2710 
284 2153 
2040 1113 
2972 2668 
437 1143 
2747 4008 
1852 2668 
4105 1068 
261 1632 
823 1038 
2135 678 
426 3981 
1443 1151 
4414 4582 
2754 2237 
4384 3110 
97 3922 
1669 2694 
2953 3594 
2707 158 
3067 781 
2302 1492 
165 3412 
1404 3959 
4132 1202 
2558 3701 
205 3356 
3245 919 
3123 3714 
1467 4607 
606 1439 
639 3422 
2834 4363 
2326 2195 
4772 3164 
2947 4614 
4741 1978 
4097 3951 
2366 4913 
946 981 
133 3809 
4547 1196 
162 865 
4381 3910 
657 2393 
3825 1740 
3528 2793 
2242 2832 
2869 522 
4137 2748 
1650 1285 
138 1092 
20 265 
1526 2243 
3274 664 
3706 3574 
4229 1840 
2765 4269 
2595 3765 
1944 1442 
4695 4675 
2934 634 
3851 3048 
1165 4391 
4458 2803 
4341 4635 
2624 408 
3527 767 
3667 1806 
2194 2958 
356 1145 
1837 4640 
3232 1806 
1917 1111 
3112 3558 
1501 2456 
1101 896 
348 3812 
1683 2514 
2358 2559 
180 4168 
65 2788 
2063 1548 
490 3034 
2245 4418 
4261 618 
1016 1940 
4472 4712 
1424 435 
843 3029 
4929 3680 
3988 1930 
3535 1718 
2755 3250 
795 4125 
820 281 
456 3352 
1573 1276 
416 2432 
3251 2041 
1943 1905 
2202 3353 
4972 512 
2632 4914 
1925 451 
3333 2768 
4196 4192 
4399 1749 
1803 431 
516 3424 
3579 3855 
2596 4143 
2771 741 
2695 2085 
1794 2929 
950 3926 
4820 2568 
202 3337 
1173 91 
2948 4996 
318 3108 
3236 4633 
345 4995 
146 2195 
3428 3264 
863 3772 
3729 1115 
2888 4974 
4520 2330 
1954 957 
2230 1135 
1693 2973 
2 4673 
1800 3857 
751 2114 
3738 163 
4366 2426 
3766 1317 
3247 2491 
3637 2320 
619 1435 
3395 846 
4414 1111 
868 209 
1816 2239 
3232 2846 
2950 2226 
254 2934 
906 1087 
651 2960 
636 542 
3756 2734 
926 224 
1645 113 
2277 2324 
4651 4531 
3330 1852 
4711 1609 
616 3003 
3913 1022 
4194 1597 
4560 1308 
2160 400 
2825 699 
4160 802 
242 3472 
374 533 
886 892 
592 4632 
2865 326 
398 944 
2890 2750 
2892 2219 
206 1252 
4582 2372 
1211 4500 
3767 2812 
4282 688 
4333 126 
4705 3135 
2993 2800 
92 3686 
3189 233 
2115 1805 
681 4461 
3981 606 
3581 3033 
2202 2476 
1091 4291 
258 1239 
2272 2808 
2800 3126 
2277 204 
1694 1668 
1327 3785 
1699 1581 
3975 1235 
3136 4637 
39 4879 
39 1611 
1833 778 
3287 4430 
3447 1965 
398 3260 
3153 3893 
43 1438 
3918 3738 
653 1677 
4972 589 
183 1446 
1356 3204 
615 1200 
127 1859 
3075 530 
3957 3718 
4797 21 
1165 4255 
3320 2805 
228 4590 
1448 2402 
2053 7 
1881 4362 
2941 3480 
2498 1709 
4207 2343 
4091 108 
3135 2559 
789 3749 
2235 4248 
2500 2602 
3646 1901 
4298 434 
1600 3178 
2263 994 
2198 1924 
2146 1685 
1044 81 
849 885 
1196 3421 
760 4292 
1605 978 
3851 2039 
886 2613 
4860 3989 
1825 339 
2840 4737 
1039 192 
3685 947 
1885 548 
3560 2253 
4194 3183 
700 1726 
3076 480 
4047 4061 
3930 159 
4475 3242 
878 3765 
3781 420 
2283 4372 
97 3763 
4001 3484 
301 1181 
4971 853 
2192 4347 
3126 1637 
1356 1224 
4377 1854 
3915 3961 
2088 3210 
3244 4725 
2838 3344 
4641 4557 
4103 4590 
1566 314 
2134 89 
2109 495 
543 3242 
3437 2386 
3962 2853 
4038 2919 
1137 1035 
2958 1019 
1906 2346 
503 4331 
4678 4285 
4161 1771 
431 306 
4177 4406 
3908 4501 
1440 4240 
3182 2885 
2035 2474 
4405 4332 
4480 1069 
1852 147 
3145 2784 
4311 4885 
1345 3312 
3335 4551 
1847 1105 
2060 1910 
4708 2450 
528 3762 
1315 2419 
40 3402 
615 126 
152 1334 
4680 2772 
4707 1740 
186 2046 
587 3477 
1437 1533 
3007 2695 
2842 1136 
4885 2259 
2318 4589 
4343 4389 
1127 4225 
4069 2224 
3440 3676 
3459 3502 
3126 2669 
4332 2616 
4570 2363 
1834 1432 
2359 3198 
4930 1691 
4911 1927 
3782 2608 
1440 1079 
2109 46 
4814 2431 
1208 4010 
629 2779 
705 2972 
1809 534 
2358 1865 
1539 4186 
1339 1247 
2996 1683 
3291 3785 
2057 531 
55 2153 
2891 778 
848 1256 
4171 3999 
3237 213 
1867 3081 
4787 1446 
1645 2190 
1087 4642 
374 1028 
3243 791 
3746 7 
2614 1012 
2876 1458 
4048 3410 
1328 2343 
4019 2580 
74 2392 
3467 2366 
2722 4467 
4582 2375 
2736 3068 
4661 202 
590 919 
4975 1526 
154 4501 
4033 761 
2090 3788 
2064 1008 
973 3542 
875 4939 
4414 1963 
849 1058 
1526 3570 
3545 3387 
3279 1178 
4343 20 
1876 2731 
2176 3813 
4972 4782 
4609 1907 
4921 3730 
2180 3764 
2228 4720 
634 3161 
2541 2579 
4708 689 
553 2927 
2896 1262 
562 1327 
1997 4645 
3303 4155 
1662 921 
1609 4874 
1992 4057 
4164 3447 
2263 1266 
449 3035 
4330 652 
2632 456 
3646 1666 
1921 3351 
1465 715 
1078 3029 
1843 1315 
288 4882 
2611 2320 
2290 2847 
1722 1462 
1912 1059 
3440 2683 
26 2737 
2024 1985 
1499 1394 
1167 4616 
2023 3712 
2646 3539 
2572 2899 
2577 2863 
2926 4613 
4526 3349 
4 1572 
4860 1251 
4907 776 
4077 1914 
4970 4207 
3439 2246 
4787 268 
3806 3511 
200 1605 
2848 4501 
37 2568 
4330 3536 
1190 2395 
276 2406 
2029 4472 
1943 3042 
3985 4659 
2337 2352 
3520 2022 
1747 3518 
415 4818 
3616 3806 
4988 4558 
1890 3483 
4589 3226 
13 4206 
348 4390 
3782 3471 
224 600 
1428 3934 
2232 4394 
3163 3284 
3244 4759 
1519 741 
4326 124 
25 4659 
1148 13 
3246 90 
970 2857 
2333 663 
824 3991 
3081 511 
3962 3045 
1665 2586 
2628 3877 
4882 3348 
4176 3389 
2357 4102 
1912 2792 
2217 2897 
1354 3056 
2381 1680 
644 767 
854 4731 
3818 2788 
563 156 
3975 4060 
547 3186 
866 3219 
3961 698 
3670 2750 
1346 3521 
1794 382 
1794 647 
382 3092 
212 647 
3092 2753 
4146 212 
2753 4964 
4146 1982 
4605 4964 
2401 1982 
1882 4605 
4669 2401 
1882 3363 
59 4669 
3363 2384 
59 1926 
2384 4646 
4503 1926 
4646 3496 
4503 2465 
1453 3496 
1502 2465 
1163 1453 
1502 2289 
3367 1163 
2289 4062 
3367 1942 
4062 3130 
1264 1942 
3130 1193 
4279 1264 
241 1193 
4279 4944 
241 624 
4944 1991 
624 3921 
1593 1991 
3921 4917 
1592 1593 
4917 425 
1381 1592 
425 4684 
1381 3249 
4422 4684 
181 3249 
3391 4422 
4806 181 
3391 3952 
4226 4806 
3952 2548 
4226 1283 
369 2548 
232 1283 
369 3982 
232 3354 
3982 3932 
4152 3354 
3932 4587 
4152 833 
4587 1784 
3721 833 
1784 1017 
2818 3721 
1017 1259 
804 2818 
1259 2183 
4544 804 
2183 4149 
3173 4544 
847 4149 
459 3173 
847 2448 
4562 459 
297 2448 
3668 4562 
1020 297 
764 3668 
1020 4839 
962 764 
3546 4839 
962 3867 
3546 6 
2437 3867 
1314 6 
2437 4190 
1314 596 
2535 4190 
596 1971 
4323 2535 
559 1971 
4323 4136 
559 1937 
1895 4136 
2446 1937 
1895 2091 
3650 2446 
4313 2091 
3650 4875 
3167 4313 
4875 3047 
3167 1730 
3897 3047 
1730 593 
2256 3897 
593 1159 
2256 4862 
2811 1159 
3 4862 
2405 2811 
453 3 
2405 49 
3802 453 
49 3134 
269 3802 
3134 2540 
2251 269 
2540 4032 
1498 2251 
287 4032 
1498 4065 
287 3554 
4065 1673 
2349 3554 
1673 3443 
2349 3805 
3443 830 
3805 4697 
2652 830 
4736 4697 
3793 2652 
3278 4736 
3793 3727 
257 3278 
3727 4145 
257 3138 
4145 4210 
4179 3138 
4210 2100 
1267 4179 
2100 999 
1267 1278 
1155 999 
1278 1959 
4280 1155 
1959 4151 
4280 1735 
1410 4151 
1735 2480 
1410 3720 
621 2480 
229 3720 
621 4242 
229 3849 
1652 4242 
3849 3009 
1652 4316 
3009 443 
2718 4316 
443 1319 
2718 3449 
1466 1319 
4324 3449 
4928 1466 
4324 805 
1543 4928 
3150 805 
1543 3239 
4868 3150 
3239 3924 
4868 4079 
3693 3924 
4113 4079 
2344 3693 
279 4113 
2344 1763 
279 310 
4411 1763 
310 3998 
4411 4243 
283 3998 
4243 2902 
283 4619 
2902 395 
4619 2878 
468 395 
2878 2751 
1888 468 
2751 4595 
1888 2649 
4595 2735 
916 2649 
2673 2735 
916 3839 
710 2673 
3839 696 
1546 710 
696 828 
3458 1546 
3261 828 
2889 3458 
3261 2875 
3214 2889 
3193 2875 
3790 3214 
1868 3193 
3790 2797 
1868 505 
2797 2688 
3398 505 
3907 2688 
3398 3604 
3907 752 
3604 712 
752 1751 
712 1902 
3022 1751 
3707 1902 
3022 3116 
3707 3552 
3116 2590 
3552 3901 
1891 2590 
3901 1549 
864 1891 
1549 2995 
2545 864 
2995 316 
2545 4617 
316 2593 
4617 3783 
2593 1084 
1236 3783 
1084 4254 
197 1236 
4254 4698 
197 2780 
4698 170 
2780 4178 
2462 170 
4364 4178 
4644 2462 
2073 4364 
3886 4644 
2073 4664 
716 3886 
4664 3653 
3000 716 
2666 3653 
2607 3000 
2666 1733 
2607 1855 
857 1733 
1855 4221 
236 857 
4221 731 
3105 236 
4378 731 
3105 1678 
536 4378 
1678 2775 
1461 536 
1431 2775 
463 1461 
1431 4935 
2508 463 
4935 3771 
3900 2508 
3771 3125 
3900 507 
2271 3125 
289 507 
2422 2271 
289 4823 
329 2422 
816 4823 
329 3319 
2767 816 
3319 187 
2767 3374 
187 1987 
3374 105 
1987 3021 
105 1974 
215 3021 
1974 112 
215 2004 
1629 112 
2894 2004 
3940 1629 
2894 3808 
3940 1719 
3808 4148 
4556 1719 
1360 4148 
4556 890 
1311 1360 
890 4926 
1311 361 
1052 4926 
722 361 
3531 1052 
722 573 
3531 9 
392 573 
9 648 
1929 392 
4180 648 
2143 1929 
4180 3575 
2143 3613 
3575 3626 
1350 3613 
4156 3626 
1350 4124 
1934 4156 
2103 4124 
22 1934 
3654 2103 
22 1702 
1760 3654 
1702 1625 
1760 1788 
3864 1625 
1788 3936 
44 3864 
3936 2070 
1505 44 
2070 4666 
1505 3965 
383 4666 
3061 3965 
3090 383 
4342 3061 
1602 3090 
4342 974 
2517 1602 
3001 974 
3629 2517 
3001 3445 
1960 3629 
3445 2880 
4204 1960 
3203 2880 
1310 4204 
3203 1536 
2634 1310 
1536 2408 
2634 486 
4314 2408 
486 1578 
2250 4314 
3317 1578 
2250 1352 
1616 3317 
3583 1352 
1811 1616 
222 3583 
1811 191 
222 844 
2511 191 
243 844 
4006 2511 
881 243 
4006 4791 
881 2475 
2515 4791 
2234 2475 
2515 4898 
2234 3551 
2215 4898 
3170 3551 
4257 2215 
3170 744 
4257 441 
3992 744 
441 4755 
2077 3992 
4755 1845 
2077 3465 
1845 2714 
1832 3465 
4592 2714 
4094 1832 
800 4592 
4094 2027 
800 1063 
2027 4426 
834 1063 
4426 2823 
2125 834 
4892 2823 
1223 2125 
2622 4892 
1223 1280 
2622 4114 
1280 1583 
78 4114 
4325 1583 
78 544 
4385 4325 
544 407 
4385 2868 
407 3143 
4903 2868 
3143 4015 
246 4903 
1822 4015 
1630 246 
1822 4410 
1630 3453 
2203 4410 
3453 4542 
3576 2203 
3192 4542 
1041 3576 
3192 2859 
1681 1041 
3083 2859 
1537 1681 
84 3083 
3223 1537 
1692 84 
76 3223 
1692 1018 
2794 76 
3266 1018 
2794 4577 
2165 3266 
4577 519 
1757 2165 
519 2273 
2110 1757 
3490 2273 
2684 2110 
3490 4133 
3526 2684 
4727 4133 
3526 2697 
1144 4727 
2697 4585 
1144 10 
4053 4585 
1369 10 
4053 247 
1369 2543 
247 4548 
2543 4586 
1831 4548 
4586 4561 
1831 3491 
4927 4561 
630 3491 
4927 3411 
630 4203 
3046 3411 
2433 4203 
2001 3046 
2433 4250 
3388 2001 
1460 4250 
3388 2774 
1892 1460 
2774 3820 
454 1892 
3426 3820 
3464 454 
3902 3426 
3464 219 
4493 3902 
1080 219 
4493 745 
1080 3461 
745 2484 
3461 1504 
2484 2606 
1504 1916 
1741 2606 
1916 2872 
1741 4108 
3829 2872 
4108 570 
3829 1812 
3059 570 
1812 2883 
2478 3059 
2883 910 
4195 2478 
910 966 
4195 379 
966 3799 
201 379 
2394 3799 
201 2493 
2394 4059 
2493 4751 
4059 1372 
4751 4789 
1427 1372 
1110 4789 
2362 1427 
1110 3495 
3487 2362 
1507 3495 
4153 3487 
3469 1507 
4153 1301 
1506 3469 
1301 4064 
817 1506 
4064 2536 
817 709 
3073 2536 
4246 709 
3073 177 
2978 4246 
177 3534 
3450 2978 
3534 4952 
2314 3450 
4952 4237 
4602 2314 
4237 4634 
4602 3053 
336 4634 
3053 1936 
1752 336 
4433 1936 
1752 1234 
2693 4433 
1234 3117 
2693 293 
4295 3117 
293 4451 
3334 4295 
2051 4451 
2743 3334 
2051 1001 
2743 3072 
4274 1001 
3694 3072 
4274 373 
3694 4072 
3427 373 
2210 4072 
3427 796 
2210 4867 
4429 796 
50 4867 
4429 1074 
1312 50 
1844 1074 
1312 540 
1844 5 
540 3946 
5 1511 
3946 4843 
4993 1511 
2319 4843 
3225 4993 
2319 1562 
3225 4672 
2012 1562 
307 4672 
4126 2012 
307 2048 
4126 3541 
2048 3639 
3217 3541 
2725 3639 
3217 341 
3675 2725 
2729 341 
3675 724 
2729 3292 
440 724 
3844 3292 
440 343 
3844 4117 
4034 343 
1648 4117 
4349 4034 
2049 1648 
1400 4349 
2049 4219 
1400 1481 
4219 4380 
2367 1481 
4380 4810 
4353 2367 
3166 4810 
4353 4268 
4138 3166 
4268 1614 
4138 2720 
1614 2895 
4738 2720 
2895 266 
3663 4738 
2612 266 
2560 3663 
4052 2612 
2560 1587 
3792 4052 
1587 3379 
3792 1332 
4978 3379 
1332 3265 
746 4978 
3265 3345 
3816 746 
3345 4484 
4277 3816 
4652 4484 
4277 2078 
4652 1567 
2078 4960 
1390 1567 
255 4960 
3773 1390 
255 3744 
3773 2142 
1150 3744 
2096 2142 
1150 4098 
2096 3107 
4098 4831 
3107 4624 
4172 4831 
4224 4624 
4172 1915 
1672 4224 
3837 1915 
3375 1672 
3837 4899 
3375 472 
3436 4899 
472 4763 
3436 1871 
3659 4763 
4080 1871 
723 3659 
4080 1286 
1037 723 
1286 4840 
1037 2410 
2173 4840 
3432 2410 
1774 2173 
556 3432 
1774 1617 
556 4849 
4393 1617 
4512 4849 
4393 3634 
4512 2455 
3634 502 
2455 4095 
3947 502 
3569 4095 
2914 3947 
3569 322 
2914 1124 
2008 322 
1124 2429 
2008 2196 
1866 2429 
2196 2444 
1734 1866 
1387 2444 
1734 1967 
1387 3862 
1967 1469 
3862 2418 
1469 988 
3479 2418 
3929 988 
4071 3479 
4166 3929 
1563 4071 
706 4166 
1563 4272 
706 3338 
2676 4272 
3338 2861 
1772 2676 
1254 2861 
4281 1772 
309 1254 
3097 4281 
309 2021 
3504 3097 
2021 1509 
2521 3504 
1509 218 
1603 2521 
2907 218 
3543 1603 
2907 1269 
2417 3543 
1269 3870 
3632 2417 
4479 3870 
1246 3632 
4479 2562 
1246 2582 
2562 2205 
4813 2582 
2205 305 
4813 3537 
4946 305 
4087 3537 
985 4946 
390 4087 
3205 985 
4870 390 
3205 3617 
2376 4870 
3617 1535 
4714 2376 
1535 109 
2528 4714 
109 3091 
754 2528 
3091 1657 
754 3860 
1657 2488 
3860 4677 
2488 1061 
226 4677 
1659 1061 
948 226 
933 1659 
3709 948 
3030 933 
3709 477 
3030 2218 
477 1873 
2799 2218 
2980 1873 
3979 2799 
2980 1071 
3979 975 
4509 1071 
3176 975 
4509 3751 
2157 3176 
2457 3751 
3519 2157 
3227 2457 
3519 1455 
3227 2662 
4035 1455 
949 2662 
4035 4093 
1 949 
4093 1717 
1 4822 
4811 1717 
2645 4822 
4811 1094 
2874 2645 
960 1094 
1559 2874 
251 960 
1559 2787 
813 251 
2529 2787 
813 2629 
2529 1050 
1900 2629 
1050 3435 
1055 1900 
3435 2837 
1686 1055 
1240 2837 
1904 1686 
2678 1240 
1904 3732 
2435 2678 
2537 3732 
2081 2435 
3306 2537 
2081 4024 
3306 979 
4024 3118 
1508 979 
294 3118 
1508 995 
294 4636 
4173 995 
3964 4636 
164 4173 
4028 3964 
164 1776 
2969 4028 
1776 4262 
2938 2969 
4373 4262 
4502 2938 
4581 4373 
4502 4773 
4581 3120 
2099 4773 
1483 3120 
3995 2099 
1483 2594 
319 3995 
2594 3489 
319 240 
711 3489 
1207 240 
711 160 
1207 3833 
160 1425 
1268 3833 
4167 1425 
2350 1268 
4167 3728 
2350 3600 
2347 3728 
3600 4437 
2638 2347 
4437 3331 
980 2638 
1594 3331 
980 4076 
873 1594 
4076 3049 
2236 873 
894 3049 
2042 2236 
2144 894 
2042 2588 
2144 1132 
2588 1361 
4004 1132 
1338 1361 
4004 1194 
1338 271 
4679 1194 
271 114 
641 4679 
114 2879 
641 2844 
2982 2879 
2844 252 
4101 2982 
252 4222 
2510 4101 
66 4222 
2171 2510 
321 66 
2171 2015 
321 1899 
2015 4807 
1899 4471 
79 4807 
4471 1036 
1923 79 
1036 2519 
3254 1923 
2519 2227 
3254 3859 
1476 2227 
3859 3077 
1476 2261 
1707 3077 
2497 2261 
1707 4706 
2651 2497 
668 4706 
2923 2651 
668 438 
2923 1980 
4744 438 
526 1980 
1333 4744 
526 1728 
1333 1324 
2557 1728 
959 1324 
2557 3187 
959 1560 
3187 2949 
1560 4419 
2949 2364 
3084 4419 
2364 1047 
3948 3084 
1047 3415 
3948 888 
989 3415 
888 3215 
989 4319 
3406 3215 
4319 2551 
3406 1541 
457 2551 
1541 1237 
457 4187 
4322 1237 
2440 4187 
4322 3573 
111 2440 
4809 3573 
111 2826 
1100 4809 
2826 4593 
1100 3031 
4593 4198 
3031 3997 
2370 4198 
3997 2102 
2370 4191 
1835 2102 
4191 1804 
1835 35 
1804 1450 
3168 35 
2864 1450 
3168 337 
1399 2864 
337 1272 
1399 2971 
2935 1272 
3741 2971 
2935 1011 
3741 4392 
1011 4559 
4690 4392 
4521 4559 
2216 4690 
1933 4521 
527 2216 
1933 599 
527 2445 
2686 599 
4457 2445 
2686 4699 
4784 4457 
2159 4699 
2603 4784 
1341 2159 
4768 2603 
1341 3408 
1544 4768 
3836 3408 
3724 1544 
3836 4370 
3724 2072 
4370 3647 
2296 2072 
125 3647 
2296 1620 
125 627 
1861 1620 
627 3745 
1861 2201 
3745 2909 
4074 2201 
3013 2909 
1720 4074 
801 3013 
1313 1720 
801 4005 
1313 3069 
3263 4005 
3069 4013 
3442 3263 
2547 4013 
4443 3442 
4965 2547 
4443 492 
4606 4965 
492 4663 
2067 4606 
4663 1545 
2067 1088 
1545 4569 
642 1088 
4569 4231 
8 642 
637 4231 
8 2807 
1946 637 
2807 3156 
1946 2740 
3156 2336 
2959 2740 
780 2336 
1988 2959 
887 780 
4296 1988 
2664 887 
4296 1606 
2664 508 
1606 2966 
508 4027 
4027 4999 
2966 4999 
2294 90252 43924 55515 62364 55384 55180 16428 4388 17999 30331 91930 18037 97150 41295 99029 48076 38022 51396 27480 42940 27507 42218 64422 97984 3878 56722 53799 52767 96838 73461 83775 33586 93048 9771 33983 93663 10198 66228 64911 48944 40894 64825 78973 31717 88924 86651 20154 32653 26030 4217 68250 68396 44737 75178 1881 50227 11334 13384 43454 33937 70989 37593 53643 21448 55662 32892 1981 34023 18803 26595 65110 64937 85372 8508 98396 22243 39815 71650 72356 11967 53165 5128 59375 36047 55100 95284 56996 69380 65026 66454 25514 779 40542 36201 20341 98667 3593 36412 23851 61531 85967 20184 97517 5403 80114 28725 79522 29549 80274 6502 9679 39264 99350 12453 22946 28170 4798 86635 25343 53704 92339 17072 62756 72463 62678 79597 48155 43059 20114 87932 66999 36460 98208 3092 71166 12679 8531 80401 7216 17995 2094 96088 87957 48736 63185 20436 88520 7865 32667 26755 97095 56209 74790 78559 48216 83640 12293 74534 47 34082 18171 17040 3112 2628 84246 63742 6833 58645 19263 34333 34276 48956 20896 78740 15431 47779 78127 89327 81534 31866 50128 30595 40877 57453 63375 53125 45877 33678 34903 24397 52545 94240 19129 41435 13989 5265 91479 4943 98489 19033 16754 57829 71034 50387 83321 81636 61740 27533 20832 24757 94420 4499 81873 53377 17279 61095 90740 5729 25627 82524 31989 28617 15205 89458 28721 31628 85910 61230 81749 41046 14730 52360 68978 53878 63122 87866 15408 1249 89787 10992 44856 9717 2955 84718 30781 2798 31913 27110 132 60349 69986 3711 94147 59444 95723 59245 58383 84512 67551 4734 98323 5196 51876 81041 41164 43012 59206 80248 47644 80309 12406 11732 58301 40347 16768 74155 97126 69511 68833 48037 92781 86628 12209 8080 23240 26251 89363 50118 3040 41835 54377 85743 7564 14240 84317 12166 67633 55125 52683 93799 64087 76401 23737 27113 4197 2997 14365 80852 547 15587 99084 99473 49051 31574 33135 92677 28311 45971 49570 90303 680 85381 87268 5092 69637 74910 48540 56252 69404 60407 28445 33250 81260 74675 77702 74583 90504 54686 74078 48620 77186 13036 19543 12726 93789 81071 51714 52905 93294 74168 66374 39013 23007 32890 62437 61353 18605 98450 22226 93315 92796 94172 64896 36188 57916 66942 21529 30542 88985 56349 75813 74264 63807 39760 36639 90102 89395 4709 85331 63095 37389 18079 81868 53875 87863 19144 71147 93966 17051 40113 98060 84984 14845 94434 82659 74772 39097 45203 93077 19693 9443 6584 38616 83604 37186 67884 8548 8644 13550 5915 69099 74893 34107 98855 16209 30053 28082 10308 40254 14194 32827 82341 91520 52326 97509 82834 14536 7910 17631 88432 46132 3447 70717 97997 21549 54409 59614 5324 56509 20465 36973 38778 39978 96384 29344 92096 56351 66769 72051 33982 14592 31328 91862 52082 75575 6671 29403 44036 90037 97614 286 22476 31887 55397 87888 56432 762 39056 84945 28502 10847 24791 60133 30705 45863 28098 79045 35506 26741 19716 73098 68882 28248 96364 63305 83840 43167 75508 10652 30916 13523 84559 1821 56285 52188 46209 59013 70138 79712 70360 20273 20591 70992 34963 18934 34827 8386 73291 60266 53411 48231 18458 57586 19134 97562 37925 70721 15740 25201 74476 43357 20976 88298 97500 46044 34821 1568 32235 47834 48275 62503 77131 79692 45541 16805 61665 79044 77935 64745 3009 80008 31184 84331 42137 53342 79643 24595 58684 89360 91488 59234 47299 70102 42051 88869 83625 35656 23955 4342 31519 75851 71521 23341 73035 22169 72623 99127 79393 81852 21354 15379 58865 57151 28802 62176 16001 35452 83422 51481 64744 31844 81339 19912 53946 76144 7959 92439 59226 53145 78267 98485 65962 52686 52129 70043 52284 69301 34356 52302 14113 74519 51896 44315 32713 33042 52630 53824 30994 59633 27003 67447 94567 34647 13232 55976 6407 32160 15722 69017 83797 65130 8865 16275 27044 47770 1684 57931 16814 97255 29510 51285 90406 38106 44230 99524 6414 62597 93723 74353 34470 47223 54362 85365 12892 75247 88717 65534 24732 91951 95421 2787 1962 6635 7842 64993 96741 12398 39715 29575 98221 5576 21377 60078 9427 37967 18001 18922 32279 42902 13918 61063 64042 25915 97925 91220 64651 19076 46058 75239 75051 28802 33781 24806 92315 51501 5520 62363 16702 44181 21936 5074 63502 96790 51728 68536 1973 51064 29805 50662 73742 62466 75972 31436 7455 62980 58478 22157 58651 6163 31846 98739 17993 35108 58877 6565 5427 42344 91376 78387 36007 70490 80550 27010 2244 32262 34849 6967 23204 40913 91113 68210 96863 26686 35077 49130 68752 52753 19747 68382 26975 32473 65811 60720 83411 51713 86144 64361 33227 9743 60631 91427 97499 6543 86792 89412 38772 97052 18351 43603 97690 511 21263 97995 55072 83361 72077 29769 15981 64599 92331 12947 57826 12496 45352 5015 96946 85524 64686 94421 91521 49404 91633 66004 38409 7228 74724 83165 83931 42663 73412 50683 3923 28181 72686 86376 933 27489 8198 64738 61402 83554 47999 65723 37314 73667 78313 95370 42393 9162 21789 29040 78272 5955 57449 27670 17720 77704 29971 79969 16446 10536 58708 10363 49476 48961 85571 20878 4184 86920 12447 41987 14014 53798 5876 97588 61953 99041 25203 26056 61292 58136 340 10744 2067 83594 93289 87647 47995 6070 40503 38836 83606 11026 27144 17324 91773 74334 40959 8294 6636 46835 45034 76918 15835 89104 72925 24593 14893 65312 12436 84852 70508 75285 35669 34701 23003 9904 58812 7861 74467 72971 50380 7306 27599 84366 65747 74250 5113 38520 25019 87877 2464 70835 67914 55747 76225 7798 6609 9537 35646 23422 51729 1528 31082 45320 23670 82474 88734 26454 4739 33721 78366 32313 91779 60889 18844 40452 54069 72442 22566 99262 63527 67027 55131 33286 76503 80998 9315 20630 25520 22730 68236 94627 31156 20729 56896 19257 26088 34331 62248 17783 19470 96853 57503 26414 31387 65387 80920 77057 23408 38304 65900 28042 68553 53185 67950 10775 60829 98894 85 77025 79048 60576 80294 90930 27693 90425 36847 39825 91224 6125 85387 63125 93582 1972 69910 57355 3208 90719 27777 92333 16076 41853 21503 35447 12781 6874 21261 2162 52308 32630 5422 62163 55443 87735 16127 78793 19114 92572 15821 57044 41974 36592 14104 31839 8164 51062 60870 6959 98446 58161 35063 62266 79371 33285 3464 21003 7962 38789 28550 41888 11279 29000 97714 1738 11878 91565 92733 72415 39934 96264 25186 49508 13830 82646 29541 87763 78107 20227 73902 95899 92154 32560 46886 44307 88063 88186 38699 71259 43892 739 3878 91818 70997 99361 52220 88227 94006 70317 40290 69963 72703 19394 51281 33824 95063 95406 23302 70154 23997 20101 97019 87708 45563 79604 84015 67496 48708 71365 25592 96878 17211 12568 62461 69850 22588 67513 73319 46293 48655 99086 40377 33899 85553 69071 39663 37753 50242 76747 10434 54517 65399 81472 44630 49861 84438 99681 79389 84096 57970 37645 99626 31668 97205 75685 57220 75376 14898 71685 78782 21856 43011 18397 80116 33021 67279 50145 15139 67058 82416 36449 80945 26688 61745 54652 32561 78685 54335 99600 3061 81338 74992 98271 98597 91048 4747 80660 22089 68919 66995 95548 41803 64999 3972 66789 55876 13321 51909 8790 66052 79999 87035 5755 97539 97705 78071 29849 73575 55799 42555 55862 77394 65301 56483 34958 21982 42979 59812 36350 22310 14501 12445 39461 68284 87214 96620 29884 17489 84038 41224 45280 26420 23220 71842 7610 34156 17557 39350 37211 8551 92344 10032 30969 65692 79111 71302 34417 47558 67759 46717 44053 51032 42502 73759 77877 75258 60858 48014 80829 51190 92008 56807 36582 7832 19123 61281 49719 45029 25327 95346 67147 75870 3442 39007 96673 29078 25837 86436 59064 58913 72998 19046 71741 6306 49890 82057 36570 88954 29629 6321 95404 71525 75945 26973 23006 60841 88356 89215 19947 40167 33233 73219 86033 23135 9959 80265 91200 65049 43764 69851 42125 6196 30059 66925 27225 20055 70551 14594 66033 99476 78763 61778 3110 14881 39596 75376 5050 20376 53080 54138 93817 24699 72655 77294 99180 2538 93692 52425 52221 83803 5506 42169 35162 50882 61582 28088 69965 44197 73240 69044 33978 83998 38276 67891 50082 15491 13523 45315 35704 83690 23503 65527 18001 67100 49770 39185 70695 59365 86471 24088 98480 47339 23588 39952 12299 9801 48800 87900 97297 6332 33141 33247 28520 11668 69387 40146 84879 24373 8885 50260 40024 44289 77469 90924 71362 36851 37912 47713 92550 69 4657 34851 28188 79986 75235 79785 32723 65642 42382 7286 98121 47951 6343 68868 22131 47040 90980 29165 64373 55734 56727 17024 5602 7939 70210 58512 31586 41488 5790 71710 85757 54545 63223 15769 34583 98804 72601 69278 17711 40773 80628 92826 33352 72695 66451 28034 96803 40836 54104 76435 67670 4807 27091 81922 5637 61079 13097 57041 25306 65450 48711 98644 46412 82866 7166 26719 91457 92227 74923 58202 54384 38937 62874 3781 55798 58760 23341 71869 23461 99945 89516 27799 85611 69881 3675 20724 24111 42399 81517 62731 61607 39522 62200 99279 16463 45493 5312 44419 36954 78401 39612 26231 46001 44168 84251 86294 17385 57580 26863 18989 44066 87614 25163 52007 63635 99825 82504 70703 13881 72470 57913 95568 14114 59076 10892 12928 23990 61713 40969 37946 39992 51444 87039 87100 70498 62985 69946 35181 21884 93667 77517 67934 94290 18214 36332 670 34998 7730 22780 18114 590 65427 98427 86762 93968 6244 1566 39174 10853 11110 21504 19062 90966 37048 39668 34874 88471 72313 95490 32550 2123 57380 24746 67471 68663 52992 75199 52100 33788 13366 26326 69597 50973 89452 6169 69247 73015 2178 70704 66644 55417 82270 3417 89083 86845 10856 45813 39933 51089 38852 32802 15320 33893 68417 50737 68966 71925 60588 97097 92146 63354 12626 93080 75477 25833 70044 53658 39561 98235 3242 72524 26055 28596 38129 61124 52374 65938 66313 73432 40501 4090 56763 35782 17358 29240 65679 98795 77365 64149 26113 72558 32850 34384 18145 59512 42703 94038 9955 32560 54402 6981 39347 5149 10628 29729 19335 12798 22477 49239 74694 82954 3344 83334 77883 41231 54991 21901 68340 81761 98792 12138 25375 98367 80395 87300 86385 41955 23413 86318 61223 4790 84234 35940 22536 22974 7568 87717 90543 64175 21567 34139 82478 50715 10284 41726 44466 34150 8500 12369 38905 79024 54874 34053 35942 70748 75098 64735 64133 50896 2307 83106 24714 3692 89852 29782 77333 54340 1668 53082 98577 21053 86012 68075 60648 5428 75944 32421 49655 74833 3392 59466 6178 26148 43246 40780 33810 67646 70758 38605 69970 84569 82998 98082 99516 43697 76723 42431 3242 90778 99524 85387 72208 85279 9242 87643 72642 70956 93882 76293 20039 46333 41845 14997 43614 26278 76021 38563 60860 28128 27905 88586 32213 24597 15604 96809 98014 15346 39497 59630 45701 76553 66957 8888 44181 70120 63132 66667 91536 39623 53015 84319 80826 97003 36148 51680 58204 69503 65524 88615 42829 91147 9725 73551 33867 88475 5827 38394 3562 95656 48700 44701 73374 29513 18217 25606 47151 29740 99243 94418 16635 96792 28391 79914 7272 27175 53578 59214 51725 34795 43784 25967 39900 72181 93524 38397 97349 15698 15465 35505 14289 88723 30922 80866 52914 82936 55999 83494 62552 15628 67579 20058 148 4870 86806 64789 93132 84349 28820 8390 55302 85886 35087 87647 64456 58431 67223 48589 57526 24595 85653 59769 25328 11054 62967 57031 60231 10263 4432 49874 50894 47993 29811 65558 27275 7451 42178 86209 31498 89857 24568 50789 475 62655 69805 2965 90824 54209 70350 72937 48312 51200 11238 70777 67747 41850 26554 496 50429 3952 28949 47187 24118 22047 19279 75428 57008 47370 77084 8549 67594 76565 60683 80262 49902 71924 4039 72505 49865 65915 20585 20883 54185 98916 78327 71070 39445 27669 31694 99275 32085 50279 87061 28602 26777 90591 24673 35040 86030 86786 95399 65470 96066 28287 1431 88112 5241 71251 34154 96798 26423 58123 8050 30814 39946 73229 60286 71739 97932 98695 52252 28960 75709 76574 50297 25426 35454 30649 44604 75364 53879 82151 17707 88024 28097 29483 28095 79047 96255 32558 27630 91615 80036 10889 44030 60062 34314 14193 65850 86923 94954 41647 96734 24323 61339 94205 95935 2711 69341 51869 77661 91838 96781 28765 95264 48498 47330 46582 22269 83407 80345 7691 59264 82511 15860 15216 32295 57340 71809 86728 1532 30258 95299 72021 97525 23623 29297 20139 87762 93896 7624 12156 45219 31128 2616 84632 49169 52952 67053 64544 50955 22654 65536 39804 64281 91788 97206 43621 91324 64213 8916 67637 26507 18092 51662 52128 50112 9803 96798 5973 36042 91593 7459 58606 11837 79198 6898 42863 22821 18492 13294 10793 82010 90948 92116 52926 29970 11749 99447 50965 53872 79189 18736 68457 49100 32149 14168 81675 20668 29180 22545 43074 43896 43120 52322 65638 78049 87979 30310 27797 26377 18616 55776 33275 68448 34915 50819 86219 86527 27484 3862 77389 47051 23987 70098 7914 78625 52494 16751 92674 83333 20012 4573 11145 18717 68674 45501 79712 71062 7656 14046 27810 48016 6882 22448 4425 43155 25886 88035 72015 56405 43711 17401 18244 18095 69050 3695 36019 40299 23245 40975 29644 92357 62198 64796 17225 74793 80978 89855 57577 10564 33318 86039 30825 72263 50872 17560 11951 33817 95509 66365 95016 66142 17420 17064 2794 68397 99850 62797 54650 72018 28507 19029 38367 35144 11516 36105 91404 17924 22457 82172 45071 68142 24685 24172 99045 18178 71313 95888 89366 49948 29910 90727 29875 90344 5938 70526 98654 37249 79360 65843 91287 47869 98527 10098 25061 88947 3024 93001 78306 2275 22594 573 10531 74140 9523 31193 99861 65158 26183 44631 32226 81159 14222 18881 65914 79993 82966 16513 58470 74651 9835 28434 87149 97521 26269 18814 45584 94803 90716 7182 50785 52767 78597 38405 65640 74210 89817 23770 91186 39921 7030 82484 21317 96562 20664 80977 72541 79847 9164 34788 47693 66430 48818 99992 41048 93231 59387 84701 27502 41805 18702 91907 77290 24279 70265 8323 54608 35353 72034 2053 18022 54279 59856 9176 39604 99841 28484 37808 59070 72261 71249 62732 81320 94333 21670 14045 75333 30008 34136 54173 29760 3750 54070 3486 26874 72292 8076 43687 93334 54012 97732 85023 50883 25586 56223 40169 60225 4460 93678 76344 67971 2991 36529 60975 58676 18288 99877 76188 22437 53292 73936 11259 42059 98131 70613 94844 63395 71398 80066 79031 87951 71816 79456 19899 47834 1477 60567 87236 71210 46896 76816 32863 31836 74363 56819 71925 22576 42501 72950 37057 35212 66549 54649 31434 22179 77504 14473 98820 59816 25004 54147 87613 40391 98526 87409 37157 66358 87317 68644 3952 99556 20755 65513 68106 15545 7984 48328 31021 30548 35702 48619 21024 49500 74681 43073 51888 36695 16877 82865 91786 16777 15190 716 81665 66594 46363 93398 22964 32915 59944 10940 46553 89555 32863 49373 74092 71000 93928 48345 89277 61631 29044 48771 91417 52529 37617 87246 47912 24827 25754 44262 78695 59816 7245 62915 32791 59355 58133 34 91763 28861 31480 17339 20284 600 97335 95190 54759 13971 57429 6289 20217 37389 14032 54139 22201 47497 27368 94160 64241 21829 32602 85867 33233 45329 35219 39636 37727 53208 72323 91450 16951 87217 91705 90458 82512 94682 83290 4724 32316 87603 10132 89647 98186 35095 73438 67984 78598 15757 85146 28460 40272 74920 66299 54543 74494 52370 79146 14589 61641 65412 27842 83139 93846 17822 68605 24126 54329 17156 3402 71142 2098 75510 86831 15742 15260 85750 14826 2632 67422 30822 9329 94197 82972 30767 16361 42420 69462 73132 1659 84432 66884 66758 75715 95950 12286 67610 32064 1978 38076 11239 8577 51219 68705 72021 24362 50219 42900 10952 70034 25921 7606 9772 35741 41864 63348 76424 30061 1396 85031 24269 68379 73740 69170 16703 4102 23686 82250 775 70356 21833 75345 66289 44213 27163 43499 14190 57633 99518 69031 8904 15403 35077 50293 17094 65064 22088 53673 23735 50974 63714 63764 78266 76463 2628 8699 99573 16068 808 10313 82216 39113 43562 76814 38472 86483 9529 97392 11186 66095 58082 15255 36759 48026 53821 44440 7156 72491 25461 72279 29347 88625 63792 49177 54104 62359 37873 61813 73418 24186 96292 85117 56044 99457 76506 14712 43137 15053 91369 7251 82451 54130 51987 62438 81122 17434 58453 37111 57235 67165 24405 97149 58632 39357 77886 48709 8256 57538 94969 56185 13503 76249 13124 85038 32851 38380 58808 77949 18844 38812 54536 56838 9219 71385 51938 70940 35514 43360 43954 1846 94099 41957 41919 24846 8053 22217 81066 92470 21362 81006 18312 39483 52671 54124 31633 55380 4181 5654 3415 40111 66631 56934 95478 66301 60691 13959 18550 9933 61465 45871 1583 27356 19682 33259 21496 74062 96635 95945 48966 75201 87135 23639 77307 39910 89985 96880 34954 6430 25225 57209 71565 50223 35300 88547 60355 99427 86494 69209 56047 86804 46541 33280 71269 82064 96083 13774 88679 99153 48722 46465 34872 14050 94069 77529 45413 9586 94044 24579 3640 93956 24721 69475 7037 4705 15574 66094 25948 91874 67184 82186 33291 86351 5949 43410 83745 64738 90066 5082 15349 2639 77643 21924 58991 64622 57899 31269 48128 11141 66413 30123 9630 87955 53976 95305 82401 69038 10711 15618 88867 61009 61276 69047 70037 6474 45276 25953 61281 11339 57813 92425 68072 97163 13935 76577 39656 41016 34583 41320 27930 67693 81364 49844 89866 14744 69191 81819 51193 97126 74926 43795 91324 26333 13330 7479 59114 65380 10039 97029 45106 13234 67368 60142 33520 50050 98928 54805 49174 25236 99281 98280 9166 14180 41227 89547 12458 27330 20537 39262 78980 62751 94197 21682 31882 81643 58258 43306 94463 18207 23988 48525 20918 82979 98337 26143 6822 99834 60388 40997 68511 91405 94645 73184 52842 61006 85513 21419 38113 50220 89862 31787 96291 18120 28845 56938 69806 15910 90733 40854 29067 99220 59145 36772 42392 71574 64967 88253 43678 17513 12293 720 42541 82188 85109 7529 46755 75499 81092 85310 82732 52487 70184 53699 14906 95296 39669 89756 98700 92972 76505 5737 26024 15018 439 5517 62288 47616 48150 21133 91633 82356 46386 36457 30656 83663 40655 53886 78203 96005 37572 3755 84440 36419 91568 5012 56467 20808 58976 74423 73877 11407 33126 74799 62555 54806 53837 76971 25110 5082 65288 73517 39707 26057 81404 4384 10233 56029 2211 32556 5090 2424 41815 41204 6166 48806 91089 89143 56987 70807 54203 38464 34047 42353 94652 23358 1022 80444 92235 35600 2279 80288 34377 29073 26529 37176 4799 25849 84573 32843 79647 96514 11047 72573 11748 38985 38828 72774 7220 41655 76093 7377 28066 23719 88338 81132 63614 12224 88718 16100 29012 76710 63045 20218 11029 48840 71040 25537 16096 9903 62775 44879 65873 14809 73737 87519 75641 47641 29068 49323 90037 50073 62770 48888 70354 19268 82126 28225 64673 93475 54734 97538 8793 97614 66699 17743 39746 16418 77389 77107 16575 11418 80130 19738 79225 79185 21211 17046 26502 47678 84870 71418 4189 78005 79051 32222 93872 76646 44534 82038 14666 95792 19028 55873 61 43730 23387 28592 27624 62444 54062 67316 95073 79008 57330 83751 89987 62960 68205 22745 51796 73487 9083 62877 68888 601 45272 33027 58096 20567 65440 75620 64068 30291 46126 80104 53963 54761 45361 28492 91792 48129 91892 32708 66931 54659 56607 26123 3364 60370 38046 45989 17238 69591 73195 76634 1464 80458 10647 22565 89257 44744 34028 19242 64890 59033 75572 10605 85746 97992 1170 64498 1546 93554 16592 54527 30438 3407 9052 80649 71734 5613 34118 18900 41238 75159 69067 70319 14647 70605 15473 69376 38721 31347 79785 20927 4622 25234 36118 38041 9014 83518 72638 94342 95779 76459 46428 73257 72729 11732 49679 27704 43159 18445 89461 93857 58780 8134 43928 75367 63369 44168 48572 51312 80707 86887 70939 13168 74680 24045 61530 6118 4343 54278 56443 79934 96852 37335 51457 61816 75924 45345 67325 20519 35837 32955 61615 71534 50781 52238 79271 74568 61693 97694 60287 22956 74340 8987 30096 46807 613 45567 80306 90975 96819 71256 84765 47344 28950 27610 1053 26333 30553 41558 88790 95975 87866 43064 83810 87373 38923 92890 21567 14211 35650 90141 12018 65861 73244 16042 41035 21158 71514 12993 24342 45120 94398 26621 60934 4733 19309 38764 70085 20048 20492 69529 6508 66096 19821 86418 93223 17927 19804 63573 13833 74176 18767 16756 57302 67113 40439 49055 25339 54963 16650 54453 33937 66158 18931 55375 61635 89109 56866 77880 50419 76598 35136 488 84395 45593 72391 36710 67442 20129 8754 41393 93241 85493 6580 43931 18707 50255 35214 77736 59458 66575 47262 80325 80359 5881 27162 39779 7516 38695 86109 11954 82403 39928 90669 9384 42582 1262 11672 62417 83694 87659 17197 33821 97807 72428 46678 89381 92022 75220 65108 51906 9076 52153 28110 7771 86580 19223 77022 34677 44619 84937 60379 44049 61140 6324 42185 75547 87666 41253 92994 81803 58673 13256 38247 55350 90960 68263 74942 22032 49439 25734 15899 21178 19352 67776 53911 5540 51121 2946 96030 22129 47685 56378 94947 59133 21714 44441 61666 79954 515 19516 29940 95013 69853 37266 42056 66285 33087 44162 66888 80256 3755 28912 12819 33202 70147 78889 27159 81441 52658 12973 48483 57772 52821 93049 91399 74366 98339 87613 84011 49946 38816 97415 51316 71269 57017 28182 61401 55189 46409 62704 93277 47845 74949 29129 13957 43156 17967 48070 32179 26747 54803 41428 60685 61121 37986 8519 223 32665 53444 64680 42979 40194 33407 11152 96080 71910 72027 25484 76973 60169 82289 49723 42340 48813 16130 53584 95218 73787 40293 78152 21562 56927 33215 82196 87794 9846 79773 51197 86453 21544 86618 77658 12822 31991 78471 18161 25999 1342 40363 41442 1668 77597 32797 64272 84801 77043 13535 53856 23801 86793 57621 49978 7692 36898 86611 3207 21817 52675 67524 52336 2579 72581 22605 27853 42468 37243 42971 64592 74470 57118 73452 26562 84425 58371 65413 91195 743 38796 32125 35738 7904 63655 66548 47295 82096 19636 43943 8192 43614 94558 77040 875 26671 53221 28212 32240 70079 18192 37672 69625 50559 56028 30185 65672 61112 45662 49134 24579 18152 73588 68407 73441 90278 68816 27970 88113 16800 14605 21097 31575 75459 86605 60454 6701 31327 74086 81181 32251 73281 48389 7496 18204 32130 55338 6321 1104 66497 12670 37309 36662 43253 15287 12168 75515 78825 99467 32687 31534 78453 52231 26168 37974 79509 14945 21124 90529 61281 36851 17434 68716 56847 39297 68682 62505 8429 89138 91925 86804 87135 41512 93856 51418 4339 83134 85003 43024 71632 71613 76767 45130 91232 19352 97297 7206 36412 36410 45550 7591 20990 76777 78477 18261 69543 38325 14888 53742 47209 5117 8783 89984 30159 95116 57447 89876 55229 57646 8980 9758 42312 94803 71147 74738 53446 5889 98201 97320 75237 52296 13919 88973 54447 13826 6996 54664 1384 40306 55671 9811 11269 29015 12607 27507 88468 58661 84327 2335 95456 48656 77580 77575 81675 42613 37158 45328 20167 20503 98102 7124 43678 21839 39226 95032 66921 41919 28908 7991 67217 10169 5856 65697 59017 3971 61760 48686 64269 56775 87943 17153 83311 99578 2161 67401 97907 76708 76580 71168 23368 13447 9246 83532 26463 78535 20568 27534 74341 69693 23155 96047 72296 74399 28418 73305 68226 86013 52714 55719 65059 93126 65989 48267 18375 73401 25018 11997 55601 94175 5408 80935 22433 20109 43982 15065 83177 75482 53939 13663 50417 34909 62430 78971 39779 65052 21795 66666 5509 45965 65426 46220 43679 92794 85462 50505 2615 4765 56501 75106 41163 66935 15238 35461 3616 95599 57578 64745 7460 68810 3219 58734 31406 28295 28764 70539 40654 329 6507 27838 84317 75128 822 34434 42130 59088 25896 11245 63441 47944 52279 29142 65395 49457 52056 27951 38332 78018 5985 39805 50791 70524 74708 16634 23740 32112 69073 73239 25728 15537 41983 27950 72311 88634 33183 7285 16113 60073 62121 33015 27242 8508 24112 45196 41057 59649 62513 62666 3613 26149 87933 29277 35762 94054 46069 29334 35169 79088 48086 39494 88623 1402 50156 26306 95017 79680 17178 35921 37848 64973 90887 68401 91813 58884 30462 18751 77068 80153 71143 81732 19738 47712 61336 74 17590 9974 55962 73660 78692 17221 45383 31279 31575 79359 90190 13965 66606 20226 75877 1759 42170 67688 80881 1666 18575 35154 6153 92541 10367 44243 93071 67110 397 51950 46739 3560 93305 21000 45580 25387 48987 25581 36721 87074 7709 39796 69441 87869 9245 46227 37906 33483 62408 59808 47117 20235 72543 30152 41346 29406 77081 33975 90952 98916 46244 42125 43044 23916 1744 82674 65578 93840 88030 91516 30399 97018 13385 91046 45755 26807 83739 62383 23500 2191 36739 85348 12102 64814 70258 19319 95217 67690 96806 87938 68993 44509 85709 86070 19316 71258 100000 1 100000 1 100000 1 100000 1 100000 1 100000 1 100000 1 100000 1 100000 1 100000 1 100000 1 100000 1 100000 1 100000 1 100000 1 100000 1 100000 1 100000 1 100000 1 100000 1 100000 1 100000 1 100000 1 100000 1 100000 1 100000 1 100000 1 100000 1 100000 1 100000 1 100000 1 100000 1 100000 1 100000 1 100000 1 100000 1 100000 1 100000 1 100000 1 100000 1 100000 1 100000 1 100000 1 100000 1 100000 1 100000 1 100000 1 100000 1 100000 1 100000 1 100000 1 100000 1 100000 1 100000 1 100000 1 100000 1 100000 1 100000 1 100000 1 100000 1 100000 1 100000 1 100000 1 100000 1 100000 1 100000 1 100000 1 100000 1 100000 1 100000 1 100000 1 100000 1 100000 1 100000 1 100000 1 100000 1 100000 1 100000 1 100000 1 100000 1 100000 1 100000 1 100000 1 100000 1 100000 1 100000 1 100000 1 100000 1 100000 1 100000 1 100000 1 100000 1 100000 1 100000 1 100000 1 100000 1 100000 1 100000 1 100000 1 100000 1 100000 1 100000 1 100000 1 100000 1 100000 1 100000 1 100000 1 100000 1 100000 1 100000 1 100000 1 100000 1 100000 1 100000 1 100000 1 100000 1 100000 1 100000 1 100000 1 100000 1 100000 1 100000 1 100000 1 100000 1 100000 1 100000 1 100000 1 100000 1 100000 1 100000 1 100000 1 100000 1 100000 1 100000 1 100000 1 100000 1 100000 1 100000 1 100000 1 100000 1 100000 1 100000 1 100000 1 100000 1 100000 1 100000 1 100000 1 100000 1 100000 1 100000 1 100000 1 100000 1 100000 1 100000 1 100000 1 100000 1 100000 1 100000 1 100000 1 100000 1 100000 1 100000 1 100000 1 100000 1 100000 1 100000 1 100000 1 100000 1 100000 1 100000 1 100000 1 100000 1 100000 1 100000 1 100000 1 100000 1 100000 1 100000 1 100000 1 100000 1 100000 1 100000 1 100000 1 100000 1 100000 1 100000 1 100000 1 100000 1 100000 1 100000 1 100000 1 100000 1 100000 1 100000 1 100000 1 100000 1 100000 1 100000 1 100000 1 100000 1 100000 1 100000 1 100000 1 100000 1 100000 1 100000 1 100000 1 100000 1 100000 1 100000 1 100000 1 100000 1 100000 1 100000 1 100000 1 100000 1 100000 1 100000 1 100000 1 100000 1 100000 1 100000 1 100000 1 100000 1 100000 1 100000 1 100000 1 100000 1 100000 1 100000 1 100000 1 100000 1 100000 1 100000 1 100000 1 100000 1 100000 1 100000 1 100000 1 100000 1 100000 1 100000 1 100000 1 100000 1 100000 1 100000 1 100000 1 100000 1 100000 1 100000 1 100000 1 100000 1 100000 1 100000 1 100000 1 100000 1 100000 1 100000 1 100000 1 100000 1 100000 1 100000 1 100000 1 100000 1 100000 1 100000 1 100000 1 100000 1 100000 1 100000 1 100000 1 100000 1 100000 1 100000 1 100000 1 100000 1 100000 1 100000 1 100000 1 100000 1 100000 1 100000 1 100000 1 100000 1 100000 1 100000 1 100000 1 100000 1 100000 1 100000 1 100000 1 100000 1 100000 1 100000 1 100000 1 100000 1 100000 1 100000 1 100000 1 100000 1 100000 1 100000 1 100000 1 100000 1 100000 1 100000 1 100000 1 100000 1 100000 1 100000 1 100000 1 100000 1 100000 1 100000 1 100000 1 100000 1 100000 1 100000 1 100000 1 100000 1 100000 1 100000 1 100000 1 100000 1 100000 1 100000 1 100000 1 100000 1 100000 1 100000 1 100000 1 100000 1 100000 1 100000 1 100000 1 100000 1 100000 1 100000 1 100000 1 100000 1 100000 1 100000 1 100000 1 100000 1 100000 1 100000 1 100000 1 100000 1 100000 1 100000 1 100000 1 100000 1 100000 1 100000 1 100000 1 100000 1 100000 1 100000 1 100000 1 100000 1 100000 1 100000 1 100000 1 100000 1 100000 1 100000 1 100000 1 100000 1 100000 1 100000 1 100000 1 100000 1 100000 1 100000 1 100000 1 100000 1 100000 1 100000 1 100000 1 100000 1 100000 1 100000 1 100000 1 100000 1 100000 1 100000 1 100000 1 100000 1 100000 1 100000 1 100000 1 100000 1 100000 1 100000 1 100000 1 100000 1 100000 1 100000 1 100000 1 100000 1 100000 1 100000 1 100000 1 100000 1 100000 1 100000 1 100000 1 100000 1 100000 1 100000 1 100000 1 100000 1 100000 1 100000 1 100000 1 100000 1 100000 1 100000 1 100000 1 100000 1 100000 1 100000 1 100000 1 100000 1 100000 1 100000 1 100000 1 100000 1 100000 1 100000 1 100000 1 100000 1 100000 1 100000 1 100000 1 100000 1 100000 1 100000 1 100000 1 100000 1 100000 1 100000 1 100000 1 100000 1 100000 1 100000 1 100000 1 100000 1 100000 1 100000 1 100000 1 100000 1 100000 1 100000 1 100000 1 100000 1 100000 1 100000 1 100000 1 100000 1 100000 1 100000 1 100000 1 100000 1 100000 1 100000 1 100000 1 100000 1 100000 1 100000 1 100000 1 100000 1 100000 1 100000 1 100000 1 100000 1 100000 1 100000 1 100000 1 100000 1 100000 1 100000 1 100000 1 100000 1 100000 1 100000 1 100000 1 100000 1 100000 1 100000 1 100000 1 100000 1 100000 1 100000 1 100000 1 100000 1 100000 1 100000 1 0 0 0 

5000 10000
482 0 
482 3159 
3159 4725 
4725 2060 
2060 4911 
920 4911 
125 920 
562 125 
562 4472 
4472 3247 
3247 2106 
1471 2106 
1471 4251 
4251 245 
2886 245 
2886 237 
237 3496 
678 3496 
678 3946 
3946 1120 
1120 1244 
1244 4364 
4364 2625 
118 2625 
2564 118 
2564 4478 
2352 4478 
1807 2352 
1807 3411 
2012 3411 
903 2012 
903 1778 
1778 3337 
3337 283 
1683 283 
4574 1683 
4574 4502 
4502 728 
728 4265 
4265 2472 
4624 2472 
2830 4624 
1744 2830 
2354 1744 
2354 716 
3455 716 
3455 4354 
4354 3540 
3540 289 
2016 289 
2629 2016 
2629 269 
268 269 
268 3149 
290 3149 
290 2878 
2878 3266 
4843 3266 
3945 4843 
3945 2782 
2782 2706 
2706 598 
2936 598 
2505 2936 
2505 1960 
2682 1960 
1263 2682 
675 1263 
675 4037 
3734 4037 
3734 1274 
3948 1274 
3407 3948 
3407 3092 
3092 1417 
1417 297 
297 4710 
4710 2535 
2535 2283 
2283 3324 
4741 3324 
4741 1974 
1014 1974 
1014 2359 
2359 3135 
3135 1568 
1568 2166 
4653 2166 
4595 4653 
3779 4595 
3779 4726 
1072 4726 
1072 2108 
2108 4815 
4815 1355 
1355 4015 
4015 2727 
2727 1585 
4206 1585 
4206 4722 
4281 4722 
961 4281 
2042 961 
2042 1357 
4473 1357 
4094 4473 
4094 4985 
4985 3470 
127 3470 
3756 127 
4538 3756 
1496 4538 
3409 1496 
3769 3409 
3769 4541 
4541 1605 
86 1605 
86 3172 
1612 3172 
1441 1612 
2852 1441 
4896 2852 
4896 3981 
3981 2586 
2586 1710 
504 1710 
504 2974 
735 2974 
735 1392 
1392 1640 
3384 1640 
1435 3384 
4148 1435 
1431 4148 
1431 220 
2210 220 
384 2210 
4030 384 
4030 2667 
2667 1956 
80 1956 
2865 80 
1933 2865 
4101 1933 
4101 2008 
4632 2008 
4632 896 
3083 896 
4904 3083 
4904 2121 
3736 2121 
3736 1004 
1412 1004 
1412 2059 
3983 2059 
186 3983 
4242 186 
740 4242 
740 4097 
1951 4097 
3602 1951 
2022 3602 
4108 2022 
2912 4108 
2912 3896 
3896 4390 
1617 4390 
1617 3144 
3144 1559 
1559 1733 
2183 1733 
2183 1975 
4063 1975 
4063 4236 
4309 4236 
3226 4309 
1555 3226 
2675 1555 
2675 1851 
1851 3835 
2749 3835 
4477 2749 
2836 4477 
2836 3322 
3875 3322 
3875 4603 
2153 4603 
3143 2153 
3936 3143 
3518 3936 
2998 3518 
2998 4996 
218 4996 
1686 218 
1686 2470 
2815 2470 
449 2815 
1162 449 
1162 1114 
1440 1114 
1440 4058 
4058 1691 
1691 1850 
1850 1658 
1658 2457 
2772 2457 
2772 3451 
4697 3451 
4697 1924 
1924 1369 
280 1369 
280 2573 
1413 2573 
308 1413 
308 3951 
3727 3951 
3414 3727 
2293 3414 
2293 465 
1847 465 
3678 1847 
1624 3678 
3671 1624 
3671 2038 
2038 1211 
1211 1943 
1943 1309 
1309 3838 
3838 4928 
4928 2070 
2070 1774 
1774 4932 
4932 242 
242 4429 
4429 3695 
3695 1172 
785 1172 
385 785 
1796 385 
4968 1796 
1343 4968 
1343 1959 
1959 4758 
638 4758 
374 638 
374 114 
114 3659 
3659 4620 
4620 1317 
415 1317 
2258 415 
2258 4819 
1789 4819 
165 1789 
3506 165 
3506 4109 
4109 1277 
1165 1277 
1165 490 
490 2937 
2937 3928 
3928 4123 
4123 2005 
2005 2397 
2397 3514 
2971 3514 
1246 2971 
1246 1736 
4132 1736 
4132 1873 
463 1873 
463 3832 
1581 3832 
539 1581 
632 539 
1727 632 
1727 2091 
2091 475 
239 475 
239 2243 
2243 4790 
4790 4072 
4072 1894 
1894 4988 
2231 4988 
2231 4084 
833 4084 
833 4096 
4611 4096 
4611 3651 
3675 3651 
3675 4518 
3383 4518 
4463 3383 
2797 4463 
4564 2797 
2889 4564 
4480 2889 
3327 4480 
3327 2087 
2087 1892 
1892 4068 
4068 294 
294 3294 
3294 4553 
4553 222 
222 3639 
3639 2145 
4306 2145 
1071 4306 
1071 2335 
2335 293 
4651 293 
4651 1328 
1328 2363 
1207 2363 
1207 3363 
3363 706 
706 4021 
3311 4021 
3311 509 
509 2439 
4080 2439 
1370 4080 
1370 4104 
2219 4104 
3057 2219 
117 3057 
3154 117 
2853 3154 
2853 2186 
2186 58 
4450 58 
4450 2330 
327 2330 
3223 327 
1896 3223 
1896 1922 
3369 1922 
1561 3369 
1561 3265 
3265 4004 
3132 4004 
260 3132 
3546 260 
3709 3546 
3709 2881 
3994 2881 
3994 1577 
226 1577 
1803 226 
1511 1803 
1511 2253 
3849 2253 
3849 4709 
2611 4709 
2611 4304 
4304 4174 
4174 4300 
4588 4300 
4588 4714 
4714 1914 
1914 4027 
4027 2379 
2379 100 
2441 100 
3299 2441 
3299 2793 
2793 4568 
462 4568 
4706 462 
3590 4706 
2179 3590 
2179 4919 
4868 4919 
883 4868 
883 4744 
4744 4629 
4629 4577 
4577 168 
168 3721 
3721 1348 
1348 500 
2914 500 
3087 2914 
3087 4342 
2803 4342 
2803 4576 
1341 4576 
3979 1341 
3979 337 
1876 337 
1876 860 
860 3292 
3292 150 
783 150 
4476 783 
1217 4476 
1142 1217 
2580 1142 
3396 2580 
3396 4759 
4033 4759 
2597 4033 
621 2597 
2753 621 
1934 2753 
4977 1934 
4977 369 
3390 369 
3390 3494 
605 3494 
4237 605 
4237 3195 
653 3195 
3746 653 
2177 3746 
2177 1416 
1416 3525 
1619 3525 
1619 4305 
4305 1853 
2902 1853 
2644 2902 
2644 34 
2796 34 
1098 2796 
3552 1098 
3627 3552 
3627 92 
92 3876 
67 3876 
67 2660 
2660 2610 
2085 2610 
3955 2085 
2427 3955 
2427 871 
871 3254 
3254 2812 
1912 2812 
1912 3961 
3961 986 
4264 986 
3823 4264 
3823 1915 
1915 2117 
2117 4259 
2274 4259 
2274 3715 
3715 4025 
4025 4675 
4398 4675 
4398 3711 
617 3711 
617 4981 
1861 4981 
1861 4169 
4169 3834 
3834 3674 
4070 3674 
4070 4654 
534 4654 
534 821 
357 821 
4091 357 
4292 4091 
4292 4002 
4002 3528 
3528 3764 
1394 3764 
4214 1394 
4526 4214 
1249 4526 
2492 1249 
3163 2492 
2904 3163 
2904 4660 
2652 4660 
2652 1777 
1424 1777 
3798 1424 
3798 4736 
389 4736 
915 389 
1135 915 
1794 1135 
1794 4057 
4057 3925 
3925 1012 
445 1012 
905 445 
905 4464 
4464 167 
167 2280 
2280 3150 
4569 3150 
4569 994 
1530 994 
1530 2892 
3421 2892 
3421 2345 
1718 2345 
4434 1718 
4434 2736 
571 2736 
2165 571 
1183 2165 
1183 3351 
2307 3351 
1955 2307 
3580 1955 
3580 1522 
1522 1659 
4020 1659 
1811 4020 
3340 1811 
3340 4728 
3412 4728 
3412 4200 
4200 1145 
1145 723 
1399 723 
1399 4647 
4373 4647 
4373 162 
162 2735 
1185 2735 
3378 1185 
3378 3215 
4657 3215 
4829 4657 
4643 4829 
4643 1278 
1278 3843 
3843 4325 
4751 4325 
3314 4751 
3314 1687 
1687 3431 
3431 206 
1174 206 
1174 1276 
1276 4782 
2775 4782 
4705 2775 
1732 4705 
1732 4636 
4636 3341 
4329 3341 
4329 639 
808 639 
574 808 
4752 574 
4752 3802 
1871 3802 
1871 2704 
2870 2704 
3739 2870 
353 3739 
353 665 
665 2778 
2778 3545 
51 3545 
971 51 
971 863 
863 3225 
3225 1730 
1342 1730 
1342 1508 
4806 1508 
4806 2840 
2725 2840 
2729 2725 
1674 2729 
1674 4947 
3000 4947 
4982 3000 
4310 4982 
4310 4529 
4529 428 
4183 428 
4183 3059 
3059 2313 
719 2313 
4003 719 
4003 3970 
3970 2509 
2509 3637 
3321 3637 
2867 3321 
2867 1038 
1038 1154 
3958 1154 
3958 4837 
4837 1458 
1458 4608 
734 4608 
4239 734 
4239 4496 
4496 3596 
3596 1719 
4421 1719 
540 4421 
1117 540 
1117 493 
493 3078 
3078 3255 
3255 2862 
1643 2862 
1643 3203 
3203 2857 
1529 2857 
1584 1529 
1584 4740 
4740 2252 
1472 2252 
1472 1570 
4184 1570 
2876 4184 
2876 545 
270 545 
3517 270 
3517 4213 
4213 4196 
71 4196 
2960 71 
2960 1656 
2255 1656 
555 2255 
555 2103 
2579 2103 
2579 2540 
1817 2540 
3687 1817 
870 3687 
870 439 
439 2291 
2291 3614 
3614 2368 
2368 1552 
1552 2079 
481 2079 
481 1775 
4270 1775 
2897 4270 
3394 2897 
3394 2222 
2222 1329 
3542 1329 
1291 3542 
1291 592 
592 3883 
4157 3883 
2752 4157 
2752 326 
326 1080 
1080 1925 
1925 2230 
4753 2230 
2428 4753 
851 2428 
851 3765 
3765 1160 
1160 1855 
1855 3873 
3873 4971 
4971 3210 
3210 3268 
643 3268 
484 643 
2590 484 
3989 2590 
3989 2338 
2338 4552 
2978 4552 
394 2978 
1846 394 
132 1846 
1242 132 
1242 1929 
1929 4858 
4858 3440 
3440 3574 
3609 3574 
1616 3609 
2855 1616 
2855 1299 
3921 1299 
2058 3921 
2430 2058 
4323 2430 
3379 4323 
3118 3379 
3584 3118 
3584 623 
623 1557 
1557 3286 
3286 827 
827 96 
1025 96 
507 1025 
507 1628 
2180 1628 
2180 1580 
1580 4944 
4944 1783 
4756 1783 
264 4756 
1913 264 
1913 1738 
3762 1738 
3664 3762 
3664 101 
140 101 
140 3453 
2572 3453 
2572 3941 
2829 3941 
944 2829 
4089 944 
988 4089 
988 4401 
4401 1644 
3794 1644 
4474 3794 
4474 2942 
2942 2733 
2733 1213 
1563 1213 
3353 1563 
68 3353 
68 4432 
4976 4432 
4841 4976 
4841 1048 
1048 2112 
2112 752 
1166 752 
1166 4649 
4649 2240 
2240 2745 
634 2745 
4859 634 
1790 4859 
1781 1790 
1781 4991 
4991 1176 
4571 1176 
3625 4571 
188 3625 
3784 188 
3784 3853 
1481 3853 
3699 1481 
3699 1204 
1204 1480 
2858 1480 
2858 4117 
2987 4117 
2987 1294 
4749 1294 
4749 4980 
1677 4980 
1677 1052 
4357 1052 
4357 2328 
2328 1966 
1966 2808 
2808 2822 
2822 3263 
4614 3263 
4614 295 
2663 295 
1252 2663 
1252 946 
946 4851 
4851 4987 
4987 1251 
1251 178 
1670 178 
410 1670 
410 4029 
4029 1427 
3647 1427 
1812 3647 
1812 464 
776 464 
2627 776 
1916 2627 
1916 193 
2150 193 
2150 1587 
3120 1587 
3413 3120 
3413 152 
152 4876 
4876 3027 
3313 3027 
73 3313 
1883 73 
1883 1482 
1482 1623 
1623 1059 
4698 1059 
2158 4698 
2158 4762 
1452 4762 
1452 30 
30 2760 
460 2760 
1595 460 
1595 4116 
4116 1927 
1445 1927 
2763 1445 
323 2763 
2257 323 
4784 2257 
4799 4784 
4799 888 
4268 888 
1566 4268 
37 1566 
1267 37 
169 1267 
169 426 
1728 426 
3319 1728 
3319 1264 
1264 3219 
2583 3219 
3471 2583 
812 3471 
812 42 
42 936 
782 936 
4250 782 
4250 1829 
1829 1741 
4646 1741 
4646 4713 
313 4713 
4026 313 
4026 1414 
4554 1414 
3985 4554 
1725 3985 
2089 1725 
1931 2089 
1821 1931 
1821 523 
523 3905 
3905 1290 
1290 2484 
2484 1936 
3475 1936 
4424 3475 
759 4424 
1515 759 
3521 1515 
3707 3521 
831 3707 
831 1141 
3459 1141 
1652 3459 
548 1652 
4271 548 
3017 4271 
1127 3017 
4226 1127 
4226 3908 
1791 3908 
2806 1791 
4175 2806 
4175 2049 
2049 2673 
2673 3114 
3114 4645 
4510 4645 
4510 2683 
1634 2683 
1634 4828 
4828 1201 
660 1201 
660 661 
3073 661 
3073 3643 
3643 3080 
3080 2207 
3755 2207 
2048 3755 
2048 1579 
761 1579 
750 761 
774 750 
774 3432 
3432 4500 
4671 4500 
4655 4671 
138 4655 
370 138 
370 3124 
3124 1115 
1944 1115 
1944 3315 
3315 1988 
1988 1909 
473 1909 
1356 473 
1356 2011 
2011 276 
276 3555 
4952 3555 
947 4952 
864 947 
1397 864 
3202 1397 
3202 3841 
3841 430 
430 3117 
3117 4459 
2376 4459 
1206 2376 
1206 3495 
2712 3495 
2712 696 
2026 696 
2026 2628 
2628 2386 
2386 4731 
4731 795 
3033 795 
3033 3719 
3380 3719 
3380 408 
408 2695 
139 2695 
139 4946 
4946 1826 
1826 3382 
3382 98 
98 120 
748 120 
748 2192 
2192 1668 
1668 228 
3126 228 
3126 3592 
3592 3110 
3110 3111 
3111 258 
258 4127 
4127 2884 
1590 2884 
1902 1590 
4581 1902 
2883 4581 
2814 2883 
2814 2653 
2653 2044 
2044 3944 
3944 4700 
4700 1514 
692 1514 
692 575 
904 575 
904 3881 
355 3881 
4050 355 
4050 2525 
2525 4425 
4521 4425 
4619 4521 
4619 2512 
615 2512 
615 3943 
2842 3943 
2842 470 
3803 470 
4001 3803 
4001 3880 
3880 4544 
4544 2662 
3631 2662 
3631 2560 
4878 2560 
1107 4878 
1107 1333 
1333 2400 
2400 3267 
3267 200 
200 4441 
1345 4441 
3648 1345 
897 3648 
897 2468 
1473 2468 
1823 1473 
1823 2992 
2992 671 
671 2574 
2574 3818 
3818 2366 
1488 2366 
3045 1488 
3586 3045 
1353 3586 
1353 4126 
3035 4126 
3437 3035 
154 3437 
99 154 
99 3682 
3682 1386 
1386 47 
2740 47 
2740 2520 
2520 1208 
1208 3312 
4442 3312 
4442 4882 
4882 281 
244 281 
244 1460 
1460 4922 
4922 4355 
4380 4355 
4380 1096 
1096 3308 
3308 1715 
1715 4382 
4382 4630 
4078 4630 
189 4078 
189 1904 
1904 3865 
3690 3865 
3690 3123 
4801 3123 
4801 2424 
2424 647 
560 647 
560 1258 
4908 1258 
2980 4908 
712 2980 
223 712 
223 1144 
1504 1144 
967 1504 
967 2838 
74 2838 
74 4220 
386 4220 
386 3269 
3269 2826 
25 2826 
2237 25 
799 2237 
214 799 
214 3701 
1475 3701 
1475 1592 
1592 1423 
1423 4079 
1148 4079 
1148 1537 
1537 2460 
2460 672 
2093 672 
417 2093 
417 2933 
2933 3919 
3919 4607 
1422 4607 
1422 1147 
1147 1814 
1814 3679 
3679 4115 
4115 1601 
1601 2009 
2009 4215 
4215 2774 
894 2774 
4427 894 
4371 4427 
4371 4958 
4347 4958 
4347 1664 
3770 1664 
3770 4158 
3273 4158 
403 3273 
4533 403 
4105 4533 
4105 704 
4578 704 
2314 4578 
3489 2314 
1113 3489 
1113 1459 
2723 1459 
2743 2723 
2743 4485 
4485 2382 
2382 3829 
3829 3055 
2700 3055 
2700 3169 
3391 3169 
628 3391 
4906 628 
3743 4906 
4826 3743 
4826 2409 
3084 2409 
559 3084 
3112 559 
3112 2353 
1828 2353 
1839 1828 
1839 1229 
3388 1229 
4008 3388 
873 4008 
873 2418 
2418 3070 
1108 3070 
1108 4241 
2286 4241 
2286 2131 
2184 2131 
3034 2184 
2164 3034 
2164 3915 
2632 3915 
2632 4313 
4313 3284 
2319 3284 
3105 2319 
3105 698 
698 4995 
1799 4995 
1799 760 
1008 760 
1008 2052 
2052 1766 
4409 1766 
316 4409 
316 3280 
686 3280 
3115 686 
3793 3115 
3793 902 
4514 902 
1007 4514 
4023 1007 
443 4023 
730 443 
2019 730 
2019 2925 
3713 2925 
1905 3713 
1905 2783 
2783 855 
3848 855 
3848 4182 
1390 4182 
2477 1390 
3710 2477 
3710 1284 
444 1284 
444 1094 
94 1094 
94 2816 
3967 2816 
4499 3967 
4499 2645 
2645 2162 
2263 2162 
2263 124 
124 1465 
1465 3472 
2790 3472 
2029 2790 
1405 2029 
1109 1405 
1109 149 
2465 149 
2465 4007 
1688 4007 
3339 1688 
3339 608 
608 3799 
3799 3578 
558 3578 
558 2281 
2281 858 
858 1723 
1723 3022 
3408 3022 
667 3408 
2017 667 
2017 4699 
4699 2550 
1615 2550 
1615 2544 
4142 2544 
3310 4142 
2393 3310 
2393 433 
433 3305 
3305 4438 
1083 4438 
2069 1083 
2069 636 
636 1331 
1331 2419 
2419 3991 
4891 3991 
2555 4891 
1899 2555 
1899 3113 
3113 3630 
3630 970 
970 741 
3569 741 
4684 3569 
4684 3871 
3871 1857 
3361 1857 
3361 2264 
1429 2264 
1429 4597 
4597 2698 
2698 2551 
2551 1880 
1880 306 
306 396 
396 4769 
4769 2582 
2582 4437 
1043 4437 
153 1043 
2431 153 
3147 2431 
3147 515 
1571 515 
1571 4112 
4112 2196 
4087 2196 
4795 4087 
3370 4795 
3370 3733 
1198 3733 
1198 434 
434 3485 
3485 2249 
2249 2443 
814 2443 
1678 814 
3911 1678 
421 3911 
421 4507 
15 4507 
15 4394 
2090 4394 
2090 1110 
1110 4862 
4862 2607 
2607 1651 
3971 1651 
3971 1588 
4119 1588 
1832 4119 
1626 1832 
1626 2754 
1050 2754 
1050 907 
1869 907 
1869 3289 
3289 3972 
4605 3972 
3336 4605 
4674 3336 
3503 4674 
3503 1694 
1694 3975 
2976 3975 
3509 2976 
3509 2305 
2305 424 
424 1885 
1885 4274 
4274 4509 
3074 4509 
3074 2402 
2402 197 
2953 197 
2953 2139 
50 2139 
50 1068 
1068 3561 
891 3561 
14 891 
2911 14 
2911 2702 
2226 2702 
4548 2226 
4297 4548 
4297 3026 
3026 1907 
1907 105 
105 1760 
2462 1760 
3781 2462 
1434 3781 
1434 1306 
1981 1306 
1981 2831 
2851 2831 
3807 2851 
3807 3338 
436 3338 
3291 436 
3291 4767 
4767 1407 
2846 1407 
2613 2846 
2613 1375 
1375 4746 
4696 4746 
3534 4696 
3534 1256 
2874 1256 
2874 4622 
3904 4622 
3904 3824 
3824 1648 
1648 839 
839 662 
662 663 
1911 663 
1911 3963 
3963 1961 
4456 1961 
4456 3763 
3763 2405 
2405 2924 
2924 2618 
2618 1195 
2469 1195 
2469 4679 
4679 1737 
1737 1469 
787 1469 
787 3056 
3056 3012 
4810 3012 
1701 4810 
1701 3790 
514 3790 
984 514 
984 36 
36 1531 
1531 969 
2412 969 
3813 2412 
2452 3813 
2452 3745 
1649 3745 
1649 4754 
3435 4754 
4519 3435 
4519 648 
648 3537 
3537 3401 
1354 3401 
1354 2972 
2972 2188 
1653 2188 
4820 1653 
824 4820 
340 824 
340 2125 
2125 3086 
3086 1810 
1810 3615 
654 3615 
654 2841 
2841 3288 
4288 3288 
455 4288 
455 2766 
3717 2766 
3717 3536 
3704 3536 
3704 4742 
335 4742 
1637 335 
2346 1637 
2346 4966 
3858 4966 
3858 4138 
3585 4138 
3585 4331 
2714 4331 
2714 702 
702 2686 
2083 2686 
2083 4637 
4637 1565 
3359 1565 
3359 1430 
1430 3662 
2233 3662 
1743 2233 
1743 2553 
2056 2553 
2056 4405 
432 4405 
4501 432 
4501 4873 
2982 4873 
2982 4423 
4423 2392 
3457 2392 
263 3457 
263 2692 
325 2692 
1906 325 
872 1906 
872 2355 
2355 2433 
3816 2433 
174 3816 
174 349 
3797 349 
4248 3797 
4248 3041 
3724 3041 
3724 3406 
3406 3632 
3632 2562 
2562 512 
512 4448 
4448 2776 
2776 1268 
790 1268 
1706 790 
4188 1706 
4188 923 
923 1941 
1941 420 
3543 420 
254 3543 
254 4807 
4807 3898 
1993 3898 
4573 1993 
912 4573 
912 3 
3 1831 
1831 4720 
3139 4720 
3139 2456 
1980 2456 
2272 1980 
2272 95 
2959 95 
2959 4839 
4839 1020 
1296 1020 
1296 1654 
1682 1654 
3720 1682 
1629 3720 
1629 1671 
1671 852 
852 4257 
4257 4360 
4360 2312 
2312 4673 
4969 4673 
4969 906 
4957 906 
4957 901 
901 3949 
2589 3949 
2589 191 
191 1827 
1827 541 
4983 541 
4983 594 
798 594 
798 1017 
2331 1017 
2331 4172 
1498 4172 
1498 4445 
4445 3130 
3130 1075 
1075 4269 
4269 2151 
2151 1786 
4812 1786 
4812 3954 
3954 2813 
3402 2813 
3402 1708 
1708 2513 
2513 527 
527 1673 
2223 1673 
3820 2223 
3820 1937 
3692 1937 
3692 1593 
1061 1593 
1061 3772 
3772 4397 
724 4397 
4276 724 
4276 266 
3862 266 
3862 2676 
2676 1161 
1161 4678 
4678 1432 
2795 1432 
2795 1930 
4926 1930 
1463 4926 
3893 1463 
3893 2432 
2432 363 
363 4694 
4694 4211 
3860 4211 
3860 4032 
2711 4032 
2669 2711 
129 2669 
3650 129 
3650 1248 
2173 1248 
1193 2173 
1611 1193 
1611 1972 
1972 1641 
1641 4831 
4831 1898 
3439 1898 
3439 1196 
1196 4253 
4253 4848 
1837 4848 
1111 1837 
1111 1178 
1178 2634 
2634 2882 
4315 2882 
4315 54 
2118 54 
4936 2118 
3323 4936 
2626 3323 
2626 1776 
1776 261 
2205 261 
4789 2205 
4789 1289 
230 1289 
4362 230 
4362 1952 
1952 1722 
2617 1722 
708 2617 
3454 708 
2988 3454 
1167 2988 
1167 954 
3343 954 
3343 977 
4883 977 
4635 4883 
4497 4635 
4497 4689 
4892 4689 
4892 4701 
4701 4724 
1205 4724 
1205 2708 
2708 2875 
2875 2983 
2983 768 
3522 768 
3522 3903 
217 3903 
356 217 
356 2403 
2403 1250 
3468 1250 
3468 4187 
3810 4187 
3810 3029 
3029 210 
49 210 
3899 49 
3899 2185 
2185 1800 
2378 1800 
2378 351 
351 3952 
3952 4168 
918 4168 
1983 918 
1983 893 
4267 893 
4267 4634 
4634 1092 
2399 1092 
2399 3812 
3812 2805 
359 2805 
2358 359 
2358 229 
229 346 
4997 346 
2053 4997 
577 2053 
3792 577 
3792 4179 
3464 4179 
1026 3464 
2007 1026 
611 2007 
611 3194 
3194 3735 
3019 3735 
3019 66 
66 3884 
2342 3884 
2342 2374 
3956 2374 
2612 3956 
3213 2612 
3213 365 
365 2594 
2594 1891 
1891 2308 
1035 2308 
1035 845 
1234 845 
1234 2508 
2508 4466 
4466 172 
4563 172 
1409 4563 
3366 1409 
3366 680 
375 680 
375 2389 
2389 1056 
4599 1056 
2423 4599 
2105 2423 
4895 2105 
4263 4895 
4263 2939 
3815 2939 
2306 3815 
1695 2306 
2503 1695 
406 2503 
406 3072 
3438 3072 
3438 3950 
4748 3950 
4773 4748 
4773 693 
3962 693 
3962 2722 
2722 2951 
2951 4059 
4059 3629 
599 3629 
599 4663 
4663 1908 
1946 1908 
1946 452 
452 1219 
1219 2074 
3325 2074 
3325 2606 
4618 2606 
2039 4618 
1486 2039 
3052 1486 
3859 3052 
3859 579 
4064 579 
4064 677 
677 4585 
483 4585 
1755 483 
1456 1755 
1660 1456 
1660 1326 
1326 213 
213 3368 
4594 3368 
3934 4594 
3934 4086 
4086 542 
1361 542 
1361 992 
3186 992 
3186 2879 
390 2879 
765 390 
2641 765 
2641 3060 
4979 3060 
53 4979 
3652 53 
3179 3652 
3179 4639 
3051 4639 
3362 3051 
3362 3774 
3200 3774 
70 3200 
4056 70 
1100 4056 
958 1100 
958 4975 
4975 879 
1527 879 
747 1527 
747 3887 
1752 3887 
1752 789 
789 1376 
1376 4616 
4616 3857 
3857 1620 
1190 1620 
1190 1950 
1950 3420 
2478 3420 
2478 4167 
2543 4167 
2543 1519 
1519 194 
194 1868 
282 1868 
1627 282 
2133 1627 
2303 2133 
2303 606 
1065 606 
2155 1065 
1921 2155 
2913 1921 
2913 2045 
2045 612 
1084 612 
2734 1084 
1838 2734 
1838 2989 
1495 2989 
1495 3389 
3995 3389 
3199 3995 
4788 3199 
1901 4788 
1901 4381 
3533 4381 
3533 1406 
44 1406 
44 4617 
4218 4617 
4779 4218 
1493 4779 
549 1493 
3230 549 
3230 2072 
1985 2072 
182 1985 
182 1367 
1367 4708 
4708 3718 
2194 3718 
2194 2679 
2679 717 
3567 717 
2995 3567 
1618 2995 
3752 1618 
4522 3752 
450 4522 
450 4914 
2062 4914 
2062 538 
987 538 
987 2485 
2485 1320 
1320 1757 
2557 1757 
3777 2557 
3866 3777 
3866 2717 
2717 4838 
2707 4838 
3013 2707 
3013 1731 
1731 4243 
4243 990 
990 3498 
3548 3498 
4047 3548 
3998 4047 
1239 3998 
3236 1239 
3236 756 
756 781 
781 163 
4358 163 
4133 4358 
1259 4133 
1018 1259 
1260 1018 
3804 1260 
1132 3804 
1132 4512 
4512 4433 
4433 3064 
4791 3064 
4791 2501 
2501 3888 
3888 4661 
4155 4661 
1420 4155 
1155 1420 
1155 4443 
3909 4443 
3909 198 
198 2999 
4336 2999 
4336 4120 
4120 2927 
2218 2927 
400 2218 
4334 400 
738 4334 
2756 738 
999 2756 
1843 999 
3767 1843 
3767 797 
797 20 
4711 20 
2081 4711 
2081 2909 
2909 1748 
764 1748 
764 107 
2438 107 
451 2438 
614 451 
614 3445 
3910 3445 
3910 796 
17 796 
17 3227 
3227 3290 
4470 3290 
1919 4470 
1919 377 
1036 377 
1036 4018 
1773 4018 
1773 1926 
1926 4662 
4662 1499 
2206 1499 
4856 2206 
4856 12 
12 123 
3486 123 
3486 1989 
1989 1984 
1984 1067 
3658 1067 
4737 3658 
4737 1444 
2566 1444 
2566 1589 
3870 1589 
3633 3870 
2000 3633 
2000 1818 
4785 1818 
5 4785 
5 2221 
2221 4191 
4191 3869 
278 3869 
278 1602 
1382 1602 
4365 1382 
2340 4365 
2340 1006 
211 1006 
211 112 
1835 112 
303 1835 
303 1271 
1271 4537 
456 4537 
456 1798 
1798 76 
1610 76 
4173 1610 
4098 4173 
4098 4337 
2033 4337 
1101 2033 
1101 1438 
3228 1438 
3228 4071 
4071 4923 
4923 262 
262 593 
2385 593 
4910 2385 
4910 1536 
1536 1322 
1322 3395 
2746 3395 
1977 2746 
1977 4339 
4339 792 
703 792 
952 703 
3593 952 
3593 4453 
4453 4887 
4887 413 
413 794 
794 324 
324 187 
187 2337 
2337 2784 
2666 2784 
2666 4515 
4515 2422 
2422 2037 
2635 2037 
1860 2635 
1860 998 
998 1614 
1614 771 
771 4302 
4302 2608 
2608 2781 
2781 2954 
2954 232 
4046 232 
4046 2425 
2425 2132 
2132 1795 
3749 1795 
3749 1028 
2329 1028 
3235 2329 
2285 3235 
2285 3293 
28 3293 
28 1280 
1280 554 
554 3065 
3065 39 
4948 39 
4964 4948 
4964 1542 
3424 1542 
517 3424 
437 517 
437 3250 
3250 2096 
2096 1964 
1222 1964 
1428 1222 
1428 2028 
4345 2028 
4345 910 
910 2464 
2464 2771 
345 2771 
3855 345 
3855 3242 
2650 3242 
2650 1418 
1418 1238 
1238 1232 
1232 2523 
3840 2523 
3840 1086 
1086 2128 
916 2128 
3183 916 
649 3183 
3023 649 
3023 3452 
1295 3452 
1295 585 
585 1243 
3728 1243 
4937 3728 
4088 4937 
4088 1321 
1321 4479 
4479 3960 
3960 941 
2267 941 
2267 1510 
1510 2899 
2899 3605 
3605 682 
682 1192 
2691 1192 
4468 2691 
4468 3031 
4546 3031 
4546 2728 
2728 2804 
2804 1163 
2739 1163 
2739 1255 
1255 1340 
1340 715 
715 4489 
4489 4010 
4010 1126 
1126 2216 
2216 4012 
4012 3831 
4693 3831 
4693 2605 
1553 2605 
1553 3257 
3257 3900 
3900 338 
338 1241 
925 1241 
925 4396 
4396 1403 
62 1403 
3381 62 
2239 3381 
110 2239 
4391 110 
2175 4391 
2175 4100 
2581 4100 
2581 3410 
4224 3410 
4224 3122 
3122 4320 
2872 4320 
683 2872 
683 526 
3008 526 
3008 525 
525 170 
1490 170 
1490 3009 
3037 3009 
3037 2659 
2659 532 
3768 532 
3768 1005 
2636 1005 
3846 2636 
3846 4045 
4045 4161 
985 4161 
784 985 
4931 784 
3307 4931 
755 3307 
755 4208 
3354 4208 
3354 2869 
2869 1387 
3377 1387 
3377 3155 
3155 2514 
2514 4367 
1606 4367 
1606 366 
366 497 
3109 497 
378 3109 
1303 378 
1303 2434 
2434 943 
1231 943 
865 1231 
4516 865 
4516 26 
26 2401 
3201 2401 
4412 3201 
4412 2677 
2677 3153 
3153 3399 
1890 3399 
256 1890 
256 572 
3005 572 
4778 3005 
3757 4778 
519 3757 
2241 519 
3527 2241 
4825 3527 
4392 4825 
4245 4392 
4245 3461 
841 3461 
2167 841 
2269 2167 
2269 3191 
3191 1903 
2159 1903 
2159 4044 
3350 4044 
3350 3549 
3549 3352 
4102 3352 
908 4102 
908 3582 
300 3582 
300 1230 
1230 4062 
4062 3151 
3151 650 
650 2113 
2113 4506 
4506 1882 
3626 1882 
3573 3626 
3573 3515 
3515 4590 
843 4590 
843 1711 
596 1711 
596 3782 
837 3782 
2715 837 
2715 4860 
4860 1978 
1978 1351 
1351 10 
10 1596 
1596 2144 
2144 1638 
1638 1009 
1346 1009 
1292 1346 
1292 3274 
3636 3274 
3912 3636 
4415 3912 
3842 4415 
3761 3842 
3761 1305 
3785 1305 
3785 597 
4422 597 
75 4422 
75 1759 
3519 1759 
1364 3519 
3725 1364 
3725 4994 
4994 2724 
2849 2724 
651 2849 
3015 651 
914 3015 
914 2119 
2119 3063 
4124 3063 
4124 4136 
4884 4136 
4884 128 
3987 128 
3987 4378 
4378 4348 
2549 4348 
2244 2549 
2244 33 
33 613 
613 3209 
3209 3539 
4375 3539 
4375 4536 
4536 1093 
2935 1093 
4144 2935 
4144 4822 
4449 4822 
4449 1864 
1864 1216 
3732 1216 
2563 3732 
2515 2563 
2515 1740 
1740 4783 
2744 4783 
2744 2791 
2791 2957 
2377 2957 
4399 2377 
2107 4399 
884 2107 
884 4817 
3134 4817 
3134 2757 
2757 2510 
2510 4426 
4426 3474 
3474 2834 
2834 3529 
1029 3529 
4555 1029 
4555 2748 
2748 3148 
3748 3148 
3748 2266 
2254 2266 
2254 2391 
2391 3969 
4870 3969 
4870 689 
3999 689 
411 3999 
411 79 
79 2411 
2411 1339 
1339 4800 
4580 4800 
4580 2975 
2621 2975 
4034 2621 
1393 4034 
1762 1393 
842 1762 
1273 842 
1273 4688 
1470 4688 
2193 1470 
2680 2193 
3822 2680 
3822 857 
857 3189 
4531 3189 
4531 4869 
4869 3976 
1575 3976 
1575 3207 
3878 3207 
404 3878 
404 4570 
1825 4570 
3018 1825 
3018 4803 
4803 641 
641 1820 
4344 1820 
1973 4344 
1973 714 
714 830 
830 3741 
3741 1287 
2923 1287 
2923 885 
885 1525 
2068 1525 
2068 818 
3603 818 
1485 3603 
1485 3417 
3417 4016 
4016 2531 
2531 2294 
991 2294 
2320 991 
3006 2320 
1184 3006 
1947 1184 
1947 4312 
3081 4312 
3081 1186 
1186 551 
1368 551 
4282 1368 
3287 4282 
1502 3287 
1502 2109 
4374 2109 
4283 4374 
1323 4283 
1323 1257 
1257 339 
339 474 
932 474 
932 2302 
3783 2302 
736 3783 
2678 736 
2678 3043 
343 3043 
4452 343 
4164 4452 
4164 331 
331 4376 
4376 3075 
3075 4929 
4929 4840 
1586 4840 
1586 2204 
2204 616 
148 616 
148 3789 
890 3789 
2489 890 
2489 3245 
2304 3245 
2410 2304 
3258 2410 
3258 1976 
1976 1221 
3607 1221 
3607 1815 
1815 1771 
1771 422 
422 97 
2966 97 
2966 4612 
2916 4612 
3726 2916 
3726 4150 
3334 4150 
846 3334 
846 248 
4503 248 
4503 1696 
1696 570 
570 1724 
4855 1724 
2455 4855 
2455 196 
3038 196 
3038 4511 
4511 1569 
388 1569 
1415 388 
1415 1971 
1971 3275 
3275 2217 
3429 2217 
4690 3429 
4690 2075 
1016 2075 
2949 1016 
2949 4299 
4299 4417 
209 4417 
209 35 
35 137 
137 1938 
81 1938 
81 1679 
1679 4377 
4377 155 
155 3698 
4818 3698 
4818 2247 
4766 2247 
1189 4766 
1425 1189 
3661 1425 
3661 3243 
3243 2494 
836 2494 
2364 836 
2364 4411 
4411 957 
604 957 
1272 604 
4103 1272 
4965 4103 
1129 4965 
2041 1129 
993 2041 
1703 993 
416 1703 
416 3166 
3166 2448 
2962 2448 
4350 2962 
3837 4350 
3837 4596 
4596 1044 
1044 1538 
1538 4418 
3246 4418 
3246 3693 
3693 1266 
1819 1266 
1819 4346 
4204 4346 
4204 2688 
2688 3930 
3646 3930 
1324 3646 
3374 1324 
3374 234 
234 1604 
1604 2209 
2546 2209 
2546 1852 
880 1852 
880 4823 
257 4823 
257 4379 
4379 2027 
2027 2768 
2798 2768 
2798 1312 
1312 1747 
1212 1747 
1212 2658 
2658 2633 
59 2633 
59 1758 
1758 3877 
3877 2471 
2471 3205 
3205 1558 
1558 4261 
4261 1768 
4482 1768 
2958 4482 
3680 2958 
3570 3680 
3570 4864 
4864 4793 
1870 4793 
1870 1046 
3706 1046 
3742 3706 
3742 2310 
2310 171 
1102 171 
1102 135 
618 135 
1327 618 
4408 1327 
2646 4408 
2646 2413 
2413 4185 
4185 2120 
2120 933 
933 3229 
3069 3229 
3069 3196 
3196 487 
1881 487 
2129 1881 
979 2129 
3392 979 
3392 4703 
2799 4703 
2799 1308 
2275 1308 
2275 4351 
1352 4351 
1352 1391 
1391 2664 
2664 4613 
4613 61 
2559 61 
1809 2559 
3098 1809 
2710 3098 
2710 4221 
4221 227 
367 227 
3617 367 
3617 1992 
1546 1992 
1546 929 
929 4353 
4738 4353 
4738 2440 
1982 2440 
1982 4349 
1685 4349 
1685 874 
874 3295 
4024 3295 
668 4024 
3025 668 
2537 3025 
2537 1636 
4128 1636 
1893 4128 
4171 1893 
2339 4171 
2339 2459 
3360 2459 
3360 2288 
4642 2288 
4642 3387 
3754 3387 
3754 2333 
291 2333 
4683 291 
4683 2548 
2548 2527 
2527 2887 
2887 2169 
1103 2169 
3473 1103 
3473 1105 
1105 1384 
1384 305 
4280 305 
2547 4280 
3980 2547 
3547 3980 
2191 3547 
2191 2713 
2713 38 
38 1877 
4558 1877 
64 4558 
64 1332 
1332 3450 
2398 3450 
1487 2398 
1487 1523 
1523 2138 
3654 2138 
2362 3654 
2362 1642 
1962 1642 
1962 1830 
3826 1830 
637 3826 
3891 637 
3891 2215 
3913 2215 
3344 3913 
2429 3344 
2429 2576 
2576 4308 
4308 203 
2122 203 
4260 2122 
4260 1957 
3003 1957 
3003 2317 
2317 4729 
4729 4207 
4625 4207 
4625 1631 
3077 1631 
3077 3621 
3621 21 
21 2051 
2051 4776 
2351 4776 
2351 2794 
2794 4951 
13 4951 
835 13 
3564 835 
3564 4209 
2137 4209 
2137 1156 
2556 1156 
2556 1979 
1979 2773 
4439 2773 
2640 4439 
2324 2640 
2324 1180 
1180 2993 
2993 1378 
1378 22 
22 1426 
1621 1426 
1621 1742 
1742 3712 
3712 3167 
2170 3167 
1421 2170 
1442 1421 
4475 1442 
4475 3673 
1437 3673 
2482 1437 
2486 2482 
2486 2762 
4332 2762 
4327 4332 
4327 4222 
4222 398 
1149 398 
1149 4129 
3180 4129 
2819 3180 
454 2819 
620 454 
620 488 
3127 488 
813 3127 
813 3364 
3364 1940 
1940 2213 
2213 4918 
4615 4918 
4615 4830 
3825 4830 
968 3825 
968 2792 
2792 3256 
3256 350 
480 350 
480 4954 
1021 4954 
2907 1021 
679 2907 
212 679 
212 2480 
2480 2111 
2111 942 
252 942 
252 4811 
4811 762 
762 2015 
4727 2015 
4727 1928 
1928 3520 
3520 2777 
853 2777 
853 3890 
4583 3890 
817 4583 
817 3566 
3566 3942 
3942 2104 
4528 2104 
4528 4772 
1451 4772 
1451 4821 
4686 4821 
103 4686 
103 3581 
3581 2451 
2454 2451 
2116 2454 
2116 4435 
4435 815 
815 1995 
2349 1995 
2349 277 
277 3922 
3599 3922 
4534 3599 
2404 4534 
928 2404 
330 928 
2532 330 
2967 2532 
2967 4934 
4934 3612 
772 3612 
635 772 
635 589 
4986 589 
3232 4986 
3491 3232 
3491 40 
40 238 
238 733 
1311 733 
3089 1311 
779 3089 
779 4324 
4324 1533 
1533 116 
1209 116 
1209 3737 
3499 3737 
3499 3641 
3641 3231 
2495 3231 
1969 2495 
1218 1969 
1218 766 
766 1945 
2436 1945 
3119 2436 
1770 3119 
2929 1770 
4592 2929 
1302 4592 
2518 1302 
1661 2518 
3462 1661 
3462 1603 
2737 1603 
4524 2737 
1492 4524 
1492 725 
2529 725 
3460 2529 
3460 2347 
2896 2347 
848 2896 
3357 848 
4889 3357 
1970 4889 
4180 1970 
3261 4180 
1360 3261 
3696 1360 
2859 3696 
3333 2859 
4290 3333 
2110 4290 
3863 2110 
3863 2491 
1842 2491 
1842 1119 
4899 1119 
4483 4899 
4774 4483 
582 4774 
582 2623 
2623 1010 
1010 1824 
1824 2197 
2197 2490 
2490 2894 
158 2894 
4314 158 
3850 4314 
4669 3850 
4669 1197 
4051 1197 
801 4051 
801 397 
2601 397 
4370 2601 
4370 3090 
2095 3090 
2095 431 
1858 431 
1858 3714 
3714 1788 
1788 3771 
458 3771 
711 458 
711 3447 
4885 3447 
775 4885 
775 1215 
995 1215 
995 4902 
1991 4902 
1991 2475 
700 2475 
700 4845 
4845 265 
3872 265 
3872 1484 
1484 219 
45 219 
45 2236 
2236 974 
3326 974 
3326 2539 
2539 4022 
4022 4963 
1073 4963 
1073 2220 
2326 2220 
2873 2326 
2873 953 
953 875 
875 427 
427 2092 
2092 1997 
4055 1997 
4055 3595 
312 3595 
312 926 
926 3513 
3786 3513 
1089 3786 
4666 1089 
4666 4130 
2681 4130 
2681 2021 
2837 2021 
626 2837 
626 3480 
3480 4582 
1433 4582 
4808 1433 
4808 844 
975 844 
975 122 
122 1917 
1917 4152 
2174 4152 
292 2174 
3042 292 
3997 3042 
3425 3997 
3425 382 
382 2396 
930 2396 
2578 930 
2282 2578 
2282 591 
854 591 
854 2591 
1591 2591 
4786 1591 
2225 4786 
530 2225 
530 3277 
3316 3277 
2521 3316 
2820 2521 
2820 4335 
4335 1455 
3622 1455 
3622 23 
23 3332 
3303 3332 
3303 3729 
2880 3729 
4717 2880 
4717 192 
4217 192 
4217 2073 
82 2073 
2004 82 
4311 2004 
531 4311 
3918 531 
328 3918 
328 3535 
3535 1662 
3386 1662 
3386 1128 
1128 1507 
1507 2596 
2596 130 
2956 130 
2956 1054 
1054 1235 
3304 1235 
60 3304 
60 3372 
3372 3076 
3076 4672 
4672 2731 
2731 881 
881 3465 
3465 1057 
4872 1057 
4872 4900 
4900 1822 
1822 3937 
4322 3937 
4322 4739 
4739 4081 
4081 2950 
3426 2950 
3426 2356 
2356 4916 
4989 4916 
4682 4989 
4682 3645 
3645 1935 
1935 3986 
3986 1024 
1024 3170 
2287 3170 
2287 296 
296 1419 
1419 89 
4998 89 
4998 921 
921 573 
583 573 
3097 583 
3097 3375 
3375 1388 
1388 600 
179 600 
1836 179 
1836 2843 
2843 633 
633 1450 
1450 3024 
3024 889 
889 1283 
1283 3181 
3181 2256 
2256 3852 
4233 3852 
3233 4233 
3233 352 
4219 352 
414 4219 
414 3705 
2926 3705 
2406 2926 
2406 2832 
1118 2832 
1118 1750 
1449 1750 
1449 3282 
3282 3821 
3821 2565 
4861 2565 
737 4861 
937 737 
937 2934 
121 2934 
121 1564 
1564 584 
584 1182 
1182 1541 
4352 1541 
4352 1077 
1077 499 
499 3477 
4631 3477 
3722 4631 
3882 3722 
498 3882 
767 498 
767 1133 
3780 1133 
1767 3780 
1767 4734 
381 4734 
381 4565 
4565 2394 
2394 205 
1707 205 
1707 4293 
4139 4293 
4298 4139 
4298 3740 
3740 3217 
3217 2854 
3091 2854 
3091 1436 
1436 4561 
4561 3895 
3895 802 
1841 802 
1841 2483 
2483 2035 
2035 2637 
2341 2637 
3252 2341 
4287 3252 
4287 3204 
3204 4787 
1535 4787 
4691 1535 
2067 4691 
2067 3300 
3416 3300 
3416 2318 
2318 2408 
471 2408 
471 1512 
1505 1512 
1070 1505 
1070 2156 
2156 777 
777 4039 
4177 4039 
2299 4177 
2299 2476 
4461 2476 
4461 2023 
2023 2284 
41 2284 
41 1782 
4262 1782 
4262 3897 
1633 3897 
1633 85 
3828 85 
1336 3828 
1336 52 
3653 52 
3221 3653 
2181 3221 
2181 1517 
1517 1599 
1365 1599 
1365 622 
622 1698 
2818 1698 
4993 2818 
4993 2588 
3959 2588 
3959 344 
691 344 
1734 691 
4247 1734 
4247 1453 
922 1453 
4031 922 
4031 4005 
4005 757 
3002 757 
2970 3002 
2970 2928 
2928 429 
429 996 
2100 996 
4835 2100 
4835 4118 
4118 1461 
1461 4972 
4972 4121 
4121 4527 
4527 3174 
2154 3174 
2084 2154 
3691 2084 
2726 3691 
3418 2726 
4935 3418 
2821 4935 
2821 4850 
699 4850 
4917 699 
4917 3686 
3686 3249 
2767 3249 
2516 2767 
3467 2516 
2077 3467 
769 2077 
769 4038 
1622 4038 
2649 1622 
1910 2649 
1910 3218 
3218 164 
164 580 
580 3874 
2619 3874 
2619 2176 
2176 3939 
3939 3178 
3879 3178 
2157 3879 
2157 501 
3758 501 
3758 927 
1168 927 
1168 1447 
1447 2135 
2135 2665 
3703 2665 
3703 4238 
4238 2903 
184 2903 
3164 184 
3164 3276 
3276 3497 
3497 2558 
1076 2558 
1076 3689 
2599 3689 
2467 2599 
1477 2467 
1477 4186 
3484 4186 
3484 1099 
1099 3966 
828 3966 
828 4517 
581 4517 
581 3101 
3101 997 
2300 997 
2300 670 
670 407 
407 4067 
4067 565 
3634 565 
3634 1548 
935 1548 
1159 935 
1159 4945 
4945 221 
221 2323 
2323 3260 
383 3260 
2442 383 
3028 2442 
3028 4210 
4178 4210 
1574 4178 
1574 446 
3886 446 
4447 3886 
1462 4447 
3046 1462 
3317 3046 
3317 4420 
3331 4420 
4143 3331 
4143 1203 
1203 2891 
2891 934 
934 3844 
3619 3844 
3619 2631 
2631 4600 
4600 4695 
4695 982 
4410 982 
3571 4410 
2747 3571 
2747 899 
4035 899 
1049 4035 
681 1049 
951 681 
951 949 
949 3446 
3446 726 
1878 726 
1878 4137 
2361 4137 
2361 3839 
3839 1226 
3624 1226 
496 3624 
2638 496 
3272 2638 
3272 2024 
2024 3211 
3211 786 
786 4000 
2146 4000 
2499 2146 
2499 4255 
4255 4125 
3193 4125 
4318 3193 
4318 1990 
3093 1990 
241 3093 
4156 241 
4156 524 
524 4792 
4792 4718 
4457 4718 
2807 4457 
3192 2807 
4589 3192 
4256 4589 
4256 2985 
3811 2985 
29 3811 
2919 29 
1091 2919 
4956 1091 
4956 3577 
1400 3577 
2497 1400 
2497 3788 
3788 8 
8 4805 
4805 1286 
4854 1286 
3156 4854 
552 3156 
552 1849 
1849 4768 
4768 3329 
3329 2786 
2786 2235 
569 2235 
569 3104 
3104 909 
909 3152 
2496 3152 
3827 2496 
3827 1645 
1645 4228 
4042 4228 
1476 4042 
1630 1476 
1897 1630 
2415 1897 
2415 3613 
3613 2810 
720 2810 
3095 720 
4658 3095 
4658 3264 
4092 3264 
4099 4092 
4099 1443 
2271 1443 
4317 2271 
4317 1151 
1151 2086 
4832 2086 
718 4832 
718 1895 
3142 1895 
3142 4921 
2134 4921 
1247 2134 
1247 4147 
272 4147 
272 65 
65 4943 
1140 4943 
1140 745 
644 745 
803 644 
391 803 
391 2761 
2761 1254 
1254 3697 
727 3697 
4160 727 
4160 4628 
2719 4628 
2719 2140 
2921 2140 
2214 2921 
2421 2214 
773 2421 
3259 773 
729 3259 
729 4095 
3817 4095 
2030 3817 
4301 2030 
4301 2604 
4941 2604 
4941 3730 
3730 2668 
877 2668 
271 877 
505 271 
505 3760 
3030 3760 
3030 3988 
3988 1900 
1074 1900 
1074 1411 
142 1411 
142 502 
502 2265 
2265 1613 
1613 4798 
4798 2289 
2289 3241 
1224 3241 
2190 1224 
602 2190 
602 2054 
2054 3131 
3131 102 
1932 102 
710 1932 
645 710 
645 485 
1363 485 
2141 1363 
4122 2141 
4122 1965 
1965 3456 
3456 973 
2370 973 
2624 2370 
2624 3854 
3854 3014 
3014 4321 
4321 1669 
2787 1669 
2787 4162 
1237 4162 
1237 4199 
1202 4199 
285 1202 
285 2395 
1833 2395 
3618 1833 
3216 3618 
201 3216 
201 1261 
1261 2142 
2142 287 
287 3744 
4824 3744 
2922 4824 
3016 2922 
2593 3016 
2593 1576 
1576 4073 
131 4073 
4414 131 
4414 2445 
2863 2445 
2863 2301 
3906 2301 
3270 3906 
4909 3270 
529 4909 
2262 529 
1338 2262 
1338 4702 
4702 788 
788 3688 
3688 887 
2094 887 
3977 2094 
3920 3977 
3929 3920 
3283 3929 
1646 3283 
1646 1609 
1609 1169 
1090 1169 
1702 1090 
1702 161 
4627 161 
4627 739 
393 739 
393 4842 
4842 3206 
2764 3206 
2764 3669 
3669 3702 
2630 3702 
4953 2630 
4953 4154 
2195 4154 
2195 4865 
4865 4863 
754 4863 
2901 754 
1506 2901 
2474 1506 
4201 2474 
4201 2202 
4587 2202 
4587 3188 
2602 3188 
2381 2602 
111 2381 
3677 111 
3348 3677 
3348 1123 
1123 2944 
2944 4877 
4460 4877 
4460 3222 
185 3222 
185 3683 
3683 144 
144 688 
688 4272 
4258 4272 
4258 3559 
43 3559 
43 3100 
2524 3100 
2524 4093 
4093 91 
1270 91 
1270 1958 
3565 1958 
3565 4343 
4343 3801 
4444 3801 
4385 4444 
684 4385 
684 1844 
1844 2013 
1055 2013 
3240 1055 
3053 3240 
3053 3583 
1158 3583 
106 1158 
4530 106 
4566 4530 
4566 3011 
4319 3011 
2360 4319 
1797 2360 
1797 310 
336 310 
448 336 
1315 448 
1315 2866 
2866 4400 
4400 479 
479 825 
1550 825 
4545 1550 
4085 4545 
307 4085 
307 1647 
4363 1647 
3738 4363 
3738 3427 
3427 2227 
2227 4076 
1793 4076 
1793 1547 
1547 4623 
4623 3279 
3448 3279 
3448 2076 
2076 1769 
1769 2010 
2010 3640 
3640 4867 
3309 4867 
2473 3309 
1879 2473 
1879 4192 
476 4192 
1717 476 
4049 1717 
4049 1705 
1705 4760 
4760 1130 
1130 1543 
3867 1543 
3867 2040 
521 2040 
521 4834 
2751 4834 
3947 2751 
917 3947 
917 4077 
4077 3656 
3656 3965 
3965 3684 
3684 3137 
3137 3108 
4676 3108 
3007 4676 
2350 3007 
2350 4249 
4249 2160 
3356 2160 
3356 2375 
2375 4852 
3502 4852 
3502 1136 
1136 1583 
3171 1583 
3171 1567 
2915 1567 
2915 4107 
373 4107 
2656 373 
4455 2656 
3672 4455 
3787 3672 
4761 3787 
4761 2390 
1632 2390 
1632 4009 
4009 418 
2945 418 
1040 2945 
1040 2369 
2369 3589 
3346 3589 
3346 3212 
3212 3107 
3107 4114 
4847 4114 
4847 3066 
4419 3066 
4419 2648 
3342 2648 
3800 3342 
2817 3800 
2327 2817 
862 2327 
1188 862 
1188 556 
556 2642 
3082 2642 
3082 1996 
1996 2614 
2614 4638 
4028 4638 
3102 4028 
3102 298 
3597 298 
3597 3106 
4198 3106 
829 4198 
829 2437 
320 2437 
320 364 
3434 364 
3434 2941 
2941 3278 
2965 3278 
2965 2461 
2969 2461 
2969 2279 
3176 2279 
3176 273 
273 2839 
2839 175 
175 180 
924 180 
924 461 
461 4593 
1085 4593 
2078 1085 
2078 423 
423 3575 
3933 3575 
2561 3933 
2561 2811 
2811 3428 
472 3428 
3004 472 
3531 3004 
3531 3271 
288 3271 
732 288 
962 732 
1856 962 
4431 1856 
3819 4431 
3819 2020 
2020 3598 
1395 3598 
1395 3182 
2684 3182 
2684 1039 
800 1039 
800 510 
510 3557 
1019 3557 
1019 4193 
4193 233 
233 2065 
2065 1058 
1058 309 
4230 309 
1236 4230 
964 1236 
964 3253 
3253 392 
392 3184 
3184 1032 
1032 895 
895 361 
361 1240 
1549 1240 
3415 1549 
3415 2690 
2690 3892 
1275 3892 
2203 1275 
2203 4874 
4874 2545 
2545 6 
1806 6 
2779 1806 
2779 3516 
1560 3516 
4135 1560 
301 4135 
3301 301 
1667 3301 
3085 1667 
664 3085 
664 3666 
3666 659 
3403 659 
4557 3403 
546 4557 
2984 546 
2984 513 
513 2864 
2864 810 
2568 810 
2568 2732 
2732 1347 
2955 1347 
2955 576 
550 576 
550 318 
1199 318 
1199 3469 
3469 3644 
3239 3644 
3239 4542 
4542 3990 
3990 302 
2136 302 
2014 2136 
2014 4920 
4484 4920 
4667 4484 
4667 4604 
966 4604 
966 315 
4428 315 
4539 4428 
4539 1200 
4543 1200 
4543 4303 
2716 4303 
595 2716 
1060 595 
1060 2685 
2685 113 
113 3568 
4930 3568 
4930 4082 
2769 4082 
2769 2963 
522 2963 
4668 522 
4668 2584 
2584 4113 
4113 2380 
2380 4279 
4279 3623 
629 3623 
629 4960 
4960 4205 
160 4205 
160 3523 
1143 3523 
3466 1143 
3436 3466 
3436 2670 
2365 2670 
2493 2365 
2493 4413 
3588 4413 
3588 3281 
3281 1600 
1600 4687 
4687 4225 
4225 557 
557 859 
387 859 
2538 387 
2538 3778 
1125 3778 
960 1125 
960 3296 
2055 3296 
2055 466 
466 2099 
2898 2099 
1379 2898 
1379 2481 
2481 3419 
3419 250 
151 250 
151 4794 
4794 1690 
3404 1690 
3836 3404 
84 3836 
4163 84 
1194 4163 
1194 2348 
2348 4770 
4770 674 
674 2242 
2848 2242 
2848 2450 
3530 2450 
3530 2981 
2981 1886 
1712 1886 
1712 2143 
2143 1152 
4275 1152 
3050 4275 
4685 3050 
4685 4416 
2823 4416 
1697 2823 
2536 1697 
2082 2536 
2082 3040 
3558 3040 
4340 3558 
695 4340 
3405 695 
3405 742 
4659 742 
4659 3234 
2046 3234 
3133 2046 
3133 2034 
1539 2034 
685 1539 
685 4493 
1079 4493 
204 1079 
4540 204 
4361 4540 
3978 4361 
3978 1764 
157 1764 
4273 157 
1765 4273 
4550 1765 
4550 2932 
2788 2932 
2788 3775 
3775 3422 
3422 332 
332 3071 
3071 48 
544 48 
544 2080 
2080 1064 
1064 2488 
4925 2488 
2066 4925 
2066 588 
3067 588 
3067 2661 
2387 2661 
2387 1042 
1042 348 
348 1597 
2447 1597 
2447 3376 
3376 1834 
2435 1834 
2435 687 
2693 687 
1298 2693 
666 1298 
3902 666 
3902 1153 
1153 4014 
1772 4014 
4523 1772 
4523 4844 
4844 758 
758 4950 
1761 4950 
1164 1761 
1164 657 
2871 657 
2261 2871 
1746 2261 
1746 2996 
2996 4802 
4802 4244 
4244 2850 
2850 709 
709 2890 
3136 2890 
3136 2031 
2031 3173 
3173 4036 
4036 3488 
2595 3488 
2595 4061 
1884 4061 
1884 3367 
3367 2371 
2446 2371 
2446 4775 
4606 4775 
4606 2332 
2332 1875 
1875 333 
3302 333 
4913 3302 
976 4913 
976 93 
166 93 
166 508 
1380 508 
1210 1380 
1210 945 
1466 945 
3830 1466 
3830 4723 
4723 2835 
1500 2835 
1500 2201 
4880 2201 
4809 4880 
1692 4809 
1692 826 
826 202 
202 2295 
2295 1872 
1872 3864 
3224 3864 
3224 435 
435 1344 
1344 707 
646 707 
1562 646 
543 1562 
4387 543 
3125 4387 
3125 807 
861 807 
3490 861 
3490 1300 
1300 2699 
2699 4641 
1223 4641 
1223 2444 
2444 1293 
1293 2311 
2994 2311 
2519 2994 
3032 2519 
492 3032 
492 4212 
4212 4492 
4366 4492 
4366 811 
640 811 
721 640 
959 721 
537 959 
4181 537 
4181 1245 
1245 746 
746 642 
642 2168 
4866 2168 
3511 4866 
2367 3511 
4403 2367 
778 4403 
778 1104 
2420 1104 
2420 2759 
1448 2759 
1448 4747 
4747 1954 
1954 3187 
7 3187 
2592 7 
2592 255 
751 255 
751 409 
409 1594 
1594 4732 
4732 506 
506 2466 
1494 2466 
1494 2785 
2785 3616 
1720 3616 
1720 4407 
4393 4407 
4393 1157 
104 1157 
104 3553 
3553 1650 
4890 1650 
3924 4890 
3924 4853 
4853 159 
1521 159 
1521 3138 
1454 3138 
208 1454 
208 2952 
78 2952 
78 4949 
1675 4949 
55 1675 
55 4235 
4235 3814 
3814 3345 
3345 4721 
3809 4721 
3809 1285 
1285 3796 
3796 3649 
2947 3649 
2947 1516 
1516 1867 
1867 2868 
3021 2868 
3501 3021 
3501 3397 
2600 3397 
2212 2600 
4572 2212 
3750 4572 
2130 3750 
4888 2130 
4406 4888 
607 4406 
4992 607 
4106 4992 
4106 867 
3700 867 
4886 3700 
743 4886 
743 4601 
4797 4601 
4797 2824 
4621 2824 
3532 4621 
3463 3532 
3463 342 
3141 342 
3141 27 
27 3330 
395 3330 
4547 395 
4547 2741 
4560 2741 
494 4560 
3663 494 
3663 1325 
2211 1325 
2211 3355 
3355 2187 
2187 1714 
1714 1805 
4719 1805 
627 4719 
251 627 
360 251 
181 360 
4216 181 
4216 1396 
4368 1396 
4640 4368 
3655 4640 
3731 3655 
3731 3320 
3129 3320 
1739 3129 
1739 840 
4254 840 
4254 1520 
1520 586 
2964 586 
2964 2800 
4153 2800 
3347 4153 
3421 994 
4615 2213 
2556 3712 
4103 1129 
2249 1678 
2593 2922 
4298 2854 
828 1099 
346 577 
2519 4212 
982 3331 
2173 1641 
3267 4441 
3942 2480 
1507 3076 
540 493 
1811 2165 
132 4858 
4475 1421 
663 839 
2814 3944 
3176 461 
3947 4834 
674 3530 
1443 4092 
2302 2678 
3043 736 
1215 4885 
1331 1083 
3928 490 
1216 1740 
1236 309 
1950 3857 
1995 3599 
3590 4919 
877 1900 
2670 3466 
1143 3436 
2576 3913 
3839 1878 
2082 742 
3557 4230 
1100 70 
1460 3035 
242 1172 
1622 769 
2837 3480 
4009 2945 
4023 730 
3709 3132 
4843 3149 
293 2363 
2100 2970 
1409 172 
1049 899 
3006 551 
410 178 
3955 3254 
4631 3882 
150 860 
930 2282 
1959 4968 
3692 2223 
201 2142 
4818 4377 
278 2340 
3315 2207 
3977 3929 
310 448 
3395 1536 
144 4272 
4163 3404 
2965 2941 
1736 2971 
2886 678 
2546 1324 
2737 1302 
1231 2434 
1795 2781 
657 4802 
1425 4766 
986 3823 
1557 827 
2261 1164 
3767 999 
4717 3729 
4673 906 
2710 4703 
4094 2042 
3981 1441 
1429 3871 
3701 799 
131 2301 
248 4150 
2872 170 
1511 3849 
4282 1502 
4413 2670 
2823 3040 
2869 4208 
1387 3155 
1758 3205 
3388 873 
1688 149 
2403 4187 
3798 389 
680 4563 
3566 4583 
4819 415 
1308 4703 
3622 4335 
4637 3359 
4263 2105 
2855 3574 
812 4784 
4301 2214 
1117 4608 
1974 2283 
4235 1675 
4144 4536 
4124 2119 
8 4854 
289 3149 
1123 4877 
967 4908 
4035 2747 
4196 2960 
188 3853 
3569 3871 
4499 2393 
3454 1722 
2727 4722 
1021 212 
3408 2017 
1237 3618 
1184 4282 
729 2421 
2261 2996 
3629 2951 
1125 2538 
4355 3308 
3078 1643 
3439 1193 
4122 3456 
4747 2420 
2421 3259 
3452 1321 
1927 2763 
2078 4593 
712 4908 
1800 3899 
36 3813 
84 2481 
1384 2547 
2355 2562 
4270 3394 
3203 1529 
4534 928 
1229 3112 
1466 1692 
3317 1203 
2477 1284 
4761 4455 
1981 2851 
2145 293 
4911 125 
17 3910 
95 1296 
1026 3029 
3462 3119 
3794 2829 
1886 4685 
798 2331 
3852 3181 
3552 2796 
1517 622 
2435 2066 
959 4181 
3543 1941 
2529 1492 
1829 4646 
4600 4410 
4259 3715 
79 1339 
3950 3072 
4391 4100 
4178 2442 
1050 1869 
2838 1504 
1321 3960 
1783 2180 
4607 1814 
269 2016 
1926 1499 
1982 4738 
775 700 
1567 1583 
4694 2634 
4545 479 
3529 3748 
4654 3834 
2953 2911 
2433 872 
881 2950 
1563 4976 
2608 2954 
2734 2989 
1962 2362 
2490 1197 
262 3228 
1273 1470 
439 3687 
3239 2014 
2483 2341 
2771 3242 
1776 1289 
406 3438 
3112 3084 
2582 396 
4795 2196 
577 4997 
4250 4646 
435 3864 
154 3035 
1126 4012 
974 45 
4378 2244 
1207 1328 
3278 2461 
3459 548 
2104 3566 
2216 3831 
4243 4838 
538 4914 
1008 2319 
4564 4096 
1964 910 
1705 4192 
2468 1823 
975 1917 
4014 3902 
4993 1453 
3204 1841 
3315 1115 
36 4679 
645 1363 
2255 3687 
2355 3457 
1482 73 
2899 3031 
3439 4253 
390 3051 
2092 4808 
1364 4994 
664 659 
1014 3135 
1668 748 
1921 2045 
2777 817 
2661 1042 
2693 4014 
1302 1661 
4152 122 
2836 3518 
945 3830 
359 2399 
3602 4242 
2217 4690 
198 4336 
2611 3849 
3245 3789 
2551 4795 
4220 2838 
3539 4536 
3494 369 
1679 35 
725 1603 
1441 3172 
1527 4975 
4422 1759 
2067 1535 
2892 4569 
1586 4929 
4519 4754 
3778 960 
4382 3308 
352 3705 
3412 1811 
3179 4056 
3303 23 
62 3900 
2756 1843 
3661 2494 
589 3612 
2899 682 
1742 2324 
4382 4078 
2982 4501 
1995 2116 
4411 604 
2781 232 
597 3519 
2876 1472 
1167 3343 
3679 1147 
721 1245 
4922 1096 
3711 4675 
4492 811 
169 812 
2037 2132 
4731 3033 
4555 2266 
879 958 
1144 967 
830 885 
2969 2965 
2264 1857 
3637 4837 
4873 4405 
2406 3181 
2444 4641 
597 3761 
2984 2864 
1833 1202 
2785 1720 
1363 4122 
415 3659 
3855 2771 
2369 4009 
1588 1832 
573 1388 
3782 2715 
1641 1248 
3164 2903 
1481 188 
1202 2395 
3787 4107 
3798 915 
897 200 
3460 1970 
3575 2561 
2062 4522 
2810 2086 
1498 2331 
4024 1893 
643 3210 
2944 2602 
2648 3066 
1311 238 
3959 691 
266 724 
237 678 
912 1993 
429 2100 
4761 2945 
4180 4889 
841 3191 
3404 84 
4347 4371 
2010 4076 
3077 4207 
2329 3749 
969 3790 
4123 1165 
716 4265 
1455 2820 
2628 4731 
305 2169 
1245 642 
2512 4521 
4464 445 
1547 4076 
1365 2818 
3369 327 
3396 1934 
1860 2422 
1645 2786 
853 1928 
3489 4485 
2355 3816 
3617 1546 
2386 3033 
1338 788 
1917 844 
301 3516 
4061 3367 
4943 272 
2670 2493 
2890 4244 
958 4056 
2741 395 
3799 558 
3539 613 
4791 4661 
2815 1686 
2760 1452 
3003 4729 
3201 26 
1285 4721 
4358 1259 
2211 1805 
1183 4434 
3634 407 
2871 1164 
3284 2632 
510 4193 
2558 3703 
3963 663 
261 230 
961 4206 
2883 1590 
4421 3596 
1470 3189 
802 3091 
1039 510 
1767 381 
1928 2777 
3555 2011 
180 3933 
1771 97 
1379 3419 
4012 4010 
3649 1285 
3559 3683 
650 300 
3172 2852 
1930 129 
4480 2087 
1475 1423 
2829 4089 
2264 3569 
3890 1928 
3030 1074 
2512 1333 
1903 2269 
3405 3133 
2425 1795 
562 4725 
3840 3452 
2287 2356 
1710 735 
3448 3427 
4784 323 
3216 1833 
4724 2875 
3452 649 
2220 2539 
184 3689 
2153 2470 
1029 3474 
3656 3684 
3455 728 
1864 4822 
1182 1564 
3388 3070 
4719 360 
3304 130 
2942 3794 
2301 4414 
2306 2939 
2037 1860 
4577 883 
340 1810 
542 4594 
2863 3270 
4727 4811 
2778 51 
4722 2042 
3944 2653 
1579 750 
1658 280 
4916 3426 
1549 1275 
4711 1843 
4468 2899 
4772 2104 
2791 1740 
3236 4133 
2638 3211 
3900 1553 
1222 2096 
2949 2075 
184 3276 
4576 500 
1536 262 
1264 426 
167 3925 
3413 73 
675 3266 
3243 2364 
2411 411 
768 1205 
1510 3031 
1769 3279 
3239 3469 
2345 2736 
2017 3022 
3339 3799 
1336 3653 
825 4545 
4080 3311 
1277 3506 
3045 1353 
2391 3148 
2056 1565 
472 2078 
3710 1390 
3787 4455 
1597 1042 
741 4684 
3656 917 
709 3136 
288 461 
3514 638 
2867 1154 
4718 1400 
1451 4686 
565 3260 
501 2135 
1340 1126 
925 3257 
3210 1160 
3147 4087 
4553 3639 
3401 2972 
4971 3765 
3814 4721 
78 1675 
788 887 
4421 4496 
3595 926 
1300 4641 
2589 4983 
463 1246 
4447 3634 
4484 4604 
4208 2514 
4642 3360 
345 3242 
2262 788 
4760 3867 
394 1929 
795 2628 
901 191 
2894 2197 
3832 539 
395 27 
445 2280 
4925 1064 
2461 829 
1789 1277 
152 1883 
1758 1768 
3173 3367 
3009 2659 
4760 4834 
4410 1049 
633 3024 
1522 1955 
4622 1648 
250 1690 
2688 4346 
3497 1076 
2928 2100 
4631 499 
374 3659 
557 1600 
3689 3497 
398 2349 
4071 1438 
887 2262 
782 4713 
2377 2107 
4185 933 
8 1286 
3575 2078 
599 4748 
1042 2447 
20 3767 
2743 1113 
1006 1271 
4031 757 
132 394 
4976 2112 
3330 342 
1849 3156 
1842 3863 
4921 1443 
4031 1453 
1614 4515 
4129 4327 
3405 4659 
4182 2477 
2523 1238 
716 4624 
1206 4459 
579 1755 
4517 2300 
4945 1548 
3825 1940 
2812 2085 
891 3074 
2791 2515 
1828 3112 
389 1777 
1727 475 
4428 1200 
3014 1833 
4269 4812 
3765 2428 
2160 2350 
3281 4413 
3728 3452 
573 1935 
4257 901 
1317 2258 
3769 1612 
2660 3876 
2335 294 
1512 2408 
266 4678 
3629 4663 
2060 562 
4157 592 
385 4968 
2367 646 
1662 1507 
2054 2030 
733 772 
3509 424 
3277 2521 
2004 531 
3293 3235 
272 1411 
2698 1880 
2422 2666 
1883 3313 
414 2926 
1422 417 
1199 3239 
772 4986 
3725 4422 
3780 498 
3184 895 
3357 1970 
2089 3985 
1054 3304 
4062 650 
4943 745 
2059 4242 
4543 4539 
2653 4700 
3862 1930 
3859 1456 
1521 1157 
2965 2839 
2317 1631 
2360 3011 
129 1248 
662 3963 
1382 278 
3207 3822 
449 1114 
907 2754 
4101 80 
2430 3921 
862 2642 
1295 3023 
1957 2122 
1621 2640 
4474 1213 
810 318 
1462 4420 
1189 3661 
2686 2714 
2582 1043 
391 1254 
258 3110 
708 1167 
2868 4621 
2354 2830 
2747 982 
904 355 
2051 2351 
3337 2012 
2644 1853 
330 4435 
3180 1149 
2353 1839 
3872 2475 
907 1626 
3884 2374 
3863 4899 
3986 296 
4982 1508 
1418 3855 
2831 1434 
2225 2282 
428 2729 
3943 3880 
789 879 
2493 3281 
738 999 
4365 1006 
3597 3102 
1323 3287 
998 2422 
2062 2557 
3348 111 
1499 1067 
2053 346 
999 797 
3502 2375 
783 1217 
1355 2108 
2444 2699 
3921 3118 
3351 2165 
4427 2009 
1546 4353 
2435 3376 
2380 522 
114 4620 
2644 1098 
303 112 
736 2302 
4666 3786 
3822 4531 
1043 515 
296 921 
1084 1838 
1881 2646 
1530 4569 
1206 3202 
1593 724 
4280 3473 
124 2645 
2903 3703 
363 3893 
2024 2638 
3947 4077 
4895 4599 
3558 742 
649 916 
4658 1630 
946 4987 
573 3375 
4896 384 
2869 4931 
4744 168 
4332 4222 
1795 1028 
4340 2536 
1153 758 
3645 3986 
2409 3169 
436 4767 
492 2519 
137 1016 
3184 361 
3820 1673 
3213 3956 
4120 4443 
357 4002 
2170 3673 
4585 579 
1743 2056 
1782 1336 
4479 916 
2120 3229 
4322 4872 
795 408 
3098 2559 
3807 1981 
3066 3342 
1883 3027 
1809 61 
723 4373 
3075 1586 
2370 3456 
1701 984 
2740 3682 
704 2314 
2468 200 
2175 2239 
1018 1132 
932 3043 
1075 2151 
1837 1178 
1437 4222 
4191 4785 
2326 1073 
1068 891 
3966 3101 
4027 4588 
3354 1387 
260 3265 
2839 472 
1956 4030 
684 3801 
835 2794 
1038 3958 
1502 4374 
4117 3699 
202 1692 
771 187 
1305 1759 
1303 4931 
4509 197 
542 992 
2247 155 
3518 1686 
2022 2912 
330 4934 
1575 404 
1257 4374 
1679 2075 
1748 107 
2984 3403 
2100 1461 
4578 3489 
197 4274 
206 1276 
2103 71 
800 3557 
4583 3942 
1521 1454 
4524 2347 
3519 3725 
3520 4727 
4020 1522 
2118 261 
3009 170 
3470 2042 
1336 85 
4501 2056 
2181 622 
3571 3624 
1435 1431 
1492 3462 
674 2348 
3617 227 
2024 2919 
4210 3317 
4742 455 
1724 2455 
1600 387 
3546 3132 
4741 2359 
3170 1935 
807 3490 
4653 3779 
1198 3911 
2922 4414 
1677 4357 
3276 3703 
3728 1418 
1568 4015 
3077 2317 
3309 1879 
3028 4420 
4230 1058 
3310 3305 
4829 3378 
2393 3305 
2247 35 
4042 3613 
3859 1486 
4756 1913 
2247 4377 
2782 4843 
3890 3581 
4334 4443 
3206 3669 
897 1345 
783 860 
3530 2242 
3402 1673 
1612 3409 
2213 2819 
685 3133 
2180 4944 
1861 3674 
3619 982 
1029 2748 
3011 4530 
2207 3432 
826 2295 
1341 1348 
2351 13 
728 2012 
831 3521 
773 2030 
529 887 
192 2073 
612 2155 
1021 480 
2496 2415 
2271 2086 
1294 4117 
4068 4553 
4770 2450 
474 551 
1645 4042 
3100 688 
588 2488 
307 3738 
3690 1904 
3392 2799 
4774 3261 
1620 2478 
1044 3837 
3646 4204 
4768 552 
1370 2219 
3821 4861 
4311 328 
2167 3191 
1296 2959 
811 2444 
3151 4590 
3616 4407 
3240 3583 
1378 1180 
3571 726 
106 3583 
1326 1755 
3438 4773 
3460 725 
1280 2285 
3867 4077 
445 167 
4968 4429 
2466 1594 
4144 4449 
949 726 
2604 877 
777 4177 
2974 3981 
1505 471 
81 3698 
776 1427 
113 1060 
1354 4820 
3321 1038 
2443 3485 
883 4919 
494 2741 
4690 1016 
318 3644 
1018 3804 
4010 715 
424 2976 
4997 2358 
455 3717 
4527 4972 
1413 1924 
1732 3341 
3239 3990 
4349 4738 
4582 626 
335 3858 
2667 3083 
2434 865 
517 1542 
2140 4628 
1536 1977 
4064 4585 
1248 1193 
1982 1685 
1422 3919 
1828 3388 
464 3647 
581 1099 
375 4563 
1762 4803 
3623 4205 
1901 3533 
106 2013 
1747 2768 
700 4902 
612 1838 
1776 54 
1192 2899 
3258 1815 
3359 3662 
262 2385 
2880 192 
4117 1480 
4883 4497 
3338 1760 
4826 559 
4489 1340 
290 3266 
2839 180 
4622 1256 
3381 925 
3456 2054 
865 26 
2725 719 
2299 2023 
1656 2103 
4778 519 
524 241 
4306 222 
2812 3711 
4180 4524 
4776 3564 
142 1074 
460 4116 
3690 4630 
2994 1293 
2028 910 
2286 3034 
153 3147 
3415 1032 
3947 3502 
1496 4541 
3292 3979 
3072 3962 
4855 1016 
946 1251 
915 4736 
2537 874 
613 2244 
2380 3623 
2492 4526 
4873 432 
4457 4792 
2708 2983 
3949 4957 
3848 1905 
3067 2066 
1722 4362 
4899 4774 
3008 170 
2602 2202 
4398 4025 
3651 833 
1308 1881 
4621 4797 
2960 4213 
61 4351 
917 2751 
3229 487 
500 4342 
4738 929 
3463 4621 
918 351 
404 714 
2117 4264 
39 1542 
135 1327 
3227 1919 
1530 1012 
689 2266 
4860 1711 
4082 4303 
1258 223 
4422 3785 
3703 184 
4698 1623 
4272 3559 
1089 2681 
95 2456 
4085 4093 
481 2368 
1917 930 
532 1490 
1039 732 
4793 3680 
1428 4345 
3755 3432 
3426 4682 
3104 2235 
1096 1715 
1050 1832 
679 1021 
427 4055 
446 4447 
3115 760 
502 4798 
4958 4427 
4301 4095 
2773 2137 
351 1800 
4120 2218 
2894 582 
2478 1752 
3202 430 
4825 841 
1640 2974 
241 4457 
1641 363 
1929 3574 
3247 562 
728 4574 
4529 4982 
2909 4711 
2183 4309 
3396 1217 
84 2348 
2078 180 
4381 4788 
3813 969 
238 1209 
4173 76 
3313 4876 
2565 121 
2474 4587 
1249 4091 
3726 2966 
3955 2610 
3271 962 
3532 342 
2242 1194 
2081 20 
1613 485 
4347 3679 
4238 1447 
579 1219 
237 4251 
4322 1822 
4403 1104 
4722 961 
1476 1645 
4312 3006 
3413 3313 
4861 121 
41 4262 
4324 1209 
592 1329 
1937 527 
178 4987 
2408 777 
3906 2445 
3018 3207 
4754 2452 
3787 1632 
1622 1910 
4292 1394 
4762 4698 
2313 4183 
1961 2405 
783 3292 
365 2374 
3655 3320 
101 3941 
1263 3948 
2243 475 
1674 3000 
4534 2532 
863 1730 
4895 4773 
4937 1295 
3584 827 
1512 4177 
870 1817 
4321 2141 
4400 4545 
4557 3085 
3357 3261 
463 4132 
300 4062 
444 3848 
1915 2274 
735 1441 
3227 4470 
3413 4876 
1436 2854 
1692 1872 
1500 4723 
3166 2962 
4186 3966 
921 3170 
1917 2174 
2185 2378 
1005 2659 
4759 2580 
1473 3818 
4756 1628 
3045 200 
2486 1437 
4059 452 
3542 2079 
1710 2210 
139 2192 
2508 172 
789 3887 
1367 4218 
30 1927 
3204 471 
443 2019 
3437 4126 
607 4106 
1172 385 
2491 4899 
2791 2377 
1884 4775 
4640 1396 
1135 1777 
1481 3784 
1895 4832 
2398 1332 
1367 1985 
1120 4364 
1215 700 
2556 3167 
3221 1599 
2503 3072 
1669 1237 
2207 661 
1113 2723 
4808 975 
3127 454 
2673 3908 
241 1990 
234 1324 
2685 4082 
164 3874 
211 2340 
4734 2394 
1574 3886 
3226 2675 
1525 818 
4439 2324 
4163 3836 
33 3539 
2985 29 
579 4618 
418 3212 
4241 2131 
1981 3026 
3320 1739 
93 508 
62 4391 
1298 1153 
3599 277 
4306 2335 
1592 214 
712 560 
2173 1611 
4209 1156 
1245 537 
248 1696 
2352 3411 
3117 3841 
497 2434 
1195 4679 
3733 4087 
2862 3203 
2699 861 
4800 2975 
182 2072 
375 3366 
879 3887 
169 4268 
4366 4212 
2989 1084 
2982 432 
4210 2442 
4337 4173 
1783 1628 
1103 4683 
544 2488 
219 2236 
3081 1368 
584 2565 
1168 2135 
4355 4126 
841 4245 
1575 4869 
2594 2308 
2082 2848 
4116 1445 
702 2083 
1645 2496 
73 4876 
1018 4358 
2046 695 
1441 86 
703 4339 
4799 2257 
3006 3741 
414 2832 
3762 140 
25 799 
3203 1117 
1550 4085 
2220 2873 
4914 2995 
540 3596 
2390 3787 
217 1250 
4590 1711 
2310 4793 
3013 4243 
4931 3354 
4167 1868 
4835 1461 
1601 4215 
4708 2679 
2457 1924 
2663 946 
3074 3975 
2366 3045 
621 4033 
3768 2659 
1466 1380 
3595 953 
4700 2044 
3265 3369 
3821 2406 
2699 1223 
3387 2288 
1974 2359 
155 81 
4802 2261 
903 3337 
2989 3995 
4415 3761 
3536 2346 
3401 1653 
512 3632 
3428 3575 
4005 922 
3372 3304 
4092 4658 
3372 4672 
2821 3418 
1649 3435 
1276 2775 
2140 773 
1803 3709 
4889 3460 
3774 4056 
2135 184 
197 50 
4282 3081 
3586 4126 
880 2546 
4599 2105 
165 415 
188 4571 
1592 2460 
1712 1152 
1606 4045 
2497 2786 
4630 1904 
1946 2074 
3778 2055 
261 4362 
3674 821 
4243 2707 
2396 3997 
1685 3295 
2685 2963 
34 2902 
3417 2320 
1300 1594 
4568 2179 
1180 4951 
175 2969 
1782 2023 
1711 10 
4423 325 
3519 2724 
2294 1186 
1286 4768 
34 871 
798 1827 
3452 1243 
2361 1878 
1462 899 
291 2548 
2707 2717 
4261 4482 
2424 3690 
2719 3760 
338 3257 
4636 574 
373 3171 
3588 2670 
4080 3057 
4815 4015 
1424 4660 
4263 4599 
1308 4351 
2679 1618 
3354 3846 
4786 591 
2820 3316 
86 4541 
863 51 
997 4067 
3922 4534 
2289 1613 
3593 703 
3163 1249 
4162 285 
3463 4601 
689 79 
2265 4798 
4850 4917 
833 4564 
4782 1174 
1484 265 
4452 1586 
14 2226 
25 214 
4941 2668 
2819 4332 
3495 3117 
4789 1776 
3159 0 
979 2275 
3944 1514 
4700 2883 
1647 3427 
2065 309 
53 3179 
2531 3417 
3272 1226 
4600 3619 
1771 1221 
1036 123 
4218 3230 
426 2760 
244 4882 
1128 328 
3384 4148 
1009 3636 
2759 778 
4787 4691 
942 1928 
149 3799 
808 4329 
3147 4795 
4627 4842 
3155 2434 
4014 4950 
1907 4297 
3737 116 
339 2109 
3267 897 
3104 1286 
3490 1293 
2323 4945 
36 514 
4211 2711 
852 4360 
366 755 
4091 821 
1820 714 
198 4443 
1199 3644 
3046 4447 
1209 1533 
2112 2745 
266 1161 
429 2970 
933 3069 
3736 3983 
3704 4519 
1204 2858 
4909 2301 
2713 1877 
1743 3662 
1946 599 
3432 4671 
1630 4042 
2281 3408 
2212 2130 
521 1130 
4706 4568 
736 1323 
3517 71 
570 248 
4668 2963 
3605 4546 
2763 2760 
1285 1867 
4900 3426 
2486 4327 
4968 638 
4923 1101 
3960 2267 
4840 343 
1658 2772 
48 3978 
1143 160 
3200 4056 
1344 3224 
4199 4321 
2729 4982 
2727 4206 
3807 1407 
2077 1622 
4634 1983 
3167 4332 
382 2282 
60 3076 
2560 2400 
2112 4649 
2764 393 
4244 2261 
2415 1630 
1447 3939 
3598 4431 
4412 3153 
1913 3664 
3343 4635 
36 3056 
2871 758 
1533 3737 
1640 4148 
991 2531 
2629 3149 
576 3990 
3326 2873 
1827 2589 
3879 3939 
2516 1622 
187 2784 
296 1935 
884 2266 
4963 2539 
2213 4830 
185 4460 
764 2438 
1263 3734 
523 1936 
2901 3222 
2056 4873 
128 4378 
208 4721 
2883 1514 
2082 1697 
3934 542 
691 2588 
3834 1861 
513 1347 
2646 4185 
1162 4058 
2303 1627 
1312 1212 
1333 4878 
1113 2314 
2564 1807 
711 3771 
2496 4768 
1347 2568 
990 2707 
4208 3307 
2104 817 
861 3125 
4256 3192 
4888 607 
175 924 
569 909 
1216 2563 
1791 2049 
846 2916 
2464 1238 
2386 2026 
580 3218 
2133 282 
3186 390 
2467 3689 
1900 3030 
3296 2898 
3944 4050 
1418 1232 
3742 1870 
351 4168 
795 3719 
1206 3117 
2396 3425 
3234 3133 
2402 2953 
993 4965 
4645 4500 
4998 573 
2516 2077 
1652 1141 
2195 4953 
3792 3194 
218 2998 
4196 3517 
1686 1162 
1850 449 
2987 4980 
3724 3632 
3495 3719 
3669 393 
3276 2599 
3194 3464 
4115 1422 
1962 3826 
2327 1188 
3391 2700 
732 461 
1767 3882 
2095 4370 
3379 2430 
1627 194 
2644 2796 
4210 1574 
3781 1760 
4843 2878 
2166 4595 
2424 4908 
1710 2974 
4322 4916 
2169 1893 
2683 4828 
1020 852 
3005 256 
3921 4323 
4690 4299 
2741 4886 
513 810 
1653 2972 
1363 1965 
3543 790 
4292 3528 
3129 840 
1907 4548 
1413 3951 
4290 3850 
4605 3975 
3686 769 
3651 4096 
990 3998 
3578 858 
4405 4423 
2411 1029 
4847 3107 
4808 3480 
3834 534 
2666 2337 
1283 3852 
3794 3286 
3222 2944 
593 1536 
3477 4352 
2252 4184 
4198 320 
4221 61 
986 1912 
4926 1432 
741 3871 
3999 2680 
1209 2737 
786 2024 
4909 3906 
4244 1746 
3639 2335 
2318 471 
4067 3634 
2370 3854 
4646 812 
1473 897 
4347 2009 
3850 1788 
3182 2020 
837 4860 
3341 808 
3536 455 
4902 4885 
3207 4570 
4806 2725 
3119 2929 
2947 1867 
2201 2835 
3942 4528 
1702 739 
1870 3680 
3333 3261 
4403 1594 
2929 1302 
228 3111 
2466 4732 
4470 4018 
2842 2512 
4424 1515 
2874 3904 
4719 251 
3659 1343 
647 1258 
4344 3018 
2207 3643 
3497 4238 
3339 2465 
4779 4617 
1218 2436 
1052 4980 
2007 3464 
4565 205 
2083 2714 
2275 2799 
4114 3589 
4312 1184 
2995 2679 
2501 4155 
1883 4876 
2666 4302 
3784 1480 
2866 479 
382 975 
1930 4678 
2595 4036 
514 1195 
2402 3561 
1005 3037 
1500 1210 
4987 1670 
2512 470 
3462 1302 
634 2240 
472 180 
4256 3811 
4004 260 
1299 2058 
2233 2056 
2062 450 
2472 2830 
1394 4526 
3331 1203 
283 1807 
4797 743 
2053 229 
4542 302 
0 2060 
3386 1507 
4794 250 
3777 1320 
3580 1659 
4698 73 
2941 364 
4244 2996 
1911 1648 
3396 4576 
2175 4396 
3104 2496 
3602 2912 
2210 186 
3777 2717 
1417 4710 
1983 4168 
3865 189 
1280 3065 
3844 4143 
4448 1268 
2623 2894 
854 2282 
465 3727 
908 3151 
4612 422 
845 2308 
997 828 
2881 3546 
1184 2294 
198 2501 
1237 2787 
3715 4264 
4216 360 
2401 4412 
907 2976 
1252 4357 
4654 1777 
636 1083 
4348 128 
4174 4588 
4611 3675 
2144 596 
1427 2627 
4018 4662 
1376 1752 
48 2080 
2132 4046 
2995 987 
3129 2800 
2490 1824 
4892 3343 
692 4700 
1814 4115 
2216 4010 
4783 2791 
4167 3857 
2272 1296 
4500 1115 
555 1656 
408 139 
1059 4762 
845 4563 
2230 2428 
718 1443 
4255 3093 
2816 2477 
2474 2901 
3105 3284 
4483 2623 
4802 1746 
2812 3627 
4445 4172 
271 2668 
4616 1752 
1849 3329 
1931 1725 
485 4122 
2314 3273 
632 3832 
4592 1945 
4663 2722 
4783 2515 
3206 393 
4354 1744 
162 1185 
1770 4592 
585 1086 
2054 102 
2949 388 
4769 306 
2751 521 
383 1548 
1615 4142 
4268 936 
1103 1105 
3093 3811 
4568 3590 
1268 3041 
1644 4474 
3416 777 
233 1058 
4823 1852 
2053 3792 
586 4153 
4793 3570 
4618 3052 
1244 118 
49 4187 
4443 2999 
4751 1687 
2459 1893 
1793 3427 
4770 2242 
155 4818 
3777 1757 
4273 2788 
281 4442 
2785 4407 
4625 3077 
1761 758 
3714 431 
2679 450 
1903 4044 
4752 1871 
494 2187 
2271 4092 
4432 4841 
1166 3625 
1311 40 
2508 845 
1303 943 
2406 1118 
1705 1130 
740 1951 
4095 3259 
1176 2240 
13 2794 
2490 158 
1872 435 
3434 3278 
968 212 
1640 735 
1529 4740 
618 2413 
2067 4787 
2546 257 
639 3341 
333 976 
1826 139 
2174 382 
1360 1970 
4534 4821 
4366 492 
1946 4663 
291 1103 
3035 99 
2925 4023 
3797 872 
265 219 
4206 1072 
2379 462 
1884 2371 
3832 1727 
2619 164 
1303 3109 
3630 2555 
4994 2849 
3622 3277 
4675 4259 
312 4055 
684 2013 
3392 487 
4364 2564 
1110 1651 
702 1565 
2762 2482 
4363 3427 
4548 3972 
3093 4156 
75 1364 
148 2489 
4995 1766 
1944 1988 
297 3092 
1856 288 
2445 131 
922 691 
4825 4245 
112 1006 
3296 1125 
3409 3470 
2713 4558 
2352 2564 
1827 4983 
1610 1798 
3816 1906 
1024 2287 
3407 4741 
2381 3188 
359 3213 
3754 3360 
4629 4868 
2656 3672 
591 2591 
4541 3409 
885 2068 
268 2016 
4989 3170 
3960 4937 
4320 3008 
1906 4248 
2823 2536 
2499 4000 
4708 2072 
310 2360 
2081 764 
3477 584 
30 460 
2804 925 
27 342 
92 2796 
3662 4501 
3092 3948 
2381 3348 
2903 3497 
3568 4303 
2859 1360 
2819 1149 
4726 4653 
1425 4818 
59 2658 
986 1915 
3664 3941 
540 1719 
527 3954 
178 4029 
422 1815 
1731 4838 
142 2265 
3080 3755 
1355 4741 
40 733 
3570 1046 
4172 1017 
3525 4305 
4708 182 
1715 4630 
2044 2883 
2985 4589 
118 4364 
2693 666 
2915 3171 
4828 660 
4997 229 
2514 3377 
1315 1550 
2499 4125 
2302 474 
995 775 
2539 2236 
75 1305 
4112 2431 
1761 2871 
1516 3021 
3823 2117 
4123 2937 
150 621 
4158 4105 
4659 2046 
3390 4977 
3881 575 
3397 4572 
2317 4207 
4392 3527 
1670 4029 
3564 2351 
3780 767 
1612 4541 
715 1255 
1788 1858 
289 2830 
101 1738 
1259 1260 
1416 1853 
331 3075 
3406 4188 
3380 2695 
1569 1724 
4456 3963 
771 1860 
4799 2763 
4332 2482 
3 4573 
3460 2896 
4630 1144 
2252 1570 
2176 3874 
4624 1744 
2261 1761 
4622 3824 
2405 2618 
3143 2836 
532 4045 
1955 1811 
1658 1691 
2194 3567 
751 4407 
2618 2469 
2650 3855 
4323 2058 
2440 4349 
532 3122 
4401 2829 
4627 1646 
2076 3309 
1896 3369 
392 895 
1100 3051 
331 343 
1790 3784 
1057 881 
287 4824 
4309 4063 
3063 4136 
941 1510 
984 3012 
1742 1442 
1287 885 
3777 3498 
1821 3475 
635 3612 
794 4887 
3853 3699 
769 3467 
3730 505 
2590 643 
3558 695 
4133 1018 
3952 2185 
3884 229 
2450 2981 
3283 1609 
3609 1299 
2795 1463 
4257 1671 
3580 2307 
3532 4406 
4161 3846 
2011 1397 
365 2612 
1026 611 
396 1857 
3355 1325 
114 4758 
4188 1941 
3584 1580 
2923 1525 
2144 10 
2859 848 
4675 4070 
2141 3456 
1651 4862 
1615 2393 
723 4647 
2854 3895 
4249 3007 
1718 3421 
2944 4460 
2613 1407 
422 4376 
2678 4164 
4718 2919 
4276 4397 
707 3224 
2184 4008 
1075 1786 
1186 2302 
1322 2746 
2422 2337 
3087 2803 
4171 668 
3303 4717 
3848 3967 
2532 2404 
4265 4502 
3312 4882 
4890 4853 
201 3744 
902 1007 
2076 4076 
877 3730 
1237 285 
1875 4775 
1133 1767 
803 2761 
1072 3779 
3513 4130 
3123 2424 
3181 889 
4484 2014 
1488 3586 
918 3952 
998 2037 
2858 2987 
4773 2951 
3732 2515 
498 3722 
3691 2821 
2824 4601 
2214 2719 
3409 1605 
3626 1009 
1271 456 
1674 2840 
2927 4336 
288 962 
44 4779 
1996 2642 
1884 2595 
952 4453 
2385 1536 
831 3459 
2613 1256 
2495 3641 
2919 4956 
1411 1613 
1928 2015 
772 589 
1071 293 
787 1737 
3056 1469 
1615 2555 
1148 2460 
3517 545 
3870 2000 
1815 97 
1412 3983 
721 537 
2747 1049 
991 1525 
2299 4461 
3148 2254 
4929 4376 
4859 4571 
4510 4175 
1208 2740 
1795 4302 
3495 3202 
220 4148 
2779 301 
504 735 
2932 3775 
4770 4163 
1054 130 
4292 821 
3521 1652 
3816 872 
4122 973 
386 214 
4378 2549 
3789 616 
3989 484 
3819 1856 
756 3498 
3394 1329 
1392 2974 
3215 2735 
1981 1434 
1791 4226 
2749 2836 
4691 3300 
122 4582 
3915 2184 
4821 4528 
4557 2864 
1008 3793 
385 3838 
818 1485 
3862 1161 
4442 4922 
4000 3272 
925 4391 
2465 3578 
3037 1490 
76 4537 
1677 1294 
4869 4800 
3643 1579 
1052 2328 
52 85 
2814 1590 
4756 4944 
4867 2010 
2868 3330 
908 3352 
2915 2945 
1542 437 
794 1818 
430 1206 
3488 4061 
3324 2535 
906 901 
436 3807 
4563 4466 
3809 1516 
3732 1093 
1758 3570 
4368 3320 
149 1405 
4039 2476 
3513 3595 
3827 909 
1849 3788 
2176 2077 
3890 4727 
1783 3453 
2484 3905 
3522 3343 
1060 2716 
3264 4099 
2359 4653 
1631 2051 
2347 848 
2093 3919 
3043 3783 
4443 4155 
3970 719 
4437 153 
1683 728 
3125 2311 
3662 4637 
377 4018 
4126 3045 
1019 510 
3616 2759 
1675 1454 
3357 2347 
3619 2891 
4394 1110 
4306 4068 
3882 4734 
485 1932 
3474 3529 
2626 4936 
1311 1209 
681 949 
4432 2733 
3124 138 
436 1375 
3422 3071 
3345 4235 
488 454 
424 2402 
4580 1339 
2185 210 
328 531 
4886 3330 
3564 2137 
365 1234 
295 2808 
2631 3844 
1825 404 
3026 2226 
2361 1226 
2349 3922 
3026 4548 
3819 3598 
2457 2470 
4299 137 
3299 100 
3971 4119 
3000 4310 
2988 3343 
4106 3700 
1211 465 
2157 2176 
1194 2848 
4057 445 
2871 4950 
4301 3817 
3345 3649 
2362 1523 
1195 3056 
1897 3613 
2141 1932 
4731 2026 
2155 2543 
2851 436 
4239 4608 
3734 2682 
4431 2561 
1238 3183 
1411 271 
1342 4806 
4350 2448 
211 1835 
2916 388 
3813 1649 
2079 2368 
4923 4910 
1431 4101 
3473 1384 
4558 1332 
153 515 
3022 667 
1548 3260 
3234 695 
1414 3985 
2611 4027 
571 3580 
2972 3537 
1611 4253 
1473 2574 
2907 3256 
3316 3303 
3124 1944 
4747 2466 
4838 3866 
2005 3514 
3744 2922 
1123 111 
2403 3522 
4439 22 
2786 552 
717 2194 
618 1102 
4766 4818 
576 1199 
3448 2010 
875 711 
3246 1266 
2636 525 
1620 1950 
716 1744 
2048 2207 
375 172 
835 4951 
200 3803 
2302 2294 
552 4805 
2303 2543 
2778 353 
4182 3713 
4800 842 
549 4708 
3967 94 
394 2590 
2702 14 
594 191 
815 2116 
3870 2566 
162 3215 
836 1272 
2134 4943 
501 3879 
461 423 
2082 3558 
3908 1127 
1869 4605 
988 2733 
1803 1577 
4152 292 
4653 4722 
3783 2678 
2752 1291 
3970 428 
1591 530 
2527 291 
3897 2476 
1601 3679 
383 1159 
4784 4268 
2866 448 
2027 257 
3013 990 
4572 4888 
22 2640 
2785 2466 
1267 946 
3890 2777 
854 1591 
4739 2950 
4156 4792 
3862 4276 
2451 1995 
456 76 
308 2573 
3282 2565 
3702 4154 
698 2319 
3352 3350 
1286 3156 
4342 2914 
4638 3102 
2153 3322 
4067 1159 
693 4748 
4527 3691 
909 2786 
384 2667 
2446 1875 
360 627 
2279 175 
2915 373 
3477 3722 
4419 3346 
43 1958 
3486 3658 
3904 1648 
2070 3838 
826 3864 
3951 3671 
409 255 
4932 3838 
161 739 
4585 3052 
99 3437 
4438 2069 
4500 3755 
3372 3465 
2031 4036 
824 1653 
3575 2811 
3972 3975 
2858 1294 
801 1197 
2497 4805 
3802 2778 
2491 4290 
1452 1059 
3040 695 
2014 302 
3166 1703 
3307 1490 
4390 1733 
4222 1742 
2111 4830 
2641 542 
4908 560 
4661 4512 
2287 2950 
3480 844 
3581 1995 
2420 255 
1480 1481 
1258 2980 
1799 1008 
484 3873 
1086 2523 
3286 3584 
2397 1277 
4350 4596 
2704 3739 
1640 1431 
608 149 
768 4689 
1218 2495 
3014 2624 
1209 2495 
435 646 
1060 3568 
3030 877 
4926 2795 
4630 189 
3656 3108 
1167 1722 
2592 751 
3521 1141 
893 918 
4177 2284 
2186 3154 
2009 894 
4768 3827 
3025 4128 
1679 1938 
1812 776 
3875 3143 
4360 4673 
947 1397 
954 3454 
4078 4355 
1674 719 
2594 3213 
2947 3021 
3970 4239 
686 902 
4368 181 
3171 4249 
4740 2862 
3396 4033 
3843 4643 
3110 4946 
1442 3167 
4422 1305 
3416 4691 
3340 4020 
3762 1913 
4577 4568 
349 3816 
4137 951 
445 3925 
1755 1660 
2559 1352 
4722 1585 
1172 4932 
4566 1158 
3211 4000 
4412 4778 
4693 4012 
4964 39 
1444 3870 
4153 2964 
3229 2413 
661 1201 
936 4250 
4789 2626 
1172 1343 
4649 752 
787 4679 
2075 1971 
2136 659 
4443 2927 
1433 844 
975 3042 
1005 4045 
3377 2869 
4748 3438 
2692 2355 
3661 836 
1940 813 
2125 1810 
2536 2143 
799 3269 
1365 3221 
2864 664 
4654 4091 
3097 573 
2684 800 
648 1649 
268 290 
4129 398 
844 4582 
2627 464 
4106 4886 
1647 4085 
4290 3863 
4343 4385 
3207 3976 
2960 4740 
3919 1147 
2324 2993 
487 4703 
774 4671 
3095 4099 
4724 4892 
3540 2016 
4620 3951 
1520 2800 
4798 3241 
3865 4801 
1450 3705 
4275 2143 
4950 4844 
2173 1898 
1071 2363 
1673 2513 
4470 451 
1553 4693 
3046 446 
1339 689 
1954 1448 
4612 1771 
4233 1283 
4571 4991 
1339 4555 
2285 28 
2912 4390 
506 1494 
946 3263 
4313 2319 
1230 4102 
1915 3715 
465 3414 
555 71 
2318 2067 
4514 3793 
1182 2565 
100 4300 
2899 2267 
2951 3962 
4244 1761 
581 997 
4022 3326 
2592 159 
48 332 
2180 507 
3547 305 
3807 2831 
679 1928 
3060 765 
4499 2263 
627 1805 
4001 3943 
4862 1832 
3792 1026 
2796 2902 
4632 1933 
4472 920 
4416 1697 
4886 4797 
4734 4298 
2865 2667 
4449 2935 
3701 1592 
1945 1218 
3118 623 
104 4393 
1299 3379 
2225 3277 
4512 2501 
3150 2892 
170 3037 
4036 1875 
2457 3451 
1867 4572 
2311 2519 
614 3910 
1447 3703 
3702 2195 
1972 129 
273 2279 
2285 3749 
1995 4435 
488 813 
3666 3085 
2875 1205 
3941 4401 
750 3432 
1006 1382 
4476 150 
4801 560 
4119 2754 
2605 4391 
1163 4010 
4093 3100 
3290 1919 
906 2312 
640 959 
62 2239 
880 1604 
4007 3339 
1896 2186 
4012 3122 
1836 633 
3929 1646 
3958 4608 
973 1965 
337 860 
4713 2089 
887 3920 
2668 2604 
466 1379 
1235 130 
1641 1611 
2744 1740 
4546 4468 
3327 4564 
4201 1506 
2824 3532 
3653 3828 
2501 3998 
2664 1352 
1445 323 
675 2682 
1035 1891 
4002 4091 
76 4098 
3652 70 
1810 654 
4728 1145 
3356 3502 
1212 4261 
1356 1909 
4717 82 
1835 1271 
3201 3399 
4477 3835 
333 4775 
686 4409 
252 762 
1628 1025 
1538 4596 
3622 2004 
295 2328 
4027 3994 
1275 4874 
4588 1914 
1603 2436 
3639 1071 
1901 3995 
3721 100 
2111 4811 
3840 2128 
1788 4370 
4703 1391 
3802 574 
3737 4324 
4155 2756 
2476 4177 
4344 1525 
1992 929 
588 2080 
3626 2113 
227 61 
1149 488 
3293 3749 
3240 106 
4079 1475 
2076 4867 
351 210 
370 4655 
3429 1016 
1243 4937 
2592 1954 
595 113 
3682 3035 
172 680 
4097 3602 
4215 2460 
2190 2054 
4919 462 
3827 3104 
2848 3530 
4616 789 
1471 4472 
4661 3064 
4352 1182 
162 4647 
432 2392 
458 1215 
2875 3522 
4351 1391 
1388 3097 
4228 2496 
4452 3043 
4415 3274 
1346 1638 
682 2691 
1830 637 
4260 1631 
3225 2778 
3637 2867 
3549 4044 
1327 2646 
481 1552 
3934 992 
1306 2831 
967 223 
2314 403 
4315 2634 
3663 2187 
512 790 
256 3399 
3801 4385 
1902 3592 
4923 2385 
3528 1394 
4965 2494 
3701 4079 
2600 2130 
2181 1599 
4874 1806 
306 3569 
4741 1014 
2227 3738 
3977 3688 
492 4492 
1581 4123 
4565 3882 
2980 223 
263 4405 
2104 815 
2091 4463 
4770 1194 
2420 1448 
331 4452 
3840 3023 
2817 3106 
1185 4647 
3724 2562 
1449 4219 
421 1678 
3578 3022 
2508 1409 
4039 1505 
3514 1246 
3967 124 
1417 4741 
1221 3245 
1186 3006 
3307 4045 
3570 2471 
2432 4211 
2939 4895 
233 964 
1590 4581 
1997 427 
2241 4778 
4937 3452 
586 4254 
4560 4547 
45 3326 
615 4425 
3250 3424 
1552 2897 
3396 1142 
158 2197 
1016 3275 
4797 3532 
645 4122 
897 1823 
4589 4457 
2691 3031 
2743 3391 
812 936 
166 1210 
2287 89 
671 1473 
2813 1708 
2205 1289 
519 572 
2889 2797 
387 4413 
2271 718 
2626 261 
1274 2283 
1750 3181 
2573 1369 
1932 645 
120 3382 
4136 651 
1231 26 
4310 428 
1988 1115 
1230 908 
644 4943 
4749 1052 
3843 4751 
3607 3258 
4558 38 
3733 4795 
13 3003 
3032 4212 
1143 4205 
3107 3066 
4160 3697 
4365 4537 
270 2876 
1290 523 
4747 2592 
4795 515 
3457 4423 
1475 214 
409 4732 
4810 787 
2231 833 
1768 3706 
827 1580 
2380 4205 
2308 172 
3703 2176 
2441 2793 
1958 91 
4812 3692 
4560 1325 
4262 1633 
1114 2815 
2044 2814 
2596 1128 
3499 1492 
3987 4884 
2731 3937 
1186 4312 
1656 2579 
3797 2562 
3910 451 
3234 742 
172 1234 
4635 4689 
3389 2989 
1189 2247 
660 3643 
2436 2495 
4789 261 
3838 2038 
2497 3577 
1843 2909 
934 3331 
908 4245 
4401 3794 
230 2617 
4200 3340 
2557 987 
3295 4349 
4685 2823 
3259 2265 
1065 2734 
537 640 
2981 1152 
2237 2826 
3854 4122 
3739 1871 
3684 2350 
4555 2957 
363 4211 
1530 3150 
4028 1996 
999 20 
692 3881 
3965 3137 
1872 826 
2323 383 
2318 777 
4683 2527 
3288 2766 
2724 651 
4196 4184 
2726 2084 
2648 3800 
929 874 
2364 2247 
1722 1289 
4493 1539 
174 3797 
3390 605 
2435 1298 
4902 775 
4558 3980 
3853 1294 
3705 4219 
222 3294 
43 91 
2834 4426 
1800 1983 
337 4576 
2371 4775 
2754 1832 
1702 1169 
1056 4563 
62 4100 
3064 3909 
650 3782 
3269 2237 
3756 4094 
1541 3477 
1388 583 
515 2431 
3875 2470 
3344 2576 
4826 3112 
2408 2341 
3455 2886 
1169 3920 
735 3384 
1406 3199 
4269 1498 
294 1892 
2108 4726 
3599 4435 
2193 3976 
977 954 
1454 4853 
213 1456 
1059 2158 
2213 3127 
4711 3767 
196 1569 
1459 4485 
1991 700 
135 2646 
336 825 
2679 3567 
4325 1278 
3740 4293 
4099 718 
89 3986 
4039 4461 
292 3997 
1602 456 
1273 3207 
1278 4705 
3489 1459 
1839 3388 
2360 336 
1847 1624 
1155 4661 
3455 2354 
896 3736 
720 1443 
3514 632 
2928 3002 
2800 3347 
407 997 
941 3350 
4993 1698 
1232 2650 
1099 4517 
2630 4154 
3181 633 
3169 3055 
2859 4290 
994 3150 
2254 3969 
4992 1448 
3799 1723 
3522 2983 
991 1184 
1531 984 
1894 2243 
4408 135 
2732 550 
2529 3357 
3363 4021 
3142 2134 
3536 2841 
3440 1616 
958 3179 
1239 1420 
4055 2092 
4258 4093 
2074 599 
3051 3179 
4208 4367 
933 3196 
4682 2287 
2475 1215 
2999 4791 
2333 4683 
3154 3057 
1627 606 
706 509 
644 1140 
227 2710 
2958 1768 
4759 2597 
3958 2867 
4193 3557 
4415 3785 
857 4869 
2822 188 
186 2022 
4084 4988 
4016 2294 
2170 1442 
1715 2520 
2826 4220 
2142 3744 
2695 1826 
2103 2255 
3624 4000 
2901 4865 
4977 2597 
283 4574 
1904 4380 
4344 714 
339 1323 
1841 4561 
4237 3494 
3115 316 
1914 2441 
38 1332 
991 4312 
1231 1303 
1488 4441 
987 1320 
47 3682 
3583 4530 
2337 324 
3735 2007 
3305 1083 
4845 1484 
3456 3131 
1970 4290 
1153 666 
394 4552 
3540 716 
550 3644 
2954 3749 
4417 35 
4956 1400 
50 3561 
628 3489 
2605 3257 
4427 4533 
3023 1086 
1391 4613 
3421 571 
4078 1904 
4821 4772 
4563 2374 
961 1357 
1885 2305 
318 2732 
1679 4818 
1024 3097 
693 2722 
3951 2573 
1485 4016 
3874 1622 
3231 1209 
3308 4630 
1005 532 
2652 1424 
3963 2924 
4225 859 
4340 3040 
782 3471 
3136 3173 
3381 3122 
2118 2882 
1392 1435 
2156 2476 
151 2481 
1981 3291 
4699 1615 
675 1960 
203 3891 
2393 4438 
3945 3266 
1417 675 
4248 349 
3313 152 
2574 99 
628 3169 
2028 1222 
3714 3771 
1290 759 
4992 1867 
830 1287 
4878 2400 
1339 3999 
4401 2733 
4120 999 
732 1856 
2792 3167 
4631 1564 
4272 3683 
3307 2872 
1527 4056 
2285 2954 
4784 888 
3106 829 
4198 3597 
1875 2371 
3820 1593 
1677 2328 
4320 4224 
720 2415 
160 4960 
1340 1163 
1980 1296 
449 2457 
2728 3031 
4484 315 
197 3074 
591 2578 
3842 3912 
2442 2323 
1101 4173 
4311 1662 
3231 1969 
3372 1235 
2409 3055 
228 4581 
3226 1851 
3141 3330 
3034 4241 
4790 2231 
887 3929 
3229 4408 
2090 4862 
1972 2173 
3204 1535 
1621 1421 
2044 258 
2039 2074 
2520 3312 
2059 186 
4761 1632 
1589 1444 
1706 1268 
4553 3327 
4922 4882 
2255 71 
3636 1346 
2288 3754 
1747 4379 
1906 4423 
3269 2838 
3568 4082 
3286 96 
1634 2673 
3104 3152 
1004 4101 
2798 1046 
1340 2728 
3948 1417 
4878 2662 
2653 2883 
3120 152 
1108 2286 
855 1905 
2546 1604 
1962 3654 
1966 3263 
4403 1245 
2406 1750 
3532 4992 
4259 986 
3269 25 
3915 4313 
2607 2090 
2712 2628 
930 591 
2491 3333 
1165 3928 
1600 3436 
4424 2484 
954 4635 
2712 408 
4720 1296 
2262 4702 
387 3296 
679 635 
1083 2393 
2226 4297 
2769 3568 
991 3006 
499 4352 
4756 1025 
1900 505 
2806 4271 
3252 2637 
2782 598 
4944 1557 
1750 3282 
450 3752 
554 4964 
2892 2345 
2364 993 
3132 3369 
718 4317 
276 1356 
1369 4058 
1514 575 
2356 4989 
3471 1264 
4079 4826 
4660 1777 
1922 327 
3690 189 
1079 685 
1746 3136 
1620 4167 
4815 2727 
3834 4070 
4595 4726 
1734 1698 
232 2425 
2732 2864 
120 1826 
388 2455 
1490 3768 
641 4344 
4499 2816 
3944 2883 
538 1320 
3892 4135 
1597 3376 
2881 1577 
4864 1870 
2095 397 
3991 1331 
2898 250 
4127 2814 
3688 529 
85 3897 
127 4473 
1980 4673 
4299 35 
117 2219 
4934 928 
1537 3701 
4179 2185 
1977 3395 
3199 1495 
1935 4916 
4678 2676 
4951 3712 
2518 725 
3491 2495 
1613 3241 
1793 1647 
4217 3386 
3875 1851 
2427 2085 
4441 3648 
3898 4573 
2308 1234 
4847 4419 
1477 3689 
2141 485 
3828 1633 
4222 4129 
1826 3841 
3252 3204 
1021 3256 
1487 3450 
1067 1444 
4622 4696 
1476 1897 
4020 4200 
3292 1217 
1345 200 
1954 7 
2581 3122 
4963 2220 
4966 3585 
3191 3352 
750 4500 
1606 4245 
3565 2524 
1521 1448 
2621 842 
1147 4115 
3179 70 
3172 3769 
4355 244 
1622 164 
4890 1521 
1500 4809 
3151 3582 
1080 2230 
3295 668 
2304 3258 
1615 3022 
4747 2759 
1846 1242 
3322 2675 
4517 4067 
2079 4270 
741 3305 
946 295 
4906 1828 
2121 1412 
3793 316 
2751 3965 
4221 3098 
4693 2804 
3758 3178 
242 1774 
3706 3570 
1643 3255 
3584 3379 
4396 3381 
4880 1500 
2631 4695 
3261 3696 
2904 1424 
2537 4024 
2904 1145 
2342 611 
3280 1799 
784 4045 
326 4157 
1267 4799 
2761 569 
2195 4842 
3186 3051 
1109 2029 
2869 755 
432 2056 
1129 957 
3440 1557 
1166 2240 
4848 1196 
472 2561 
3988 3760 
974 265 
4597 2264 
1796 1343 
3178 2157 
1637 3858 
1311 779 
714 2923 
979 4703 
386 74 
2710 1809 
4142 3305 
1631 3621 
4124 4884 
4317 4099 
3311 706 
2830 3411 
397 4669 
1195 2924 
3480 1433 
1344 1692 
2949 1938 
4896 2586 
1048 2240 
2359 4595 
4390 4108 
3457 2692 
2808 4614 
1308 4613 
4099 2271 
2128 2523 
3247 125 
2586 504 
4515 2635 
2829 2733 
4125 4318 
3395 2285 
4087 434 
1821 4424 
232 1614 
3413 1587 
3377 4208 
1853 1619 
2666 413 
2387 1597 
3439 1641 
3332 3622 
1870 4482 
899 681 
2459 2288 
4880 543 
4754 648 
2547 1877 
4022 427 
2176 3758 
1012 4464 
3015 2849 
3947 3309 
3578 608 
4475 3825 
3542 1925 
2727 4473 
2034 685 
260 1577 
817 3942 
4573 2456 
565 997 
385 4620 
1964 345 
1950 2478 
653 4237 
2222 2897 
2627 1587 
605 3195 
3565 3801 
4989 3645 
4661 2501 
1136 2160 
2348 3836 
966 4539 
1113 2700 
4578 4533 
242 785 
452 4663 
1403 338 
4541 2852 
3757 2241 
541 798 
4478 1807 
3467 4038 
3518 4603 
2095 4051 
1099 4186 
3317 4143 
3064 1420 
3714 2095 
3216 1261 
79 3999 
7 751 
2210 4030 
785 4968 
3029 49 
1916 776 
4667 4082 
201 1202 
3474 2377 
2817 2648 
4215 1422 
4280 1384 
4008 2418 
3934 3368 
4324 116 
168 1348 
383 3028 
2527 1103 
1712 2981 
4841 3353 
2186 2330 
1568 4653 
4651 222 
3304 2956 
3136 4036 
3040 2536 
429 757 
830 1973 
4774 2491 
2264 2698 
2851 3338 
3573 3582 
3696 3333 
2169 4683 
4265 4624 
2046 204 
1642 3826 
3098 2275 
1616 3574 
982 1049 
4537 303 
2345 3351 
1133 4734 
4878 3631 
4844 1761 
338 2239 
2902 2610 
3490 1872 
895 1240 
4523 2693 
2446 4606 
4241 2164 
2962 1538 
3880 3803 
3797 3724 
2957 2107 
757 2588 
3721 3087 
1284 4499 
507 827 
827 1025 
1054 60 
3279 2076 
357 4981 
239 4072 
3624 4137 
472 3531 
2859 3261 
4292 534 
3979 1876 
1040 4009 
2547 2191 
373 3787 
4068 3294 
4263 2306 
4298 3217 
3970 3000 
2540 2255 
117 58 
3334 3726 
647 1096 
1581 1873 
2431 1043 
265 3447 
73 1623 
2614 3082 
2972 2412 
1260 4433 
3714 458 
1182 121 
3535 3386 
4952 3202 
1826 3380 
1449 2832 
2306 693 
4096 463 
2365 3588 
1234 2594 
3886 3317 
4138 4637 
3623 4960 
1254 727 
3025 3295 
3066 4114 
3691 2154 
4948 3065 
532 683 
483 1660 
4642 2459 
3167 1742 
4654 3674 
166 976 
3997 2591 
2231 3383 
3135 2166 
1055 3583 
4507 4394 
1475 799 
2211 3141 
2227 1793 
43 2524 
4979 3774 
3194 2007 
2969 3176 
2244 1093 
2904 2492 
1522 4728 
2162 149 
4906 559 
1830 1642 
3259 4941 
4411 1272 
3710 4182 
3167 1621 
1747 2658 
2921 773 
858 558 
1983 210 
777 1505 
2627 2150 
1009 1596 
1941 912 
3535 3918 
571 2307 
944 3941 
4958 2774 
3086 340 
534 3711 
4638 2327 
3711 2274 
4376 1586 
4081 3937 
3662 1565 
4271 831 
2771 3023 
4158 4427 
4951 3621 
4012 1553 
3409 1357 
3406 3041 
4473 4985 
4705 4636 
1824 3696 
1360 3357 
1707 3740 
465 1624 
2531 1485 
4150 2916 
1691 449 
1782 3897 
4098 3395 
2287 3986 
771 2422 
4452 2678 
4865 3677 
4674 1694 
1245 811 
2015 4811 
254 3816 
4935 4850 
4155 3888 
1190 3420 
3687 2579 
2619 580 
2387 348 
4526 3163 
4965 604 
2310 618 
827 4858 
953 427 
1747 2471 
4572 3809 
3653 2181 
1739 586 
2957 2563 
4740 3203 
3786 1073 
3275 2247 
1852 257 
2836 1851 
1926 4018 
4645 3908 
4313 760 
3416 2408 
2409 4906 
3533 44 
3142 1140 
865 1303 
1046 3680 
915 4569 
4138 1565 
1991 1215 
4394 2443 
1400 8 
1581 1246 
2661 1064 
3222 1270 
4944 507 
1755 3859 
2724 3725 
116 3231 
1670 1252 
4832 4921 
1089 926 
1632 4114 
1523 3450 
2412 4519 
3457 2982 
4431 962 
2670 1600 
186 740 
827 1628 
2120 1046 
3465 2731 
3739 639 
2717 1757 
1255 2691 
4775 3367 
534 4091 
1223 1300 
3965 4676 
2103 2960 
2630 3669 
105 1434 
4387 646 
3178 2176 
3765 2230 
4155 1132 
4776 3077 
3796 55 
2035 2341 
4925 1539 
3327 2889 
3301 2779 
2786 4768 
1746 4036 
1711 837 
4092 4317 
2512 3943 
2116 2451 
3250 3065 
890 616 
1190 4616 
904 4050 
2319 2632 
1452 2158 
3903 4701 
281 1208 
2019 4182 
3503 4605 
1821 4554 
4327 2324 
2669 3860 
2967 3232 
1351 2715 
2497 552 
663 1961 
706 4651 
3314 3431 
3617 4128 
1898 4253 
229 359 
1324 2688 
3301 664 
1911 4456 
104 1650 
1514 3881 
2816 1094 
2311 2444 
1287 1820 
1762 2621 
1423 3701 
68 2942 
699 3686 
22 2993 
551 1184 
1190 2543 
2038 4932 
1788 711 
4416 2848 
1254 2214 
3871 4597 
269 290 
325 872 
570 3726 
4977 2753 
3181 4352 
3272 3211 
1114 4058 
3184 3253 
1662 1128 
700 265 
3470 4473 
3233 1419 
411 689 
4766 1679 
2495 3499 
2394 1707 
665 51 
1548 565 
3418 3467 
4835 2970 
3355 360 
1096 4355 
5 2000 
3320 2964 
4922 4380 
3004 288 
1847 4620 
1473 2992 
836 1425 
4158 704 
3460 3357 
2806 3908 
4995 760 
2573 3451 
4552 3989 
1904 3123 
3559 3100 
1619 3195 
492 640 
1294 4980 
923 420 
597 75 
2358 1026 
1341 2803 
4788 2072 
4463 4518 
2349 4686 
4057 1012 
2597 2580 
2563 1740 
4510 660 
1834 687 
2465 1688 
1495 2734 
2471 1768 
4594 4086 
4224 2175 
1072 3135 
2413 2120 
1610 4098 
3147 4769 
596 843 
622 344 
2644 2177 
3205 3877 
4560 2211 
4188 420 
3354 2514 
4062 908 
2662 2560 
1717 1879 
4587 1123 
3892 4874 
837 1978 
2914 860 
4619 615 
797 2081 
606 2155 
3326 775 
155 35 
2594 375 
2291 481 
960 2055 
4272 3801 
1634 3643 
1978 4590 
4133 163 
2736 1718 
1369 3951 
4544 1345 
163 990 
2792 679 
1583 4852 
2241 3005 
430 4459 
2255 2960 
2907 212 
4809 3224 
526 2872 
3768 1387 
3692 1061 
861 1293 
4880 1872 
363 129 
4601 4621 
2784 324 
1722 2988 
4710 3092 
2722 4059 
4555 3529 
1789 3506 
4198 364 
157 3978 
4953 754 
1614 2666 
476 2040 
3671 2070 
1541 584 
252 2111 
2485 3498 
3539 4884 
4132 1246 
1614 1860 
2788 48 
1331 433 
4129 2819 
1965 2624 
3820 3772 
2557 3866 
3425 3042 
15 2090 
565 407 
254 420 
1456 1326 
4639 2641 
1768 3205 
3186 4585 
3930 1819 
4843 268 
824 2125 
4243 3498 
2024 4000 
872 174 
2304 1221 
3456 2624 
4786 530 
1661 1603 
3696 2110 
2308 2508 
3619 4695 
4776 4625 
50 2851 
4101 4632 
2531 3207 
3225 2840 
1380 945 
4585 1755 
709 1164 
1345 2400 
4175 2673 
2301 2445 
1323 4374 
2104 1451 
1592 4079 
1988 3124 
3210 3873 
1161 3893 
3148 3474 
150 3979 
1961 3763 
1193 1196 
3019 3956 
2378 3952 
3658 4856 
261 1289 
1456 483 
4153 1520 
1152 695 
3194 3019 
67 92 
3173 1884 
2345 1183 
268 2706 
97 4612 
65 1140 
3045 2992 
4522 3866 
1050 1626 
3933 732 
3980 2527 
3800 2327 
131 3270 
3287 2109 
2964 3347 
4272 4460 
943 2401 
1789 2258 
407 3260 
4115 2009 
3399 4412 
3793 1007 
4367 3155 
4578 4347 
552 1286 
4329 1732 
4632 4904 
213 3438 
1186 1947 
589 2967 
927 2558 
4964 437 
494 395 
4036 2996 
1426 1742 
1610 2033 
840 1520 
393 1090 
3756 3470 
2817 862 
4564 2087 
1347 576 
2714 3585 
2410 3245 
831 3475 
1046 3742 
4001 2842 
3193 2146 
3950 4064 
4741 2283 
2346 335 
85 2284 
778 4492 
2881 226 
1800 4997 
629 2584 
2484 1821 
2708 768 
4319 4076 
1843 797 
2021 312 
2514 497 
1958 3100 
1168 3703 
4102 1903 
4986 3491 
3111 3592 
1825 3976 
4427 1601 
4418 1044 
217 2185 
138 276 
3906 3283 
843 3515 
1162 1924 
2215 3344 
3942 762 
4112 515 
3774 70 
324 413 
2010 2076 
4892 1205 
3883 3542 
4773 3950 
4416 695 
118 245 
3212 2369 
2886 3496 
4071 262 
1405 2790 
4098 3228 
1515 1141 
367 2710 
4180 4290 
621 1934 
918 4267 
2497 8 
305 3473 
39 3424 
1594 751 
4340 3405 
2258 114 
2295 2835 
3890 817 
842 4688 
105 3026 
1885 4509 
3800 1188 
1985 3533 
1356 3202 
4834 2040 
3575 461 
3781 1306 
2976 1694 
1032 4874 
197 1885 
313 4250 
2662 470 
698 3284 
874 4024 
1161 1937 
4988 4072 
1881 3196 
3929 1338 
110 2175 
4417 1938 
3402 2513 
1510 3960 
935 3634 
3397 3021 
973 2624 
3086 654 
2601 4669 
3857 789 
4056 1660 
3097 89 
2707 1731 
542 3060 
2954 4302 
3629 2074 
4015 2108 
3714 4051 
4930 4543 
2927 4334 
290 4843 
1427 1812 
851 4157 
3509 3975 
3052 2039 
1627 1868 
333 4606 
2779 4135 
1264 1414 
1058 3184 
1656 71 
254 4573 
1020 3898 
674 2848 
2524 3683 
2535 1417 
421 4394 
2792 350 
993 416 
2508 3213 
4810 2452 
343 1257 
4323 1557 
2070 3695 
3065 4964 
2005 3928 
2162 3472 
2027 2798 
3997 382 
1419 3386 
4701 1205 
897 4441 
1165 3506 
4027 100 
987 4522 
1006 303 
4022 2326 
4825 2241 
2669 363 
3740 1436 
2293 3727 
2538 2898 
986 2117 
1944 1909 
4181 409 
3233 3852 
2510 3474 
3352 1230 
3008 3009 
2503 693 
4056 879 
174 2433 
3119 1945 
3412 1145 
4710 1568 
871 3955 
1449 1118 
44 4218 
3939 580 
4526 2652 
3009 4100 
3762 264 
998 2608 
4247 691 
2202 2381 
3652 992 
2568 2955 
638 1172 
3310 2544 
2768 1852 
187 4515 
1814 1601 
473 1988 
890 2410 
2890 2595 
2408 2156 
4416 4275 
1781 4859 
2702 891 
596 1596 
1543 4834 
1436 381 
3189 641 
2159 3527 
2042 4281 
3115 3280 
846 570 
2243 463 
3597 3176 
4128 2537 
228 2192 
3293 2329 
4414 2863 
3045 3818 
3986 4081 
3549 4245 
833 1894 
3404 2348 
4603 2836 
138 1115 
2739 2804 
2486 3673 
2091 239 
417 3919 
1667 3666 
3615 2125 
1645 3152 
2395 3618 
3302 1875 
248 3334 
2787 4122 
1661 2929 
2422 232 
1434 1760 
2269 4245 
201 287 
2073 2004 
2441 4174 
4398 4981 
2225 854 
1658 465 
4217 82 
3250 1964 
1762 4034 
3769 1605 
3143 3518 
733 3232 
270 1570 
1076 184 
4844 4014 
1272 2041 
2677 1890 
4394 2196 
2195 2474 
4391 2872 
4618 2074 
1183 2736 
2848 1886 
1365 1517 
1415 3275 
3080 761 
359 1092 
1972 1898 
1965 2141 
1240 2545 
3782 1638 
3912 3761 
1120 2886 
4419 3342 
2249 434 
4282 551 
4290 4524 
40 1209 
3876 3627 
4300 4714 
508 1210 
4035 1878 
3987 2244 
3857 1376 
2367 778 
1736 4480 
4265 2830 
4918 4830 
4345 3250 
1361 3060 
2020 1395 
4732 255 
1611 1178 
2907 252 
2785 506 
4981 3834 
4995 2319 
4560 3663 
3636 4415 
743 3700 
4082 113 
1260 3064 
2916 2455 
4824 1261 
4673 852 
416 4596 
4321 2787 
3330 4621 
217 768 
755 1606 
3825 4615 
1577 3546 
50 2911 
3658 12 
2283 2359 
2764 4842 
1525 1485 
3823 1912 
1071 2145 
3603 2531 
3254 2427 
2412 2452 
971 1342 
318 2955 
1793 2010 
1024 1419 
1864 2563 
2181 1336 
1455 3277 
4916 2950 
3978 204 
1538 3246 
4385 2013 
3580 3340 
2485 2062 
2361 681 
935 4945 
2994 959 
496 786 
1071 4553 
2488 3376 
2081 3767 
1630 718 
343 2294 
40 589 
3153 256 
4425 3881 
3086 3615 
3573 1882 
3621 2051 
707 435 
128 4422 
3719 408 
1827 594 
3134 2510 
2926 4219 
2955 302 
471 3416 
2191 38 
4346 3374 
2256 1283 
1857 4597 
1596 3626 
1964 3183 
2077 429 
3539 4822 
765 3051 
3721 500 
2410 3607 
1770 1302 
2188 1354 
4492 640 
3748 3999 
4357 1966 
3368 1326 
3053 1055 
2342 3956 
4405 4501 
3243 4411 
2716 2685 
4339 4887 
2218 4336 
2505 3540 
137 257 
3737 766 
4628 727 
60 881 
4837 734 
1411 4160 
1290 3475 
2368 2291 
4919 4304 
4243 4358 
654 3288 
4948 1542 
2158 1482 
723 1185 
2431 2196 
2117 2274 
2555 2419 
3394 3542 
1589 3658 
1553 338 
4099 4658 
3112 1839 
3810 3468 
2878 2629 
1975 4309 
4416 2082 
4448 790 
688 4460 
4993 1365 
1072 4815 
3314 4325 
2636 3768 
1695 3815 
2586 2852 
2286 873 
925 1403 
4363 825 
192 3729 
2204 3789 
3147 4112 
1426 2640 
127 4985 
814 3485 
1844 3240 
648 2972 
1352 2275 
546 3403 
3171 2350 
1252 3263 
661 3080 
4578 4105 
4779 182 
4269 1786 
937 2565 
1664 3273 
2162 4499 
2815 4996 
1411 2604 
2167 2241 
3002 1453 
3072 1026 
79 4870 
1819 4204 
2333 3387 
4808 4666 
3674 4169 
4762 1482 
4031 996 
209 1016 
569 1849 
4521 575 
3865 3123 
4742 3717 
20 4512 
4694 2432 
430 2376 
730 4514 
4669 4314 
785 4429 
1668 120 
2980 560 
1643 540 
2394 1133 
4051 3850 
1416 3746 
3539 4378 
4792 3193 
3735 2389 
3892 2203 
829 3176 
2561 3004 
1606 378 
2091 1581 
4783 3732 
2867 3970 
4023 1390 
4460 3348 
3613 720 
1822 3426 
2475 2236 
4825 3461 
3972 1050 
2283 4710 
4647 1145 
431 711 
1224 2289 
1110 2754 
1465 2790 
4862 421 
3951 3414 
263 325 
3290 614 
4646 313 
2461 2941 
3431 1278 
1867 3649 
873 2723 
3222 4877 
1193 1972 
4308 3826 
104 4890 
4589 3811 
1722 230 
906 541 
1614 4302 
1759 3785 
3962 4773 
302 1060 
4406 3397 
4444 684 
3673 1378 
3184 309 
2880 3303 
1193 4831 
1818 2221 
2437 4198 
1649 2452 
228 1514 
1475 1148 
4576 3087 
3873 2428 
2578 1433 
2263 608 
1241 1403 
1574 3028 
525 2872 
3895 2483 
1924 3671 
844 2021 
3383 3651 
2870 353 
2737 4592 
191 541 
3918 4717 
2397 4123 
1628 1580 
4711 2501 
414 3852 
315 1200 
4056 4975 
1667 664 
3153 1890 
1024 1935 
2129 4703 
4711 797 
1895 803 
181 1396 
2066 3376 
1589 3633 
2240 1790 
4675 4264 
4981 4259 
4073 2593 
250 2481 
2531 2320 
3445 796 
3905 3475 
2792 3825 
3552 2177 
2886 562 
3303 1455 
1390 444 
4300 2611 
3059 719 
4304 4300 
4086 4064 
4614 2822 
4348 613 
2240 4859 
3809 3796 
3800 3589 
3288 3615 
2412 4754 
3153 3201 
1799 2052 
4572 4406 
2287 3645 
1761 2890 
4659 3133 
3221 1517 
3546 3994 
2904 1249 
3570 4482 
943 4367 
582 1119 
1415 4855 
4313 3280 
423 3933 
3181 4233 
4840 2204 
2324 2137 
4275 1712 
1875 4244 
3899 351 
3497 2467 
4916 4900 
4219 1283 
86 1612 
1549 2690 
3107 2817 
3972 3503 
436 2846 
4038 2649 
3361 306 
2062 3777 
4219 1118 
3171 1136 
3050 2143 
3765 1855 
263 906 
593 4910 
3828 1782 
3156 4956 
2981 1379 
2823 4659 
3714 4845 
3470 1496 
4238 2665 
2513 2223 
2822 295 
4557 2984 
47 2520 
4913 4606 
4215 4115 
1086 916 
1004 2121 
1757 2485 
2244 4348 
4270 2222 
3706 4864 
3219 426 
3040 1697 
1817 4196 
1775 1472 
3009 4161 
867 4621 
3311 2439 
3316 530 
1807 2012 
2862 3078 
1040 418 
607 743 
1811 4728 
4178 1462 
3726 4612 
4921 1247 
1739 3731 
1128 2956 
2829 988 
2055 859 
1102 2310 
4501 3797 
3607 1771 
1397 276 
2455 3334 
3126 1668 
1993 2272 
4352 1133 
2188 3401 
3276 2558 
2753 4759 
2300 3101 
4337 1006 
4108 3896 
4340 3050 
4390 3144 
3215 1185 
3869 1602 
635 40 
4433 4661 
4290 2737 
3070 4241 
417 672 
3362 958 
2441 4568 
264 4944 
4230 392 
4211 3650 
4032 4926 
2194 4708 
485 973 
1757 538 
1058 3253 
4308 2429 
2452 36 
4354 289 
1206 1579 
3825 3256 
3081 551 
217 3522 
227 929 
4455 2369 
1194 84 
2957 884 
148 4612 
1815 1221 
2743 3273 
3966 3484 
101 3453 
3639 4306 
4612 4150 
1850 1114 
1447 927 
2491 3357 
548 3908 
1826 98 
2513 4445 
2209 4823 
3707 759 
1355 1072 
775 3513 
2485 4838 
2175 3122 
171 4185 
1610 4337 
1880 4597 
67 2177 
3195 34 
3655 4368 
461 1085 
3966 581 
2636 3307 
2922 287 
2874 787 
745 803 
4506 3151 
3970 2313 
766 3499 
1908 3629 
3395 2385 
736 1257 
3637 1038 
617 2274 
2871 2996 
101 3762 
3712 2170 
3113 970 
4620 415 
64 2362 
301 2568 
3179 3362 
2843 1283 
2225 2174 
4331 2083 
452 1908 
3195 3494 
2391 3748 
357 534 
851 1080 
1080 4753 
1434 4548 
2636 3008 
3596 3078 
4345 1222 
4466 1409 
3878 1575 
3720 1671 
3060 53 
1493 4617 
204 685 
4564 4463 
3074 2305 
433 4438 
3267 3880 
1928 3673 
3320 4640 
3559 688 
4654 821 
4787 3416 
2936 1960 
2797 833 
1050 3336 
714 3741 
4206 4015 
3317 1574 
144 3348 
1961 1469 
3489 2723 
3573 3782 
2272 1682 
4409 3280 
1900 1613 
4417 137 
3678 3838 
1321 941 
4842 1702 
4751 1278 
2529 2347 
3712 1426 
4004 1561 
3002 4005 
1107 2560 
1200 2716 
2376 2026 
1325 2741 
2065 1019 
3862 2795 
4155 4433 
1533 779 
3172 1605 
169 1728 
3736 3083 
3534 2874 
4812 2331 
3183 3452 
3941 1644 
105 4297 
2193 857 
914 3785 
4457 3192 
3765 1925 
2213 4727 
4632 3896 
2447 348 
1988 2011 
2783 2790 
584 121 
2726 4038 
691 1453 
1931 523 
2091 539 
1270 43 
3825 480 
4696 1256 
4163 3530 
554 39 
4887 324 
3801 1958 
1638 1978 
4121 2084 
3447 458 
262 187 
1811 1659 
2429 3913 
197 14 
4169 4981 
41 4461 
1616 2058 
4315 2626 
4986 762 
1355 2727 
4776 4260 
1664 4158 
785 165 
2395 2787 
4086 3186 
1951 4242 
1748 2438 
4527 2767 
2456 4720 
52 1517 
4533 4958 
4779 549 
3409 3756 
3592 258 
1842 4290 
2408 4177 
48 588 
168 883 
1499 3486 
1809 227 
3960 3452 
3740 4561 
3005 1890 
3895 1841 
3696 4290 
2664 3392 
732 472 
4353 4024 
4821 4934 
640 746 
1397 4952 
2944 185 
1075 4812 
2341 3204 
1774 3695 
4119 1651 
198 3064 
1775 870 
1100 3200 
1248 2669 
3108 3007 
1971 4299 
538 3777 
2461 2279 
184 3497 
964 4230 
853 3520 
4058 1658 
3205 4261 
1824 2623 
4024 3360 
3911 4507 
350 4954 
1711 1882 
1367 2194 
1752 747 
4635 2875 
1046 4793 
3949 4969 
1292 4415 
2619 3178 
1736 1727 
237 2106 
3034 3915 
4737 3633 
501 3218 
3308 4380 
3549 4102 
2858 1481 
2875 768 
2158 1883 
3490 2699 
439 2079 
3164 2558 
1914 4300 
4807 1941 
2641 53 
389 1012 
3436 2365 
3319 2583 
1183 1522 
1871 1730 
400 738 
4753 1925 
835 2137 
2206 2566 
2896 4889 
270 1472 
4036 3302 
1895 4921 
3899 217 
2664 3069 
4717 4217 
4679 3056 
2640 1979 
3418 3691 
3647 4029 
1552 592 
2490 801 
545 4213 
2349 815 
226 3709 
3041 174 
3603 1747 
2976 4674 
169 37 
4697 1691 
2077 4038 
3778 557 
171 3742 
2734 612 
4801 647 
1688 3799 
4070 821 
36 3435 
600 2843 
924 1085 
2349 4534 
4336 3909 
3005 3201 
2562 4448 
513 659 
2205 4997 
2713 64 
1036 1926 
21 3077 
12 1067 
4512 3064 
4778 256 
3797 3041 
4885 711 
4344 2923 
1834 1597 
2683 661 
1375 2846 
2777 2104 
107 614 
4875 3347 
1374 3347 
1179 4875 
1374 2246 
1179 4330 
2246 3554 
468 4330 
3554 1124 
468 2002 
368 1124 
2002 3889 
368 1319 
1349 3889 
1319 3158 
1349 4827 
2407 3158 
4827 311 
2407 2296 
311 3365 
2296 2930 
2542 3365 
4907 2930 
319 2542 
4907 939 
319 2827 
939 72 
609 2827 
4974 72 
3926 609 
4974 3094 
3926 533 
3094 4586 
533 2655 
2006 4586 
4395 2655 
2006 4712 
4316 4395 
2694 4712 
2533 4316 
2694 3505 
4707 2533 
2701 3505 
279 4707 
1023 2701 
279 2316 
1700 1023 
2316 236 
3587 1700 
236 2224 
3938 3587 
820 2224 
1066 3938 
3493 820 
2979 1066 
3493 1464 
1625 2979 
1681 1464 
2530 1625 
3635 1681 
2530 4490 
4065 3635 
4490 32 
4065 3476 
4307 32 
3349 3476 
4307 4532 
1062 3349 
4532 4781 
1062 2920 
4781 2946 
425 2920 
4894 2946 
425 90 
4894 950 
90 4681 
950 176 
4681 2182 
176 317 
2182 2877 
317 1489 
1780 2877 
3868 1489 
1780 3478 
3868 2152 
834 3478 
2152 1398 
1106 834 
1398 2986 
1106 3953 
2986 676 
4765 3953 
2651 676 
4765 2534 
4494 2651 
2534 495 
4202 4494 
495 304 
4202 379 
304 3168 
119 379 
3168 1716 
3638 119 
1716 4149 
3638 1095 
4149 4602 
3507 1095 
2504 4602 
3507 3914 
240 2504 
731 3914 
3847 240 
731 938 
3847 1116 
4903 938 
1116 3047 
4903 1483 
3047 2554 
656 1483 
722 2554 
656 4575 
722 2357 
299 4575 
2357 535 
2789 299 
535 4488 
2789 402 
2948 4488 
567 402 
2276 2948 
567 1177 
2276 658 
2730 1177 
658 1479 
1528 2730 
1479 847 
1528 4333 
2615 847 
3851 4333 
2615 2277 
322 3851 
2758 2277 
2825 322 
2758 610 
2825 31 
610 2622 
31 1446 
1704 2622 
1446 4471 
1704 108 
4471 156 
3681 108 
3039 156 
199 3681 
3039 2161 
4893 199 
4060 2161 
4893 4648 
4060 868 
4648 1657 
868 1663 
3298 1657 
4341 1663 
4814 3298 
1808 4341 
4814 2147 
2997 1808 
1554 2147 
2997 4159 
1501 1554 
4955 4159 
1501 1953 
4955 3572 
1953 2517 
1920 3572 
4670 2517 
1920 849 
4670 1753 
849 2802 
143 1753 
2802 2479 
143 4454 
2479 2259 
1544 4454 
2126 2259 
989 1544 
981 2126 
2114 989 
981 2657 
2114 2910 
2657 2609 
1967 2910 
3957 2609 
1967 590 
1187 3957 
4692 590 
1187 940 
4692 4141 
940 4338 
3885 4141 
4338 1582 
405 3885 
1082 1582 
3430 405 
1082 2298 
3430 4680 
4189 2298 
3601 4680 
2643 4189 
4579 3601 
87 2643 
4579 371 
1383 87 
371 713 
1214 1383 
2833 713 
1214 3512 
3177 2833 
3512 4487 
3177 1069 
3685 4487 
1069 4704 
1802 3685 
4704 3198 
1802 4234 
1265 3198 
4234 3993 
1265 1887 
3993 2163 
3606 1887 
2163 4567 
3606 243 
4567 1754 
243 1888 
1754 56 
3753 1888 
56 4498 
3753 2250 
4498 3020 
2250 3285 
3020 4961 
3285 3579 
2115 4961 
207 3579 
275 2115 
207 133 
275 3385 
133 4146 
2124 3385 
3373 4146 
2297 2124 
3373 1381 
1112 2297 
3458 1381 
1122 1112 
3458 4384 
1122 1635 
3244 4384 
1297 1635 
1721 3244 
1037 1297 
1721 3562 
1756 1037 
3562 4549 
2906 1756 
4549 601 
4881 2906 
2050 601 
4881 2343 
2050 4962 
1863 2343 
4915 4962 
1863 1713 
4915 3128 
3773 1713 
1478 3128 
3773 2961 
1015 1478 
2961 3708 
1513 1015 
3708 2228 
1513 3608 
2228 3433 
1389 3608 
4151 3433 
1389 1994 
4389 4151 
1994 2178 
486 4389 
2178 4246 
486 753 
566 4246 
753 362 
631 566 
362 4849 
2383 631 
4849 876 
2273 2383 
2888 876 
2273 1279 
4170 2888 
1279 2149 
1556 4170 
419 2149 
1556 4733 
1041 419 
2861 4733 
1041 1866 
2861 1784 
1866 4730 
1784 2127 
4730 286 
2127 694 
286 1689 
1138 694 
3974 1689 
4912 1138 
4053 3974 
3670 4912 
4053 2856 
4190 3670 
2856 536 
4190 878 
1526 536 
878 563 
1526 1171 
2639 563 
1171 4584 
4716 2639 
88 4584 
955 4716 
88 2321 
955 3628 
619 2321 
3628 4491 
619 3996 
4491 1013 
3996 1335 
2458 1013 
3861 1335 
1310 2458 
3861 1002 
3657 1310 
3620 1002 
3157 3657 
3620 2234 
1362 3157 
856 2234 
1362 4551 
856 2260 
4551 3808 
2260 2449 
3808 3964 
4898 2449 
4495 3964 
4924 4898 
57 4495 
4924 438 
2526 57 
438 3538 
892 2526 
1150 3538 
892 1540 
1150 630 
4369 1540 
4296 630 
4369 1097 
4296 4166 
4402 1097 
1003 4166 
109 4402 
1003 1684 
4942 109 
3504 1684 
1968 4942 
4054 3504 
1968 2500 
1372 4054 
2500 1220 
3146 1372 
3992 1220 
3146 4990 
3992 1408 
4990 19 
3358 1408 
19 3940 
3358 3248 
3845 3940 
1942 3248 
3845 1282 
1942 469 
1282 4677 
469 63 
4677 1680 
63 1751 
4383 1680 
1751 4359 
4227 4383 
4359 4458 
4227 2043 
4458 4131 
2043 4735 
4131 898 
2102 4735 
898 3982 
2102 1840 
3982 2057 
3694 1840 
2770 2057 
3694 2943 
2770 3441 
2943 4813 
568 3441 
3791 4813 
4231 568 
816 3791 
3010 4231 
4777 816 
341 3010 
4777 2453 
791 341 
4871 2453 
791 4650 
4074 4871 
11 4650 
4074 1337 
2720 11 
1337 4559 
4465 2720 
4559 520 
4465 2780 
520 177 
2780 358 
177 3318 
358 1503 
3318 1729 
1503 1371 
1729 624 
376 1371 
624 4656 
3116 376 
2672 4656 
4481 3116 
4066 2672 
4481 4436 
2750 4066 
4436 3508 
2750 2498 
1939 3508 
2498 1330 
9 1939 
1330 2671 
9 4715 
2671 4451 
4715 247 
2528 4451 
2229 247 
2528 1000 
329 2229 
1000 780 
329 4083 
780 4277 
4083 3162 
4277 3262 
2036 3162 
3262 3660 
2036 2977 
3660 2502 
2687 2977 
2502 477 
2687 2208 
2603 477 
1813 2208 
2603 1087 
1813 2334 
1087 314 
2334 1693 
314 3208 
850 1693 
3208 4513 
561 850 
4513 3923 
561 1139 
3923 4467 
1139 4289 
4467 2905 
4289 2063 
3806 2905 
749 2063 
3806 4508 
1001 749 
2336 4508 
603 1001 
2336 4229 
1175 603 
744 4229 
4743 1175 
744 1304 
4743 3642 
321 1304 
3642 4328 
819 321 
4328 2697 
1598 819 
886 2697 
2325 1598 
1998 886 
4326 2325 
2315 1998 
4326 2809 
697 2315 
4816 2809 
4970 697 
4816 3668 
4090 4970 
3668 115 
3611 4090 
115 3610 
3611 1022 
3610 4223 
1022 2721 
669 4223 
3442 2721 
669 4505 
3442 3563 
4505 3833 
3563 2487 
2571 3833 
2487 2765 
2571 1608 
2765 2654 
1608 1181 
2654 136 
1181 4939 
136 3526 
1316 4939 
3526 77 
3068 1316 
77 652 
2570 3068 
2172 652 
2570 4140 
1253 2172 
4140 2032 
2232 1253 
2032 3001 
3371 2232 
2598 3001 
3371 1578 
3049 2598 
235 1578 
3423 3049 
235 701 
3935 3423 
1726 701 
3935 4520 
3594 1726 
2847 4520 
1963 3594 
2847 1787 
1963 1314 
1497 1787 
1314 4195 
1497 673 
4195 4286 
2372 673 
1735 4286 
2372 1874 
442 1735 
1874 1033 
442 3560 
4404 1033 
3560 1865 
4404 2845 
478 1865 
2845 900 
972 478 
900 4978 
2575 972 
2270 4978 
3604 2575 
2270 2292 
4 3604 
1146 2292 
2506 4 
1146 4291 
2506 3759 
4291 2755 
1709 3759 
1801 2755 
1709 1457 
1801 215 
216 1457 
215 453 
1666 216 
453 1491 
1666 4562 
1491 2198 
823 4562 
1474 2198 
2860 823 
804 1474 
2860 4266 
4927 804 
4266 3600 
1467 4927 
3600 511 
1051 1467 
4356 511 
1051 2248 
4356 440 
2001 2248 
440 3237 
832 2001 
3237 441 
4013 832 
274 441 
3306 4013 
274 4626 
3927 3306 
1848 4626 
547 3927 
1848 231 
3251 547 
3036 231 
4040 3251 
3036 3297 
4040 4745 
3297 3917 
2071 4745 
4278 3917 
3524 2071 
4278 948 
3524 1859 
948 822 
1859 224 
822 528 
224 4763 
528 3061 
4763 3510 
46 3061 
3747 3510 
46 809 
3747 267 
1792 809 
267 4486 
1792 2696 
4486 2738 
2696 2931 
2414 2738 
284 2931 
2414 3487 
284 4750 
3487 2801 
4750 1027 
983 2801 
1518 1027 
983 3500 
2199 1518 
3500 1545 
2199 913 
2647 1545 
913 770 
931 2647 
18 770 
805 931 
18 4145 
805 1509 
2968 4145 
3931 1509 
2968 4052 
3931 2990 
4052 1607 
2990 347 
1607 2900 
347 2018 
2900 4240 
4764 2018 
963 4240 
2541 4764 
963 1269 
2541 1191 
1269 1987 
412 1191 
1987 965 
4771 412 
965 3079 
4771 793 
3079 2507 
793 1785 
2507 3551 
1785 3443 
4252 3551 
3443 3482 
69 4252 
3482 2344 
1534 69 
2344 625 
3062 1534 
1655 625 
3062 225 
2238 1655 
225 83 
4176 2238 
83 1358 
1999 4176 
4462 1358 
3165 1999 
4462 838 
3165 3161 
978 838 
3161 3160 
866 978 
3160 3121 
491 866 
2569 3121 
1889 491 
2569 4469 
1137 1889 
4469 2278 
1137 1134 
2278 1318 
372 1134 
4011 1318 
1524 372 
1532 4011 
1816 1524 
1763 1532 
2101 1816 
1763 4897 
2101 183 
2123 4897 
183 1227 
2123 1 
1227 4609 
1 2885 
3907 4609 
4938 2885 
3907 2742 
4938 467 
2742 1131 
467 3175 
459 1131 
3175 516 
459 3723 
516 2189 
3723 564 
2189 1986 
564 145 
1986 3393 
145 4633 
2 3393 
4633 2567 
2 4069 
2567 3044 
3932 4069 
3044 4386 
3932 2290 
4386 2047 
2290 146 
2047 1170 
146 3576 
16 1170 
3576 4006 
16 2088 
4006 2674 
2088 253 
2674 4019 
253 2416 
4019 380 
2552 2416 
380 3220 
4165 2552 
3220 1088 
4017 4165 
2322 1088 
4017 4804 
2322 4901 
246 4804 
1228 4901 
246 3916 
1053 1228 
3916 1225 
1053 2893 
1225 4933 
2893 2097 
4933 1334 
2097 334 
1334 4430 
1949 334 
4430 2587 
3894 1949 
3214 2587 
3894 4846 
3214 1439 
4652 4846 
4535 1439 
2705 4652 
4535 3238 
3973 2705 
3238 3099 
4111 3973 
3099 4294 
4598 4111 
4294 1779 
4598 1401 
4295 1779 
2689 1401 
3103 4295 
4644 2689 
126 3103 
4644 4959 
4203 126 
4446 4959 
1699 4203 
4446 3968 
1699 1862 
3968 1034 
1862 1745 
1034 4197 
1745 134 
4197 4973 
134 2388 
4973 1676 
1031 2388 
1676 2426 
1804 1031 
2426 2620 
1804 2098 
3054 2620 
2828 2098 
3054 354 
2828 1402 
4285 354 
1402 1639 
4285 3541 
1639 2616 
3541 1366 
4879 2616 
1366 763 
4879 2061 
763 3398 
2061 3185 
3398 1573 
3185 869 
4556 1573 
3901 869 
4556 3048 
3901 3766 
3048 2025 
3766 4940 
2844 2025 
1359 4940 
1672 2844 
1468 1359 
655 1672 
882 1468 
3544 655 
1081 882 
447 3544 
1081 2003 
503 447 
2003 2585 
1404 503 
1045 2585 
1404 4780 
1045 1063 
4780 4967 
705 1063 
587 4967 
705 4043 
3444 587 
4043 4591 
1551 3444 
3856 4591 
1551 1749 
4372 3856 
1749 3190 
1030 4372 
3190 4905 
2917 1030 
4905 2908 
3197 2917 
2908 1665 
3328 3197 
1665 1918 
3328 2245 
1918 4134 
1373 2245 
4134 4836 
1373 2522 
4984 4836 
3058 2522 
4984 4796 
3667 3058 
4796 3481 
3667 2718 
3676 3481 
2938 2718 
3676 2251 
1350 2938 
2251 3556 
4194 1350 
3449 3556 
3716 4194 
3449 2384 
190 3716 
3479 2384 
190 2268 
3479 4755 
2268 4757 
980 4755 
4757 2200 
980 690 
2200 1385 
4610 690 
1173 1385 
4610 173 
1173 1288 
173 3984 
3483 1288 
3984 3795 
956 3483 
3795 1377 
956 2511 
1377 1923 
3140 2511 
3550 1923 
3140 249 
518 3550 
1047 249 
518 1281 
1047 1262 
1281 2373 
911 1262 
2940 2373 
911 259 
2940 2064 
4041 259 
3591 2064 
3665 4041 
553 3591 
3665 1233 
553 2703 
1233 3776 
1948 2703 
3776 1313 
1948 1121 
1313 4664 
1121 4284 
4664 147 
4284 4525 
147 4110 
4525 2918 
2895 4110 
3492 2918 
2895 489 
2991 3492 
3096 489 
2991 457 
3096 195 
3145 457 
2577 195 
3145 578 
2577 1854 
578 1410 
3335 1854 
2148 1410 
4232 3335 
2148 4075 
2973 4232 
4075 919 
2973 2417 
4048 919 
2417 2709 
4857 4048 
2709 1845 
141 4857 
806 1845 
141 3805 
4504 806 
3805 399 
24 4504 
399 3751 
1078 24 
3751 4665 
1078 3088 
4440 4665 
3088 1307 
2171 4440 
1301 1307 
2171 1572 
1301 3400 
4833 1572 
3400 1011 
2463 4833 
401 1011 
4388 2463 
2309 401 
2309 4999 
4388 4999 
53590 56973 37803 6325 42578 33145 81315 85573 42700 88351 65324 46018 31894 14121 74878 22402 8056 29047 26129 30923 70570 54417 84391 16154 16043 98819 44962 33126 49248 77829 24935 79648 79271 90400 36344 75777 39681 70328 58306 51031 59064 48845 23772 39498 61208 21057 4203 25506 22931 3237 88477 15461 32227 79408 96080 92872 88562 55199 83847 60875 33417 44533 43064 18998 99550 47647 91717 78737 25298 82955 57525 6325 83156 24666 68853 98545 95880 96273 11104 17272 78770 49860 51647 92216 60383 88658 67726 59492 18797 42131 28072 97679 89733 46557 94121 89387 65898 40580 52593 20411 56467 4755 78175 18910 31573 51163 57306 87905 95346 94182 664 4223 81506 1146 48263 12123 73262 14169 28179 15327 48910 54795 52245 85605 47384 64619 67905 57508 57280 56560 87235 34566 34740 45028 19773 43650 95036 22981 16830 64204 31365 48269 36385 72514 31490 99218 47408 63955 71083 65680 57028 48013 45379 65140 833 89498 62696 41720 64536 3619 32609 25190 54919 77195 93306 5636 83774 25311 19823 50971 27234 34912 68440 86374 11234 86748 85443 57715 84383 36171 31935 16392 26575 82137 32407 18306 67557 47163 46071 15571 89832 94461 49783 20482 77388 11863 73097 67688 72213 27253 2232 51591 48988 43799 39754 70593 25098 13769 1474 4185 21528 36449 42240 10955 52091 83153 37386 41023 53840 27258 24394 52614 99227 92973 38681 70138 80056 85573 78653 64042 19016 9626 12697 29707 64253 82117 53549 29058 77012 9046 60157 5845 86323 8099 30175 83753 34719 99753 61615 30188 38126 56107 41778 72747 34978 78913 92114 68405 15557 57347 56383 92669 97228 9242 3302 22692 38476 91431 88634 93073 41008 99465 70572 93497 25298 98743 63709 27405 76026 7226 45489 7082 73662 92701 33503 86788 12768 61955 10106 86031 84826 73433 24074 52638 96982 84997 76972 37664 36440 61696 53374 22030 13589 41716 8115 40752 57538 8565 21911 65035 33351 23286 91629 57750 2283 85055 70581 75021 9140 82473 13604 3041 34662 12907 92261 50144 73399 89010 5878 7007 88114 26432 2322 92440 98840 25660 87888 78924 90589 42311 33644 58396 29461 24223 78932 32465 63515 36783 68277 38846 42256 31217 67515 93609 36380 10087 68857 19164 17036 54231 1761 57406 56433 83522 65055 58039 57937 44622 71426 35377 76198 65840 37919 67715 35684 60839 83246 57485 62612 37418 38098 61333 49598 41248 41181 79772 96923 617 86041 43913 83654 27777 61916 8533 30649 77687 72416 99460 49654 91324 2180 15077 85569 59524 31062 35946 68864 9334 94723 12557 5582 75677 38649 63640 58169 44814 72622 89727 11512 69692 71689 1521 50100 54143 38070 70926 7945 1942 3544 8660 87719 5332 3283 6138 29520 5089 17993 60528 45799 18002 83569 93466 68814 91757 66684 44167 4204 70628 11273 31543 8283 53024 97930 11318 38054 83494 90348 77743 8739 92499 24767 6296 25679 31462 24041 9358 53151 1453 62279 47242 42035 77881 83717 29361 12237 57834 37535 31018 77428 23032 99689 92205 60745 99617 97238 89039 73166 25457 17612 51244 83849 66120 78328 59948 39579 69624 24249 31771 24173 93615 49789 34615 2103 66280 50505 52564 93355 3060 48679 37131 54534 74269 87874 8184 32592 31068 98405 56426 55965 70726 60749 13353 68901 46390 54785 8487 7136 97015 10690 15197 33671 2067 44377 60611 78492 44175 83531 55771 74684 56425 56395 31940 89668 62272 83458 60153 81011 81267 94769 64291 64510 81518 85236 42849 59497 38026 970 66099 13661 35990 1743 43688 22503 96723 12725 24659 40730 12466 30520 61165 9867 51487 15290 3795 92526 70419 54681 49546 75549 9033 35928 23048 83956 86983 64875 12789 11475 39785 20324 41485 88939 46608 36075 73617 22836 40770 92467 4230 35951 46705 56561 54424 9290 17785 60398 26218 62623 15151 65361 40285 48809 78967 49801 6362 15368 98731 98924 5905 58304 84385 40243 44522 37622 28583 98901 63161 7232 686 50649 74699 21814 76375 42883 29062 39599 8401 89705 70221 92561 51745 86047 32992 56847 73827 4715 28846 50919 23387 82457 42026 27420 41035 74227 55807 55739 18200 66169 77444 53946 6560 26588 64971 20037 36658 45415 97821 76836 25193 99010 12770 67989 26991 46833 15529 13535 72983 96385 63536 76002 96723 31200 32660 44251 53379 36203 78228 27714 27616 499 42155 55037 26334 84114 66938 26154 31217 21175 33646 59890 42148 9019 84247 59574 80312 16202 3638 47621 13371 79234 75869 39726 91521 19695 881 38056 78203 25808 25624 3541 87288 79416 42767 28793 45944 65793 90221 24395 53653 93269 32032 43997 52834 53613 9335 82086 79643 19205 65654 5998 74376 95179 84528 83452 57785 61926 17350 21656 8372 38530 63490 61677 15025 40949 74455 12312 29285 14332 64520 47563 14410 38325 29739 69490 51187 78686 90559 33498 25184 69657 17591 69427 90475 88393 88186 66974 30744 82547 14027 28409 24932 57202 4440 6268 97962 5218 35906 61113 41930 45253 68365 16907 85404 61975 17894 17593 98924 69414 75467 15190 84564 10172 30544 69042 41371 49839 15855 61161 4243 59785 8616 16968 93554 59293 69599 17169 52855 39833 86691 57454 99006 52069 97019 51408 36817 87618 38965 23148 43985 3053 75928 59382 52792 82192 31504 66866 80067 58681 40172 51605 54881 87437 79332 26691 26480 12346 52340 62047 40182 44493 51087 99141 76849 65766 97087 13226 53562 89293 17140 98830 58189 95199 73905 7358 83173 76475 63906 7797 17726 76406 5694 55835 40870 50072 39135 41230 10297 36961 80362 36889 48611 59137 82405 86612 46554 47270 4100 35321 9202 30812 28199 17126 32794 57409 50235 64703 3536 55634 56391 29014 42370 49542 18184 74368 19835 93245 10141 88160 56039 49456 76200 45042 24599 72898 43262 62704 16538 5203 15582 14989 34515 90622 11068 14257 33114 99489 82521 80163 54980 21461 33761 11344 60229 12722 75889 50864 27691 86323 37973 16184 12586 58874 92104 62027 16399 22537 14495 31961 24395 84247 31321 17434 27335 35411 10920 32696 60099 18485 45163 27909 48124 24302 1801 72194 88829 35848 22949 23867 70162 14925 79376 8317 49677 1608 98562 78282 91066 4847 82305 38517 14475 87781 28543 79603 8474 73595 65763 81043 62275 73172 27992 83429 61349 99303 5238 46303 94824 50360 77128 93836 27361 503 38652 41337 88726 59830 80966 9393 26497 89394 62522 23235 59186 59224 33185 86613 29194 30620 64687 63816 93693 49137 78722 30847 38245 65142 88746 59912 36615 16813 39454 34449 95110 79977 76501 71737 31532 56651 45715 98396 22862 41388 62451 49401 15733 83471 78246 78439 41905 98258 51798 17106 9934 90435 78462 18138 36534 69582 43270 9860 40704 23348 43423 65971 83216 23772 53555 89150 3734 40070 37813 30034 22878 47959 78879 5627 98728 84970 40459 42110 43721 75372 75540 45699 68814 26197 47911 74352 55036 45676 11386 97810 89979 34399 58103 26233 44857 41675 59267 15918 52861 86752 40679 70424 93568 60457 4715 2352 92563 60052 98446 37919 66527 91969 46835 41042 48422 69683 76150 18718 13664 79411 2136 51966 21321 17309 3014 53364 94949 64051 79030 537 81889 11194 14787 17006 59746 21766 49169 75876 19067 77084 22709 15423 46546 68622 7939 55889 23124 59454 9048 20733 16907 12739 90704 49271 21846 50301 48262 86682 11779 37806 3282 18943 80326 53799 28796 87811 33829 23715 10097 48826 31048 8264 21400 15616 73627 82833 31978 13246 44498 86190 52169 44208 9164 9806 47312 91058 98140 39937 42222 90818 26865 58839 71091 51708 17056 82010 6057 30360 87567 60905 66834 27203 26850 61732 10963 71930 59853 27229 64098 85911 99516 30835 19691 65687 96750 62158 55604 62917 33340 14251 78977 39968 39154 63851 66712 75552 39985 43615 83918 11870 29047 36553 71121 48271 21561 86194 17754 99047 90081 29003 26617 65126 94634 67192 33810 74424 54691 30753 67912 37807 20204 8076 22348 17334 14695 23095 6807 73822 71765 44464 64258 24562 46255 13414 10377 93334 76479 22792 17355 37443 48385 52846 44354 82305 52945 89910 49575 85441 93339 19133 15923 54471 57001 38912 44543 5368 43237 72983 64776 56766 82523 49335 19300 23687 57621 70079 49278 50745 89240 86577 51076 79113 18399 50908 37452 92799 6308 56462 36429 99699 51081 86373 49964 62176 73074 59394 93535 64568 56851 84948 12482 47637 82360 65974 76670 46004 15884 40974 63558 79087 1591 15288 90197 16274 9844 19634 64731 40286 57013 62485 51250 39966 18489 35967 61171 77676 46424 75305 66244 92730 86538 60749 69128 45259 52123 97815 3454 92765 10670 69023 35776 40604 88292 13440 53285 19620 51813 68745 21410 16918 66672 36417 4882 19234 25798 21125 96107 35578 7402 46480 54027 54432 9268 70185 17469 12645 78913 67347 47094 64943 65202 86356 3760 51046 74458 91168 30524 75193 60623 14918 35907 2808 31527 28077 9375 56730 3744 51016 33308 32498 53282 8975 43308 30189 15232 26421 3946 45271 93680 60480 15281 29545 37940 37754 95784 82113 35211 55276 10353 4504 40489 98080 61984 25547 76708 902 21586 66828 88520 87198 60276 14435 96657 72685 74189 11909 74806 40270 94242 24177 60 13026 6069 88089 81170 61783 64267 41493 78821 766 3482 31972 81912 93554 19262 38256 66427 80084 86435 86992 71698 44673 30602 6117 30656 60842 72638 49180 12739 61936 8894 59786 92499 20336 29498 25505 92601 69007 47909 32828 10585 96332 5840 80402 60092 16766 71226 11546 10787 95252 83247 46059 52308 71654 40615 78847 16575 19930 75665 68408 22251 50521 93237 63099 50561 42073 55244 76068 53292 40650 12942 21501 17809 50629 41777 66942 70893 94733 7654 64202 79655 55061 15413 59726 64083 40565 98005 97773 10122 31777 23110 13201 88089 44855 24520 20543 84407 22235 50646 71585 507 44736 46076 71814 27883 4148 82734 70187 67848 56910 49361 55045 25830 96858 62681 46707 7776 48764 93724 30184 36002 75414 89069 41410 11041 62777 64779 60516 54566 79006 63812 69402 40485 26033 292 62027 72024 479 18236 22952 17865 68598 59009 82494 55359 12601 92907 96299 27659 49839 83715 65083 21521 92659 6527 97436 73431 26796 80026 79206 68783 19319 5311 93084 73590 14333 73522 76592 1270 41983 10159 7049 93046 12938 3202 68519 78897 98529 36191 17846 73395 95255 39023 15517 56207 18813 21883 84229 82876 87238 10104 54344 59258 30339 71610 70807 40584 37121 77576 68826 41458 21190 88834 18442 47420 47888 95981 14651 59065 11964 82897 50403 79674 40648 70901 88541 28162 28138 98821 45387 53225 21321 65374 25906 41847 7196 88464 43079 50927 98919 47290 74011 20386 7628 82759 64027 65757 68219 1827 48720 68923 14990 35443 61746 14805 61591 64316 37665 84418 83613 99683 50341 50348 14994 55371 27378 94311 90967 68133 43330 98855 50119 79554 56341 61367 47409 10103 30572 91109 18878 61810 28782 29506 65700 57986 51250 14149 28124 97568 62594 83568 18931 37811 6273 39336 21606 33048 40227 88785 60911 32529 40729 34881 5900 15877 32472 83062 50582 3136 84652 19334 77778 47375 8644 82033 33830 30231 98611 79856 61180 45919 70739 10079 82484 98157 45967 14222 28460 24576 15414 63353 92360 53779 94152 41327 90400 57518 44595 91404 262 15950 55003 42208 44413 91370 66094 48873 50506 47265 90948 70210 14854 11432 90786 27935 33333 62846 42181 77228 29203 11375 85377 426 40541 38318 38712 57375 45073 24183 82879 11877 56390 59891 67825 49148 97125 5322 77571 70459 2644 45604 98086 96778 79647 90698 78364 29271 74031 15405 38537 68278 82766 53028 32970 35622 72907 14614 94777 59491 71963 50309 1576 4061 31952 23151 11032 90160 75116 46629 81374 46130 14763 95777 85919 94436 2560 9017 51252 87887 11750 69678 40550 95364 31283 35061 92616 34071 7194 38558 91133 44330 65907 40346 81795 91790 43303 33112 80773 16164 61710 43711 67576 8369 22894 12750 31802 14643 3981 75104 61458 67951 27347 36256 52297 31908 70444 86606 38218 10571 35049 90528 93405 5461 22562 86863 64003 3258 17553 90475 5300 22074 60142 99467 82865 14224 84415 11773 54808 48498 17433 39078 84800 53408 45865 39636 34966 40250 58354 48381 89244 70182 59026 56823 53148 23098 70062 42014 61222 58649 94633 50718 16615 67923 18053 96413 53192 71550 52932 36992 32824 97143 92127 30914 35255 69028 63414 22569 50872 98654 55225 19369 41983 94578 52986 41236 85646 49309 99168 92737 44265 24546 77791 63618 6518 9501 20835 55896 60749 56556 28562 14580 70392 39650 95293 2644 23781 21088 21239 38386 2872 16988 32677 93323 37598 92509 41978 97471 40053 5796 68627 8205 9754 84399 65988 48399 15779 85026 3260 16005 66594 55131 28205 52605 27087 59972 89259 37206 30707 39408 13196 51233 53737 37520 36298 33208 20464 1613 67307 34859 8924 83436 94613 64207 3943 12142 92394 14952 67664 54485 63677 69100 87386 10067 87239 6363 31251 91347 36333 59127 34123 47966 20221 97363 75734 67089 18307 51033 53600 35635 53168 4767 46160 52557 12986 16287 70702 33881 36010 71337 21591 78105 81254 51535 1729 89697 3162 95999 64490 56240 60040 64465 97638 77353 40623 1397 59784 50009 65027 10554 75348 42299 61712 49292 29601 2199 86390 41810 30855 94596 27385 97446 4185 9506 81087 16381 32335 17393 77735 54750 26955 40767 86954 32912 92550 36932 3398 7111 25914 10959 60514 2905 37923 59036 88759 85936 43575 48 80579 20022 54498 89440 54402 27685 99405 89920 42593 6875 52163 46719 31206 72442 83341 44401 51580 96792 30956 58633 2965 38805 13883 67213 48068 59328 49521 926 19015 94071 80834 85112 30894 34310 88445 10090 12651 52454 32745 28423 25699 86467 46370 89379 50370 71296 64276 12715 91416 30921 83396 47238 91069 21472 75662 45080 76583 10059 75819 3624 12236 14031 38804 41148 15170 45542 34273 99636 9335 35268 89081 75044 61263 64810 91052 43307 83021 170 44162 8328 16284 54740 75079 77120 85651 7287 2423 98044 21476 44681 64809 73076 7640 18894 85442 19128 81261 6767 24910 71463 17814 56016 52037 14508 57626 91001 99130 11375 84393 31060 82916 32209 61789 2477 69435 71165 60502 63415 84236 69494 79576 37978 26698 44339 5122 68565 61956 81785 8641 81830 80315 99229 79858 19892 15754 68652 34591 69727 28933 84137 6058 76604 44634 90570 19042 84724 86046 34420 41543 59083 92250 6722 88751 69818 74671 57029 78294 51124 83434 78944 23509 80822 13700 8021 50014 45378 95157 81607 60163 75771 12371 42531 43124 56421 85801 9660 41460 37203 87471 35581 48001 27648 47660 32944 36169 89837 53178 96779 83311 50478 57576 13669 6179 6093 85721 51387 89623 74400 74155 38988 28069 35701 12387 58083 45432 99368 80541 70928 77960 24467 35251 89279 75934 10573 66669 65953 21725 97840 1324 96680 44617 98783 22513 2661 55437 14555 20621 49043 78516 90746 22736 75811 52564 51556 23241 14012 67206 80201 83569 56382 86307 63620 67793 51752 96232 85282 79477 44161 62764 95224 4134 60474 3446 85685 94188 6680 48929 74485 81106 70418 9650 15915 54197 92445 91299 97623 48124 21289 14765 6792 61530 82195 59509 60706 40308 74903 64706 42286 65981 84474 2258 20005 8279 75332 357 62354 17375 370 97380 5427 94194 63898 73032 74566 63451 43136 66835 38269 63546 36430 40934 13778 78224 34591 94648 84275 94313 27120 58463 77609 54746 66807 61443 97406 43286 95818 63942 15563 48290 88440 29679 74351 93590 377 65039 13738 84158 32746 902 43807 68980 43773 90762 45532 54635 85987 4786 77963 5432 34556 65246 34805 89587 37741 69592 62740 87890 23659 14123 16247 84067 3974 2472 52623 47716 64598 92808 26079 72613 10905 48001 26491 89079 54394 91476 81002 79435 8642 2385 55711 72898 87415 86449 85181 34301 11778 20118 45219 72579 67298 95443 11085 66186 71490 64836 27550 37319 50074 198 28291 18426 83234 83438 58537 99540 47878 58841 27020 67735 29710 60042 25627 62027 8347 37227 29640 94761 69860 3541 74745 33373 57876 28316 5397 22735 44063 56886 31097 28906 1316 17352 20254 10520 86397 4993 40712 81714 80936 41429 93954 39117 55933 86112 77639 71494 55549 82369 91388 78035 73861 31300 7553 72763 98145 33800 58715 3613 16273 56214 37520 61910 89139 25793 7453 15671 79857 67283 24580 10502 17728 71185 79345 99618 10863 51517 4139 69720 31965 5158 78257 81893 33493 11091 72951 29425 43665 77049 14323 72314 69205 33761 64607 71862 77956 24167 4465 46229 28702 19579 5289 13597 2802 15769 1641 41907 63134 25615 87508 37503 1327 39276 93857 17032 65895 71785 70049 65542 88741 79229 30230 35974 48927 60503 79144 17202 47941 99914 49688 53078 53438 3323 32535 66579 74276 85477 82746 77100 75121 47682 97305 52893 13077 89850 79616 78678 49663 43447 16066 26952 44813 27322 82606 31000 72130 44729 87665 41992 50570 22688 40900 76888 22563 16901 3621 28951 5055 36132 78925 78953 49393 25832 44955 25257 39915 58465 24121 85779 78789 70592 30843 90046 43613 24777 34987 29683 14379 77657 80468 51277 79858 21905 25817 3082 41933 54209 70921 50327 19203 59410 3472 89511 72162 33370 9651 26498 56304 31170 58985 49723 7665 95143 71079 20299 42427 90682 83709 34569 44787 68611 29857 54195 61256 51296 63440 21150 72460 24389 74931 88027 86617 15247 68818 82447 30857 86490 48325 97357 9609 25055 32505 96630 76588 7339 90954 28846 49492 81062 55335 7799 68396 73871 62883 22786 32920 67287 86948 82803 30206 70051 98088 40351 81439 7916 27420 71014 46748 74326 55230 38635 27651 69941 36515 18390 50253 41078 72459 55148 92039 77415 70269 93052 81617 81215 27371 12030 21624 72297 98637 17351 94168 95374 57806 6754 92080 24129 67299 91232 26143 67621 8132 34584 67549 88177 68041 53439 27807 50487 81028 1888 98599 71130 68896 59049 28855 31604 14892 89357 23151 51138 71048 57590 12220 55624 82243 53832 94717 59546 30480 8824 21820 23980 44199 24081 50538 2061 28119 65341 20205 12202 94750 62082 61837 35197 20188 22023 78096 73588 81488 47903 18783 1124 66015 23959 41273 76315 68676 86525 66704 11528 28993 26936 89661 20602 95457 45810 4502 10420 81916 31810 17388 8385 64862 13977 29124 49545 13236 78073 94439 77300 48793 50353 64657 371 75815 15990 14109 21369 98979 20198 59600 64289 23739 14730 4115 45512 61016 7001 83965 17930 61063 76712 30126 65085 77476 38487 76443 18636 9325 97950 83210 82686 82371 58505 93691 72451 67169 65499 83436 94546 39078 8478 61713 3339 35638 42844 42069 86738 65703 41812 42991 71256 2330 97945 29377 1233 15848 87292 27610 87679 66838 29040 89797 90183 89200 64127 69965 57648 66526 50154 36358 19022 57214 19320 75878 3276 38139 18796 71953 74473 28688 46224 14252 25722 94046 19558 20801 66633 7733 74770 2968 28406 19817 33702 62469 98624 25785 32339 59194 47305 46128 1322 63811 95093 64985 91021 97858 21203 39544 51507 7861 90847 65903 66910 68670 35609 36157 55411 67250 93169 64481 20415 6397 68832 29603 88517 16572 50155 35289 88384 55291 95469 39168 49696 37642 55226 17909 21263 29860 24273 40100 92832 97580 15538 30150 71994 84370 41831 86671 64554 48818 77139 40625 5833 25222 30049 13466 5203 83805 82677 14303 71373 47113 98928 37080 33789 29970 10469 70173 32966 46554 21921 51900 47724 37485 60546 16503 88751 31903 87559 16836 68279 34152 49885 54276 62019 28814 68557 46586 47430 88357 18307 68692 61710 63970 72986 99111 31487 94714 53286 77041 2562 48265 93240 78740 18461 13197 56250 99107 27840 1194 24178 82059 57541 88044 62272 82351 56857 20552 20812 85335 63115 17181 28879 89365 3456 22807 79768 41775 87255 87113 41372 24807 98150 40513 77536 15584 30736 76490 85933 81154 81564 70356 90700 14758 58057 36154 40228 86606 29469 93840 45846 83120 29974 31259 98789 81022 83812 485 57624 82840 50646 78574 37813 71398 61168 66709 8547 33816 66351 45932 93673 18756 85710 78647 37397 91657 49263 18362 77013 1950 81821 28640 28480 67178 11362 40704 9721 79192 67710 91982 24374 44171 16050 37997 44584 96993 32022 32442 29763 38466 26424 7778 13570 77925 13079 90516 49346 62538 97529 13758 20011 90620 69886 490 98359 54078 66867 97470 49516 30833 20973 27998 32355 67710 55288 83826 31941 22538 82754 84784 3706 39647 48087 35718 78476 12893 19621 47199 93823 95298 97712 19290 35083 23746 2096 49370 14013 28453 91010 65711 61380 50057 92058 86938 70388 23409 95994 29193 23973 68122 31841 80184 66178 43319 63796 94285 10791 5572 54773 90929 93423 19421 40386 93560 60428 3337 71256 85322 98640 33559 67471 19592 71889 91996 92516 84940 44118 34051 73594 77948 4962 5932 59952 33891 62761 48327 82850 26188 65878 98224 55453 63976 47577 47752 50839 42512 78393 14320 19490 378 39343 36345 75875 95982 46247 1254 94397 66660 59244 45474 75575 62780 32951 29978 70266 87919 34111 16703 33448 58898 45186 10371 66742 31094 23993 79042 93454 22366 10432 45379 14337 86023 66251 62411 33819 44235 92411 3002 38341 49565 13614 9287 33123 52638 89914 17398 18781 48936 72712 94553 2380 24144 28083 45224 27386 15512 52621 13130 22 66494 92114 69913 90434 93342 96235 51341 79809 39126 1869 28644 82299 16067 10833 44820 18328 97374 46655 8720 85193 50083 55988 35008 97787 90830 36547 32727 14235 80129 32865 49777 72635 73520 45278 74878 65987 41254 51097 6935 49361 87495 82900 72346 97944 80856 60686 96909 44219 8774 93577 11550 2380 85640 67730 91068 54375 53074 21183 34957 28798 31522 532 8197 33236 59142 97971 91368 29418 37306 91536 72982 58000 21658 75234 1970 9703 41956 19949 86917 68309 38623 6576 661 23626 16720 59217 519 83774 14160 62312 69025 40438 10270 46859 96455 88997 38571 26954 76772 74911 19695 41498 59948 55131 4646 30626 63063 56547 50973 82017 40299 80746 91651 44817 36774 51372 38878 3101 88957 85173 57202 8426 46185 5335 43270 53671 75880 64950 82776 35852 219 43641 92230 18750 99981 35744 87635 15524 3736 60858 12509 47516 88169 81189 2112 79115 1761 21091 96727 75608 56912 31181 44195 79875 84715 32118 44530 19098 34156 18830 38951 90588 31956 41007 15437 48195 26424 75093 30366 31993 12324 48754 95195 22846 1740 29442 84613 12301 76443 22725 37557 56342 15088 69605 9536 90958 15613 74962 66146 788 62573 95367 33778 24989 93 69364 70310 97017 28780 93614 45002 94002 93527 14003 61053 35968 5966 87976 98229 48194 8395 440 55344 68861 62751 54303 80989 77047 7330 90984 67563 94153 4865 56121 10290 50099 51080 16285 2530 64266 42254 87405 49670 29123 68763 78239 54940 28926 73715 56163 46333 65233 36012 95876 72386 59132 17387 12553 44706 81731 3871 43527 62067 75689 63735 82980 19557 61986 28553 51143 6490 51853 47812 40408 72064 12425 73257 48210 55622 97894 7993 77564 9877 36583 14335 82821 95163 48084 8503 4193 34980 72502 30486 30932 95564 74869 51957 18525 87900 83148 22583 87298 47372 71105 75330 27550 54307 33768 16965 44597 10260 48516 43752 64571 23234 8031 32248 12810 98292 77684 9768 77764 24157 97215 93611 29736 8828 95764 4896 45443 30333 76723 39535 94909 33373 74072 5729 72084 35085 68305 26101 38782 779 35427 72115 52522 2322 29779 74358 50359 4812 86528 50410 65096 3053 85187 27516 72205 43793 69556 16157 926 8158 35216 70628 40803 36161 78414 20397 48322 48602 49572 32621 80361 32574 85747 5903 75697 62643 5333 80167 33226 50009 84787 76585 92085 25175 64139 74407 99395 6852 4411 40899 76764 65826 6733 67211 42823 7916 45262 33775 14798 39566 4293 86381 62356 57268 56228 69271 81413 2924 17642 76328 2306 34511 39562 90626 75332 36564 67908 10717 92147 6171 92408 14632 40757 78544 48584 43248 68369 50495 27280 37668 17480 96642 90925 24750 96092 4383 88126 62419 37450 77588 89120 78378 29865 30101 29843 5898 97932 29510 46362 75533 57956 47620 82642 89117 36305 67472 83797 496 53428 6337 61229 8326 19079 1663 2898 88961 26314 87947 27604 9 95583 6832 42717 35584 26052 47094 10888 88859 25654 94507 77035 32255 91143 444 98289 53286 22236 17011 34398 56314 7578 16190 34982 78731 18199 48078 69924 19201 81767 66774 84073 19304 38245 79632 98997 93548 30044 11997 21052 53151 26793 59108 64028 24361 10088 47784 63162 36949 73725 68519 73017 28356 4853 96523 17406 80039 4508 17358 69532 89123 34167 12884 20729 49074 11632 97735 15796 81262 87690 78909 97941 45146 50025 55653 14819 72210 69398 91717 63410 54227 47545 66302 38875 44262 96711 49263 3638 96834 79802 76354 30204 99451 35944 20645 59916 200 44600 84578 73319 67827 71560 27740 18207 57831 97564 78695 10045 93230 65488 11457 69574 31421 70367 32563 27882 33755 55465 4824 93045 56680 28435 31228 1685 98756 39970 50851 95067 11666 43125 69043 39389 54400 82402 45984 66611 98059 53335 99053 29157 83789 61271 24859 89250 18002 1248 92534 19305 61649 63866 87657 36932 90384 90028 58306 97551 26134 98996 33718 74747 78961 42106 26132 51825 21933 16706 9046 84204 49790 97162 2014 9334 100000 1 100000 1 100000 1 100000 1 100000 1 100000 1 100000 1 100000 1 100000 1 100000 1 100000 1 100000 1 100000 1 100000 1 100000 1 100000 1 100000 1 100000 1 100000 1 100000 1 100000 1 100000 1 100000 1 100000 1 100000 1 100000 1 100000 1 100000 1 100000 1 100000 1 100000 1 100000 1 100000 1 100000 1 100000 1 100000 1 100000 1 100000 1 100000 1 100000 1 100000 1 100000 1 100000 1 100000 1 100000 1 100000 1 100000 1 100000 1 100000 1 100000 1 100000 1 100000 1 100000 1 100000 1 100000 1 100000 1 100000 1 100000 1 100000 1 100000 1 100000 1 100000 1 100000 1 100000 1 100000 1 100000 1 100000 1 100000 1 100000 1 100000 1 100000 1 100000 1 100000 1 100000 1 100000 1 100000 1 100000 1 100000 1 100000 1 100000 1 100000 1 100000 1 100000 1 100000 1 100000 1 100000 1 100000 1 100000 1 100000 1 100000 1 100000 1 100000 1 100000 1 100000 1 100000 1 100000 1 100000 1 100000 1 100000 1 100000 1 100000 1 100000 1 100000 1 100000 1 100000 1 100000 1 100000 1 100000 1 100000 1 100000 1 100000 1 100000 1 100000 1 100000 1 100000 1 100000 1 100000 1 100000 1 100000 1 100000 1 100000 1 100000 1 100000 1 100000 1 100000 1 100000 1 100000 1 100000 1 100000 1 100000 1 100000 1 100000 1 100000 1 100000 1 100000 1 100000 1 100000 1 100000 1 100000 1 100000 1 100000 1 100000 1 100000 1 100000 1 100000 1 100000 1 100000 1 100000 1 100000 1 100000 1 100000 1 100000 1 100000 1 100000 1 100000 1 100000 1 100000 1 100000 1 100000 1 100000 1 100000 1 100000 1 100000 1 100000 1 100000 1 100000 1 100000 1 100000 1 100000 1 100000 1 100000 1 100000 1 100000 1 100000 1 100000 1 100000 1 100000 1 100000 1 100000 1 100000 1 100000 1 100000 1 100000 1 100000 1 100000 1 100000 1 100000 1 100000 1 100000 1 100000 1 100000 1 100000 1 100000 1 100000 1 100000 1 100000 1 100000 1 100000 1 100000 1 100000 1 100000 1 100000 1 100000 1 100000 1 100000 1 100000 1 100000 1 100000 1 100000 1 100000 1 100000 1 100000 1 100000 1 100000 1 100000 1 100000 1 100000 1 100000 1 100000 1 100000 1 100000 1 100000 1 100000 1 100000 1 100000 1 100000 1 100000 1 100000 1 100000 1 100000 1 100000 1 100000 1 100000 1 100000 1 100000 1 100000 1 100000 1 100000 1 100000 1 100000 1 100000 1 100000 1 100000 1 100000 1 100000 1 100000 1 100000 1 100000 1 100000 1 100000 1 100000 1 100000 1 100000 1 100000 1 100000 1 100000 1 100000 1 100000 1 100000 1 100000 1 100000 1 100000 1 100000 1 100000 1 100000 1 100000 1 100000 1 100000 1 100000 1 100000 1 100000 1 100000 1 100000 1 100000 1 100000 1 100000 1 100000 1 100000 1 100000 1 100000 1 100000 1 100000 1 100000 1 100000 1 100000 1 100000 1 100000 1 100000 1 100000 1 100000 1 100000 1 100000 1 100000 1 100000 1 100000 1 100000 1 100000 1 100000 1 100000 1 100000 1 100000 1 100000 1 100000 1 100000 1 100000 1 100000 1 100000 1 100000 1 100000 1 100000 1 100000 1 100000 1 100000 1 100000 1 100000 1 100000 1 100000 1 100000 1 100000 1 100000 1 100000 1 100000 1 100000 1 100000 1 100000 1 100000 1 100000 1 100000 1 100000 1 100000 1 100000 1 100000 1 100000 1 100000 1 100000 1 100000 1 100000 1 100000 1 100000 1 100000 1 100000 1 100000 1 100000 1 100000 1 100000 1 100000 1 100000 1 100000 1 100000 1 100000 1 100000 1 100000 1 100000 1 100000 1 100000 1 100000 1 100000 1 100000 1 100000 1 100000 1 100000 1 100000 1 100000 1 100000 1 100000 1 100000 1 100000 1 100000 1 100000 1 100000 1 100000 1 100000 1 100000 1 100000 1 100000 1 100000 1 100000 1 100000 1 100000 1 100000 1 100000 1 100000 1 100000 1 100000 1 100000 1 100000 1 100000 1 100000 1 100000 1 100000 1 100000 1 100000 1 100000 1 100000 1 100000 1 100000 1 100000 1 100000 1 100000 1 100000 1 100000 1 100000 1 100000 1 100000 1 100000 1 100000 1 100000 1 100000 1 100000 1 100000 1 100000 1 100000 1 100000 1 100000 1 100000 1 100000 1 100000 1 100000 1 100000 1 100000 1 100000 1 100000 1 100000 1 100000 1 100000 1 100000 1 100000 1 100000 1 100000 1 100000 1 100000 1 100000 1 100000 1 100000 1 100000 1 100000 1 100000 1 100000 1 100000 1 100000 1 100000 1 100000 1 100000 1 100000 1 100000 1 100000 1 100000 1 100000 1 100000 1 100000 1 100000 1 100000 1 100000 1 100000 1 100000 1 100000 1 100000 1 100000 1 100000 1 100000 1 100000 1 100000 1 100000 1 100000 1 100000 1 100000 1 100000 1 100000 1 100000 1 100000 1 100000 1 100000 1 100000 1 100000 1 100000 1 100000 1 100000 1 100000 1 100000 1 100000 1 100000 1 100000 1 100000 1 100000 1 100000 1 100000 1 100000 1 100000 1 100000 1 100000 1 100000 1 100000 1 100000 1 100000 1 100000 1 100000 1 100000 1 100000 1 0 0 0 

6666 10000
0 4548 
4548 6586 
6586 5917 
5917 858 
1991 858 
1991 4133 
3113 4133 
3113 5844 
5844 667 
667 3315 
6448 3315 
6448 4347 
4347 6114 
4653 6114 
4653 6197 
6160 6197 
6043 6160 
6043 3497 
3497 2837 
2232 2837 
2232 2048 
783 2048 
6410 783 
6410 6430 
6430 3035 
3296 3035 
3296 2226 
2226 6478 
1502 6478 
1502 4759 
3350 4759 
2265 3350 
2265 5368 
1147 5368 
4879 1147 
3597 4879 
4481 3597 
4481 3541 
1943 3541 
1308 1943 
4720 1308 
64 4720 
64 1197 
3119 1197 
2555 3119 
2555 174 
3911 174 
3911 4128 
2901 4128 
4762 2901 
3824 4762 
1783 3824 
1783 4227 
2261 4227 
2261 6600 
1830 6600 
6347 1830 
5809 6347 
5809 5448 
5448 4619 
4619 3156 
1334 3156 
1334 474 
474 5619 
5619 1185 
1185 3193 
3193 6552 
3724 6552 
4869 3724 
6243 4869 
5833 6243 
3079 5833 
3079 4878 
436 4878 
3365 436 
1142 3365 
1142 4774 
2128 4774 
3151 2128 
4957 3151 
5198 4957 
5198 2729 
520 2729 
4474 520 
4474 92 
92 6484 
468 6484 
5793 468 
997 5793 
645 997 
309 645 
309 5617 
5617 1589 
2057 1589 
574 2057 
574 2391 
2391 6313 
6313 4139 
4139 5001 
4895 5001 
4895 2006 
4288 2006 
1008 4288 
4509 1008 
3518 4509 
1347 3518 
1347 2136 
2136 4589 
4589 4965 
2624 4965 
2624 542 
542 2161 
2161 567 
567 4918 
3289 4918 
3289 2503 
1468 2503 
1468 2599 
2599 1892 
1892 5054 
5054 2978 
3973 2978 
3973 1328 
1328 854 
2229 854 
2229 5169 
5169 3991 
5589 3991 
5589 2642 
255 2642 
255 2763 
3555 2763 
3555 3501 
3501 3118 
3118 3066 
5562 3066 
5562 105 
105 25 
2400 25 
2400 3605 
2627 3605 
2627 1181 
3047 1181 
3047 5159 
1099 5159 
1427 1099 
1427 1070 
1070 1190 
1190 4391 
4391 2616 
2616 1273 
1273 3732 
3185 3732 
3185 1225 
4023 1225 
4023 2220 
5510 2220 
5510 4987 
4987 2874 
2874 5178 
4611 5178 
4611 1245 
1475 1245 
1239 1475 
1239 4501 
979 4501 
2685 979 
1052 2685 
207 1052 
3762 207 
3762 6603 
4281 6603 
2591 4281 
1571 2591 
1571 3499 
5930 3499 
5930 785 
191 785 
1326 191 
2080 1326 
1500 2080 
6207 1500 
6207 169 
1802 169 
1802 5233 
1484 5233 
427 1484 
427 5773 
740 5773 
740 5351 
5351 4644 
3379 4644 
4695 3379 
4695 1148 
6419 1148 
6419 4478 
4478 5402 
3394 5402 
5193 3394 
1535 5193 
1535 2137 
2137 3435 
3435 6277 
6277 3233 
6026 3233 
6026 3780 
5647 3780 
5724 5647 
2212 5724 
2212 1543 
1543 3065 
3065 1196 
178 1196 
178 695 
695 5323 
5323 805 
1686 805 
5033 1686 
4271 5033 
4271 5737 
2597 5737 
2231 2597 
2231 1715 
556 1715 
556 6192 
6192 6488 
3398 6488 
4019 3398 
4019 758 
6153 758 
6153 1856 
1856 1777 
6598 1777 
6598 4398 
4398 2460 
2460 1610 
1610 4373 
1675 4373 
1675 4677 
1051 4677 
628 1051 
6596 628 
5869 6596 
5869 4943 
2163 4943 
608 2163 
608 1249 
1249 5576 
5576 252 
5005 252 
5005 4934 
516 4934 
4379 516 
521 4379 
6017 521 
1207 6017 
1207 6509 
6509 2213 
5008 2213 
5008 2887 
2887 3979 
3485 3979 
160 3485 
2960 160 
2960 561 
561 1119 
5416 1119 
5416 4587 
348 4587 
348 4925 
4925 3730 
3730 1420 
1420 3841 
4060 3841 
3407 4060 
3407 1847 
1847 5333 
599 5333 
599 4240 
4240 223 
223 1910 
3677 1910 
3677 6204 
3697 6204 
3697 245 
245 5056 
5056 1345 
1345 6080 
6080 6186 
3068 6186 
3068 2192 
2192 6087 
6087 6235 
5153 6235 
5153 3775 
3775 6273 
6273 543 
543 6093 
6093 3221 
1505 3221 
966 1505 
6547 966 
3860 6547 
1636 3860 
5404 1636 
6390 5404 
6390 219 
4117 219 
2743 4117 
5803 2743 
5803 4027 
5891 4027 
6143 5891 
6143 1098 
3336 1098 
5299 3336 
5422 5299 
2323 5422 
2335 2323 
2335 5958 
5958 117 
117 828 
828 4228 
4228 5503 
5503 5360 
5360 2378 
1558 2378 
3835 1558 
491 3835 
491 4602 
4602 6300 
5861 6300 
1685 5861 
3050 1685 
3050 5338 
1531 5338 
2190 1531 
4222 2190 
6619 4222 
6619 3562 
77 3562 
77 5357 
5357 1434 
1434 1603 
1603 4605 
4605 5443 
5443 2944 
2944 2366 
2366 4202 
4193 4202 
3191 4193 
5472 3191 
5472 1512 
5557 1512 
5557 554 
554 4464 
3404 4464 
3404 151 
151 3033 
3033 5240 
5240 6063 
6063 3137 
3137 3753 
3511 3753 
3511 3889 
6157 3889 
6157 647 
2654 647 
147 2654 
4696 147 
4696 5590 
5590 2084 
2084 4497 
4497 4471 
4471 775 
926 775 
299 926 
2200 299 
3466 2200 
3466 2097 
5204 2097 
5454 5204 
5454 6565 
6565 3855 
3855 6623 
6623 532 
4938 532 
626 4938 
626 3195 
3195 4960 
930 4960 
930 2977 
2977 1183 
6147 1183 
3125 6147 
5203 3125 
5162 5203 
6105 5162 
6105 5483 
1791 5483 
1791 1001 
1941 1001 
4536 1941 
1332 4536 
1332 2422 
3465 2422 
3547 3465 
4626 3547 
5464 4626 
6651 5464 
6651 3158 
4645 3158 
4645 35 
4411 35 
4411 2738 
4810 2738 
2371 4810 
1137 2371 
1137 3661 
3661 3739 
3739 1444 
3842 1444 
2235 3842 
323 2235 
323 5 
5457 5 
5457 1378 
1378 3769 
4296 3769 
6428 4296 
6428 3800 
3800 2352 
193 2352 
1060 193 
310 1060 
4754 310 
4754 3288 
3288 1854 
34 1854 
5583 34 
5583 1481 
1481 4692 
4692 765 
765 1043 
4786 1043 
4052 4786 
5004 4052 
5004 4140 
4140 5006 
5006 1280 
1688 1280 
1688 1934 
3848 1934 
3848 4502 
4502 6425 
6425 2188 
4994 2188 
4994 4855 
3275 4855 
1478 3275 
6458 1478 
2879 6458 
2603 2879 
4590 2603 
100 4590 
100 5648 
5648 6271 
6271 1473 
6085 1473 
6085 5223 
5223 5882 
5882 6227 
3149 6227 
5128 3149 
5128 1985 
1092 1985 
1092 3576 
4824 3576 
5775 4824 
5775 294 
5244 294 
5244 229 
1788 229 
1788 2638 
2638 1000 
1000 1876 
1876 1673 
3212 1673 
3212 3874 
3874 2546 
2546 2268 
2268 6251 
6265 6251 
6265 6334 
6334 5445 
5392 5445 
5392 3525 
3525 5781 
566 5781 
566 3320 
1694 3320 
6527 1694 
6527 1824 
1089 1824 
6317 1089 
6047 6317 
6047 1652 
4988 1652 
2608 4988 
1284 2608 
1284 4714 
4021 4714 
5365 4021 
5365 6016 
6016 3370 
3370 15 
4309 15 
2588 4309 
2588 4721 
2770 4721 
1572 2770 
982 1572 
2542 982 
2622 2542 
1428 2622 
329 1428 
4074 329 
4074 6440 
2306 6440 
1812 2306 
1812 5629 
5629 5421 
896 5421 
2179 896 
2179 908 
908 6303 
6303 2623 
2623 3025 
4095 3025 
3104 4095 
2455 3104 
5731 2455 
5731 307 
6236 307 
777 6236 
777 6422 
1786 6422 
1786 954 
6178 954 
2522 6178 
6304 2522 
6304 5379 
5379 411 
4376 411 
106 4376 
1520 106 
6442 1520 
2446 6442 
2446 4621 
4621 5814 
5814 6351 
4562 6351 
4562 2349 
6307 2349 
6307 4712 
5412 4712 
5609 5412 
5609 1243 
1243 1552 
1552 115 
5671 115 
2442 5671 
2442 1611 
1611 2612 
1878 2612 
5875 1878 
5875 3926 
4682 3926 
4682 1803 
851 1803 
851 4280 
4280 4524 
4524 5206 
5206 5719 
5719 393 
1681 393 
1681 3517 
3517 4652 
4264 4652 
4239 4264 
4239 5362 
6480 5362 
2077 6480 
2482 2077 
2482 4383 
4383 18 
18 4305 
4305 5037 
5037 3954 
3524 3954 
5708 3524 
5708 5838 
749 5838 
5771 749 
820 5771 
820 4776 
4776 4091 
4091 5041 
5041 1486 
1486 4470 
4470 841 
3673 841 
3673 5029 
3219 5029 
3219 5722 
5363 5722 
5258 5363 
5258 653 
6585 653 
3410 6585 
3410 876 
876 1460 
2973 1460 
1562 2973 
206 1562 
206 4183 
4183 6566 
6566 5173 
2159 5173 
4550 2159 
4550 3248 
4758 3248 
4758 2105 
2105 6034 
2461 6034 
2461 4349 
4349 2039 
2039 4167 
4167 5221 
5221 3545 
3545 2619 
2619 4068 
4068 2769 
5564 2769 
5830 5564 
5830 838 
200 838 
200 2753 
1024 2753 
1024 1542 
6659 1542 
6659 4551 
3659 4551 
3659 370 
370 6577 
6577 3646 
3646 779 
2300 779 
2300 113 
113 615 
4047 615 
4047 3829 
3829 3242 
3242 1080 
1080 1350 
49 1350 
4105 49 
4105 3803 
251 3803 
251 3229 
3229 2013 
741 2013 
741 5143 
5143 1564 
1010 1564 
4012 1010 
4012 1384 
3613 1384 
2411 3613 
2411 3487 
3487 5763 
4178 5763 
4178 2562 
5017 2562 
5017 5086 
5086 5444 
4293 5444 
4293 3653 
3653 666 
666 6389 
676 6389 
478 676 
2248 478 
2464 2248 
6305 2464 
6305 4697 
4697 1907 
2355 1907 
2355 533 
5556 533 
4045 5556 
271 4045 
5881 271 
2427 5881 
4269 2427 
5988 4269 
4764 5988 
4499 4764 
2414 4499 
4145 2414 
4483 4145 
5280 4483 
551 5280 
6499 551 
6499 618 
6507 618 
5377 6507 
5377 3168 
3168 5778 
1509 5778 
1108 1509 
1108 2230 
2230 31 
31 788 
2419 788 
2419 1757 
1757 4738 
2558 4738 
2558 2519 
3859 2519 
3859 4907 
4907 5394 
5394 1606 
250 1606 
1451 250 
2533 1451 
3131 2533 
3131 5673 
3237 5673 
457 3237 
143 457 
143 4808 
4808 6633 
616 6633 
6452 616 
6452 5099 
2922 5099 
107 2922 
2883 107 
2015 2883 
6494 2015 
3473 6494 
3473 1859 
1859 111 
111 371 
2768 371 
2768 6086 
6086 4065 
4065 3114 
3114 1158 
2485 1158 
2485 3462 
3462 4971 
4971 6154 
4457 6154 
4457 4947 
4947 2002 
2247 2002 
2247 2028 
2028 4098 
4098 2821 
4834 2821 
5393 4834 
630 5393 
3690 630 
6067 3690 
6067 3143 
2334 3143 
3472 2334 
3472 1100 
199 1100 
199 4656 
4656 1563 
2831 1563 
2831 6084 
6084 5066 
5066 2253 
1632 2253 
2730 1632 
2730 6071 
1433 6071 
3782 1433 
5138 3782 
5138 1822 
1822 3144 
3144 692 
5106 692 
3820 5106 
3820 5801 
5801 3086 
442 3086 
3799 442 
3799 1162 
1162 3703 
3703 3266 
3266 433 
2423 433 
3142 2423 
65 3142 
996 65 
996 923 
923 3742 
3742 3395 
2916 3395 
2916 266 
2062 266 
6376 2062 
6376 3474 
3672 3474 
5493 3672 
1416 5493 
1416 4138 
4138 1717 
1717 5505 
5505 1795 
3807 1795 
2362 3807 
6320 2362 
846 6320 
846 5182 
5182 2572 
2572 5542 
5542 3712 
3265 3712 
2167 3265 
2167 3494 
3494 2817 
4883 2817 
3720 4883 
2868 3720 
2868 439 
439 1806 
1014 1806 
4083 1014 
4083 3179 
3179 1931 
1931 2805 
2687 2805 
2687 4840 
4230 4840 
4230 945 
945 4705 
2019 4705 
2019 3699 
3699 5060 
5060 995 
995 6437 
6437 4891 
5999 4891 
3805 5999 
3345 3805 
2024 3345 
4334 2024 
4334 1020 
1020 3075 
3075 6107 
6107 3200 
4609 3200 
885 4609 
4751 885 
3832 4751 
6359 3832 
3081 6359 
3081 4983 
4983 1716 
1716 301 
6038 301 
4366 6038 
4366 24 
24 3153 
3153 568 
568 1287 
1287 1629 
1629 422 
422 897 
1550 897 
1550 6177 
6046 6177 
6046 2373 
2373 263 
263 3046 
6100 3046 
387 6100 
5555 387 
5555 5923 
1241 5923 
1331 1241 
1331 3853 
3853 6091 
6091 3409 
5345 3409 
5345 4600 
2146 4600 
2146 3339 
2881 3339 
2881 4570 
4570 1090 
1090 1491 
1491 2658 
2658 4933 
4933 6481 
1849 6481 
1346 1849 
1346 3622 
3622 4459 
976 4459 
976 3578 
3578 1437 
5606 1437 
6356 5606 
6356 4338 
232 4338 
380 232 
380 5475 
5291 5475 
5291 4286 
61 4286 
61 3748 
3748 503 
762 503 
5841 762 
1680 5841 
5787 1680 
5787 4955 
3801 4955 
584 3801 
584 42 
42 721 
5884 721 
5884 3610 
4986 3610 
4986 5700 
5725 5700 
887 5725 
4182 887 
1118 4182 
1118 2401 
525 2401 
525 921 
921 4679 
4679 3387 
4513 3387 
4513 4426 
3879 4426 
3879 364 
364 674 
3213 674 
3213 5137 
5137 4337 
4337 2412 
1221 2412 
1221 4730 
3914 4730 
6556 3914 
1665 6556 
1665 6597 
704 6597 
704 1127 
2316 1127 
5208 2316 
2061 5208 
6090 2061 
1753 6090 
4186 1753 
4186 1337 
761 1337 
761 6469 
6329 6469 
2660 6329 
1407 2660 
1407 3961 
3961 5187 
6346 5187 
6346 5063 
5063 3698 
3698 350 
6609 350 
6609 262 
262 3658 
5327 3658 
5327 3534 
3180 3534 
5031 3180 
5031 2085 
2085 4450 
6533 4450 
1333 6533 
1333 2350 
2350 5207 
2929 5207 
2929 6358 
6358 6306 
6306 2069 
2069 6127 
5281 6127 
2240 5281 
2240 2795 
2418 2795 
2418 5657 
5657 3900 
3976 3900 
3976 3471 
4219 3471 
2494 4219 
3833 2494 
2376 3833 
4793 2376 
4793 2504 
2504 1794 
1283 1794 
4853 1283 
2559 4853 
3722 2559 
3722 6082 
6082 1379 
1379 5565 
3223 5565 
2358 3223 
2358 2462 
2462 4766 
4766 3005 
3005 1139 
2041 1139 
2041 5181 
5181 1474 
1474 3150 
3150 6000 
6000 4002 
4002 4773 
739 4773 
3880 739 
501 3880 
501 3064 
3064 4468 
4468 4173 
4173 2819 
2819 4412 
4412 4242 
4242 4634 
4634 969 
4715 969 
4715 2705 
5022 2705 
6454 5022 
5192 6454 
5192 3090 
2848 3090 
2848 2132 
2132 1301 
1301 1894 
2440 1894 
2440 4867 
5807 4867 
4724 5807 
4777 4724 
4777 6099 
3346 6099 
3346 5946 
1034 5946 
4395 1034 
4395 3617 
3617 185 
185 2871 
3477 2871 
3765 3477 
3765 5129 
5129 5170 
6122 5170 
1016 6122 
1016 2921 
505 2921 
5474 505 
1218 5474 
1903 1218 
4637 1903 
2656 4637 
2381 2656 
3299 2381 
3299 3022 
2716 3022 
3062 2716 
3062 4673 
4673 2294 
5961 2294 
5961 5269 
5269 2363 
2363 677 
677 4716 
4716 3061 
1125 3061 
5693 1125 
5693 582 
582 6022 
6022 2135 
2135 4844 
6453 4844 
5658 6453 
5526 5658 
2688 5526 
880 2688 
880 1897 
1897 1582 
5318 1582 
5696 5318 
4308 5696 
4485 4308 
4485 3004 
5864 3004 
5864 331 
4789 331 
4789 1731 
3784 1731 
6166 3784 
845 6166 
1625 845 
1625 2931 
5090 2931 
462 5090 
462 922 
922 5197 
5197 3615 
3615 5985 
4866 5985 
4866 1372 
1372 818 
818 5935 
5935 3420 
3420 4796 
4796 1613 
1613 1126 
1126 430 
1700 430 
6400 1700 
5960 6400 
5960 2767 
2767 1212 
1212 6551 
1905 6551 
1905 6472 
2415 6472 
1548 2415 
1548 2563 
2563 6361 
2579 6361 
2870 2579 
2870 2860 
2860 1648 
1648 3 
5040 3 
5907 5040 
5907 3895 
1640 3895 
1640 5744 
5744 6626 
1072 6626 
5610 1072 
3747 5610 
3747 5009 
3952 5009 
4616 3952 
5452 4616 
5734 5452 
5734 840 
3367 840 
1429 3367 
1429 6357 
5043 6357 
5043 4014 
4014 5070 
1188 5070 
1188 5342 
176 5342 
176 6174 
5614 6174 
5614 5522 
5522 6407 
4885 6407 
1018 4885 
1018 4000 
1820 4000 
1820 3529 
5545 3529 
4251 5545 
4251 3754 
8 3754 
1707 8 
218 1707 
344 218 
4058 344 
4058 2486 
2486 2590 
337 2590 
5645 337 
5645 3611 
3611 4487 
523 4487 
523 6217 
3281 6217 
2776 3281 
1208 2776 
1208 4558 
3772 4558 
3772 2386 
2386 3008 
3008 3305 
3305 2026 
1093 2026 
4553 1093 
1591 4553 
1591 6253 
6253 4655 
4655 5378 
5378 2150 
2150 6135 
4278 6135 
4278 5095 
5554 5095 
5554 5514 
6019 5514 
6019 1554 
1082 1554 
1082 6138 
4439 6138 
6477 4439 
2749 6477 
4880 2749 
469 4880 
3552 469 
3552 5124 
5124 2251 
2251 4779 
4779 1533 
3433 1533 
3433 1755 
6449 1755 
1979 6449 
4102 1979 
4102 1152 
1152 3761 
1352 3761 
1352 1061 
1061 1150 
4635 1150 
5183 4635 
5183 4223 
4223 4864 
4864 5680 
5680 5595 
4488 5595 
4488 2842 
4465 2842 
4465 6266 
6266 6660 
4702 6660 
6664 4702 
6664 867 
3846 867 
627 3846 
627 6364 
3328 6364 
3328 1074 
1074 4534 
4534 1415 
1415 317 
3271 317 
3271 3364 
3944 3364 
3944 6518 
2496 6518 
2496 5276 
2318 5276 
4257 2318 
4257 2798 
2798 1838 
1838 1086 
1086 5660 
5660 6372 
5047 6372 
4638 5047 
4638 23 
6296 23 
547 6296 
419 547 
1955 419 
5929 1955 
5929 3416 
4828 3416 
5508 4828 
5823 5508 
5823 1545 
2495 1545 
2495 6242 
6242 338 
338 314 
2540 314 
1691 2540 
84 1691 
84 3049 
2765 3049 
2765 4799 
4799 3503 
3503 670 
670 205 
205 4295 
4295 4533 
4533 6193 
6443 6193 
6443 3981 
1130 3981 
1130 5486 
1870 5486 
1870 5068 
5068 2330 
5979 2330 
1281 5979 
5214 1281 
2214 5214 
4945 2214 
4945 6444 
4093 6444 
4093 4527 
4905 4527 
4905 5738 
4888 5738 
4888 2138 
2138 4433 
416 4433 
416 2778 
5858 2778 
3584 5858 
3584 1538 
4377 1538 
4377 3357 
4081 3357 
4081 2201 
4312 2201 
4312 3687 
6333 3687 
6374 6333 
6274 6374 
6274 964 
964 6222 
6222 171 
2927 171 
2527 2927 
2527 3107 
312 3107 
312 5977 
5977 3463 
3463 6450 
6450 3030 
3030 2766 
1534 2766 
1534 4959 
4959 773 
535 773 
535 6245 
634 6245 
634 1456 
1456 715 
715 1510 
1510 1893 
4075 1893 
4075 671 
671 2524 
4996 2524 
4996 5373 
5373 5652 
5652 5126 
134 5126 
1924 134 
1924 3950 
3950 4206 
2491 4206 
226 2491 
226 3247 
3247 6141 
6141 6126 
6248 6126 
6248 1837 
1269 1837 
1269 1282 
5247 1282 
5459 5247 
2030 5459 
1670 2030 
1670 2888 
1201 2888 
2567 1201 
2567 3495 
2792 3495 
5201 2792 
5201 1861 
4505 1861 
4505 931 
931 4088 
4088 5073 
5073 2278 
1951 2278 
1951 3519 
3519 4962 
4962 1135 
1135 4437 
3006 4437 
3006 177 
177 6301 
5285 6301 
2431 5285 
2431 5496 
5496 5427 
4306 5427 
4306 870 
5528 870 
4263 5528 
4263 4353 
3034 4353 
3506 3034 
3506 4814 
4814 518 
989 518 
4908 989 
4908 1939 
1939 1988 
5435 1988 
5435 2531 
2531 2528 
2528 1641 
5135 1641 
4231 5135 
268 4231 
993 268 
3513 993 
3513 5224 
874 5224 
1551 874 
1551 1443 
1443 6098 
2785 6098 
864 2785 
5873 864 
5873 5462 
4382 5462 
4382 477 
3869 477 
3840 3869 
351 3840 
351 2810 
2810 2175 
2811 2175 
2223 2811 
2223 4687 
5683 4687 
6388 5683 
4039 6388 
4449 4039 
1295 4449 
292 1295 
292 3685 
3685 3036 
3036 5769 
2263 5769 
2263 5774 
5774 2698 
4409 2698 
4409 5615 
5615 4282 
1976 4282 
1976 2938 
2938 1733 
1733 3371 
6500 3371 
1967 6500 
357 1967 
1046 357 
2847 1046 
2847 2018 
2018 3612 
3612 1581 
4020 1581 
352 4020 
352 943 
943 5359 
5359 6475 
6475 4333 
2598 4333 
4503 2598 
2629 4503 
693 2629 
3201 693 
3201 5992 
5992 5646 
5646 1411 
6386 1411 
3630 6386 
2270 3630 
2270 192 
192 5411 
5411 6625 
6503 6625 
6176 6503 
6095 6176 
3561 6095 
994 3561 
2116 994 
1392 2116 
1392 5816 
5816 1173 
1173 4041 
1049 4041 
1049 3796 
3796 2885 
3737 2885 
3737 2510 
3913 2510 
3913 6112 
4927 6112 
4927 6602 
4849 6602 
4849 6116 
4768 6116 
4768 2227 
3297 2227 
709 3297 
709 3919 
4491 3919 
5627 4491 
5627 3763 
3763 2869 
2869 1389 
3080 1389 
273 3080 
1179 273 
1950 1179 
86 1950 
2775 86 
1461 2775 
1627 1461 
303 1627 
303 937 
937 1883 
905 1883 
183 905 
225 183 
225 4685 
4685 2995 
6239 2995 
1320 6239 
2956 1320 
2956 816 
1019 816 
5074 1019 
6588 5074 
2147 6588 
2147 3993 
1095 3993 
6061 1095 
6061 1759 
1759 4727 
1341 4727 
1341 5252 
5252 3773 
3773 683 
683 3656 
3931 3656 
1790 3931 
1790 5177 
1048 5177 
1711 1048 
1711 4057 
710 4057 
3987 710 
3987 460 
460 3862 
3862 3986 
3929 3986 
2641 3929 
5989 2641 
5989 2827 
2827 4490 
3037 4490 
3037 5684 
5684 1639 
1639 3577 
3577 4441 
2980 4441 
889 2980 
889 1962 
1962 1155 
5431 1155 
5431 5250 
5665 5250 
5665 3029 
3018 3029 
238 3018 
2774 238 
5581 2774 
5581 2699 
2699 4654 
5356 4654 
5356 700 
4977 700 
4977 4153 
4153 1488 
1488 1714 
2908 1714 
2908 5205 
5205 2934 
2934 1035 
3457 1035 
3457 5058 
5058 648 
3294 648 
5569 3294 
662 5569 
2662 662 
5980 2662 
902 5980 
902 1735 
3097 1735 
4950 3097 
4950 6035 
83 6035 
2225 83 
560 2225 
560 56 
3526 56 
3526 6460 
2125 6460 
2110 2125 
2110 3058 
4067 3058 
1514 4067 
1514 5772 
1800 5772 
1800 2976 
2976 5668 
5371 5668 
5371 2139 
2560 2139 
3967 2560 
3967 5499 
3585 5499 
3585 81 
81 6392 
3982 6392 
3982 5786 
6621 5786 
6621 3505 
2955 3505 
2955 4174 
530 4174 
4384 530 
4256 4384 
4256 1124 
5020 1124 
1362 5020 
5500 1362 
5500 5996 
5996 985 
1677 985 
2692 1677 
4865 2692 
4865 756 
5432 756 
4780 5432 
4780 6470 
6470 1729 
891 1729 
1187 891 
2668 1187 
5635 2668 
5635 6322 
3688 6322 
3688 5822 
5822 5303 
5303 4561 
869 4561 
559 869 
4078 559 
973 4078 
3269 973 
5513 3269 
6244 5513 
6244 1132 
1132 2374 
2374 2966 
4772 2966 
5730 4772 
5730 5389 
5389 3966 
3966 1702 
1702 4760 
3886 4760 
3886 5210 
5210 4407 
2728 4407 
2728 4910 
345 4910 
345 4418 
4418 5497 
893 5497 
893 1958 
3588 1958 
3588 4050 
4050 2761 
2761 726 
726 4473 
4473 3438 
3438 539 
4859 539 
2501 4859 
3120 2501 
3120 2708 
2708 6079 
6079 5007 
5007 3496 
3496 3922 
1596 3922 
1596 4402 
170 4402 
170 6040 
6280 6040 
4496 6280 
4496 149 
149 5336 
5336 1039 
2463 1039 
4404 2463 
4404 1628 
1628 2907 
2907 1361 
1361 3063 
6497 3063 
6497 4189 
236 4189 
6237 236 
6237 4567 
699 4567 
699 1775 
3830 1775 
3128 3830 
3128 2219 
1363 2219 
1363 4897 
2016 4897 
2016 125 
4130 125 
4130 6519 
6519 6378 
6378 2850 
2850 5656 
2657 5656 
2657 5148 
2945 5148 
2945 5296 
5634 5296 
6113 5634 
2943 6113 
2943 6463 
4667 6463 
6530 4667 
4268 6530 
6348 4268 
6433 6348 
3647 6433 
2308 3647 
3749 2308 
3816 3749 
981 3816 
4651 981 
6383 4651 
6383 133 
1452 133 
1452 40 
4915 40 
4915 2790 
2790 5188 
5188 1286 
3099 1286 
3099 2607 
2237 2607 
6241 2237 
4703 6241 
4703 19 
19 1869 
1869 6137 
6137 482 
6605 482 
604 6605 
434 604 
4132 434 
4132 5899 
5899 4863 
4863 1708 
959 1708 
4906 959 
600 4906 
5741 600 
2663 5741 
2663 1271 
5616 1271 
5616 6568 
6568 6102 
6102 4444 
1995 4444 
1274 1995 
1274 5315 
5315 112 
3092 112 
3092 1722 
975 1722 
975 5920 
484 5920 
484 6637 
6637 1469 
1469 2611 
2611 5788 
2079 5788 
2079 47 
702 47 
702 6279 
2312 6279 
6613 2312 
6613 5945 
5945 5857 
2835 5857 
2835 2734 
5798 2734 
2903 5798 
392 2903 
4077 392 
5390 4077 
5390 3273 
2606 3273 
1215 2606 
1215 2807 
5766 2807 
2329 5766 
586 2329 
586 1977 
1977 6060 
1701 6060 
1701 2722 
2957 2722 
6142 2957 
5212 6142 
4818 5212 
4778 4818 
4484 4778 
4484 1866 
4929 1866 
2645 4929 
5304 2645 
3669 5304 
4625 3669 
4625 3560 
3560 1454 
1645 1454 
1645 2926 
5298 2926 
5298 4276 
279 4276 
279 4080 
4080 791 
791 5568 
540 5568 
540 5376 
5376 810 
4176 810 
4176 5902 
5902 1327 
3680 1327 
5355 3680 
2824 5355 
2824 5749 
5749 813 
5176 813 
5176 132 
132 598 
3312 598 
3312 5085 
241 5085 
3479 241 
3479 4006 
4006 290 
290 3432 
510 3432 
510 6412 
6412 4875 
4875 3691 
3691 3264 
3264 807 
5715 807 
5082 5715 
4784 5082 
4784 6247 
6247 4362 
5941 4362 
6330 5941 
4374 6330 
1506 4374 
1022 1506 
1022 2904 
2904 2971 
2971 6185 
6185 5868 
4194 5868 
4194 4388 
4388 4250 
4250 1525 
6553 1525 
6526 6553 
3635 6526 
3635 1414 
5024 1414 
5024 5344 
6171 5344 
6171 3711 
3892 3711 
3892 2109 
2109 3651 
4112 3651 
1066 4112 
2309 1066 
2309 3491 
538 3491 
538 220 
220 6406 
6406 6024 
6201 6024 
1578 6201 
3701 1578 
3701 734 
734 6365 
6365 6593 
6593 3054 
3054 4001 
2241 4001 
2241 738 
148 738 
148 446 
3696 446 
3614 3696 
3614 4092 
2310 4092 
6231 2310 
3430 6231 
3430 216 
216 6089 
3362 6089 
5395 3362 
743 5395 
6081 743 
6260 6081 
4343 6260 
751 4343 
751 1616 
3689 1616 
3689 6543 
6543 5226 
1836 5226 
1836 806 
5997 806 
4327 5997 
2311 4327 
5077 2311 
492 5077 
492 2417 
3810 2417 
3810 360 
360 1974 
1974 2596 
2596 5572 
4547 5572 
5908 4547 
5908 855 
5867 855 
1595 5867 
2280 1595 
2280 5906 
5906 4916 
4916 4688 
4688 4101 
4101 1521 
1521 2114 
2114 6223 
6223 1202 
2994 1202 
515 2994 
515 3309 
3309 1741 
4218 1741 
4218 5618 
5618 4532 
4532 5723 
5723 4475 
4475 5854 
5854 781 
2828 781 
2828 494 
494 5686 
3583 5686 
3583 333 
209 333 
2320 209 
2320 1343 
1343 3444 
1471 3444 
1471 2430 
6270 2430 
5381 6270 
5381 2801 
2801 2653 
267 2653 
6403 267 
6403 369 
369 1631 
1631 1065 
1065 1339 
6268 1339 
4623 6268 
4623 4302 
4302 6073 
5417 6073 
4255 5417 
6423 4255 
2054 6423 
6487 2054 
2443 6487 
2443 5013 
5013 3280 
635 3280 
635 6097 
6097 3173 
29 3173 
5196 29 
4617 5196 
3706 4617 
817 3706 
5450 817 
2279 5450 
2279 5860 
5692 5860 
5692 5667 
1396 5667 
2928 1396 
2928 3382 
1431 3382 
1431 3925 
1984 3925 
1984 6404 
3094 6404 
2437 3094 
2437 2228 
246 2228 
246 5622 
5622 1843 
946 1843 
6150 946 
6150 349 
5230 349 
5230 5097 
5343 5097 
5343 1657 
1097 1657 
1097 2644 
3279 2644 
3279 2347 
2347 4238 
4238 920 
6221 920 
4563 6221 
5894 4563 
5894 1402 
4061 1402 
4061 3459 
3459 53 
2593 53 
2593 5851 
4071 5851 
4071 5348 
421 5348 
4427 421 
4427 4598 
3548 4598 
3548 1305 
1305 1669 
1669 1449 
1449 5560 
5560 2610 
2610 3112 
6562 3112 
1180 6562 
1401 1180 
3413 1401 
4704 3413 
4704 1311 
1311 652 
398 652 
398 5340 
5340 5083 
2800 5083 
3236 2800 
1128 3236 
1128 2410 
2258 2410 
912 2258 
953 912 
5507 953 
1779 5507 
4299 1779 
4713 4299 
4713 6550 
6550 3718 
2218 3718 
2218 458 
1804 458 
1804 4917 
4917 3311 
1663 3311 
1663 3059 
6656 3059 
6656 5172 
2333 5172 
2333 3580 
3580 5896 
6610 5896 
6610 6234 
306 6234 
4579 306 
4579 6339 
6546 6339 
6546 2397 
6457 2397 
6457 5916 
3591 5916 
1970 3591 
1970 4639 
4639 5149 
5149 2873 
2952 2873 
2952 961 
961 1853 
1853 1918 
722 1918 
4249 722 
3500 4249 
373 3500 
986 373 
30 986 
30 6130 
6130 778 
101 778 
101 1144 
5199 1144 
1463 5199 
277 1463 
277 4903 
405 4903 
405 4526 
4526 809 
809 4976 
4976 5330 
2516 5330 
1476 2516 
1476 4358 
4358 2853 
5543 2853 
5543 3912 
3912 3456 
3456 1053 
1740 1053 
1740 2595 
2595 4951 
4951 3121 
278 3121 
278 6072 
2987 6072 
4049 2987 
4049 4031 
4031 5295 
5295 1726 
1712 1726 
1573 1712 
3546 1573 
3546 2155 
6258 2155 
4862 6258 
4862 5810 
182 5810 
182 5239 
5975 5239 
5975 6618 
6618 3103 
3103 5605 
5605 1743 
1743 3043 
57 3043 
57 5768 
1744 5768 
3508 1744 
3508 4113 
3838 4113 
2195 3838 
631 2195 
4330 631 
4330 4360 
4360 3227 
1240 3227 
1240 5297 
2721 5297 
2924 2721 
2924 2570 
2076 2570 
2076 6168 
3386 6168 
3386 6129 
3788 6129 
3788 3344 
3344 4711 
4711 3373 
5310 3373 
5310 3117 
3117 2965 
5130 2965 
5130 4923 
4923 4413 
2242 4413 
821 2242 
821 5257 
5257 4401 
4401 2569 
2569 4054 
3844 4054 
5211 3844 
2020 5211 
5468 2020 
3181 5468 
3002 3181 
3002 5636 
5636 2290 
1592 2290 
1592 558 
2234 558 
2234 1455 
1455 801 
153 801 
1234 153 
6205 1234 
1267 6205 
1267 3857 
4326 3857 
4326 1785 
1785 6573 
4415 6573 
4415 4601 
4601 4090 
1501 4090 
2165 1501 
2165 4254 
4254 6144 
6144 2750 
4926 2750 
1257 4926 
1257 991 
991 3955 
3955 1318 
4882 1318 
1261 4882 
1261 1228 
1228 1959 
3238 1959 
2636 3238 
914 2636 
914 6003 
6003 545 
5994 545 
5032 5994 
5032 3755 
3755 3599 
1017 3599 
1017 99 
99 5676 
5676 1565 
1565 2859 
2859 6041 
6041 5876 
5876 6214 
3437 6214 
2037 3437 
1260 2037 
2034 1260 
4214 2034 
4214 376 
3873 376 
3873 1921 
1921 2953 
2953 4119 
2399 4119 
2399 2565 
2565 5171 
4123 5171 
4613 4123 
5190 4613 
5190 2577 
1302 2577 
1302 3888 
3888 3936 
3936 1764 
1764 705 
705 3989 
3989 4400 
2689 4400 
2689 6571 
6571 2277 
346 2277 
346 386 
5035 386 
5035 744 
744 1292 
4028 1292 
3752 4028 
3752 1925 
1925 6429 
6429 1605 
1605 3052 
3052 2571 
2209 2571 
2209 3334 
3334 5455 
2632 5455 
4838 2632 
4838 797 
797 1205 
2621 1205 
2621 1479 
1839 1479 
4518 1839 
4518 6426 
6426 3834 
3834 2271 
786 2271 
786 2449 
4129 2449 
6238 4129 
5675 6238 
1723 5675 
6558 1723 
6455 6558 
6455 6249 
6249 3198 
1494 3198 
1494 4127 
4127 6511 
4678 6511 
915 4678 
5633 915 
5633 672 
1026 672 
3452 1026 
137 3452 
3736 137 
3736 701 
6323 701 
5608 6323 
5608 2714 
5051 2714 
399 5051 
1889 399 
1889 4342 
4342 865 
865 6622 
6622 5691 
2222 5691 
2222 5718 
5718 2543 
5325 2543 
5597 5325 
3447 5597 
3411 3447 
5623 3411 
5623 3652 
3652 5924 
1622 5924 
1622 1134 
2707 1134 
2988 2707 
1644 2988 
619 1644 
1747 619 
2191 1747 
1182 2191 
4886 1182 
4886 5064 
5064 6151 
4456 6151 
4456 3674 
2783 3674 
2783 2236 
2236 5837 
1005 5837 
6033 1005 
825 6033 
825 3978 
6254 3978 
2517 6254 
5259 2517 
71 5259 
71 3771 
3607 3771 
3607 6467 
6467 1604 
3705 1604 
2686 3705 
2686 5566 
5566 423 
1367 423 
681 1367 
4900 681 
4900 2680 
2826 2680 
5482 2826 
5482 165 
165 6398 
1193 6398 
6382 1193 
6382 5283 
5283 730 
4706 730 
54 4706 
54 336 
336 4968 
4968 3582 
1637 3582 
3686 1637 
5228 3686 
5228 3308 
511 3308 
3522 511 
6064 3522 
4791 6064 
3256 4791 
1913 3256 
1913 4658 
4658 3798 
3794 3798 
315 3794 
3133 315 
3133 643 
409 643 
2631 409 
2631 2786 
2786 461 
461 5382 
2047 5382 
2047 5200 
1973 5200 
531 1973 
531 2178 
2178 4369 
6370 4369 
3343 6370 
1198 3343 
1198 2878 
5747 2878 
5747 579 
5761 579 
5761 355 
355 4804 
5492 4804 
1751 5492 
1751 4931 
4931 1028 
1877 1028 
1877 5052 
204 5052 
1293 204 
464 1293 
464 1059 
1059 5797 
5267 5797 
6576 5267 
1063 6576 
194 1063 
2913 194 
2913 5847 
2293 5847 
22 2293 
4641 22 
2208 4641 
211 2208 
6123 211 
6123 4941 
6614 4941 
6614 5069 
5069 5954 
2031 5954 
830 2031 
830 3942 
3942 5509 
5509 227 
227 3684 
3684 5282 
1633 5282 
1633 2941 
5856 2941 
5856 4686 
4686 1947 
1947 270 
3483 270 
3764 3483 
581 3764 
614 581 
614 163 
163 4191 
2797 4191 
3815 2797 
6367 3815 
3575 6367 
4953 3575 
4953 3741 
3741 5602 
1013 5602 
1013 1898 
1133 1898 
1133 6110 
6012 6110 
5290 6012 
5165 5290 
2902 5165 
2902 901 
901 5537 
1524 5537 
1524 5795 
5795 197 
4659 197 
4659 456 
6202 456 
3194 6202 
3194 795 
1288 795 
6264 1288 
1621 6264 
4516 1621 
5643 4516 
5762 5643 
5762 3458 
4213 3458 
4213 4564 
4564 2291 
4552 2291 
2420 4552 
3110 2420 
2675 3110 
1224 2675 
1224 3550 
2794 3550 
2794 2613 
2613 5123 
4205 5123 
640 4205 
73 640 
73 3216 
3285 3216 
3285 2337 
240 2337 
240 6324 
6662 6324 
6424 6662 
1528 6424 
1528 3731 
3731 318 
318 454 
454 3253 
58 3253 
4393 58 
4615 4393 
4615 2398 
2398 2520 
1765 2520 
1765 5384 
4317 5384 
6015 4317 
4842 6015 
3640 4842 
3640 4944 
4944 4059 
4059 1920 
1920 4825 
4825 1989 
3378 1989 
3246 3378 
4154 3246 
448 4154 
5880 448 
4122 5880 
5229 4122 
882 5229 
882 5674 
5674 1419 
1419 269 
269 1357 
180 1357 
180 5189 
6199 5189 
6199 490 
3866 490 
3866 1149 
6371 1149 
3141 6371 
87 3141 
735 87 
735 6642 
6642 359 
665 359 
4914 665 
4914 6131 
1386 6131 
6341 1386 
5383 6341 
5383 1467 
2009 1467 
5426 2009 
5426 3586 
4108 3586 
4108 4520 
5168 4520 
5406 5168 
3287 5406 
3287 3381 
5407 3381 
5407 4683 
330 4683 
3618 330 
3618 1254 
5286 1254 
1626 5286 
1626 2233 
4725 2233 
4725 2465 
2465 5458 
5458 4035 
4035 396 
6031 396 
6031 2053 
2053 27 
120 27 
2618 120 
1865 2618 
1865 322 
881 322 
282 881 
1493 282 
1493 6513 
6661 6513 
6661 5264 
5264 2683 
2683 3621 
5720 3621 
5720 1348 
5150 1348 
5150 2171 
2171 388 
388 3566 
3566 1748 
3270 1748 
1235 3270 
1235 5547 
5547 2812 
2812 475 
6132 475 
6132 1937 
4448 1937 
3307 4448 
3307 189 
2584 189 
2584 1683 
3861 1683 
3861 3934 
3934 6416 
3123 6416 
2393 3123 
6284 2393 
5480 6284 
6531 5480 
6531 612 
603 612 
603 2094 
2094 3318 
1793 3318 
6213 1793 
5871 6213 
624 5871 
624 4514 
2744 4514 
1268 2744 
3071 1268 
4993 3071 
4993 1718 
633 1718 
4739 633 
4739 2724 
2027 2724 
2027 564 
564 5358 
5358 418 
3325 418 
3325 861 
861 324 
1342 324 
5579 1342 
5579 2424 
2424 5485 
5485 2176 
2176 717 
2113 717 
1365 2113 
4732 1365 
4732 1873 
1873 1899 
3314 1899 
3314 4805 
1388 4805 
1388 6563 
6563 1360 
1360 1329 
3654 1329 
4331 3654 
4331 1122 
1122 3164 
3164 2405 
500 2405 
500 3595 
3595 3681 
6542 3681 
6542 4196 
3903 4196 
3903 1359 
1359 1084 
1084 222 
222 1405 
1405 4571 
3822 4571 
6173 3822 
6173 4544 
4544 597 
597 1220 
2530 1220 
5921 2530 
2197 5921 
2197 3745 
3745 509 
509 6295 
6295 1145 
6379 1145 
6379 3694 
3694 6459 
5147 6459 
5147 5131 
3292 5131 
3292 3372 
2672 3372 
4674 2672 
6321 4674 
664 6321 
664 1161 
3642 1161 
2634 3642 
800 2634 
800 4942 
4942 682 
682 2327 
720 2327 
720 4517 
4109 4517 
3927 4109 
425 3927 
4482 425 
4482 770 
770 6308 
6308 4179 
4572 4179 
4572 173 
173 5397 
5397 763 
6640 763 
4405 6640 
4405 3074 
2193 3074 
2998 2193 
2998 3146 
21 3146 
6124 21 
3885 6124 
4212 3885 
4817 4212 
6649 4817 
2452 6649 
2344 2452 
4208 2344 
4208 4881 
4881 4232 
4232 1919 
663 1919 
663 9 
1719 9 
1719 4432 
4432 768 
5848 768 
5848 1007 
1007 6439 
1706 6439 
1421 1706 
2148 1421 
2148 381 
381 3785 
1987 3785 
1987 1842 
1842 3440 
4647 3440 
4647 4241 
4241 4604 
6380 4604 
6380 4690 
4690 1651 
5895 1651 
5895 708 
519 708 
639 519 
3715 639 
4447 3715 
4447 2081 
2081 3826 
5374 3826 
1227 5374 
3983 1227 
2282 3983 
1163 2282 
1163 5791 
5791 5110 
5110 3660 
3592 3660 
2073 3592 
4723 2073 
4723 1772 
1772 3884 
3884 3523 
1537 3523 
4800 1537 
4800 5160 
5160 4320 
4320 4628 
2706 4628 
2706 4072 
6474 4072 
5420 6474 
5420 4504 
5904 4504 
5904 4303 
4303 2488 
3594 2488 
3594 6393 
6393 6328 
6328 4981 
4981 4823 
6076 4823 
6076 1036 
1036 3728 
3728 5248 
6441 5248 
752 6441 
5915 752 
5915 4904 
4904 6030 
6030 2507 
2507 3088 
4046 3088 
3515 4046 
3515 4216 
3999 4216 
2840 3999 
1660 2840 
6074 1660 
6074 5219 
5219 5122 
5122 6652 
6652 3293 
1796 3293 
3442 1796 
3442 4203 
3380 4203 
3380 2539 
339 2539 
569 339 
757 569 
108 757 
3255 108 
3255 2777 
109 2777 
109 592 
592 3041 
4073 3041 
4073 651 
5745 651 
5879 5745 
5879 5735 
5735 2365 
2365 4785 
4785 5437 
5437 3530 
3530 4431 
4431 1872 
1872 28 
3132 28 
80 3132 
80 1835 
5334 1835 
5334 4494 
4494 13 
13 2942 
2942 426 
426 863 
5268 863 
5268 5415 
798 5415 
798 1980 
1980 3516 
3581 3516 
894 3581 
1381 894 
1381 6156 
2939 6156 
3488 2939 
4930 3488 
1399 4930 
1399 6180 
6180 1517 
1517 377 
377 4406 
4406 2470 
2470 2122 
2122 5559 
6312 5559 
1614 6312 
144 1614 
1426 144 
1426 4134 
4134 6397 
1400 6397 
3360 1400 
5580 3360 
5580 212 
212 2250 
2250 1746 
1746 6375 
2421 6375 
3240 2421 
3240 859 
2712 859 
4559 2712 
6118 4559 
6118 5109 
5109 1003 
1003 4896 
6053 4896 
6053 5682 
43 5682 
2764 43 
4056 2764 
4675 4056 
2818 4675 
2818 5637 
6580 5637 
6580 95 
95 4974 
4974 5466 
661 5466 
990 661 
2497 990 
753 2497 
753 1406 
1406 70 
70 4144 
5927 4144 
3814 5927 
3814 5898 
1353 5898 
1353 799 
799 2652 
2652 2118 
2426 2118 
3355 2426 
3355 822 
822 2082 
6483 2082 
1568 6483 
1568 5453 
5453 998 
998 3338 
2408 3338 
2408 2693 
1597 2693 
1597 2189 
2189 6574 
6145 6574 
6145 3627 
3627 4126 
4748 4126 
4807 4748 
4807 5694 
5538 5694 
400 5538 
400 5030 
6538 5030 
5666 6538 
935 5666 
935 2515 
4252 2515 
1895 4252 
1895 789 
3881 789 
2471 3881 
5829 2471 
5829 2243 
2243 2809 
6384 2809 
6384 2803 
2803 578 
2620 578 
3316 2620 
3316 2576 
2576 4266 
4266 5987 
1129 5987 
3708 1129 
3708 5677 
5677 4901 
2882 4901 
2882 3787 
2726 3787 
2726 3837 
3837 3093 
210 3093 
6510 210 
6510 1546 
1546 6232 
6232 1171 
754 1171 
754 5436 
4143 5436 
3619 4143 
5263 3619 
5263 2093 
2093 4187 
4554 4187 
4554 3210 
3210 1885 
1885 1349 
1349 2894 
2894 5948 
5948 4556 
4556 5038 
3943 5038 
4385 3943 
4385 3536 
55 3536 
55 5152 
5152 4592 
2709 4592 
2709 4458 
1226 4458 
1226 4731 
4731 354 
354 655 
611 655 
1164 611 
2696 1164 
2696 3186 
3186 3767 
3767 3089 
3818 3089 
3818 2547 
2162 2547 
3871 2162 
1774 3871 
4463 1774 
833 4463 
3768 833 
3768 2655 
1325 2655 
1325 5098 
2661 5098 
2021 2661 
2021 413 
413 466 
466 3111 
4837 3111 
2771 4837 
2771 6010 
6010 5713 
1438 5713 
1438 5311 
3203 5311 
1676 3203 
5570 1676 
5570 3069 
6337 3069 
4511 6337 
4511 4537 
365 4537 
679 365 
679 2647 
488 2647 
488 3304 
3304 1141 
1141 3509 
6229 3509 
6229 4229 
1441 4229 
6554 1441 
1002 6554 
1002 4669 
4669 1818 
1952 1818 
1418 1952 
4147 1418 
4147 2404 
2404 1601 
1601 911 
911 1620 
3352 1620 
20 3352 
6181 20 
94 6181 
94 217 
6446 217 
6620 6446 
5470 6620 
6413 5470 
135 6413 
135 1413 
410 1413 
6269 410 
4414 6269 
942 4414 
942 59 
3758 59 
3023 3758 
3023 5349 
5349 3854 
4873 3854 
3570 4873 
3570 2489 
6604 2489 
1111 6604 
3207 1111 
3207 45 
45 230 
230 6023 
1199 6023 
1199 963 
963 2001 
2001 5541 
5541 1867 
1867 6493 
900 6493 
4300 900 
4300 2130 
2130 2793 
4008 2793 
4008 5202 
5202 5733 
5733 2014 
2014 2532 
4854 2532 
4854 2336 
1587 2336 
1587 2022 
877 2022 
5246 877 
5246 2500 
5081 2500 
1298 5081 
1298 3460 
3460 2963 
2963 1422 
3657 1422 
2780 3657 
4181 2780 
4181 1175 
1277 1175 
4185 1277 
4185 803 
1068 803 
6211 1068 
718 6211 
737 718 
5442 737 
5442 4543 
4543 6316 
4009 6316 
4009 1923 
1923 689 
689 2023 
2023 4661 
4386 4661 
4386 3930 
2141 3930 
4529 2141 
4529 792 
792 4158 
1457 4158 
1336 1457 
4770 1336 
3553 4770 
2478 3553 
6009 2478 
4336 6009 
4336 4973 
4973 1526 
1029 1526 
1029 5885 
5885 4538 
4538 4845 
4845 4846 
536 4846 
327 536 
1285 327 
1285 1102 
1102 1054 
1054 6233 
6233 6212 
4125 6212 
4125 5903 
5903 5314 
1750 5314 
1996 1750 
1996 2884 
1503 2884 
1503 291 
1978 291 
1978 6522 
6522 3235 
3235 6628 
6628 1200 
1200 4408 
4408 6332 
6332 4466 
5216 4466 
6525 5216 
2454 6525 
2254 2454 
2254 6020 
3965 6020 
3965 1860 
1860 3543 
6246 3543 
6246 2844 
1776 2844 
1776 938 
5026 938 
6591 5026 
678 6591 
3000 678 
4581 3000 
2974 4581 
2974 4515 
4515 5739 
5739 3010 
3010 3214 
5835 3214 
5835 4292 
4292 3670 
5965 3670 
6294 5965 
4321 6294 
4321 5061 
5061 4220 
6261 4220 
6261 5792 
5792 587 
587 6353 
3155 6353 
3155 5812 
5812 3031 
3031 3020 
5154 3020 
104 5154 
104 1423 
1101 1423 
1101 6427 
6427 1062 
3368 1062 
4472 3368 
4472 2592 
6349 2592 
3828 6349 
3828 5023 
5062 5023 
2718 5062 
2718 1217 
1927 1217 
1927 2126 
1306 2126 
1306 6195 
6195 2063 
2063 4541 
2091 4541 
3317 2091 
849 3317 
849 52 
52 1395 
6643 1395 
3341 6643 
2814 3341 
2814 3905 
3905 2536 
847 2536 
847 5321 
5321 172 
172 3600 
3095 3600 
2269 3095 
1584 2269 
1584 3073 
4949 3073 
5969 4949 
5969 687 
687 213 
4248 213 
4248 2791 
2791 2065 
2065 5217 
5217 2456 
2456 544 
544 3789 
3789 5779 
5254 5779 
5254 5707 
158 5707 
5012 158 
5012 5984 
5984 5409 
2796 5409 
2796 2370 
2370 526 
3234 526 
6092 3234 
5625 6092 
5326 5625 
3972 5326 
3169 3972 
3875 3169 
3875 1038 
2937 1038 
2937 5600 
5600 1647 
4740 1647 
4740 4199 
4199 6647 
6647 6589 
6589 3167 
6290 3167 
6290 5166 
5166 2382 
2382 1209 
1511 1209 
1511 6267 
2843 6267 
2843 2799 
4111 2799 
4111 4116 
4116 2140 
2140 3992 
3992 3750 
3145 3750 
724 3145 
724 4224 
3639 4224 
3639 1079 
1079 5158 
5158 1497 
6366 1497 
6366 3249 
6108 3249 
6108 5287 
5986 5287 
6263 5986 
875 6263 
875 1623 
1623 5243 
2917 5243 
2259 2917 
2259 2746 
2746 5461 
5461 1807 
1807 3845 
4354 3845 
5607 4354 
1424 5607 
1424 2833 
4070 2833 
2206 4070 
5585 2206 
832 5585 
2205 832 
808 2205 
1811 808 
3533 1811 
812 3533 
1492 812 
4290 1492 
4290 249 
249 2755 
2755 1821 
97 1821 
4935 97 
4935 5050 
379 5050 
4894 379 
4894 3348 
403 3348 
313 403 
313 5933 
5039 5933 
5039 6584 
3717 6584 
2289 3717 
6070 2289 
5125 6070 
4053 5125 
2409 4053 
2409 3455 
2896 3455 
2896 5398 
1593 5398 
1593 5105 
5105 3204 
1968 3204 
6506 1968 
6385 6506 
6385 235 
235 924 
4048 924 
2196 4048 
2196 3493 
3493 4783 
2933 4783 
1258 2933 
583 1258 
6582 583 
5156 6582 
2319 5156 
5754 2319 
1768 5754 
1768 5524 
6498 5524 
6498 2083 
2083 2954 
2954 565 
565 1615 
4097 1615 
5598 4097 
5598 6282 
6401 6282 
6401 1165 
1165 3964 
3964 4575 
1041 4575 
1041 304 
304 2035 
1373 2035 
1006 1373 
1006 3290 
3290 2841 
2841 2935 
3649 2935 
3070 3649 
706 3070 
6159 706 
6159 2210 
4165 2210 
5491 4165 
5491 5057 
5057 1911 
1911 2353 
2353 1882 
1882 2257 
2257 5102 
5102 4719 
4719 3915 
3915 5079 
5079 438 
1575 438 
5479 1575 
5479 2402 
2936 2402 
6508 2936 
6508 3376 
3376 2211 
2211 499 
499 1954 
6133 1954 
2492 6133 
2492 2788 
4874 2788 
6287 4874 
6287 6431 
6431 4632 
4632 6539 
6539 4018 
4018 4038 
4038 6432 
6432 972 
972 3044 
767 3044 
767 1496 
1496 3811 
5019 3811 
5019 2324 
2324 4792 
5963 4792 
5963 562 
562 829 
6121 829 
6121 3208 
6065 3208 
4440 6065 
1944 4440 
5517 1944 
5517 1653 
5418 1653 
452 5418 
452 3244 
5225 3244 
5225 332 
4972 332 
4972 4597 
1206 4597 
1206 4121 
243 4121 
3067 243 
3997 3067 
3997 4316 
4316 6191 
6191 2676 
5478 2676 
2589 5478 
4084 2589 
4084 638 
1935 638 
1935 6272 
872 6272 
872 4314 
4314 857 
857 4568 
4568 5689 
5689 2566 
2566 2121 
3448 2121 
3448 3176 
3176 450 
450 4389 
3538 4389 
3538 5870 
5532 5870 
1266 5532 
1266 4469 
5959 4469 
2711 5959 
2711 4722 
4722 3707 
3707 4850 
4850 4136 
528 4136 
528 1792 
1370 1792 
1370 2852 
4323 2852 
4323 6225 
5815 6225 
5815 1914 
1914 3078 
2203 3078 
2203 1222 
4339 1222 
6536 4339 
6088 6536 
142 6088 
116 142 
116 3007 
3007 2453 
2453 4599 
4599 4668 
2103 4668 
2103 3476 
3476 3596 
2477 3596 
716 2477 
2849 716 
2849 2380 
2604 2380 
2604 300 
2134 300 
2095 2134 
3817 2095 
6560 3817 
195 6560 
195 5893 
5893 1833 
3268 1833 
3268 2787 
1450 2787 
1450 573 
573 2049 
2049 2970 
2970 187 
187 1922 
1922 4004 
4004 5983 
5983 68 
4765 68 
4765 657 
657 2992 
2186 2992 
2186 2434 
2983 2434 
3774 2983 
3774 6491 
6491 703 
703 4633 
4633 4681 
4681 4752 
4752 3469 
2276 3469 
6297 2276 
6297 5335 
5335 3804 
714 3804 
714 5042 
5277 5042 
1425 5277 
1425 6352 
6352 5237 
4313 5237 
669 4313 
3678 669 
6646 3678 
826 6646 
5928 826 
5701 5928 
1462 5701 
3609 1462 
1109 3609 
1109 2384 
1459 2384 
1459 2151 
4535 2151 
4151 4535 
4151 3157 
3157 5820 
5256 5820 
5256 4771 
4771 2469 
1219 2469 
1219 4557 
4557 1687 
2580 1687 
2580 5546 
5546 126 
5729 126 
5729 1071 
1071 506 
2635 506 
2635 3319 
3319 5460 
4806 5460 
4806 4596 
4596 3893 
3893 5998 
5998 6535 
382 6535 
382 4733 
441 4733 
4693 441 
1203 4693 
595 1203 
4984 595 
122 4984 
3757 122 
3757 4961 
4094 4961 
4094 4221 
4221 5441 
5441 4701 
6285 4701 
6583 6285 
6583 465 
4387 465 
4387 4211 
1490 4211 
1490 5465 
977 5465 
977 572 
572 202 
2346 202 
1303 2346 
4671 1303 
2157 4671 
276 2157 
276 103 
103 4636 
4636 5536 
5536 5639 
4991 5639 
2742 4991 
2742 2899 
3254 2899 
3254 38 
6572 38 
3959 6572 
3959 3392 
3392 4079 
319 4079 
319 3663 
5845 3663 
264 5845 
264 2204 
6055 2204 
6055 928 
3957 928 
3957 1410 
1617 1410 
1617 5011 
5011 2681 
1338 2681 
1338 2255 
2255 2359 
3648 2359 
3648 2483 
5425 2483 
6128 5425 
3507 6128 
3507 5599 
5599 1948 
3076 1948 
6314 3076 
5027 6314 
5236 5027 
5236 729 
3259 729 
3259 5670 
4225 5670 
4982 4225 
1442 4982 
1442 4159 
353 4159 
2392 353 
2392 4416 
4416 4746 
4746 5942 
5942 3441 
2244 3441 
280 2244 
280 5167 
2107 5167 
2107 5918 
4643 5918 
4643 6631 
2758 6631 
1112 2758 
1112 4253 
3134 4253 
917 3134 
917 4756 
747 4756 
5446 747 
5446 4443 
5540 4443 
3960 5540 
4318 3960 
2808 4318 
1290 2808 
2429 1290 
2429 4530 
5651 4530 
5651 5726 
2914 5726 
2914 555 
555 6399 
5991 6399 
4797 5991 
4797 3333 
3333 4574 
6184 4574 
6155 6184 
5736 6155 
2509 5736 
4452 2509 
4452 4429 
5911 4429 
5911 1248 
4099 1248 
527 4099 
527 5721 
4995 5721 
4995 1781 
6575 1781 
6575 5650 
5650 1077 
2238 1077 
1742 2238 
1742 1536 
5699 1536 
5699 4454 
5785 4454 
5785 2830 
2216 2830 
2216 5800 
5800 4157 
1656 4157 
697 1656 
4745 697 
1692 4745 
1692 2499 
3261 2499 
4403 3261 
6354 4403 
2892 6354 
2864 2892 
602 2864 
602 6521 
6521 5909 
2905 5909 
1634 2905 
1634 4899 
4899 5990 
4368 5990 
4368 4889 
4889 5784 
412 5784 
4663 412 
1025 4663 
287 1025 
287 1482 
4809 1482 
4809 2089 
2089 1031 
1031 5819 
5819 2741 
3347 2741 
4270 3347 
162 4270 
50 162 
50 3300 
890 3300 
890 1251 
1251 1949 
4912 1949 
2194 4912 
2194 654 
654 904 
3353 904 
3535 3353 
3535 4788 
4788 5697 
5697 2930 
2930 3928 
341 3928 
341 3436 
3436 4507 
6612 4507 
6612 2379 
259 2379 
259 168 
168 2068 
2068 6504 
5010 6504 
5010 2502 
164 2502 
1319 164 
1440 1319 
1440 3480 
2286 3480 
6520 2286 
5972 6520 
1844 5972 
1844 188 
188 6052 
6052 3250 
4858 3250 
4858 4013 
4013 1485 
1485 529 
529 203 
1583 203 
1576 1583 
1576 5752 
5752 6377 
5403 6377 
6601 5403 
6408 6601 
6408 3891 
3891 2042 
2042 3839 
3839 3719 
5164 3719 
5164 5300 
5300 2890 
2890 4007 
4007 524 
4872 524 
4872 733 
733 4445 
4445 2498 
3571 2498 
3571 2545 
2545 3014 
166 3014 
5104 166 
4062 5104 
2036 4062 
2036 257 
6650 257 
6650 342 
3401 342 
1216 3401 
1216 1477 
1477 6557 
3197 6557 
3197 6056 
6048 6056 
3704 6048 
3704 5850 
1369 5850 
2090 1369 
2090 186 
44 186 
3184 44 
3184 1946 
1946 4135 
4135 5260 
6544 5260 
6544 2266 
298 2266 
298 2108 
2108 3481 
5113 3481 
5113 4361 
4361 4843 
3793 4843 
3793 4761 
4498 4761 
1734 4498 
629 1734 
6196 629 
534 6196 
5862 534 
5862 3147 
3147 4024 
5520 4024 
5520 1317 
1317 1075 
2626 1075 
3402 2626 
1151 3402 
1151 5241 
5241 5704 
4937 5704 
4937 2549 
2549 4767 
4767 3662 
2207 3662 
3909 2207 
2964 3909 
2964 1758 
1758 517 
3115 517 
504 3115 
1042 504 
1042 3369 
3369 93 
366 93 
2947 366 
3189 2947 
3189 3140 
3140 4435 
3286 4435 
1823 3286 
175 1823 
175 5347 
6486 5347 
6486 3138 
6050 3138 
983 6050 
983 771 
771 2 
3985 2 
1902 3985 
1902 814 
2664 814 
2664 3819 
3819 10 
1262 10 
1262 2296 
2296 6275 
6275 4175 
3421 4175 
5101 3421 
3359 5101 
3359 970 
970 4956 
4956 5624 
3389 5624 
1710 3389 
2834 1710 
2834 727 
580 727 
580 5760 
1891 5760 
2739 1891 
3478 2739 
5430 3478 
5430 2441 
2441 36 
36 3298 
3298 3579 
5839 3579 
5839 5783 
5488 5783 
5151 5488 
1233 5151 
1233 1662 
5329 1662 
5751 5329 
5751 563 
1769 563 
1769 3908 
6515 3908 
6515 919 
2602 919 
3877 2602 
3877 1855 
1855 2367 
2367 3602 
3602 2066 
2066 4710 
4710 4335 
4620 4335 
4620 3899 
3899 5119 
5119 2354 
2354 1809 
1809 1508 
1508 4820 
2305 4820 
2067 2305 
2067 2377 
6125 2377 
6125 1598 
2407 1598 
2407 5877 
2756 5877 
2756 1159 
1159 4670 
4670 3340 
6327 3340 
6327 3160 
3160 2747 
2747 1945 
1945 6005 
6005 1264 
1264 1250 
1250 4860 
4860 3045 
3045 1105 
1105 5456 
5456 3224 
3224 1600 
2297 1600 
6435 2297 
6435 3906 
3906 3797 
3797 4578 
5312 4578 
5312 4512 
5175 4512 
75 5175 
4325 75 
4325 4811 
787 4811 
5672 787 
5672 5251 
274 5251 
950 274 
950 3230 
5049 3230 
5049 3209 
3209 3182 
5428 3182 
5717 5428 
934 5717 
934 2996 
2466 2996 
5892 2466 
3148 5892 
5115 3148 
5115 5071 
311 5071 
2757 311 
2005 2757 
2005 4749 
1300 4749 
2820 1300 
3003 2820 
3003 4420 
3850 4420 
6540 3850 
2723 6540 
2723 5309 
5309 6163 
4209 6163 
4795 4209 
4795 570 
570 3323 
3323 2198 
2198 834 
5220 834 
5220 3015 
3015 2288 
2288 4397 
5235 4397 
6653 5235 
2481 6653 
2481 3590 
3590 4510 
6636 4510 
6636 1069 
2643 1069 
2643 780 
5757 780 
5757 6512 
6512 2650 
2650 5419 
1174 5419 
940 1174 
1211 940 
1172 1211 
2144 1172 
2389 2144 
2389 856 
856 3096 
3096 1096 
1195 1096 
1195 2044 
5533 2044 
6228 5533 
6228 4150 
4150 873 
873 4372 
4372 4172 
4172 1704 
2893 1704 
2472 2893 
6373 2472 
6149 6373 
5553 6149 
5553 328 
4283 328 
4283 673 
673 3870 
5613 3870 
5613 3039 
6490 3039 
2582 6490 
2582 6134 
6624 6134 
4455 6624 
5184 4455 
5184 2665 
4344 2665 
4344 1231 
1231 5186 
121 5186 
3418 121 
3418 1116 
479 1116 
479 6318 
3278 6318 
2581 3278 
2581 2025 
2025 4277 
4277 6002 
2649 6002 
2649 1394 
5706 1394 
6182 5706 
5506 6182 
5955 5506 
5502 5955 
5753 5502 
1464 5753 
1310 1464 
895 1310 
895 4830 
4830 283 
283 1167 
4310 1167 
4310 4582 
5307 4582 
3565 5307 
5889 3565 
6590 5889 
6590 4462 
782 4462 
4022 782 
5410 4022 
6529 5410 
5711 6529 
5711 6200 
6200 4816 
4816 4826 
4826 1721 
4375 1721 
4375 6029 
6029 2387 
2923 2387 
2923 6049 
1646 6049 
1646 685 
685 3847 
6476 3847 
6476 3443 
3443 98 
98 2897 
2897 2468 
2468 1499 
4037 1499 
4037 4152 
4152 1767 
1767 6338 
6338 6008 
4489 6008 
4489 884 
884 1194 
3695 1194 
5849 3695 
4839 5849 
1549 4839 
1549 1404 
1404 6044 
302 6044 
302 4832 
4043 4832 
4043 3417 
3417 6183 
4438 6183 
4438 2172 
2172 899 
3738 899 
4087 3738 
4087 6514 
4177 6514 
4177 2855 
2855 4110 
4531 4110 
343 4531 
660 343 
660 5100 
3608 5100 
3608 2838 
3102 2838 
3102 6611 
6611 1690 
4707 1690 
1439 4707 
1439 6175 
916 6175 
5209 916 
5209 5919 
5117 5919 
927 5117 
927 2806 
3941 2806 
5938 3941 
5938 1270 
4735 1270 
862 4735 
862 3159 
2667 3159 
2667 5943 
5968 5943 
4207 5968 
5982 4207 
5982 6545 
6545 605 
5603 605 
2490 5603 
2490 6288 
6288 4005 
4005 2007 
2932 2007 
2932 2846 
2846 305 
6096 305 
1513 6096 
1513 3770 
3770 3980 
3980 3405 
3405 5973 
5973 6479 
6479 5433 
33 5433 
33 3947 
82 3947 
82 5970 
3453 5970 
4648 3453 
444 4648 
508 444 
609 508 
4274 609 
2815 4274 
2815 4100 
6309 4100 
6309 4629 
4629 3257 
2303 3257 
1131 2303 
1131 6103 
1553 6103 
1553 5372 
5372 2185 
2046 2185 
3894 2046 
2508 3894 
2508 4978 
6136 4978 
6136 804 
5136 804 
5136 358 
358 2458 
2458 5678 
5678 4215 
4215 2112 
2112 4871 
4871 5234 
5234 4952 
4952 1649 
2825 1649 
3190 2825 
5487 3190 
5487 1727 
992 1727 
992 3643 
3327 3643 
3327 764 
764 4184 
6198 4184 
3542 6198 
1971 3542 
1971 4285 
4234 4285 
397 4234 
397 6140 
6140 1730 
3951 1730 
5552 3951 
5320 5552 
5936 5320 
3532 5936 
3532 1990 
1990 3556 
3556 2448 
3098 2448 
5096 3098 
2981 5096 
2981 6344 
3017 6344 
5048 3017 
1868 5048 
1780 1868 
1780 1618 
445 1618 
445 3601 
3923 3601 
3923 1110 
1110 4146 
4146 239 
239 5728 
1153 5728 
1153 3679 
5108 3679 
2789 5108 
2789 224 
224 3108 
2759 3108 
2759 2283 
2283 234 
3116 234 
3116 5640 
5640 1930 
1930 2388 
2388 4560 
4560 2106 
2106 6541 
6541 746 
746 1 
1570 1 
4082 1570 
4082 4782 
4782 571 
2568 571 
2568 1398 
1398 3644 
2861 3644 
428 2861 
428 3225 
3225 2529 
2719 2529 
96 2719 
96 1504 
1504 2145 
2145 4365 
4365 5088 
932 5088 
932 4236 
2845 4236 
2845 63 
3568 63 
1966 3568 
4775 1966 
2553 4775 
2553 766 
766 2339 
625 2339 
3490 625 
3490 5238 
4583 5238 
4583 4802 
4802 1380 
1380 489 
489 5084 
5084 5967 
5967 3729 
3729 5539 
1782 5539 
2444 1782 
2444 2891 
2891 1236 
1236 5463 
5901 5463 
5901 485 
5305 485 
3252 5305 
4627 3252 
4627 878 
2295 878 
2360 2295 
5843 2360 
5843 1982 
1982 957 
3781 957 
3400 3781 
5014 3400 
5014 5825 
5825 5821 
74 5821 
74 5681 
5681 1588 
4352 1588 
4352 2476 
6210 2476 
6210 4166 
4166 1309 
1309 5370 
4610 5370 
4315 4610 
4315 4877 
114 4877 
114 244 
1265 244 
691 1265 
691 4586 
5632 4586 
5632 3988 
4371 3988 
4371 2356 
2356 5386 
4569 5386 
6310 4569 
3779 6310 
2782 3779 
3935 2782 
4928 3935 
4928 4508 
4508 1624 
1624 4624 
12 4624 
12 4307 
1956 4307 
1956 5447 
5447 4902 
2910 4902 
2910 2733 
1608 2733 
2215 1608 
1643 2215 
2364 1643 
1313 2364 
1313 2513 
129 2513 
546 129 
4486 546 
4486 1884 
3482 1884 
3482 3593 
3593 5630 
2064 5630 
2064 3856 
5180 3856 
5180 6051 
5015 6051 
5015 5391 
296 5391 
6391 296 
2029 6391 
2029 431 
6069 431 
51 6069 
51 6109 
6109 4011 
2325 4011 
2325 1612 
1612 3385 
3329 3385 
2072 3329 
2072 4162 
4162 3702 
1845 3702 
5799 1845 
4322 5799 
5588 4322 
910 5588 
910 6405 
5962 6405 
5962 1579 
3920 1579 
3920 2149 
2149 3301 
4698 3301 
4698 1689 
2690 1689 
2690 4480 
4480 6567 
6567 6461 
3321 6461 
3321 406 
2802 406 
6162 2802 
6162 2829 
2829 4451 
4940 4451 
4940 1999 
88 1999 
5709 88 
5709 6146 
4781 6146 
4781 1940 
1121 1940 
3863 1121 
3863 4086 
3426 4086 
4827 3426 
4364 4827 
5249 4364 
5249 2184 
2184 5261 
5261 5628 
5628 1465 
6468 1465 
4622 6468 
4763 4622 
3777 4763 
3295 3777 
5756 3295 
5756 2315 
2315 2773 
2773 3813 
2406 3813 
541 2406 
541 1756 
3864 1756 
3864 1965 
1965 5401 
6595 5401 
1004 6595 
1555 1004 
1555 258 
258 5413 
636 5413 
636 1682 
1682 1577 
1577 2153 
2153 6414 
6523 6414 
6523 5826 
5826 5644 
5530 5644 
5530 1480 
1480 3514 
3514 4428 
6549 4428 
6418 6549 
4614 6418 
6569 4614 
4576 6569 
2866 4576 
6152 2866 
6152 2436 
4226 2436 
514 4226 
514 2858 
2858 3337 
3337 907 
2710 907 
463 2710 
3021 463 
3021 6561 
6561 4233 
6645 4233 
5067 6645 
5067 5796 
1983 5796 
3996 1983 
3626 3996 
3101 3626 
5859 3101 
2119 5859 
2119 4963 
4963 4969 
2993 4969 
2993 6062 
6062 1385 
1385 1841 
1841 1368 
1529 1368 
1529 3024 
6 3024 
6 548 
5002 548 
5002 2059 
3177 2059 
4868 3177 
4868 2754 
5265 2754 
1304 5265 
2551 1304 
4729 2551 
5121 4729 
656 5121 
656 684 
684 1312 
2284 1312 
3882 2284 
3882 6068 
5155 6068 
4662 5155 
1942 4662 
1942 4131 
3403 4131 
2395 3403 
3537 2395 
3537 5089 
391 5089 
2274 391 
1993 2274 
1993 1106 
1106 4741 
4741 2594 
1289 2594 
1091 1289 
443 1091 
2548 443 
2548 1586 
1586 233 
4580 233 
4580 5423 
623 5423 
487 623 
487 5702 
5702 2600 
4821 2600 
5925 4821 
5925 6587 
6587 6077 
1928 6077 
1928 1166 
2375 1166 
2375 5116 
5116 4033 
4210 4033 
4884 4210 
5852 4884 
5852 4573 
4573 2340 
2340 3631 
4262 3631 
4262 1178 
1178 1787 
3322 1787 
3239 3322 
4664 3239 
2968 4664 
2968 3222 
3222 5865 
5865 3486 
3467 3486 
3467 4833 
649 4833 
649 2445 
3377 2445 
3377 4495 
4245 4495 
4245 3419 
1745 3419 
5346 1745 
4676 5346 
5794 4676 
6292 5794 
215 6292 
26 215 
2666 26 
2900 2666 
2900 3890 
713 3890 
713 1808 
1808 2033 
2033 3109 
3109 622 
2940 622 
6555 2940 
6555 5306 
3665 5306 
3665 5832 
3170 5832 
3170 196 
196 4436 
447 4436 
3358 447 
4430 3358 
4430 5274 
613 5274 
4294 613 
4294 4542 
4542 4392 
4392 794 
1146 794 
1146 658 
658 5802 
4237 5802 
4237 728 
5337 728 
5337 1994 
1214 1994 
5434 1214 
5434 167 
3032 167 
5575 3032 
2051 5575 
495 2051 
495 4345 
593 4345 
593 3625 
3056 3625 
3948 3056 
4936 3948 
4936 6208 
2748 6208 
2748 1170 
1170 3883 
3883 711 
2585 711 
2585 3057 
1975 3057 
1975 941 
1684 941 
1684 4311 
5621 4311 
5621 1871 
6170 1871 
6170 3598 
2735 3598 
486 2735 
486 3821 
3821 3510 
1366 3510 
1366 2182 
590 2182 
590 4954 
4954 5900 
3027 5900 
5227 3027 
2221 5227 
321 2221 
1291 321 
5661 1291 
285 5661 
285 2416 
2416 4985 
2564 4985 
5021 2564 
3544 5021 
4247 3544 
1697 4247 
5874 1697 
5874 3408 
449 3408 
1916 449 
1916 3641 
5853 3641 
4660 5853 
4660 1834 
1382 1834 
1522 1382 
3504 1522 
3504 2979 
3422 2979 
5515 3422 
5515 3587 
5494 3587 
6001 5494 
6001 3335 
3335 6215 
2177 6215 
2177 3851 
3851 2058 
1880 2058 
3902 1880 
3902 1356 
1356 6013 
4913 6013 
4913 2880 
4822 2880 
4822 4769 
4769 6188 
6188 1009 
1009 3375 
3375 1453 
395 1453 
4279 395 
4279 5939 
5939 367 
367 5215 
4666 5215 
4666 119 
1888 119 
1103 1888 
2674 1103 
2674 4975 
1650 4975 
1650 2912 
2912 130 
130 6630 
2369 6630 
2369 1247 
2948 1247 
2948 641 
1030 641 
1030 5748 
5748 1256 
2479 1256 
2479 417 
1278 417 
1278 3183 
1272 3183 
1272 6342 
378 6342 
6402 378 
1749 6402 
1749 6302 
6663 6302 
962 6663 
962 1191 
1191 5679 
374 5679 
374 1840 
1840 4997 
2961 4997 
2961 5114 
1223 5114 
1412 1223 
1789 1412 
6167 1789 
3087 6167 
3087 2999 
2999 4753 
1073 4753 
868 1073 
2762 868 
2762 2168 
2168 1886 
1886 1263 
6004 1263 
1964 6004 
3790 1964 
5072 3790 
5072 3937 
3937 3714 
3714 4120 
4120 6179 
6179 1713 
1805 1713 
2451 1805 
5663 2451 
5663 3450 
5512 3450 
2512 5512 
2512 5846 
5846 6644 
265 6644 
4106 265 
4106 3573 
5396 3573 
5396 5905 
823 5905 
823 2678 
3692 2678 
3692 1391 
248 1391 
248 1044 
1044 3332 
3366 3332 
3366 1667 
1667 4198 
4198 796 
796 4680 
1472 4680 
5755 1472 
5755 407 
407 6579 
6579 1210 
1210 4107 
4107 844 
6283 844 
6283 607 
607 389 
3383 389 
5831 3383 
5831 2615 
4069 2615 
4069 2071 
2071 6524 
6524 1383 
4737 1383 
4737 5578 
1114 5578 
3632 1114 
3812 3632 
1213 3812 
4593 1213 
3388 4593 
3388 3727 
4699 3727 
4258 4699 
2368 4258 
2368 5449 
5449 5245 
3990 5245 
790 3990 
790 5451 
5451 2099 
1275 2099 
1275 1852 
1852 2911 
2911 2394 
2394 4261 
4261 725 
725 591 
591 3723 
732 3723 
646 732 
1515 646 
2246 1515 
3744 2246 
3744 11 
3932 11 
3932 6325 
6537 6325 
6537 2997 
4525 2997 
4525 4434 
1890 4434 
1655 1890 
1655 5806 
5806 41 
3303 41 
3303 3528 
3528 316 
5519 316 
5519 4870 
4870 6532 
6532 2919 
1279 2919 
1323 1279 
1323 4051 
4051 3351 
1466 3351 
5352 1466 
5352 1969 
1969 2275 
2298 2275 
5484 2298 
5484 760 
3215 760 
5161 3215 
5161 4419 
3391 4419 
3470 3391 
3470 2863 
2863 967 
967 3445 
696 3445 
3489 696 
3858 3489 
5804 3858 
237 5804 
237 549 
320 549 
320 4591 
4591 3628 
879 3628 
286 879 
286 5034 
5034 6641 
3969 6641 
2886 3969 
6635 2886 
3916 6635 
6037 3916 
6021 6037 
3055 6021 
2038 3055 
2038 5567 
5567 253 
253 3683 
2043 3683 
2043 6421 
2691 6421 
3205 2691 
3205 4340 
5836 4340 
5551 5836 
5551 2946 
2946 3554 
3554 1957 
6111 1957 
4734 6111 
2173 4734 
2098 2173 
4920 2098 
2475 4920 
2475 1936 
1936 4708 
260 4708 
6094 260 
4861 6094 
459 4861 
1664 459 
1664 5789 
2989 5789 
2989 3060 
3060 1816 
1816 6299 
6299 1963 
1963 1671 
3557 1671 
3557 5191 
5191 221 
2056 221 
4594 2056 
1766 4594 
1766 3211 
3211 4180 
1085 4180 
6436 1085 
3424 6436 
3424 3962 
3326 3962 
3326 4742 
4742 2003 
6257 2003 
6257 909 
909 5698 
2684 5698 
6492 2684 
6340 6492 
6340 4876 
2096 4876 
335 2096 
3412 335 
3412 5531 
5531 1374 
3091 1374 
3091 2851 
4142 2851 
1446 4142 
1446 1107 
1107 440 
156 440 
156 3539 
3539 4421 
4649 4421 
4649 6362 
1960 6362 
1960 5591 
3342 5591 
6117 3342 
6289 6117 
6289 2671 
3924 2671 
5866 3924 
5866 2321 
2321 1541 
1541 4381 
4085 4381 
4085 1998 
2361 1998 
2361 3751 
3751 745 
2154 745 
2154 6036 
748 6036 
748 3001 
3001 5587 
3901 5587 
3901 4042 
2544 4042 
2682 2544 
2682 3733 
3733 4847 
3313 4847 
3313 131 
2050 131 
2050 5293 
5293 6627 
4477 6627 
4477 4200 
4200 451 
451 5971 
5971 4168 
4168 4378 
4378 4726 
5834 4726 
944 5834 
944 5872 
5872 2865 
362 2865 
2984 362 
3995 2984 
3995 712 
712 1909 
1832 1909 
1832 2518 
1403 2518 
1403 5093 
2285 5093 
340 2285 
340 4114 
4114 293 
293 4394 
1532 4394 
2920 1532 
2920 3604 
3604 2428 
2428 4066 
5956 4066 
5887 5956 
5887 4304 
4304 987 
5350 987 
5350 4010 
4010 644 
644 4684 
2181 4684 
2181 6189 
6189 4718 
956 4718 
956 2779 
2779 3527 
3527 4367 
1566 4367 
2985 1566 
2985 5529 
1154 5529 
1851 1154 
1851 3283 
3283 6629 
6629 275 
275 936 
4932 936 
6165 4932 
6165 3310 
3310 1817 
1817 2725 
2725 951 
951 3163 
62 3163 
62 157 
157 1430 
1430 4030 
4030 6516 
6516 2601 
4691 2601 
4691 5055 
5055 4887 
1067 4887 
1067 4170 
601 4170 
774 601 
2637 774 
1609 2637 
1609 2526 
2526 472 
5620 472 
5620 642 
642 5405 
3390 5405 
1487 3390 
1189 1487 
2889 1189 
2889 3406 
3406 3492 
3492 850 
850 6456 
6456 1316 
1316 6434 
6434 4118 
4217 4118 
984 4217 
984 3759 
3759 3258 
3136 3258 
228 3136 
6139 228 
1825 6139 
2669 1825 
2669 4357 
4357 6368 
198 6368 
883 198 
4016 883 
4016 3564 
2823 3564 
2823 3716 
842 3716 
842 6203 
6203 2557 
2557 4657 
2587 4657 
2587 5685 
5685 1113 
1113 5316 
473 5316 
1679 473 
1679 6638 
6638 375 
375 5273 
5273 127 
3827 127 
1874 3827 
1874 3946 
3946 3446 
4089 3446 
4089 123 
123 1056 
6250 1056 
6250 6216 
6216 3620 
3620 467 
467 4301 
4301 404 
6209 404 
6632 6209 
6632 408 
408 3217 
4390 3217 
4390 4359 
1015 4359 
1015 552 
552 550 
550 2292 
2574 2292 
5953 2574 
1539 5953 
1539 3051 
4260 3051 
4787 4260 
4787 2862 
1335 2862 
1246 1335 
231 1246 
6240 231 
2249 6240 
2249 1294 
1294 5174 
2474 5174 
4909 2474 
3743 4909 
3743 6164 
6164 4744 
4744 5594 
5594 5332 
5332 5659 
5659 5974 
3945 5974 
1050 3945 
1050 1435 
1435 5253 
5253 4467 
1136 4467 
3569 1136 
3569 5087 
6417 5087 
6417 2975 
2975 6219 
6219 3105 
3105 39 
39 2199 
2199 3623 
2578 3623 
2578 784 
784 2832 
2832 848 
2702 848 
2702 6438 
6438 502 
3012 502 
589 3012 
1498 589 
1498 5028 
5028 4803 
110 4803 
6394 110 
6394 6485 
6485 6298 
6298 2348 
3645 2348 
3645 4355 
2511 4355 
5732 2511 
1763 5732 
1763 5091 
3122 5091 
3122 5993 
5993 965 
965 3374 
5163 3374 
6281 5163 
6281 5584 
5584 3865 
5018 3865 
1040 5018 
1040 4640 
5498 4640 
5498 181 
4141 181 
4453 4141 
888 4453 
1929 888 
4032 1929 
3152 4032 
2659 3152 
2659 3921 
3921 3563 
3563 5354 
5354 1709 
913 1709 
913 5133 
2004 5133 
2004 5790 
5790 4396 
4055 4396 
4055 6599 
6599 394 
5662 394 
5662 2447 
2447 2435 
1672 2435 
1672 1666 
5036 1666 
5036 999 
128 999 
3468 128 
3468 3567 
3567 5271 
5103 5271 
5103 5759 
5003 5759 
5003 5429 
1724 5429 
79 1724 
6319 79 
5571 6319 
6059 5571 
6059 1879 
1879 1560 
5059 1560 
5059 4790 
4790 2331 
2331 5317 
5317 4990 
4990 5146 
5146 3135 
2737 3135 
2737 5134 
5134 1483 
2202 1483 
2202 6230 
4493 6230 
4493 3633 
6058 3633 
2156 6058 
1703 2156 
4460 1703 
4521 4460 
3220 4521 
3220 6415 
6415 2341 
4523 2341 
1728 4523 
585 1728 
498 585 
498 3867 
3867 1252 
3192 1252 
1659 3192 
1659 4492 
4492 3260 
3825 3260 
3825 3650 
1760 3650 
1761 1760 
1761 968 
968 2169 
1981 2169 
836 1981 
836 2322 
2506 2322 
2506 1901 
1901 5549 
3682 5549 
69 3682 
5886 69 
5886 2784 
5111 2784 
5111 2982 
5388 2982 
5388 4297 
4577 4297 
4577 1736 
1736 150 
2772 150 
4332 2772 
3396 4332 
557 3396 
1752 557 
3399 1752 
3399 1797 
2575 1797 
3709 2575 
3709 5653 
1447 5653 
3616 1447 
3616 5855 
2550 5855 
6581 2550 
2127 6581 
3589 2127 
3589 2088 
1297 2088 
1297 4857 
4500 4857 
4500 48 
48 2484 
2586 2484 
3331 2586 
3331 2556 
2556 3384 
5120 3384 
5120 1574 
1574 2646 
2646 4287 
4025 4287 
4025 6528 
6528 6045 
6045 5664 
5112 5664 
948 5112 
948 3126 
435 3126 
4545 435 
2906 4545 
2906 3267 
6360 3267 
6360 3968 
3968 853 
5438 853 
4608 5438 
4608 4948 
4948 1590 
415 1590 
3795 415 
90 3795 
3241 90 
3241 1232 
1232 3363 
3363 1176 
6259 1176 
6259 297 
3667 297 
493 3667 
493 3629 
3629 4584 
3735 4584 
2493 3735 
2493 5817 
5817 6466 
6466 522 
2736 522 
2736 6489 
6489 256 
5369 256 
5369 159 
159 6411 
860 6411 
860 4922 
3262 4922 
3262 6083 
6083 3574 
4717 3574 
5922 4717 
5922 4275 
4999 4275 
4999 6011 
6011 2396 
2396 2317 
4665 2317 
3127 4665 
3199 3127 
3675 3199 
988 3675 
988 4259 
5440 4259 
1358 5440 
1204 1358 
1204 2514 
1519 2514 
1519 3425 
3425 1321 
2032 1321 
2032 5818 
3918 5818 
3918 4267 
4267 2432 
2432 2102 
6119 2102 
6025 6119 
2345 6025 
2583 2345 
2583 6336 
6336 4197 
6420 4197 
6420 1961 
1961 2252 
2252 6395 
6395 5364 
2525 5364 
5094 2525 
2959 5094 
2959 3461 
3461 2695 
2695 6331 
6331 14 
14 1875 
5279 1875 
1094 5279 
3306 1094 
3306 4243 
3776 4243 
3776 1580 
1580 4813 
5712 4813 
5712 5141 
4642 5141 
4642 4522 
5289 4522 
5501 5289 
1881 5501 
1881 4851 
5966 4851 
2617 5966 
1906 2617 
1906 3272 
3272 1698 
1698 361 
288 361 
5978 288 
2857 5978 
4160 2857 
1819 4160 
1819 5341 
2142 5341 
2142 385 
385 3218 
3218 6187 
6187 2949 
3013 2949 
5813 3013 
5813 4709 
4709 3393 
1138 3393 
1299 1138 
372 1299 
2152 372 
6570 2152 
5231 6570 
5231 3994 
3994 334 
334 5780 
5780 4603 
5558 4603 
2260 5558 
2867 2260 
2867 3910 
3910 3502 
5044 3502 
5777 5044 
5777 3756 
933 3756 
933 4137 
4137 3202 
3202 4015 
4015 3896 
5157 3896 
1762 5157 
2554 1762 
2554 1417 
5910 1417 
5910 1364 
719 1364 
4063 719 
4063 1055 
1527 1055 
1527 2343 
2343 3016 
449 3641 
5650 527 
1982 3781 
672 3452 
1333 3180 
2728 5210 
2882 5677 
4882 3238 
4766 5565 
4009 4543 
5759 5271 
3677 5056 
4518 2271 
0 6586 
2714 399 
3244 1653 
4027 2743 
3519 2278 
333 1343 
484 2611 
5958 2323 
495 2748 
6199 3866 
5988 6507 
51 3385 
1584 3600 
1522 3422 
4696 4497 
459 6094 
1899 1365 
6149 328 
6221 1402 
4929 4818 
4707 3102 
4058 4487 
4487 2776 
2524 5652 
3318 6213 
1587 5246 
25 1181 
700 1035 
2708 2501 
443 1993 
4905 4093 
1562 1460 
268 3513 
2791 544 
6159 3070 
4241 1842 
3323 834 
3554 260 
6550 4299 
3630 192 
763 6308 
1265 114 
2469 5820 
1763 4355 
1490 4387 
2913 1063 
6221 5894 
4810 35 
5498 4141 
4553 6138 
3859 5394 
5737 5033 
4748 400 
6494 107 
94 6446 
3697 1910 
3288 34 
5163 5584 
4663 4899 
1710 5624 
1517 2470 
4435 1823 
1882 1911 
801 3857 
762 61 
2003 909 
3173 5196 
666 676 
692 2253 
3719 5300 
3191 554 
5645 4487 
1173 2885 
6302 5679 
5031 3534 
1546 210 
3280 2443 
2499 4403 
4955 1680 
622 1808 
379 403 
5970 6479 
5125 3455 
6290 1511 
426 13 
6271 5128 
5015 5180 
3985 983 
131 5293 
728 5802 
1488 4977 
74 1588 
1905 2563 
1891 5783 
6061 3993 
1898 6110 
6539 4038 
5598 1768 
290 510 
3837 3787 
4652 4239 
428 1398 
4111 3639 
6029 6049 
5358 4739 
6165 275 
5982 5968 
4259 1358 
5680 4488 
279 5298 
4759 6478 
3442 5219 
4795 6163 
411 106 
1684 1975 
1039 6280 
6352 5277 
5081 2780 
4011 3385 
1017 545 
2954 5524 
1042 3189 
479 4277 
991 4926 
5138 6071 
391 1993 
1947 3483 
75 4512 
1206 243 
3003 1300 
491 5360 
6324 1528 
1611 5875 
3073 2269 
4054 3181 
5662 2004 
6098 2175 
4949 213 
305 1513 
2596 360 
1425 5042 
5128 6227 
4936 3883 
4277 2649 
801 1234 
4496 1039 
1494 915 
5797 6576 
1206 4972 
6271 3576 
3273 586 
5265 4868 
4208 6649 
6092 526 
1746 5580 
6339 2397 
4000 4885 
4193 1512 
4938 3195 
2395 5089 
6645 4226 
3315 4347 
884 5849 
4938 2977 
6480 4239 
5686 333 
3465 4626 
1707 3754 
4599 116 
6563 3654 
1730 5320 
1570 2145 
5472 5557 
3383 607 
4054 5257 
1843 3925 
6367 4191 
4009 689 
1614 1426 
2613 3550 
1580 5966 
2861 3225 
149 1628 
6160 3497 
953 4299 
1472 407 
1712 182 
4311 6170 
6342 1278 
2210 5491 
5460 506 
120 2053 
2485 4971 
1464 4310 
4877 244 
44 2090 
2934 3457 
4910 5497 
1836 1616 
449 3544 
6233 1102 
234 5728 
3025 6303 
406 6461 
5506 5502 
1769 6515 
870 5427 
3771 1005 
2782 6310 
6037 2038 
119 367 
4505 4088 
3220 2341 
785 169 
6143 3336 
1266 3538 
2424 1342 
2405 3681 
3438 3120 
6521 4368 
2509 4429 
1053 2595 
4061 53 
2706 6474 
3123 5480 
1363 2657 
771 6050 
3298 5430 
3151 92 
5211 3181 
3945 1435 
3912 1476 
20 911 
1378 310 
3696 2241 
1221 6556 
2874 1245 
6134 4455 
1246 4260 
4903 4526 
6443 1130 
2536 3341 
810 540 
5725 921 
2924 2076 
202 4636 
3507 5027 
2297 5312 
4945 6443 
4598 5348 
4122 448 
3691 4006 
2823 4016 
3463 3107 
6557 6048 
1854 4692 
3321 6567 
6301 5496 
4001 538 
4985 4954 
518 3506 
4210 5852 
1781 5650 
2427 2248 
2295 5843 
3090 2132 
6140 4234 
5726 4530 
3309 5723 
2350 2929 
799 5898 
4874 6432 
6107 4609 
5661 2564 
4639 2952 
3151 2729 
2690 5799 
3930 2023 
1038 1647 
6519 3128 
3207 6604 
3870 4283 
1541 4085 
2666 2033 
45 1199 
3329 5799 
4451 6461 
271 4269 
226 3950 
2296 10 
2654 6157 
6584 313 
1736 3616 
962 2479 
2355 4697 
3468 5271 
1116 6318 
5335 3469 
4254 4090 
6021 2038 
6212 5903 
1991 3113 
6458 6425 
6341 4914 
1028 5052 
6313 574 
6052 4013 
2790 1452 
2394 1852 
508 4648 
5409 5254 
2414 4764 
2209 5455 
2866 2436 
5362 2077 
1726 4049 
2841 304 
6316 1923 
3089 2547 
3993 6588 
5847 1063 
2268 3212 
4507 2379 
2917 2746 
4067 560 
1249 4943 
770 4179 
6130 3121 
80 28 
1736 3396 
4887 4170 
3966 5210 
4312 4081 
6019 5095 
1885 3619 
6568 1271 
4874 6431 
5594 5974 
6528 5438 
2090 5850 
5273 6638 
2776 3611 
4409 4282 
4866 5197 
58 4615 
2612 3926 
4709 361 
2577 4613 
5618 1741 
6574 1597 
5533 873 
1782 2891 
6223 1521 
3579 1662 
1955 5508 
863 5415 
3368 2592 
2904 6185 
5896 5172 
1662 1769 
1257 2750 
1479 915 
6318 2581 
4032 2659 
6643 2814 
3699 4705 
2596 4547 
4144 753 
2445 4495 
3466 4497 
446 4092 
5359 2598 
1629 568 
786 1723 
1971 5552 
6205 1455 
3311 1804 
2033 713 
2213 2887 
4066 2920 
447 4430 
6125 2305 
543 3775 
4413 2965 
5077 4547 
936 1817 
4130 6378 
5794 5346 
86 1389 
4850 4722 
5835 5965 
6173 6321 
5212 2957 
5402 6419 
1282 1670 
2434 6491 
5389 4772 
2682 5587 
528 4850 
15 4021 
4269 4764 
3223 4766 
5899 434 
3701 6365 
5394 250 
38 4387 
4674 763 
1727 3643 
6519 2657 
6024 220 
5170 3765 
4247 5874 
3515 6030 
4078 869 
5849 1549 
2973 5363 
4766 2358 
3709 5855 
1212 1613 
2027 418 
2755 4935 
5841 4955 
3128 125 
6664 6660 
2664 771 
1199 2001 
4758 4167 
6518 3271 
88 4940 
4846 1503 
3812 5578 
1528 3253 
5282 227 
1316 2889 
5884 42 
4132 482 
3819 814 
525 4679 
133 1286 
186 1369 
2293 2913 
477 4231 
6117 4649 
4710 2367 
5816 4041 
2705 6454 
302 3695 
724 1079 
6609 3658 
1424 2206 
2198 4209 
4274 4629 
986 778 
1650 2674 
4991 38 
4053 2289 
3545 4167 
1399 1517 
6313 5001 
4490 2980 
2728 4418 
3764 614 
1343 5381 
2189 6145 
18 2482 
6638 3827 
6551 6361 
2669 3258 
6118 1003 
2533 5673 
1334 1185 
940 5757 
1730 5552 
2048 6430 
1217 5062 
3763 273 
2211 2936 
4510 2643 
988 4665 
1284 4988 
1959 1261 
5130 4711 
4296 1378 
5461 1623 
2200 6565 
4387 6583 
2144 1211 
1411 2270 
2551 5265 
486 6170 
678 4581 
2462 3223 
5585 4070 
6636 2643 
1040 5732 
964 171 
5429 5759 
2845 96 
4280 5875 
2082 1568 
186 2266 
2397 5916 
4191 3815 
4722 3538 
5099 371 
4008 2532 
3711 5344 
3504 1382 
2828 5854 
4206 4075 
5061 6294 
1524 6202 
728 1214 
1016 5474 
6541 4560 
1597 3338 
5748 417 
5923 4600 
4428 1480 
2255 3648 
5528 4306 
4942 4517 
6195 2126 
1871 3057 
2824 132 
2234 2290 
4643 3134 
3997 243 
642 472 
1505 6093 
5154 3031 
5329 563 
2709 5152 
361 3272 
2353 3649 
3132 3530 
2167 2817 
5974 3569 
6591 6246 
2719 1504 
1009 1453 
4221 4701 
4649 1960 
6012 5165 
4025 6045 
4117 5803 
292 5769 
544 2065 
878 2360 
5044 3756 
5731 954 
5484 2275 
608 628 
372 6570 
4715 4634 
3492 1189 
1080 4105 
2159 4183 
2832 3623 
324 4514 
2540 84 
1421 3785 
5834 5872 
3950 134 
1111 2489 
2152 1299 
5836 2946 
5396 823 
3273 1215 
2254 5216 
566 3525 
1319 188 
1698 4160 
4227 4128 
6157 3753 
2171 3621 
6610 6656 
229 1876 
1592 1455 
3055 6037 
4751 4609 
3743 3945 
3587 6013 
4782 2568 
4084 2676 
4647 1842 
6069 2029 
5274 3358 
100 2603 
5817 493 
5466 95 
5233 1500 
2757 4749 
107 1859 
5066 1632 
862 1270 
2905 6521 
2266 2108 
6337 5570 
1643 129 
2394 725 
3407 4240 
2292 1539 
306 6610 
5977 171 
3597 1197 
4662 3403 
5049 4325 
1708 5741 
5214 4945 
1697 3544 
206 5258 
5761 5747 
2736 6466 
3310 951 
720 800 
5874 1382 
3774 4681 
5735 4073 
5286 330 
5019 5963 
4088 3495 
3605 1181 
4945 4093 
4859 2708 
6227 5223 
1249 2460 
2291 3110 
3591 4639 
4463 3871 
3738 2172 
4432 4232 
3635 5024 
1533 6449 
4759 2265 
409 3133 
6338 4152 
5376 3479 
4880 6019 
1958 5210 
3870 2582 
1369 6056 
3969 6037 
4905 1538 
1402 4563 
2093 3210 
896 6440 
4999 5369 
5337 1214 
1724 6319 
923 3395 
4761 4843 
589 502 
5013 6487 
2568 428 
3525 5445 
5388 2784 
5133 1672 
3060 6299 
6180 377 
1776 5026 
6454 1894 
4392 196 
901 5290 
458 6234 
1844 2286 
547 5660 
2793 5733 
2436 514 
6582 2319 
2758 3134 
1466 1279 
1154 6629 
270 3764 
2319 1768 
6249 6558 
3395 6376 
5608 5051 
2660 3961 
2430 267 
3948 495 
1471 781 
1667 796 
4986 4513 
6155 2509 
5130 4413 
4769 3375 
6084 1563 
4022 5711 
2050 4477 
285 2564 
1955 1545 
992 5487 
1468 1892 
2046 6103 
6346 350 
6530 6348 
2219 3830 
232 6356 
3368 1101 
5522 6174 
3477 5129 
2736 6411 
3564 3716 
4466 6525 
6048 3197 
5281 6306 
116 2453 
4443 4416 
969 5022 
3326 3424 
4625 5304 
1266 1792 
2689 346 
2840 6074 
625 2553 
3547 2422 
2327 4942 
3355 2652 
4332 1752 
2621 1839 
2422 2738 
339 3255 
4055 5790 
4362 4784 
80 13 
4332 150 
1919 9 
1855 919 
4174 4384 
4826 3847 
463 907 
1147 3350 
1939 2528 
4789 5864 
4447 5374 
5712 5279 
1372 5935 
4900 6382 
1269 5459 
3608 6514 
3686 3308 
5297 2924 
3950 5126 
5416 561 
5371 4067 
1415 1074 
1236 485 
62 4932 
127 375 
2340 1166 
1246 2862 
2365 5437 
5084 1236 
3903 222 
3399 2772 
1379 4853 
3674 6033 
2061 2316 
2318 2798 
5807 6099 
6404 1396 
285 4985 
3437 1017 
4336 1457 
6540 5309 
1592 5636 
803 5442 
5542 5182 
2298 1969 
5446 5991 
6508 5102 
3411 5597 
6330 4362 
4268 3749 
4690 4604 
4667 6113 
5873 2785 
5783 3579 
3743 2474 
230 1199 
6664 3328 
5854 6270 
6170 5621 
358 804 
558 2290 
1092 3149 
1718 3071 
2227 6112 
987 5956 
206 2973 
5684 3577 
4266 2809 
4847 6627 
5015 296 
477 351 
6498 2954 
4251 1018 
1285 536 
3999 1660 
6513 881 
3979 6509 
765 4786 
5694 400 
120 4725 
745 2361 
1097 5343 
200 1024 
1350 3242 
4381 1998 
5344 1414 
3502 3896 
1418 2404 
3688 5303 
4106 5396 
522 256 
3805 4891 
1677 3585 
5939 5215 
5992 2629 
6147 5203 
4600 3339 
535 4959 
739 3064 
6661 1493 
3145 4224 
1816 1963 
5216 6332 
4379 4934 
2984 712 
6521 2864 
3360 2250 
3062 3022 
1650 130 
2270 6625 
741 3229 
5646 3630 
1266 4389 
2007 5603 
5924 1134 
1 6541 
6264 795 
6227 1473 
4378 944 
1897 5318 
4711 3117 
5648 5128 
250 3237 
2468 1767 
5998 382 
4918 2503 
2013 251 
4000 6407 
4716 6022 
5334 2942 
715 1893 
2376 2494 
3550 2675 
2563 1648 
18 5037 
5304 3560 
4390 1015 
3063 4567 
6236 2455 
2742 5639 
5915 6030 
4699 5245 
6065 5517 
3857 1785 
5029 841 
4322 3702 
999 3567 
2545 2498 
1872 4785 
4475 2828 
238 5581 
2865 5834 
3405 3770 
1206 5418 
6386 5992 
2862 231 
3732 2616 
3537 4131 
1180 1449 
842 2823 
5696 3004 
59 230 
3441 2758 
5597 2543 
4364 3426 
3315 6197 
3620 4301 
5411 3630 
1962 2980 
1041 2035 
4144 822 
6416 3861 
4339 3078 
685 6049 
3583 494 
2266 5113 
1984 2928 
5230 5343 
112 1722 
973 559 
2201 4377 
1256 2369 
875 1807 
277 5199 
1180 4704 
4196 1084 
730 4968 
2861 1398 
1430 62 
5061 6261 
3628 237 
6412 3432 
5100 4531 
5378 6135 
6110 5290 
4242 2819 
336 730 
6155 4797 
6360 1590 
1493 322 
485 5463 
5540 4318 
4712 4562 
5403 3891 
2693 2189 
3955 1257 
2373 6100 
6418 1480 
684 5265 
4590 5128 
1736 5549 
813 3312 
6319 1879 
2329 2807 
6043 6197 
5785 2216 
1633 4941 
5044 3910 
5348 5851 
2418 3900 
4915 1286 
1914 4339 
2569 3844 
6543 6260 
2901 1197 
4576 6152 
1311 398 
3985 771 
3626 1983 
5637 4675 
5605 3043 
1404 2172 
1622 2988 
2062 2916 
391 4131 
1632 6071 
5309 4209 
3961 761 
1852 2099 
5017 5444 
4570 1491 
1616 4343 
3055 3916 
639 2081 
4789 4308 
2654 4471 
4214 1921 
2906 3968 
3947 5973 
3899 2354 
6353 5812 
3505 530 
8 218 
3741 614 
4668 142 
964 6374 
6371 3866 
2826 165 
3225 2719 
605 2490 
703 4752 
5850 6048 
4983 6107 
931 1861 
4517 3927 
643 3798 
2571 1605 
4106 5905 
5004 4786 
2983 2992 
5342 4014 
6439 1421 
4067 2125 
5853 1834 
6562 1669 
3260 1659 
5693 6022 
4693 6535 
2572 3712 
696 5034 
5584 5018 
4790 4990 
5682 4896 
3649 706 
5817 3735 
5509 2031 
1950 3080 
4908 4231 
4258 5245 
1656 5800 
1166 6077 
4572 3927 
3695 1646 
813 5902 
4746 2107 
1343 209 
2279 817 
3916 6021 
5884 3801 
1028 1751 
6134 6490 
6411 5369 
5996 4384 
3839 6408 
5422 6093 
4431 5437 
2788 6287 
5503 5404 
234 2759 
3660 2073 
3906 2297 
2463 5336 
413 2661 
197 456 
4569 12 
371 2015 
526 5326 
515 1741 
986 722 
1759 1095 
128 5036 
4268 6433 
3598 941 
1198 6370 
797 1605 
1702 5389 
1491 3578 
3078 6225 
3223 6082 
783 2837 
1227 3826 
5188 4268 
6450 6222 
1443 874 
5731 3025 
1768 6498 
4899 4889 
1595 5908 
1286 2237 
5966 4522 
538 6406 
6258 5810 
409 2786 
5584 1040 
365 4511 
3089 3186 
1383 4069 
125 6519 
2142 6187 
3164 4331 
1969 3215 
5285 177 
639 1227 
1277 718 
5430 2739 
2730 3782 
1287 422 
5151 5329 
3141 3866 
881 120 
6591 1776 
3565 4582 
1434 77 
1063 5267 
1449 1305 
5541 4300 
3051 1335 
3460 5246 
5154 5812 
3447 5623 
4030 2601 
3928 4788 
1994 728 
2824 5902 
220 3491 
3902 6013 
709 3763 
485 3252 
990 6375 
4358 4526 
4175 5101 
6364 1074 
4300 6604 
4965 3518 
2590 4058 
613 4436 
2184 4364 
6631 5446 
266 996 
2058 1356 
5425 5027 
3954 4383 
2917 5607 
520 4957 
4718 2181 
5108 224 
6361 2860 
897 1287 
6523 1577 
2089 1482 
4455 2582 
3097 902 
2658 1090 
5219 1660 
2939 6180 
4369 531 
5895 4690 
1118 921 
1963 5789 
2406 2773 
134 4206 
5022 2132 
4269 5881 
5720 3566 
6361 6472 
3089 2162 
3569 4467 
2528 5435 
4444 1274 
506 126 
4710 3602 
6191 5478 
4509 1347 
5261 5709 
6348 6463 
4658 4791 
3804 2276 
294 3576 
399 3736 
5927 753 
4744 5332 
1586 443 
5251 950 
1290 4530 
549 5804 
3807 846 
5267 2913 
834 4795 
6492 5698 
6403 1631 
5346 6292 
4832 6044 
1578 3054 
761 4186 
5665 2774 
1412 5114 
1479 1925 
825 5259 
6373 4283 
1089 6527 
1935 4314 
1983 2993 
1054 327 
3063 4404 
3046 387 
2149 1689 
474 4619 
5237 1425 
3883 5434 
439 4883 
5526 4844 
3875 2937 
19 6137 
3286 3985 
789 4252 
2550 2088 
4436 3170 
225 4491 
216 3362 
5847 2208 
961 4249 
6176 6625 
1910 1420 
5651 5911 
5975 1744 
3994 5780 
1708 4906 
967 760 
5190 4214 
1835 13 
3995 362 
6361 2415 
603 6531 
526 2796 
2173 4920 
1386 665 
550 1015 
207 4987 
6579 3366 
6635 3055 
4342 2714 
5532 3538 
4285 3542 
2761 4418 
168 6504 
5190 2565 
1103 4975 
6543 492 
6565 5204 
5565 4853 
5847 22 
6246 5216 
6478 667 
4987 2220 
1993 3537 
5250 3029 
5151 3877 
796 1391 
933 3910 
2686 423 
1789 3087 
3116 2759 
1482 412 
3149 5223 
2066 580 
940 6512 
2930 341 
2098 2475 
991 2750 
4824 294 
3392 5845 
3601 1618 
2434 2992 
3622 1090 
439 1014 
2093 4556 
462 818 
662 3294 
2497 5637 
4033 5852 
6010 4837 
3111 413 
3413 5560 
6420 2525 
4600 2881 
2464 1907 
5153 6087 
2878 3343 
203 1576 
4536 1001 
897 6177 
6327 1159 
1252 498 
5909 4899 
2418 3976 
636 1577 
3036 5873 
2799 6267 
4000 3754 
1291 2416 
4756 4253 
86 1179 
5715 6412 
4097 3964 
3101 1983 
2755 3533 
5171 4613 
5347 3138 
1983 5067 
3899 4335 
4933 3339 
3134 1112 
6103 5372 
2865 2984 
416 5858 
4492 5549 
1647 6647 
3278 479 
2177 3335 
6419 3394 
2470 5559 
2515 5030 
3646 370 
1391 2678 
1141 6229 
1948 38 
1097 2347 
5273 3827 
399 5608 
15 982 
3707 2711 
1979 1152 
6437 5060 
5606 4338 
6128 5599 
5299 2323 
5493 2916 
5664 948 
1895 935 
3279 5343 
2479 3183 
1665 1127 
4868 5002 
5720 2171 
5823 5929 
2109 4112 
4129 915 
2519 4907 
6096 2846 
1600 5456 
364 4426 
5619 3193 
5174 4909 
2269 687 
1079 4224 
442 433 
988 2102 
4576 4226 
6225 1914 
3548 1669 
5402 542 
4721 1652 
112 4444 
4928 4624 
3400 3252 
1538 4433 
5010 1440 
5665 4441 
3795 1590 
2664 10 
2798 1086 
3181 5636 
3148 5071 
5410 5711 
386 2277 
3030 535 
5630 5180 
718 4185 
2173 6111 
904 3535 
5154 1423 
6264 5762 
5393 6067 
3627 4807 
3619 4187 
4686 270 
2575 5653 
5861 4602 
4702 3846 
6 5002 
1854 2352 
6035 3097 
1271 6102 
2335 5299 
3716 2669 
3561 3737 
280 2107 
4872 4062 
3620 6250 
160 1119 
1747 1644 
943 4020 
4669 6554 
5338 2190 
5007 3922 
5304 1454 
762 5291 
5683 2223 
4098 630 
2964 2207 
243 4597 
3116 1930 
2197 3694 
1149 6199 
2705 4242 
4985 4247 
2105 2461 
4843 5113 
1728 4492 
3848 2188 
2747 6005 
2563 2860 
411 6304 
5568 810 
6089 3430 
1677 1362 
5166 1209 
4854 1587 
3733 6362 
858 6586 
3570 6604 
4809 1025 
3218 2142 
913 4032 
1268 4993 
6597 6556 
1145 3745 
5928 2384 
6114 6160 
2812 1235 
913 3563 
2024 6437 
1272 378 
4922 3629 
4066 5887 
4523 4460 
312 3687 
6457 6546 
1363 3128 
5578 1383 
235 6506 
5509 5954 
5023 2718 
807 510 
5661 2416 
4611 4987 
6163 2198 
4624 4307 
3458 4516 
1817 4030 
2489 4873 
4962 177 
4414 3758 
4685 1019 
5103 5003 
4744 5659 
5486 5068 
6659 370 
3961 5208 
3569 6417 
4353 5528 
5806 6532 
5645 4058 
4382 3840 
652 4704 
2116 6176 
4666 367 
2526 5620 
3934 1683 
213 2065 
5311 2771 
6413 6269 
756 1677 
3785 2148 
2095 6560 
4179 6379 
4372 4150 
5639 276 
2662 5569 
309 5793 
4502 4994 
4279 367 
1395 3317 
5591 6362 
4453 4032 
5488 1233 
1451 3237 
1794 6082 
737 6211 
1469 5920 
1515 3744 
3855 532 
1038 4740 
131 3733 
5822 6322 
5340 1401 
3194 456 
3651 5024 
5595 4864 
2219 1775 
2775 1950 
5657 3471 
25 3605 
415 4948 
1991 667 
5042 4557 
3579 2739 
4592 5038 
1046 1967 
2422 4626 
6637 112 
630 2821 
2001 2130 
1942 2395 
3290 304 
1015 3217 
2985 4367 
2479 1272 
3447 1134 
729 5027 
5874 449 
2397 3591 
6456 3492 
4587 4925 
3168 788 
1837 6126 
3644 3225 
5199 4903 
2150 6253 
5042 6352 
1007 6649 
3619 2726 
1205 2632 
1007 1706 
1790 1048 
2318 1838 
6267 1209 
167 5575 
4783 1258 
5151 5751 
5503 1558 
2430 1343 
5200 5382 
5686 5723 
5656 5148 
2125 4950 
1266 2711 
627 6664 
3292 6459 
3815 614 
1954 6508 
6034 5221 
2081 3983 
1973 5382 
2035 6282 
1106 2274 
3959 38 
1285 5903 
551 1509 
589 5028 
5894 4238 
2905 4899 
1581 2018 
4956 580 
5684 4490 
3751 1998 
6132 3307 
270 5602 
5327 262 
3865 3374 
2044 1096 
3110 4564 
6082 3833 
5151 5783 
4121 2676 
725 5451 
4820 2377 
5795 795 
3323 6163 
6005 4860 
4982 5027 
4264 3517 
4894 5050 
4779 5124 
2069 2929 
6580 2818 
5619 1334 
5551 4861 
3225 1504 
1984 1431 
5378 6253 
2046 1553 
2454 2844 
5814 4562 
535 634 
5340 1311 
444 2815 
5383 1386 
322 120 
69 2982 
1369 3704 
2096 3539 
6083 4717 
6070 3455 
3095 6643 
1400 5580 
239 3601 
3229 1350 
5310 4711 
333 2828 
3830 1363 
904 5697 
377 2470 
2913 4641 
2489 3023 
3752 6429 
5032 99 
2246 3932 
6159 3649 
1965 3777 
5667 2928 
4703 6137 
2971 1525 
5754 6498 
5660 5047 
3895 1648 
1232 3795 
3552 4779 
5675 6455 
5317 5146 
797 2632 
5806 3303 
3816 133 
5779 2065 
5644 2406 
5571 3135 
1289 4741 
253 2038 
3037 1639 
697 1692 
1513 3980 
246 1843 
6426 4129 
3749 6378 
853 435 
2671 2321 
5691 865 
3879 674 
3380 339 
1498 502 
4179 4405 
909 4742 
2968 3239 
1487 4691 
2570 6168 
1669 5560 
848 1498 
3325 324 
1424 832 
6649 1919 
4661 6316 
1803 5875 
1219 5820 
2511 1763 
625 766 
1263 3937 
3332 6644 
1839 1205 
2080 191 
1041 2841 
1640 6626 
4121 6191 
5839 36 
1941 2422 
1380 4583 
4679 4426 
156 1446 
4242 4715 
4622 1465 
4285 3327 
6492 4876 
5418 243 
5300 3839 
333 3444 
5248 4823 
1879 3468 
5174 5594 
5396 248 
3711 2109 
840 5452 
3896 933 
4101 2280 
2548 2284 
1807 4354 
587 3155 
293 1403 
1691 3049 
2765 2540 
2544 5587 
1449 3112 
482 434 
940 5419 
2903 2835 
365 6337 
3355 2118 
2310 4101 
4415 1785 
2471 2515 
4632 6287 
4971 4947 
1954 2211 
972 5019 
3673 4470 
4390 6209 
2344 4817 
5342 6174 
2725 62 
1456 773 
6015 5384 
5188 133 
1871 711 
1796 5745 
68 2186 
2546 6265 
1266 5959 
676 1907 
1509 2230 
6401 1615 
4109 2327 
4475 781 
4460 2156 
1332 3465 
450 1266 
1545 5508 
5678 4978 
3804 5928 
5910 933 
5554 4278 
4228 4027 
6037 6635 
3210 1349 
5532 4314 
3091 5531 
1790 3656 
5098 2655 
5396 2512 
4716 5961 
1293 6576 
1882 5102 
2257 3915 
844 607 
5344 6553 
705 346 
1841 6062 
1833 2095 
6233 291 
3515 1537 
3548 4427 
3057 2748 
5831 4069 
583 5156 
1714 5665 
5193 2137 
6337 94 
2627 2400 
4895 1008 
1730 397 
6314 1338 
2607 4651 
4130 2016 
5832 6555 
1100 4656 
6097 5196 
1304 4868 
5876 1260 
5553 6373 
6389 4293 
1609 642 
1969 1466 
5491 1911 
1534 1510 
2069 2418 
4242 969 
1946 5850 
3652 2543 
1714 5205 
4308 5318 
3493 583 
4679 364 
1707 3529 
4066 4304 
3894 6136 
3120 149 
6058 4460 
3406 850 
1369 1734 
2691 4340 
1781 5911 
1429 5610 
6475 352 
4666 2674 
1918 4249 
813 2824 
5440 1204 
3036 292 
5254 2456 
1713 4120 
2965 4923 
4083 1806 
1372 5985 
1273 1225 
5178 1475 
3764 1947 
2082 2426 
1048 3656 
4954 2182 
3411 5924 
4005 6096 
6483 2408 
5034 3969 
4375 5711 
4591 549 
6481 1346 
6481 2658 
3909 504 
2683 6661 
2738 35 
435 948 
6046 263 
1761 2169 
5689 2121 
996 3142 
926 2084 
5905 265 
1686 5737 
3401 3197 
3617 1034 
2032 1519 
2213 1207 
478 6389 
440 3539 
2148 5848 
5859 4969 
856 1195 
1292 3052 
4684 4010 
357 6500 
5256 2580 
6384 2620 
3017 2981 
5326 5984 
4509 4288 
6572 264 
6233 4846 
3818 1774 
4810 4411 
1222 6536 
2917 5461 
521 516 
2851 3412 
5579 5485 
1110 5728 
5930 191 
4680 6579 
6005 1250 
1603 5357 
3025 2455 
3294 5058 
3929 5989 
1178 3631 
2057 5617 
2334 6071 
4648 4100 
5108 3108 
907 3021 
2320 333 
1868 2981 
2530 1145 
4491 3763 
5210 4760 
3478 2441 
6098 5873 
5966 6187 
3848 1688 
1457 3553 
5797 1063 
364 3213 
1879 5571 
148 3696 
4106 3450 
6135 6019 
3467 3377 
3313 2682 
6189 956 
3861 2584 
3649 2841 
5457 323 
6008 1499 
188 5972 
3194 4659 
5662 4055 
6380 4241 
6526 4194 
5900 590 
3367 5070 
2783 5837 
2940 5306 
3478 5760 
4633 3774 
4597 6191 
2907 3063 
3773 1341 
1952 4669 
3819 6275 
4086 4781 
1793 3071 
1295 5683 
5257 4923 
6212 6522 
5741 1271 
3143 3690 
113 4551 
915 3452 
2488 4216 
2213 3979 
3882 5002 
6183 4832 
3755 5994 
4316 243 
3773 3656 
2088 2127 
4343 5226 
3798 315 
1210 796 
3906 3224 
48 2556 
3916 6641 
2510 6112 
2600 1166 
3647 6530 
5306 5832 
6555 3665 
2363 4716 
6385 4048 
5239 5605 
3123 3861 
5006 5004 
6214 6041 
5182 6320 
4861 2475 
3068 6080 
4696 647 
1653 1944 
6317 1824 
3684 4686 
5559 4406 
2766 6450 
3929 3987 
2885 1049 
661 2497 
997 468 
4166 2476 
253 6635 
4257 5276 
293 1532 
1662 1855 
2825 4871 
6364 867 
1074 4257 
5622 6221 
5839 5488 
5979 4093 
991 3238 
891 6470 
3527 1566 
2093 3619 
9 5848 
5167 2244 
217 3352 
2096 6492 
4616 5734 
2735 3821 
262 350 
394 1666 
1017 3755 
4610 1309 
5237 714 
1652 2608 
6442 4621 
1484 6419 
4708 6094 
5936 1990 
1200 4466 
3576 1985 
1951 6301 
3472 199 
1987 1421 
6331 5094 
6250 1679 
2924 3788 
3571 4368 
106 2446 
1641 2531 
2419 4738 
2471 789 
3739 1137 
6239 183 
4889 1482 
2607 1286 
4770 536 
1849 3622 
4297 1736 
3136 3492 
6020 1860 
3366 1044 
2730 3144 
5431 5665 
2837 2048 
5113 298 
3123 1793 
5411 6503 
2767 1613 
5756 2773 
3500 30 
1825 4016 
3001 2682 
1600 1105 
1833 2380 
2753 838 
3566 1348 
1734 4761 
2680 5482 
2559 1283 
4719 5079 
4365 571 
5928 1462 
992 1649 
5115 5892 
719 1417 
2036 5752 
2493 493 
6121 5963 
6474 5904 
2223 2175 
848 784 
2097 2200 
2532 963 
4905 5979 
2082 3355 
5886 4297 
2823 1825 
2147 6061 
4550 2105 
3893 441 
6596 4943 
3275 4994 
5271 5003 
6234 3059 
4937 3909 
2797 6367 
4483 551 
4907 250 
1306 3341 
1667 5396 
3114 371 
5359 352 
315 2047 
4796 1905 
5492 355 
3720 3179 
3426 1121 
2606 5766 
6088 1222 
257 166 
1183 626 
4208 4232 
1558 491 
1527 719 
6260 743 
5421 2588 
1981 2506 
6435 5456 
1026 5633 
1304 4729 
4452 2914 
5513 973 
4212 4881 
4715 5022 
460 4057 
375 473 
3502 3756 
2579 1072 
1608 2910 
2027 324 
5357 6619 
2936 1954 
1832 712 
1053 6072 
5928 3609 
4474 6484 
6266 2842 
2999 1886 
5122 2539 
5553 2472 
4084 3997 
1454 1701 
6244 4910 
1746 212 
4557 2580 
1333 4450 
3685 5769 
5234 1727 
5754 6582 
2159 6034 
3086 3820 
1800 5668 
2051 3032 
451 4168 
2553 1966 
2042 5300 
4800 4628 
2779 4718 
2484 4500 
2981 3098 
4779 3433 
2472 5533 
264 6055 
2893 6373 
1555 5401 
114 4371 
5128 1092 
2710 3337 
202 4094 
2688 1897 
1100 3143 
1649 2112 
239 445 
2250 4134 
2577 4123 
2547 655 
5843 3781 
3394 2137 
1646 6476 
1906 2142 
2643 2650 
6151 2236 
5970 4648 
111 2485 
2662 902 
2842 6660 
5851 53 
941 2585 
6526 4250 
5602 1133 
2975 5087 
3685 4449 
3024 2059 
780 5419 
890 1949 
1077 4995 
679 488 
604 482 
6575 1077 
5483 1183 
3941 5117 
2368 2394 
5261 5249 
3189 6486 
4027 6390 
4075 1510 
6195 4541 
5125 6584 
4082 571 
760 5161 
3049 2495 
5263 4187 
4956 3389 
6503 1627 
5685 5273 
2869 3080 
962 5679 
2910 5447 
5645 2590 
878 3252 
415 90 
6329 1127 
714 5335 
3667 6259 
1476 4976 
4268 4667 
2834 5151 
5085 598 
6362 3539 
5600 3234 
2964 2549 
6624 2582 
4153 1035 
4403 697 
6453 5526 
320 3969 
1056 3446 
864 6098 
5184 4344 
5662 4396 
6015 4059 
2088 4857 
45 2001 
1894 2132 
1018 1820 
2912 2674 
6089 3689 
4702 6266 
4099 4995 
3413 1311 
2870 2563 
4286 5475 
3629 3735 
2620 2576 
403 5933 
6377 6601 
777 954 
4844 5658 
2502 2286 
5131 1161 
369 1065 
2156 2341 
6283 389 
4229 3509 
2452 4881 
3481 298 
4274 444 
167 5337 
3885 4817 
6553 4388 
5148 5296 
3937 5663 
653 5363 
1949 2194 
1883 225 
4047 3242 
4467 1435 
823 3692 
5001 2006 
5757 5419 
4763 5628 
6253 4553 
6554 6229 
5549 2322 
6336 2345 
6244 2374 
1759 6588 
2583 6420 
5354 3921 
2316 6090 
2319 5524 
6254 6033 
5459 6126 
113 2013 
5042 6491 
1054 1285 
3771 5259 
2379 168 
1257 4254 
5671 1611 
556 6488 
3246 448 
4909 2249 
3480 6520 
5848 381 
1744 3838 
381 1706 
633 564 
2233 3618 
458 1779 
5736 6184 
5241 504 
4635 4223 
3991 2229 
1612 5630 
539 3120 
6321 1161 
1601 1418 
3883 2735 
807 5082 
3207 6023 
5698 3326 
2637 601 
319 5845 
2507 5915 
273 86 
2721 2570 
3215 5484 
1170 4936 
4614 5644 
4112 6171 
3312 241 
2894 5038 
5685 1679 
1420 4587 
4469 5532 
2303 4629 
533 4045 
5754 4783 
626 3547 
3500 986 
2835 6613 
5969 1584 
2619 4550 
1054 6212 
1909 2518 
6401 304 
2936 3376 
3387 4426 
4095 2455 
5314 6233 
1811 812 
158 5254 
1339 1631 
631 3838 
6360 2906 
2868 2572 
5088 63 
3447 2543 
6229 1002 
1231 3418 
5699 1742 
1431 3094 
4333 3201 
5737 2231 
1825 6368 
4126 4807 
6515 5329 
4310 283 
5738 4377 
3805 3075 
5304 4484 
4053 6070 
6095 994 
720 2634 
396 120 
5941 2971 
1652 1284 
6460 2110 
4526 5199 
5411 2629 
3442 6652 
1457 3930 
5143 3613 
2777 108 
2853 1476 
396 2053 
900 5541 
4859 3120 
2908 3294 
1430 3163 
708 1842 
6468 5261 
3539 4649 
4179 2193 
6375 3240 
1913 6064 
4060 1847 
2415 1905 
4642 5289 
1467 5168 
4153 5581 
826 669 
1483 6230 
1488 700 
3270 3566 
4687 5774 
997 5617 
4679 4182 
3299 1016 
5445 6265 
600 959 
6162 406 
1694 6317 
583 2933 
2034 6214 
2672 3292 
701 1889 
4293 5017 
5848 6439 
3067 5478 
2411 1010 
186 3704 
1663 4917 
1000 229 
3102 5100 
1464 4830 
595 3893 
2252 6420 
3965 2454 
3631 6077 
4290 3533 
5344 3892 
4257 1086 
5071 2005 
4683 5229 
4569 4586 
6591 938 
1879 5003 
1860 5835 
1576 6052 
2229 5054 
6202 4659 
1114 3812 
4008 900 
6047 4988 
6272 4314 
4826 2923 
4429 1248 
2711 2049 
5847 3684 
652 1128 
5630 3856 
6102 4863 
4872 4007 
5889 4310 
278 2987 
48 4857 
299 3466 
942 5470 
5393 199 
49 3803 
5858 2138 
6573 4090 
6309 3257 
1217 1306 
94 6620 
3842 323 
1895 5829 
5443 1603 
2741 162 
440 4421 
1459 1219 
3027 4954 
3845 5461 
2698 2263 
6324 3731 
1001 5483 
6331 2959 
397 4285 
1068 718 
4711 3386 
1707 4058 
2796 5984 
2393 6416 
5676 3599 
3883 2748 
3413 5097 
233 4741 
5665 3018 
5360 1558 
5258 5722 
2754 1304 
3405 5433 
4999 2317 
573 187 
6292 26 
5226 3689 
6399 4797 
2058 6215 
378 6302 
5052 1063 
1231 3039 
3044 3811 
5279 4243 
6034 4550 
738 2310 
5316 3827 
4231 993 
6223 3309 
701 2714 
6305 4045 
708 4647 
2571 5455 
2023 4386 
6131 6341 
93 1042 
4665 6011 
6532 1323 
857 3448 
5351 3379 
4277 2581 
6605 6137 
1606 1451 
2662 3294 
3467 649 
236 4404 
147 2084 
4522 1875 
1555 636 
1670 5247 
2305 5151 
5235 3590 
1110 3098 
1787 3631 
1166 4033 
4213 4552 
4818 4484 
2009 5407 
5422 3336 
5022 5192 
5444 666 
4814 3034 
5991 555 
5143 2013 
5907 1640 
3220 3192 
4563 4061 
1936 260 
1326 785 
788 4738 
299 2084 
3877 2367 
6274 4312 
2365 5879 
1501 2234 
2466 5071 
4863 604 
2899 6572 
5434 3032 
4965 2503 
6415 4521 
4310 5307 
6649 4881 
3207 2489 
3401 166 
2948 4975 
1681 4652 
4976 4903 
1368 1385 
1552 5671 
103 5639 
397 3951 
3303 1890 
3047 2627 
6490 6624 
1126 4796 
940 5533 
443 2594 
104 1101 
457 5673 
5405 5620 
3524 4305 
5686 2320 
3745 5921 
1102 6212 
6177 1241 
5182 3712 
2869 273 
84 2495 
5189 882 
2581 121 
422 1550 
5927 1406 
3516 5415 
2428 5956 
3669 4929 
3857 6573 
3832 4609 
1694 1824 
3753 5240 
111 4065 
2650 4510 
5929 4828 
6545 4207 
3270 3621 
1257 1318 
4510 5757 
5228 3256 
2599 3289 
4275 6083 
5667 5097 
63 1966 
3503 6242 
3759 6456 
6085 5882 
817 246 
5327 4450 
2233 5458 
6432 6287 
895 1464 
4590 6085 
4269 4499 
5614 176 
1596 3496 
1217 2126 
1040 3865 
5057 6159 
4334 3075 
2637 2526 
799 753 
6357 4014 
3147 534 
4068 3545 
298 6544 
357 2847 
5744 3 
2456 3789 
150 3396 
1973 2178 
4597 332 
5099 4808 
4105 5444 
3312 5176 
2641 4441 
3073 172 
5885 4973 
6453 4716 
4166 5370 
5113 3793 
4666 4975 
2868 4883 
4827 5249 
3610 42 
5352 2275 
4283 5553 
1537 2073 
6565 6623 
1601 1620 
1927 1306 
4529 3930 
2015 107 
3308 1637 
3010 3670 
3635 6553 
5530 3514 
4786 6047 
4210 1166 
6440 2622 
5980 1735 
1999 5709 
4968 3308 
2888 3495 
3222 2445 
4670 6005 
6113 2945 
1546 3708 
4321 6261 
794 728 
1614 1517 
3131 250 
207 1239 
4997 5114 
1129 5677 
2835 5945 
2393 6531 
727 3389 
137 5633 
6109 6069 
2851 1374 
3119 174 
4811 75 
3348 379 
756 1729 
6491 2983 
1740 6072 
4402 1039 
4781 1121 
62 4030 
5702 6587 
6402 6302 
2401 887 
749 5708 
353 4416 
4811 5672 
4259 2583 
3185 1273 
4080 2645 
2367 4620 
4452 5911 
1318 2750 
2571 1292 
5486 6443 
5855 1447 
6024 2309 
5553 3870 
2410 912 
2985 6189 
3729 1782 
6458 2188 
655 1164 
6107 1020 
2037 2034 
80 4431 
4669 1418 
6116 6602 
6085 6271 
3344 6129 
1835 4494 
310 3769 
5485 2113 
985 6621 
3035 783 
2094 6531 
3468 394 
4561 5635 
3293 5122 
1875 1094 
1085 3424 
244 4586 
935 2803 
1512 3191 
2289 5050 
5263 1226 
1070 2627 
635 3173 
4896 43 
3239 1178 
899 4087 
4203 1796 
3602 6515 
5639 2899 
3835 4602 
2077 4383 
857 872 
4021 1694 
88 2829 
4868 2059 
3661 2371 
2886 3916 
5698 3424 
3183 1256 
4239 393 
4822 1009 
3800 193 
1945 3340 
3918 2583 
5326 3169 
563 6515 
3128 699 
2860 2579 
2032 4267 
2864 6354 
3689 1836 
2954 1165 
287 4809 
2483 6128 
3050 6619 
4191 581 
3153 897 
6177 2373 
5032 1017 
4199 6589 
1988 2531 
170 1596 
2516 5543 
782 5410 
1989 448 
5032 3599 
1727 4184 
3842 3739 
2339 3490 
279 3669 
5352 320 
4038 972 
31 1108 
5083 3236 
459 2989 
173 425 
3392 38 
1690 3102 
2938 4409 
3684 5509 
2002 3462 
2589 2676 
371 6086 
876 5029 
6444 2214 
2870 1212 
3951 5320 
5531 6492 
633 2027 
2295 5901 
2710 3021 
5086 666 
3058 902 
3113 4653 
1758 3189 
500 3681 
6407 5614 
3962 6436 
541 5401 
3652 3411 
2340 4884 
4006 510 
5172 6234 
1331 6091 
1136 5253 
6359 4366 
2564 4247 
3529 4885 
3943 4556 
4581 3010 
2931 462 
6558 4127 
5974 5332 
3787 4901 
5175 5312 
4654 5581 
3259 4225 
182 4862 
3115 2964 
1609 5620 
667 3113 
4696 2084 
2323 117 
1610 1856 
1211 5419 
782 6590 
5779 544 
3560 3669 
1194 4489 
530 4256 
525 1118 
2427 533 
5987 5677 
5273 1874 
3562 2190 
1308 3119 
6254 5259 
3057 711 
6133 499 
436 3079 
692 5138 
4891 3345 
2149 6567 
5829 789 
704 5208 
4969 1841 
4788 4507 
4580 623 
6038 1716 
2241 6365 
2112 2458 
6155 3333 
992 3190 
3355 3627 
1838 4257 
3833 4793 
5830 1024 
216 4092 
1200 678 
2976 2560 
5974 5087 
2031 227 
4447 3826 
5709 3426 
4226 3021 
879 320 
4264 3954 
3928 3353 
2409 5125 
3047 3605 
6349 3368 
6458 3275 
3934 612 
5943 5982 
5627 3919 
3281 3611 
452 1653 
2263 3036 
3513 1641 
373 778 
5072 6179 
442 1162 
754 6232 
774 1609 
6164 2249 
4337 3213 
4903 5330 
1617 928 
2197 2530 
562 3811 
5392 3320 
2663 600 
2076 3386 
176 4000 
4695 6419 
4088 2278 
1694 3874 
4699 2368 
3404 4202 
5666 1895 
4143 1171 
1359 222 
4795 5220 
5715 4784 
667 5917 
6160 4653 
1998 5591 
6193 3981 
3790 1263 
5769 5774 
5021 4247 
6108 1497 
3724 3193 
1413 5470 
4526 1476 
5607 812 
3586 5383 
4851 5978 
2931 3952 
710 460 
3460 1422 
5475 5841 
4901 3708 
3965 938 
1779 2800 
255 3501 
3135 2202 
5724 695 
3073 213 
257 3401 
4975 2912 
2635 1071 
1203 6535 
5257 4413 
2376 1794 
6390 1636 
5595 4635 
4466 1978 
5229 180 
1964 5072 
3057 6170 
4730 6556 
5830 2769 
554 5472 
4914 735 
5659 3945 
1503 1978 
684 2284 
355 1751 
4320 6474 
2714 6323 
4457 2002 
4615 2520 
4897 125 
6272 857 
6367 3764 
4925 1420 
3790 3714 
4735 5938 
226 5126 
3088 5248 
2928 2054 
3987 3862 
396 5458 
1070 4391 
3841 5416 
3677 245 
3886 1702 
4206 226 
4596 6535 
4369 1198 
1694 4988 
788 1108 
5859 1385 
1281 2214 
5497 345 
1401 4704 
5659 5253 
944 4726 
518 2531 
5900 5227 
175 3286 
165 5566 
6587 623 
4762 4227 
1692 5800 
5983 4765 
3212 2546 
5844 4133 
1444 2371 
2774 4654 
1082 4439 
753 5898 
5269 4716 
6531 6284 
562 5517 
4230 2687 
1412 6167 
1129 2576 
3828 2718 
1817 4932 
3279 4238 
661 70 
6485 110 
3782 1822 
1413 4414 
911 2404 
3896 1762 
4318 4443 
6632 404 
3968 3795 
3996 3101 
5908 5572 
5502 1310 
1511 2843 
3518 2136 
2943 4667 
5837 6254 
1288 1621 
2589 6191 
4771 1219 
1193 5482 
6344 5096 
1735 6035 
1937 5547 
2222 2543 
1305 6562 
985 5500 
1634 5909 
1614 5559 
2083 1768 
5973 3980 
3374 5993 
3935 3779 
2847 3612 
4473 539 
6434 6456 
4440 3208 
5627 709 
2354 4620 
4217 6434 
945 2805 
6598 2460 
1948 3507 
5984 4949 
6529 4462 
392 5798 
2896 3493 
232 976 
2870 3 
5757 2481 
1529 1841 
2759 224 
4850 2711 
2716 3061 
2015 3473 
3846 1074 
5666 2515 
3386 3344 
5651 2429 
1107 156 
3418 5186 
1686 695 
3070 3915 
1034 3477 
4878 3724 
3170 4542 
5438 4948 
859 6118 
4608 3968 
2268 6334 
571 1398 
3309 5618 
2238 4157 
1135 3519 
4695 740 
4175 2296 
3909 3662 
4634 2819 
6259 3629 
3148 2820 
2754 2551 
1195 6373 
549 3489 
114 4315 
581 163 
2848 5022 
4870 3528 
721 4955 
2946 6111 
4673 5269 
4583 625 
3200 4751 
2071 389 
4091 1486 
806 5226 
5578 3383 
967 3470 
4454 6575 
5 1378 
3227 4330 
5605 6618 
1806 3179 
1612 6109 
4513 5884 
5779 5217 
3702 2072 
5566 1367 
2095 2380 
508 3770 
3669 1454 
1067 4691 
665 6131 
352 1581 
5003 79 
1274 112 
173 6308 
2806 4735 
6238 786 
2476 5821 
4108 5426 
521 4934 
770 4572 
3170 3665 
3180 3658 
1325 2021 
1220 5921 
3480 1319 
6420 6025 
3209 5428 
5251 75 
4983 3832 
5778 618 
1715 805 
681 2517 
2022 2532 
1519 6395 
6476 1499 
6250 408 
4766 1139 
4335 2066 
2741 1031 
1914 2203 
5701 826 
5482 4900 
2587 2557 
3674 2236 
3607 71 
2954 1768 
3088 6030 
1483 6058 
4547 855 
4250 4112 
5637 5466 
601 1609 
6632 3217 
5196 5013 
5274 4294 
2814 2536 
1116 1231 
3973 2229 
3955 2750 
2339 5238 
6074 3515 
718 792 
2134 195 
1681 5719 
1604 423 
196 794 
1656 2830 
4364 4451 
5898 2652 
923 65 
6413 6446 
1662 5488 
4447 639 
433 65 
3915 6508 
3511 6157 
5449 790 
3002 2020 
2629 1411 
172 1584 
2145 96 
5532 2711 
4220 5965 
635 5013 
4722 528 
5562 3118 
2988 1134 
3477 2921 
995 2019 
5696 5658 
3749 3647 
4723 2282 
638 6272 
2644 4238 
4698 6567 
343 3608 
5436 3619 
3743 4744 
302 899 
6068 1312 
5634 4130 
2878 579 
910 1579 
648 5569 
2907 4404 
5418 1944 
4608 1590 
5413 5588 
660 6611 
2847 3371 
3093 2726 
4193 554 
1240 2195 
4047 113 
3399 5855 
6633 5099 
5653 2550 
2437 3925 
5205 648 
744 3989 
5731 777 
4227 6347 
2019 945 
376 2034 
1328 2978 
5395 4343 
3043 3103 
5379 6442 
403 6070 
1257 6144 
2235 1444 
1675 1610 
1503 3235 
5651 1290 
2791 213 
3382 3925 
5640 224 
5657 4219 
1135 177 
782 4582 
244 4610 
3500 277 
2122 6180 
4999 5922 
4575 1165 
1845 3329 
3086 3799 
3657 2532 
5379 2522 
5853 1916 
1202 3309 
5920 1722 
2293 6576 
4960 532 
246 2437 
2254 6246 
6584 2289 
2802 2829 
3556 3532 
5334 13 
6151 2191 
3091 4142 
1824 3320 
865 1889 
52 2536 
1407 5187 
6426 786 
2642 3991 
3941 5982 
5622 946 
1062 4472 
234 3108 
2617 3272 
6129 5310 
1213 4525 
1056 3620 
1921 2399 
2155 4862 
2805 4840 
2444 2861 
4617 3173 
3383 4069 
3310 2725 
1793 5871 
6067 5138 
5170 185 
4515 5026 
3218 3013 
2734 2903 
987 4684 
782 5307 
6046 6100 
2408 6574 
1710 970 
3882 4729 
2050 4042 
2388 3116 
5381 1065 
3069 4511 
3259 5236 
4677 252 
195 1833 
153 2234 
2406 5401 
5704 3402 
2384 3157 
796 1472 
1959 1017 
6143 4027 
3651 3711 
5071 5892 
1456 6245 
3090 6454 
4307 5447 
2488 5904 
5173 4183 
590 3510 
207 2591 
487 5423 
3312 4006 
1082 2749 
3537 4662 
5500 2692 
2902 5795 
1551 5873 
6241 482 
2047 461 
144 6312 
1629 6046 
2901 174 
5922 860 
1100 2334 
3932 6537 
2396 4665 
5678 5136 
595 3757 
4218 515 
2006 4509 
911 1418 
6378 5656 
6008 1194 
5465 4211 
1922 2434 
266 3142 
762 3622 
2883 3473 
1599 3016 
3016 5414 
3998 1599 
1324 5414 
4989 3998 
1324 6220 
3971 4989 
5592 6220 
3971 4612 
5592 6226 
5534 4612 
6226 3975 
1739 5534 
3975 1900 
1739 4836 
3428 1900 
4836 4064 
3428 939 
4064 4736 
903 939 
5940 4736 
903 424 
5940 6517 
2273 424 
6517 1658 
3898 2273 
1658 5703 
3898 289 
5703 483 
6057 289 
483 1815 
1799 6057 
1815 3907 
4812 1799 
5577 3907 
4812 5950 
5577 2332 
5950 6115 
1678 2332 
6115 5000 
481 1678 
5000 383 
481 1559 
383 6014 
1559 3100 
6014 6039 
5366 3100 
2439 6039 
5366 3011 
2183 2439 
6066 3011 
2183 66 
6066 5213 
66 1355 
5213 3808 
5612 1355 
1850 3808 
5612 5770 
1850 1023 
5770 2523 
1023 3977 
1307 2523 
3977 2011 
6276 1307 
7 2011 
3414 6276 
7 1972 
5292 3414 
1184 1972 
5292 78 
1184 1642 
78 1864 
1642 1585 
1864 2087 
1585 496 
2425 2087 
827 496 
2425 1330 
2535 827 
3077 1330 
6658 2535 
3077 2302 
6658 4149 
2302 1938 
4149 136 
295 1938 
136 4192 
4506 295 
4164 4192 
4506 5222 
3831 4164 
5222 1032 
3831 675 
2745 1032 
3559 675 
3676 2745 
254 3559 
5284 3676 
5516 254 
5284 2679 
4341 5516 
5408 2679 
2713 4341 
5408 5544 
3721 2713 
5544 2351 
190 3721 
1255 2351 
1863 190 
1495 1255 
1863 1244 
6042 1495 
3154 1244 
6190 6042 
3154 2950 
4588 6190 
2950 769 
4964 4588 
769 5582 
4964 2438 
1917 5582 
4757 2438 
1445 1917 
4757 925 
1445 2459 
925 2272 
2459 5080 
2272 5367 
5080 3130 
5367 1340 
3130 4549 
4380 1340 
4549 512 
4380 4235 
512 5399 
4235 2640 
3124 5399 
2640 1926 
3124 6172 
4273 1926 
2751 6172 
4273 6278 
1798 2751 
659 6278 
1518 1798 
659 2639 
5750 1518 
2639 3228 
5750 3188 
3228 2609 
3188 5527 
2017 2609 
5527 4104 
2017 1011 
6027 4104 
1011 2467 
6027 3671 
1858 2467 
3671 2187 
1858 5424 
2187 2856 
5266 5424 
4815 2856 
2898 5266 
4815 3206 
2898 4040 
3206 4195 
4728 4040 
4195 3498 
4750 4728 
3498 6169 
4801 4750 
5727 6169 
4801 124 
837 5727 
124 3449 
837 6482 
3449 3434 
6482 5688 
3434 2120 
5655 5688 
1157 2120 
5655 5218 
2561 1157 
2245 5218 
2000 2561 
201 2245 
2000 1732 
201 2677 
3809 1732 
2677 3349 
3809 2040 
3349 4631 
2040 5716 
2158 4631 
3174 5716 
2158 1393 
3174 575 
1393 6606 
707 575 
1371 6606 
707 5473 
1371 6471 
5473 4992 
6471 4743 
1754 4992 
4743 4319 
1754 85 
4319 5805 
85 3700 
5805 1846 
4044 3700 
6564 1846 
5593 4044 
2760 6564 
5593 1296 
2760 4096 
2625 1296 
4096 5232 
2625 617 
6473 5232 
971 617 
179 6473 
971 1169 
179 46 
308 1169 
4328 46 
2267 308 
606 4328 
5016 2267 
4848 606 
5016 3917 
5270 4848 
6311 3917 
5270 1458 
5573 6311 
1458 4163 
5573 3606 
4163 3868 
2731 3606 
5827 3868 
2731 6007 
3984 5827 
6007 2160 
3984 3843 
3823 2160 
4103 3843 
3668 3823 
4103 6350 
4246 3668 
6350 4650 
4246 588 
4650 5065 
4351 588 
2342 5065 
4351 1436 
4410 2342 
1436 3572 
4410 1530 
1104 3572 
6654 1530 
2918 1104 
2328 6654 
2877 2918 
4350 2328 
2877 750 
5262 4350 
750 5490 
1083 5262 
5490 736 
3053 1083 
5400 736 
3053 3558 
5400 2403 
3166 3558 
2403 3251 
5194 3166 
3251 2701 
2012 5194 
2701 2357 
2012 1635 
2357 3454 
1635 5144 
3454 2124 
5144 3766 
2124 3464 
3766 154 
5952 3464 
5319 154 
4595 5952 
5319 892 
4540 4595 
892 5947 
4540 6548 
5947 3792 
476 6548 
3792 6355 
476 1516 
2854 6355 
1516 5951 
2854 2450 
5951 1848 
1315 2450 
1848 1887 
1315 1489 
1887 5782 
3849 1489 
2505 5782 
3243 3849 
2115 2505 
3243 4924 
5931 2115 
4924 272 
3783 5931 
3953 272 
3783 5387 
1507 3953 
5387 1695 
402 1507 
4424 1695 
6256 402 
3956 4424 
2651 6256 
3956 5328 
2651 4546 
5328 1547 
2304 4546 
67 1547 
2304 5525 
3106 67 
5525 5324 
1661 3106 
5324 6496 
1661 802 
5897 6496 
5092 802 
6387 5897 
1076 5092 
6387 4747 
1076 1123 
3072 4747 
688 1123 
3072 2314 
6104 688 
2314 5353 
1027 6104 
5353 6293 
6194 1027 
1192 6293 
6194 3302 
1192 5611 
3302 6224 
5913 5611 
242 6224 
5944 5913 
5511 242 
5944 4794 
5511 3263 
4794 2648 
3263 2060 
1544 2648 
2060 1696 
2972 1544 
1696 6616 
5926 2972 
6616 5523 
5926 5764 
4284 5523 
5764 1699 
4798 4284 
1699 3439 
5504 4798 
4898 3439 
1376 5504 
4898 5322 
3196 1376 
2915 5322 
3196 4461 
3232 2915 
4461 2895 
3232 3330 
2895 4115 
140 3330 
4115 1088 
140 1908 
4835 1088 
1540 1908 
4835 3904 
3887 1540 
3904 414 
3887 2473 
414 6451 
5127 2473 
5518 6451 
5127 3876 
1693 5518 
390 3876 
4324 1693 
390 6106 
947 4324 
2727 6106 
947 1674 
2727 6343 
6445 1674 
4272 6343 
4980 6445 
4272 208 
4946 4980 
208 2720 
4946 2217 
1630 2720 
2217 284 
1630 2326 
284 553 
2326 918 
553 1654 
918 5521 
898 1654 
5521 5888 
1238 898 
5888 1932 
1238 1567 
2872 1932 
3521 1567 
4911 2872 
1253 3521 
4911 2839 
1253 2045 
72 2839 
2045 471 
2086 72 
5469 471 
6018 2086 
5469 2633 
6018 668 
2552 2633 
668 5604 
2552 4003 
5604 5075 
5765 4003 
886 5075 
1831 5765 
886 4519 
1831 698 
4519 5710 
698 5139 
5710 6120 
3276 5139 
6120 1344 
3276 2131 
363 1344 
2131 2287 
363 1322 
2287 980 
6617 1322 
980 2313 
1177 6617 
5477 2313 
4244 1177 
5477 146 
5932 4244 
2573 146 
5934 5932 
949 2573 
3624 5934 
453 949 
3949 3624 
453 437 
3949 1140 
437 3009 
1140 596 
3009 432 
3940 596 
432 2117 
3940 4585 
2117 2537 
4585 5481 
3048 2537 
2129 5481 
3429 3048 
1828 2129 
2822 3429 
1828 831 
2433 2822 
831 5242 
1992 2433 
5242 102 
929 1992 
102 2752 
929 3175 
2752 1156 
4819 3175 
1156 6608 
2383 4819 
3245 6608 
2383 2010 
5714 3245 
4399 2010 
5714 1229 
2100 4399 
632 1229 
2100 6655 
632 2673 
6655 974 
5275 2673 
974 3970 
5275 1826 
3740 3970 
1826 1771 
4967 3740 
1771 2180 
4967 694 
152 2180 
694 5361 
3171 152 
4156 5361 
5912 3171 
4156 6345 
5912 4017 
6345 4565 
4017 4171 
5743 4565 
4171 3512 
5743 637 
3512 5669 
637 4607 
5669 5308 
4607 2301 
5308 1857 
3162 2301 
1857 3963 
3162 1057 
1801 3963 
1057 4856 
1801 610 
6615 4856 
2521 610 
6615 1668 
4417 2521 
1668 2055 
5995 4417 
5385 2055 
5995 6369 
5385 497 
6369 2224 
2715 497 
2224 4190 
1037 2715 
4190 1021 
1037 5561 
1021 6161 
1770 5561 
247 6161 
955 1770 
247 6396 
955 1045 
1351 6396 
326 1045 
1351 2264 
326 5302 
2264 6255 
2694 5302 
3540 6255 
5272 2694 
3540 3040 
5272 5937 
1237 3040 
5937 5641 
4966 1237 
1186 5641 
3713 4966 
1186 1986 
5840 3713 
281 1986 
3356 5840 
281 3187 
3356 1033 
2732 3187 
3734 1033 
3324 2732 
3734 6657 
3324 1087 
6657 3415 
5145 1087 
3415 1078 
4291 5145 
843 1078 
621 4291 
843 3226 
621 1354 
3226 4036 
6206 1354 
4979 4036 
5642 6206 
960 4979 
5642 1725 
960 3284 
1725 5053 
3284 6465 
5053 6559 
4841 6465 
6559 2875 
6078 4841 
2875 37 
6078 3083 
1409 37 
3083 4 
1409 1115 
4155 4 
1115 6594 
4155 2962 
6594 1432 
2962 6006 
1432 2480 
184 6006 
2480 2740 
184 6409 
2740 4188 
6409 261 
2487 4188 
261 3475 
118 2487 
2876 3475 
118 2628 
1784 2876 
2628 4829 
2614 1784 
4829 6505 
1904 2614 
6505 3282 
420 1904 
5654 3282 
420 141 
1827 5654 
1738 141 
871 1827 
1738 2166 
871 776 
3354 2166 
3693 776 
16 3354 
3693 161 
16 1619 
161 5811 
5439 1619 
5811 4026 
2697 5439 
4026 3451 
690 2697 
3451 1012 
1638 690 
1012 3361 
1638 4034 
3361 811 
4034 5758 
811 3423 
5758 4370 
6148 3423 
2990 4370 
2143 6148 
2990 2703 
3026 2143 
5550 2703 
3084 3026 
5550 5380 
3084 5294 
1737 5380 
5294 4476 
89 1737 
5563 4476 
89 4555 
2700 5563 
4363 4555 
3019 2700 
3806 4363 
3019 5878 
3129 3806 
3274 5878 
3129 5025 
6639 3274 
5025 6158 
6639 3231 
6158 3520 
3231 4852 
3520 6534 
4852 2925 
2052 6534 
2925 755 
2052 3664 
4148 755 
3664 6101 
5045 4148 
6101 1896 
5045 2075 
1896 17 
2075 1408 
17 384 
3397 1408 
384 3431 
6262 3397 
3431 6326 
6262 4442 
6326 2541 
4442 5649 
2541 32 
742 5649 
2281 32 
650 742 
4422 2281 
650 5626 
3484 4422 
145 5626 
2101 3484 
145 4890 
2101 3277 
4890 2111 
3277 680 
6501 2111 
5808 680 
4446 6501 
5808 1058 
4446 6464 
952 1058 
5964 6464 
3082 952 
5964 3291 
731 3082 
3291 3852 
6578 731 
5078 3852 
1720 6578 
5078 5467 
470 1720 
1143 5467 
3161 470 
3974 1143 
3161 3802 
4689 3974 
139 3802 
3897 4689 
2390 139 
5489 3897 
6335 2390 
1953 5489 
4893 6335 
1953 2078 
4169 4893 
5471 2078 
4618 4169 
1556 5471 
4618 4694 
5107 1556 
4694 5140 
2967 5107 
5631 5140 
2967 3172 
5631 2538 
3172 4700 
2299 2538 
4700 958 
1276 2299 
958 1705 
1276 3085 
5914 1705 
3085 91 
2372 5914 
5339 91 
5195 2372 
815 5339 
5195 723 
815 4998 
723 4831 
6634 4998 
1997 4831 
6363 6634 
480 1997 
6363 6648 
2813 480 
138 6648 
4029 2813 
4755 138 
2070 4029 
6315 4755 
2070 4348 
5981 6315 
2704 4348 
5601 5981 
2704 594 
5601 852 
3531 594 
852 1814 
537 3531 
1814 3710 
1915 537 
5687 3710 
4265 1915 
5687 3549 
576 4265 
3549 5976 
5949 576 
5976 4892 
5949 1810 
4892 3139 
1810 2133 
3139 5695 
2133 3028 
5695 906 
3028 3165 
5495 906 
356 3165 
5495 6286 
620 356 
368 6286 
620 1448 
4298 368 
1448 5586 
4566 4298 
1773 5586 
4566 3725 
1387 1773 
1557 3725 
1387 2256 
1557 5255 
6381 2256 
5255 3038 
6054 6381 
1314 3038 
6054 835 
1314 5331 
6028 835 
5331 5863 
4539 6028 
5863 3666 
4539 5548 
2262 3666 
2170 5548 
2262 5535 
5313 2170 
819 5535 
5313 2338 
3634 819 
5740 2338 
3634 5742 
5740 6607 
4289 5742 
6032 6607 
4289 5824 
6032 5746 
5824 1168 
5746 5179 
1168 2385 
5179 2816 
4356 2385 
347 2816 
4356 5690 
347 2951 
5690 3042 
4630 2951 
3042 5890 
4630 6252 
6291 5890 
4606 6252 
6447 6291 
3636 4606 
6447 686 
3636 772 
686 5278 
772 3760 
5278 5705 
3760 1470 
3726 5705 
3939 1470 
1594 3726 
6502 3939 
4921 1594 
6502 3603 
866 4921 
429 3603 
1778 866 
155 429 
759 1778 
155 4646 
759 2909 
2804 4646 
1117 2909 
2717 2804 
2164 1117 
2986 2717 
4161 2164 
2986 4958 
4161 5142 
4124 4958 
5883 5142 
4124 4076 
2457 5883 
4076 4423 
2457 793 
1120 4423 
1569 793 
4672 1120 
1377 1569 
2605 4672 
4201 1377 
76 2605 
2104 4201 
5118 76 
1933 2104 
5118 6462 
1259 1933 
6462 4204 
1259 2008 
4204 2534 
4528 2008 
2534 1064 
3933 4528 
4346 1064 
3878 3933 
4346 1602 
3878 513 
1602 2630 
513 3938 
2630 455 
3938 5957 
455 1047 
5776 5957 
1047 1230 
2307 5776 
1230 3836 
2307 1375 
3958 3836 
1375 2836 
3958 6592 
4919 2836 
1242 6592 
3551 4919 
5076 1242 
3551 5185 
6075 5076 
1561 5185 
6075 1397 
3655 1561 
3178 1397 
2174 3655 
3178 6218 
6495 2174 
6218 4939 
1829 6495 
2123 4939 
1829 401 
2123 3791 
401 1081 
3791 3786 
1081 5476 
3637 3786 
5476 5301 
839 3637 
325 5301 
839 5828 
3746 325 
5828 5767 
3746 5638 
5767 5288 
5638 1160 
214 5288 
2958 1160 
214 1390 
2958 2413 
5596 1390 
60 2413 
5842 5596 
577 60 
1607 5842 
1813 577 
1607 5375 
1813 2239 
5375 1912 
3427 2239 
1912 1523 
3427 1862 
1523 4425 
3778 1862 
4970 4425 
3778 2670 
4329 4970 
4479 2670 
2969 4329 
2092 4479 
2969 2781 
2092 3638 
2781 978 
3638 5574 
2991 978 
5574 3872 
507 2991 
3872 5046 
824 507 
5132 5046 
2074 824 
2074 6665 
5132 6665 
3690 80737 91315 82313 25876 24123 46387 84564 45463 11209 11714 24935 42941 5051 30100 26273 87549 19705 10681 62536 90547 67696 36099 10543 14879 11831 40034 48893 99744 53823 36351 69246 62112 93363 47797 76240 6307 5455 60242 31039 22361 47711 7846 60632 58085 1533 17281 99537 97276 36314 92215 2175 87344 9406 13822 67825 24135 77660 7706 1770 54629 63974 50563 76811 55874 31065 6177 69932 45865 93186 9321 72968 63179 25456 61643 22201 64388 74203 70068 18260 47384 91111 6826 39478 87244 27550 78776 97535 78535 3853 73781 10473 7520 6864 99050 45599 14267 39468 92321 90298 90999 34562 64760 40738 78523 30267 26923 42158 78879 88456 41730 52710 95942 85393 62411 4128 20354 94796 389 86700 22230 38437 11540 51228 33722 55965 34555 92973 50073 31631 9616 37156 4253 38363 54956 42756 65164 65561 6154 24868 45329 16864 21873 75587 41415 59880 6182 4198 37702 66037 89959 40673 61265 72247 44995 98431 5008 4090 56788 59220 70565 31850 34573 86139 31561 40021 50700 19805 69225 45352 29065 37585 38332 71429 89794 576 82444 22638 87644 45595 26139 26475 46417 60202 45366 87649 25442 88482 62680 84666 44226 28193 4327 73326 94529 45974 75994 29728 48331 6134 14262 90788 86917 19568 7801 84752 59602 85902 53261 48150 96827 3623 59637 11442 39309 65444 66300 55601 28730 42451 81103 79668 15152 82739 30318 20333 75196 72926 88596 66393 47270 73082 11895 92097 44814 21375 25185 23398 79935 8310 4028 17183 14274 23252 60331 57508 28244 53711 60101 39588 45963 82045 7609 76977 92552 49717 66376 4839 4500 74155 8469 40305 89729 99549 59768 19594 20289 62144 95350 98660 98466 68009 37765 20249 42115 25081 58672 60882 67284 71548 97562 54582 36291 89436 25357 73719 99298 38533 19313 55030 63907 42477 45978 32228 66126 11860 14904 81829 17353 65087 44797 11331 12880 39803 44615 38169 26758 47725 58599 59303 16386 71504 20275 82245 96966 76427 10119 21623 8824 94623 13662 4464 77238 66842 54730 84221 88143 48566 24192 56091 40755 88907 65542 70179 14112 39089 19196 33210 78698 39980 27100 39295 61528 16025 19056 93643 82283 15388 97970 12049 13896 2301 31964 17949 40244 90144 3045 77883 35092 99539 32752 77404 17362 57445 74642 59658 41063 42539 85866 74550 82034 59160 75267 58814 6310 30075 43262 39367 56545 65728 54363 12016 57244 82242 57227 64490 43432 95614 93788 40520 544 3435 24335 15779 10279 70232 86859 72384 56500 9554 31753 65253 19307 59167 13224 81615 10661 38056 18522 54410 882 16092 66243 13964 25412 39845 9782 51810 72678 78892 69125 55010 80040 93231 80491 9017 48851 51347 48144 8526 79103 95380 50235 13452 605 43948 3081 18479 24759 21316 65540 11009 2876 1010 33966 25769 69534 91748 58146 36688 5491 42446 23642 18442 30994 95824 2863 4911 52125 24457 68568 13596 10253 44480 46454 88765 46167 92818 33200 47466 95390 56605 90659 92201 71049 28578 39679 43905 47397 2988 87234 85766 12142 68124 9916 15935 33302 63487 49834 87092 10131 70642 70746 47081 73078 88721 40603 1431 38133 32573 79139 87233 73894 6684 12058 59939 13777 21382 64837 70860 58480 3670 30211 10557 20837 64282 59933 98822 23208 51744 34471 96608 20131 45383 68920 92373 1741 85633 34842 70968 20189 30894 28525 59504 31419 83925 7907 71036 82720 15986 21342 3886 54732 2244 32904 82723 1063 13444 55284 43220 43619 60106 42144 6008 32157 32163 46679 13645 6934 45707 98949 29843 77981 67095 40221 67253 23056 66857 55976 77499 95312 89820 80147 65707 68755 53125 29629 61603 37069 22723 93282 42287 66706 55807 49255 98945 35075 43011 65556 43653 29270 34501 37234 27097 46951 71066 76781 88734 97426 73163 44482 90909 83340 98335 48366 81544 52165 78869 65761 38019 62507 35065 44740 78730 67012 53287 77117 83552 64253 89483 78716 58871 21493 39818 26363 681 42447 48235 72722 84615 47620 83830 27825 8207 40521 36868 26770 59633 78759 86910 44074 9890 87256 21676 40255 639 85018 24178 5600 5350 42988 59526 36659 57877 39981 90098 84753 83212 64102 82134 43602 52798 37586 3000 81012 66201 90329 41491 33911 37691 41912 12815 9834 87373 88234 30738 3650 76501 14145 96036 77683 93132 42964 47070 39154 61878 30320 6154 60867 92062 34522 56130 91002 73349 19525 45267 94932 95814 8467 89923 60291 55392 39959 10581 82479 9607 34627 40365 79565 66825 59021 28129 11685 3384 64120 48677 86715 97725 41571 73298 57926 30551 78722 35961 37583 39874 21018 52826 66018 98189 87095 69533 29930 43861 54463 90534 7567 11822 75968 86746 64592 91708 89072 92265 61976 97218 92881 34185 7602 59484 94952 21314 57882 75010 23540 687 40241 72682 91629 24907 47303 62584 73464 89674 79656 31333 46690 65135 63331 44468 61320 90946 74213 16930 16873 42676 34783 90197 47749 49858 46916 16360 34740 53340 63184 34606 56675 86757 65313 81610 38919 29895 97396 82926 38396 92935 57487 60227 31977 63747 1936 53428 96989 83162 12066 11126 34421 37871 33613 36750 42066 63258 97140 9724 32139 30178 73408 97566 60183 89761 93472 61990 32472 18715 36538 54093 89960 76723 99832 44515 47264 94890 80200 38145 45140 49751 47071 88128 14430 40910 26352 39418 10861 29530 86987 33309 52043 30795 80067 81330 86530 84305 5051 63919 88345 14605 64796 34987 89337 81610 12947 73472 81740 81670 36786 45457 77600 53813 82795 62544 11387 12138 18583 78040 91456 911 54987 1363 15979 6167 15273 4400 88096 308 95888 25540 64977 86286 67218 90898 19030 56132 13151 55945 54363 17692 339 24376 14336 90846 55402 56438 38485 28150 45420 97450 26681 32091 89972 31550 9915 88932 48067 81693 37668 66288 37682 82445 32143 56039 68903 98840 70686 23379 99582 85980 71870 63159 10639 94011 91136 54586 3624 61348 15688 51487 10702 61766 34896 73634 32090 74987 73932 64069 85905 50356 77886 80595 67433 47411 7595 67515 16255 98153 45538 4873 93635 59632 24360 72657 94790 94048 77319 98469 39635 89891 8300 42385 35184 44541 11102 98799 87145 79918 10731 95502 16954 33040 34481 82783 25157 71642 32544 91404 84523 42509 2706 11225 64196 5469 6609 32330 58706 34998 44748 51017 7827 96195 27179 84921 80282 94043 60146 14640 910 54780 93853 94866 51312 73127 30586 95465 22344 43024 94361 24140 19001 25653 71856 68596 94139 80472 76353 93205 95810 13660 65113 17097 75556 16157 26141 33085 11150 781 22850 87037 73272 65254 63133 74909 98743 76459 20928 89115 17514 27221 42600 2318 80359 39522 35923 80123 61351 35610 15271 54952 38238 79302 11227 63506 53302 36282 72675 40586 14634 52621 81369 84981 64074 9170 50402 21483 42201 56966 75671 63399 22504 21726 56862 3285 90725 12833 75411 13751 14677 15279 90304 85829 14888 47534 11354 68306 39045 67448 11207 59311 8271 36509 68167 53758 91829 53922 18912 40052 89611 58952 36235 87965 64798 95828 63874 6822 29010 52027 30335 87360 45239 88313 12707 86431 88056 47329 89110 75665 44397 31108 65338 74107 57119 57577 33666 39169 32868 60762 56019 47254 93341 28148 66293 40887 43585 28901 16608 28862 35153 90817 93952 2400 42473 31638 79475 68843 28572 20298 9390 4480 40504 3196 75046 72941 92746 78526 35535 41305 23064 2663 60803 80963 6491 14443 55090 88186 55300 82602 59779 38554 62187 78799 88567 59544 35593 64561 4718 11168 87928 20240 37805 40819 10962 24036 72235 96908 41144 49188 93315 32214 99375 3155 97407 11914 76989 19149 26918 2218 63049 50555 90919 63410 3550 80319 31579 19547 55002 78351 9034 95893 4858 15041 63249 74784 99508 30984 37477 78095 94932 50741 41928 62226 37875 84904 77099 34154 91234 36140 40514 21283 98043 74353 74389 6061 38013 62739 91249 3941 19165 63303 83695 64539 99710 79046 51245 43407 96826 84344 43882 99482 84074 61906 43506 53945 23243 2343 74679 93289 15704 78543 79391 35831 89970 52607 69042 56818 49810 12760 66548 68805 17724 64332 83642 79704 13677 19926 26697 26819 98434 64752 89206 15905 73521 11091 73690 80858 55492 20575 93636 48144 51233 66516 35545 15285 54895 64694 64305 62173 30000 94474 63233 53594 30885 9854 15404 43264 95829 59826 68029 16888 56189 65104 38567 70676 40771 15533 72439 68646 9027 8486 96183 13021 78153 5283 7117 29988 77006 10996 68990 47804 27157 12694 67716 56942 45234 66026 68579 71833 50319 28967 10719 4726 42081 29841 69089 92011 39578 57435 17807 67832 80551 4885 98025 2346 10871 12896 49373 31583 36849 68693 72631 76082 54624 44902 99902 28901 36445 25491 74731 96863 59904 52471 19711 31634 88161 60662 57162 98645 625 76766 66730 6180 53546 81415 48437 30710 26638 23749 85906 71451 97369 32301 48146 19424 40274 99088 37000 80974 15093 14394 59486 48897 5614 59842 30703 44976 903 13325 54501 35968 81677 86017 57726 54575 15162 54051 19618 52398 42810 52110 61556 39694 8779 76385 96535 5442 2432 19373 19786 29692 10826 36185 37166 46559 5924 60864 69797 9032 1711 26786 65743 41257 1635 61756 38587 23650 84628 12739 67088 80297 64679 1896 11803 88652 99538 54778 55057 75242 84070 81958 73693 17739 90934 69982 33190 22870 59124 54924 45464 17709 26608 75806 8317 24693 22748 67276 40132 82831 56785 1839 24548 53190 65068 13247 64134 7401 5001 23589 75755 55156 4922 6184 6313 23707 67140 18828 54722 80951 11280 62874 59701 30063 27154 8257 2400 13404 66068 54889 9201 55111 68985 61608 52654 19478 69135 76585 66472 59785 16199 647 71978 40365 48803 18919 47451 33851 1489 34518 69168 45745 4878 76766 60073 77671 62299 39771 23985 8033 60649 3743 76789 64203 68729 64437 89836 36142 68168 83162 75673 94070 34012 21810 79002 73270 58868 79438 82920 40895 20350 25752 90071 45121 31246 20048 63435 90997 83626 57430 35928 23857 27063 67120 74227 76238 17678 37036 85569 11767 90510 20569 87676 58231 17285 41814 98889 89090 22670 25061 92318 15309 60659 67943 61969 32365 9259 64225 45044 99812 53071 21976 47863 95563 27 49368 37695 70481 34145 8156 26758 86185 81177 98465 13369 10467 38856 31985 35875 11638 17225 99460 77452 36878 44704 9970 95047 13068 57672 51669 31535 46246 40961 34425 98614 51332 71975 29390 57203 78685 48260 50746 52081 51858 74913 70967 781 44044 32547 16757 40878 45172 19377 12833 85662 44196 31402 33522 97254 15419 73008 1416 81105 4136 54711 42253 84640 98072 96398 60618 1716 40483 63520 6086 67649 41105 25031 17686 93504 60078 74545 58935 22193 37970 74527 8250 95226 16371 26568 2869 14186 83437 98293 97033 38908 30945 2520 40315 7944 99850 54116 59059 9762 37436 59599 8256 33106 66136 62421 45034 49453 94205 72094 92197 75079 81446 11018 57609 43812 85262 70551 28540 35523 26824 14539 67432 93314 89092 72498 96359 80211 70866 65242 66328 87318 56776 42033 6493 43249 59105 79707 13003 65067 99617 37799 48033 40817 12187 3526 13027 45332 30668 33935 51847 92056 1584 34551 59611 14693 88216 50687 40116 55348 21005 68211 43659 87376 90100 80625 11072 99768 60942 14174 19797 21468 86351 58886 87461 32604 22854 72310 79771 14515 16819 46321 14355 18146 84265 94574 26516 41769 76434 58297 72282 91456 11236 68820 79409 12065 84267 37809 30517 31763 42760 11976 53794 58289 93629 73799 52173 73679 13816 51431 80633 41714 84690 22776 82538 28306 44771 94852 29838 77600 21081 37526 51283 43842 32756 91637 91538 60544 57943 5048 28391 49026 14680 80042 51387 61244 63121 63406 81208 94786 30236 59458 52580 12973 33583 78578 60348 17129 9563 35929 23136 49307 27061 909 86841 98908 1755 89293 33158 7034 13333 73524 61849 3879 42096 10940 5671 66866 32370 19469 24590 58888 83335 93196 23829 47952 81789 47836 2457 38905 16614 34059 63625 71599 42448 42965 76007 49182 17333 29526 99074 9912 36802 65912 55255 53084 95787 98430 66208 3427 60583 67847 7612 70139 17423 98541 15930 3579 22337 43976 67680 50920 8436 8570 39341 45740 19562 83597 6224 11067 64577 523 86245 61531 71508 26578 14427 10163 26477 81474 33725 82034 65913 6863 26775 48128 18921 19752 35956 67740 90190 21351 83080 64807 85778 87834 99791 68053 57749 33322 63346 25660 66211 39401 33360 34826 2670 60423 99124 78017 84924 92850 12372 7768 49194 75983 42230 13045 21651 93310 46045 25778 58157 75262 62939 12525 31048 47697 4460 62415 67795 62305 86009 62210 30082 52481 61645 8256 32598 92409 68135 91658 56225 79302 11505 69818 77067 21920 7572 689 37742 38340 56215 90649 16147 66994 7463 34083 44507 12575 43122 49004 52278 67030 11324 87691 48181 43375 22720 43290 90195 23566 92697 74982 9956 55529 34011 75292 5511 20699 28975 59119 45994 78703 69822 32246 51603 55644 1116 44963 39151 13832 52729 57799 59227 72844 30178 15892 8885 97039 52891 55834 48687 97139 52713 97360 48446 83499 76164 45374 15912 8150 34225 40944 43573 73457 80500 89864 76754 51788 71579 7420 89543 55249 87847 34656 55223 85929 3833 53823 63923 98346 94985 83503 36484 6451 55947 19313 76467 84786 9526 94834 6732 97754 36743 73357 2428 18563 58040 88498 16280 76026 77551 52954 75031 26054 91681 64588 25614 91443 48385 45976 11902 95053 85135 16266 11811 20096 65044 16249 91354 1173 92238 48983 4007 46860 63907 21011 97458 27931 73773 60784 72810 90090 44461 47653 13338 61393 55186 22399 32785 60212 62855 60526 5817 45196 76116 98213 85420 30163 62624 29946 34947 8772 20143 12716 45773 63941 19780 79429 72756 82993 41966 34033 69000 32184 75576 10402 10350 65705 45300 75273 18678 65514 16550 10666 34293 95859 5275 38961 73013 60758 96394 4578 63611 90606 48131 75809 30521 78143 51150 55706 49286 61384 999 45915 1012 67494 45606 16835 5485 63372 10885 60929 54399 10100 20766 90574 1034 52788 1845 32484 73948 40565 61055 20530 29607 8488 79719 73527 6351 44396 49042 96231 61032 91135 24294 46713 22513 28568 75382 85496 16417 52158 89354 69991 58733 86208 91275 88006 41643 42165 80013 29703 92033 33264 44473 97131 42010 21964 49500 10517 97567 30996 56967 47861 43573 7628 19898 94216 93189 47270 62894 25714 58558 58257 46927 77456 50463 67612 77572 85110 37892 4387 20481 80851 5865 97250 15748 75116 74382 48053 6797 62327 10333 49480 91466 78844 31265 91565 80347 15930 51230 67661 65772 36621 94815 29338 40310 28671 22677 72024 15919 33760 7333 77502 53330 34115 42059 26544 49455 43273 54327 634 1453 88566 36028 3568 20951 60827 43080 19440 67916 38490 58153 57291 59187 74122 75916 17186 64633 29694 26913 54025 56574 44867 18792 54386 11315 81794 1094 46154 31626 90454 65136 13817 56975 12229 32504 78567 9165 51172 17459 33445 95613 83683 66891 14589 62331 71446 44241 66884 7162 69405 35120 1819 80702 40528 15845 61494 53043 16546 34738 4879 78414 11130 72725 79381 41370 55971 52603 80848 76661 34492 86374 92880 2416 4293 91394 25299 69905 70452 25637 6774 71970 2380 52888 34102 37926 72149 29625 35627 27709 9321 18394 40462 12090 59425 12777 74970 498 14439 70686 85701 61407 52016 48698 89924 62824 71095 50634 59745 11064 48589 98960 53564 59881 12746 77555 26628 21993 60948 98130 77105 69180 16321 33677 84003 33815 60207 5063 3699 22228 21032 25427 49939 33029 54787 32038 73462 96386 5305 92761 18157 51425 53000 30901 80061 90739 64865 14989 20859 82134 61615 85805 61771 24389 26397 7971 30821 30512 88434 61888 35856 74340 73488 95072 23636 42284 27889 27158 42808 6363 81841 68814 46073 29826 94025 15361 46950 74055 90228 36194 11274 19550 75301 97903 89428 81 59638 62744 43766 30404 67764 92859 98396 46810 23761 5519 72811 50027 24516 9751 69079 39928 83699 78659 59804 41607 7380 75585 71693 2974 67854 20858 22979 49986 44310 1080 48887 48230 29961 11994 83548 46993 82792 45641 68694 27853 45709 24438 77515 12550 20002 73274 35462 64541 91593 47319 74801 56036 49895 66567 21283 33451 96680 32267 12071 35779 40489 12879 95763 69777 66920 48092 2455 42250 33917 31048 35108 4239 1350 65240 25376 20253 74895 40301 18697 77339 62808 32589 35902 48003 47210 83267 36906 99780 2039 67308 6333 85810 52796 82939 4126 8376 49384 34847 98440 33570 83150 64961 40916 35556 23382 10152 75511 28212 26756 70280 91069 14658 1043 61 77971 22638 27036 65064 79150 2116 32850 1692 74185 21883 94929 2535 73427 86552 1987 13385 1586 8128 24311 38439 31679 27061 28991 99394 99778 5061 13868 24661 74776 87598 7675 3985 74412 95521 24478 2691 50646 81607 64535 54632 21694 82988 9537 38920 51956 70012 72827 61109 77700 78416 81960 48832 38104 55909 78392 88911 41513 56772 99284 82128 36679 53309 20615 63610 52614 90618 52637 9468 82979 12974 50416 76365 68217 26913 89708 92212 40072 60968 19734 79823 15119 49219 85948 80836 78631 7167 95733 27919 3971 36352 20512 81604 91152 14797 44818 4492 33295 47004 11377 45550 27790 93320 7467 75349 61677 66897 10325 78048 76397 21791 34505 4996 59906 58304 37687 87279 99763 81861 46352 70487 72197 59830 94514 94202 21568 62547 67529 23630 35818 53088 91705 2841 9921 20320 94684 64763 31092 86371 84446 12355 81324 72612 58862 31385 50306 17149 90981 61141 69438 51393 71402 82186 80370 84431 53699 19248 17426 27008 12679 21555 38571 21753 35187 23573 51712 81784 73906 98363 74395 23944 32725 338 89578 90017 12495 88301 87095 18569 16235 44044 68047 29542 51515 4580 99303 64904 66806 25771 77526 84847 94011 16865 68314 28026 67775 90840 62432 5780 60165 8516 8321 49682 84705 21652 32411 59775 56829 18532 39969 56377 56596 47568 43431 19431 13466 12463 13617 67946 18214 85508 11942 41183 91634 34303 56569 56789 58975 38114 91030 38811 61019 87205 94874 29989 80373 18879 94301 37172 54188 63368 85296 75206 96066 72728 31957 47116 1579 50450 12873 45993 67751 53914 87260 41421 13678 69060 73101 18111 48022 44623 45821 69748 89725 47752 84247 56890 45599 83870 29628 56416 68515 37787 49424 60243 5487 24798 15741 82038 4093 2209 4812 38029 13313 84037 99375 29230 34146 95167 61328 90217 95713 6962 13340 42666 50120 41374 28363 89837 20544 40320 60343 87508 83874 45802 39688 1089 74287 21214 90655 98624 56193 77460 33628 36032 68959 51806 74944 20507 99620 30254 90574 20167 95106 66023 29251 61034 34256 42649 41772 99310 1126 30463 7113 4743 3945 39086 85824 26913 32242 23077 21339 62246 12632 86938 77736 33804 72326 2825 50034 90776 92412 276 57843 46104 512 84948 89789 41525 1457 50303 65235 42661 93576 49836 44007 59101 28291 31469 98732 58030 49926 49337 8480 95246 83629 70515 25408 98301 27114 64723 92823 18530 33367 67662 23710 41294 10942 11487 16070 73534 7187 59681 77994 2064 17361 26980 45103 69827 99723 32195 39286 29660 81530 90930 44508 70173 6132 3531 76449 22421 25204 13686 84943 82547 7483 5063 93625 16695 20983 29558 86883 93107 82165 23869 60209 7193 74085 44323 7123 24531 62199 71942 68545 3272 80336 71568 96093 59584 46305 26949 31643 33639 25301 86590 70786 90141 78665 53607 80587 7666 69874 49602 92717 53918 5077 29050 31755 18369 68797 1952 62733 75479 8584 60842 49532 11312 44548 89028 78920 1946 70653 86475 96615 60040 9169 62990 39792 19640 41184 49940 55961 41853 18930 61555 73306 56953 28451 79913 81860 16587 72334 400 37597 79603 82405 5248 20001 55087 84648 69678 58699 49117 56079 94131 56865 48693 73833 65873 99049 76412 70188 36783 37003 38286 29690 92944 14838 42994 7828 7500 6469 7940 42134 54099 29013 16232 77930 34508 61656 17674 19396 7318 5796 16404 17472 42280 17855 34434 88641 13003 81483 2896 45133 35004 46640 61127 45236 69119 23076 48984 94127 60139 79911 2691 83705 77051 17891 85261 52809 37282 31299 67506 99958 12202 86908 43688 46969 55170 67366 94000 3898 9276 6327 63051 52866 25328 37908 62710 78837 58954 87526 25785 94883 16360 57599 46822 34347 76284 17663 87045 53302 55189 61886 62883 84845 54641 57053 92624 7000 49994 76927 21198 89341 24490 83796 99409 30022 67868 41916 22397 5974 20316 10111 1071 8135 91991 27793 32969 82196 14743 64868 99241 84127 54139 12873 79939 32805 86494 5669 60527 57764 47854 3573 72423 75131 53225 23536 63703 29543 2023 23804 94549 32297 29012 6638 29071 95316 96030 18013 41161 57208 70332 64896 99634 60567 39117 92780 85096 77192 18622 43176 93590 5201 6064 70965 35670 45501 44501 46416 39479 31774 36178 23327 84054 54553 9986 57483 22417 2993 26617 65483 2485 39134 91604 81465 68332 60707 19021 68643 14618 36703 68136 41895 67756 14214 73047 35082 87799 18659 88594 28378 60482 5131 84519 4491 80739 89302 23175 73659 95271 92348 63342 34643 1090 4024 98548 99723 21389 72392 66346 17624 19315 93849 3903 55509 31526 35448 17228 44292 25992 26481 23044 22902 10910 6260 66165 82172 21411 48149 1638 19907 19552 84264 68757 26058 15555 75663 40723 20940 83438 32213 18553 75640 46638 71069 61727 40388 46637 11860 30492 84792 61673 30165 84313 94162 13027 58075 12181 79208 2564 79136 10219 38051 93500 42450 83630 93039 49470 33949 61470 14519 22038 65475 2176 38189 21845 974 89357 86967 98462 60015 4151 64620 67394 24999 30867 18472 26138 18444 81398 50612 21948 13 57339 72990 76386 53799 95639 57190 19593 49736 26003 41091 20939 19891 76408 57646 26947 30616 23255 69132 16502 82947 36893 20889 22648 55587 20114 86075 36844 41507 69200 60949 98599 88691 7661 69049 361 12383 42501 20314 59690 65990 55614 16975 55161 35845 44794 16607 76544 6009 3794 39223 60046 50988 16287 31239 77035 41989 95993 52321 50849 19265 20493 43486 21892 15044 25591 78327 73912 33491 69516 89952 72928 29733 19639 83095 46235 13473 77473 27311 82482 4093 34100 23286 74356 51468 7053 43999 20089 89153 12648 8392 92264 9121 83362 12241 92001 57891 25671 64941 8715 15858 60603 73922 6491 9041 72213 87433 71356 27576 54816 67678 90906 48575 31625 90113 24175 69450 56885 95332 28937 97596 98149 10387 34791 53095 25858 6619 25724 35716 93972 52667 61287 87564 28352 8398 40480 46577 32243 75986 63709 98088 56204 54083 58032 8880 49708 95188 34936 38211 16689 33519 86424 16125 40747 8020 13230 93578 73685 17571 98492 41506 4720 80072 82692 58563 87004 27848 54674 98013 75999 44307 72662 83446 61586 26545 39248 78993 14583 48614 81752 5214 45858 77003 57201 67859 2392 30420 86838 94617 18711 48266 34434 41487 59055 59017 90303 96046 27394 48803 2496 89903 96182 13197 66199 69301 71540 83612 81938 58433 82674 54750 42995 21981 4094 87079 43063 20209 4762 36079 29747 58950 5673 30082 60081 32063 20489 72142 69415 19242 70193 25830 83464 22335 67511 52210 78603 30656 67344 82972 96510 66174 29434 3811 30698 31346 11331 35479 11850 60564 91672 80375 85927 47937 89413 33015 66180 35447 33076 38614 10301 74126 63844 22317 81427 77626 42422 87697 53550 10143 90453 88478 18785 25986 19582 84036 91390 18995 20679 41426 24778 86456 35608 46365 50849 40588 44576 36343 39298 1455 5955 57869 88177 32426 57884 75246 54942 69578 61081 56899 62735 12202 72303 84202 35870 22199 65001 71392 62273 40545 46070 78125 79805 80705 19945 64575 46965 32505 75795 72847 96418 8862 99989 81550 68751 30304 16856 87689 82924 6155 83341 90160 19861 41955 94811 11981 26181 4075 13922 21050 73394 82907 54096 20263 90568 15053 27295 22396 14369 86539 68794 49634 24602 25952 85058 55788 59719 6339 61877 4882 55760 26015 23011 2777 79240 21572 58475 74757 34456 41006 2347 83335 23356 25300 12093 33043 26841 81452 95230 57404 93845 46128 56900 38021 53728 82130 60604 66370 22518 3443 77846 62244 89601 37796 32997 43064 40087 5730 90482 60259 63053 33331 33295 85795 48592 31886 2538 92249 73673 22512 56886 32797 40875 53319 52704 48107 61151 60084 64666 77170 45319 88036 77893 40048 25536 7141 76565 2262 89431 74586 94330 25401 80833 4060 63718 15247 98303 11704 73517 53907 3110 61695 77602 95292 11336 59604 72489 61552 86898 63894 94297 32229 59898 52167 5592 65554 79670 90881 36561 15590 89855 85237 27806 8007 14082 70385 50826 49149 69829 90012 18266 58948 62504 4635 26313 28833 17378 65544 77136 32134 88130 14855 9087 3353 49166 70617 5294 18819 20568 59197 53424 39047 4014 16486 46336 81064 81327 89401 59297 83040 43381 37104 14238 71502 15057 50749 72116 75728 8978 32032 27846 19457 85016 88134 24722 56484 15367 80277 22813 59394 2911 15381 44160 57328 70794 82021 73697 77358 76675 10762 53339 88829 23147 20803 24901 86250 24606 97233 40020 16070 87805 9244 39333 63067 21574 75675 52533 12163 95218 71496 26630 36197 47533 82694 11488 87482 2583 99450 21267 26895 22998 41769 7686 66103 30879 98230 88577 57317 72406 89768 88403 7118 10642 17215 62561 87026 13606 39320 3918 62016 9812 35520 29263 38474 89389 86044 9563 75058 9802 97373 76108 1341 87055 44367 82762 54103 41945 93739 95568 66507 32238 17254 72658 70031 36283 48352 23450 99674 411 29829 43022 62519 31508 429 32329 9491 77114 44361 50247 55418 29649 39179 16870 49947 20936 4854 64891 30834 34735 81141 68099 22855 99583 16641 22001 60604 23741 1364 86502 32944 16255 19555 61720 62279 41901 89306 1321 54420 36280 52730 11706 24883 65411 48387 83660 56399 59417 84313 69412 60706 96293 36089 83531 43552 87963 17650 14053 47411 17431 95046 16306 12583 63516 83349 50902 21304 16768 57769 5826 41365 64020 35149 63472 95383 83806 65032 28888 64516 59447 55264 58884 50202 17451 39242 14080 32868 92916 53373 79934 99103 25150 31106 24077 845 49169 40770 46820 53190 15618 27646 20693 29456 78167 42093 69153 98044 64992 2061 62544 92258 38073 59220 86369 41786 25444 99203 26711 72375 74411 10846 42470 17856 45136 2391 63234 78920 93673 62145 68034 1182 18201 62214 55065 33125 8299 49452 64867 31664 95117 23353 69022 89357 53132 47761 1081 78896 69202 6948 35624 55150 47943 39638 2403 73344 32755 29631 32054 70347 70209 7093 25450 6729 6780 74172 1674 28515 44654 38159 42236 26477 75647 25137 79246 14483 81050 74279 12311 24163 72667 23697 89082 24547 47113 41984 27350 28554 30640 75129 17654 42408 31523 40626 40634 74618 31009 27355 44478 47176 96888 79798 66026 99515 91165 32708 48075 93406 10282 22169 41520 83883 3202 18280 14643 75804 28537 75597 46970 40356 67196 88153 37697 94102 41211 49014 18854 53530 3656 84256 91567 99336 99144 55651 48953 84702 8219 27872 11264 46454 80999 71333 2592 81112 90916 95507 18470 87165 19691 40229 70054 79578 45193 87152 91718 61993 42606 17043 26765 86604 64404 16263 79018 79844 10815 64698 82057 59670 79209 3628 90519 97896 67829 65421 30195 77686 29126 53543 82664 43789 20360 5736 14463 11559 88792 19620 85861 64148 57512 85684 486 60050 53034 68159 64012 66005 52064 72029 79574 57376 78367 54781 19339 60095 18662 64816 63745 75331 8449 33166 69295 1929 835 13807 61733 94818 38546 97304 11240 8138 86145 10044 77416 30464 1152 30550 48666 58040 22005 45631 32055 48471 87632 33631 22788 33168 12289 42580 92320 1782 37755 2027 73726 41098 289 61896 98645 68624 11280 20379 96320 94875 81340 17852 12907 7185 34203 68803 39633 70614 14840 32988 24013 53240 71381 68381 65142 5489 31087 51678 7037 85241 13351 57170 157 79426 6612 44153 74907 62967 72929 6266 99558 8059 5006 6137 28832 62407 87460 57943 16768 85321 35743 89270 26628 65852 45772 74472 91441 7430 22379 57241 18164 44711 58966 30405 46484 88263 59811 17750 41690 16882 83497 18239 40784 75067 25995 83513 15341 67048 72560 26344 29784 61320 42539 98918 46953 92893 55628 42208 43692 53569 72308 45477 1991 50732 14272 3593 22512 60688 52171 29940 75694 47246 70603 4431 55669 34112 22802 95628 71334 2389 84241 98445 22895 95090 90821 97234 48344 12271 39120 47304 80270 81062 76330 5892 17199 4331 88736 12524 93393 3076 89536 78994 37750 77260 95813 27951 62666 51778 39899 72136 86638 93643 7709 55758 70496 14465 77750 69990 71688 21461 57508 39005 10601 69721 50667 51216 69440 7084 68394 48157 33029 12599 1129 39182 4009 99171 86206 82419 99685 30725 55034 53939 47169 4498 27747 45769 61343 10641 29796 93693 97706 22936 13733 17038 1943 67871 86081 60315 62278 55704 2040 72990 268 93091 59406 77167 54354 45507 37812 63679 73713 97650 63827 74972 39009 20474 40854 71117 5402 84750 81564 76516 13868 14044 93910 15856 96877 17319 94848 39662 77053 48962 98171 89162 26660 77027 77031 2441 39027 4769 23105 79503 73362 56149 66844 20500 22290 24615 72220 17205 8860 47002 2652 93518 97204 51025 61539 44064 87553 3776 23531 47773 75219 80193 60353 14958 91554 50625 77983 30338 87533 14848 75849 45443 73129 15839 14276 83462 49454 20204 30165 91787 50355 1139 8701 9743 46965 76815 47882 77820 66322 25979 45633 21494 15084 91417 21060 89282 55188 85640 42990 74183 39108 20531 74835 87656 89545 7138 68336 18665 79052 89694 51197 32428 7633 92316 57742 29621 71964 85258 34312 62377 21031 38805 13933 75257 44985 69334 9893 42337 53824 66022 75558 17204 60966 12483 90758 32667 39798 31295 40910 13574 41373 89718 63718 14679 29867 79166 88142 24110 32039 86283 92661 68698 20165 18817 35240 14061 82289 44806 7698 62559 41502 56236 16511 91129 84281 5449 18770 40110 84447 59089 1162 24844 88597 30319 10237 94475 87471 94523 51163 16003 82094 65531 45396 12414 53186 96068 57901 21789 55202 53427 44282 17013 48616 15045 3209 57110 46537 41255 75615 60599 72798 26309 23567 65987 32733 72258 44530 98271 61196 68095 33126 46100 125 95178 98690 68830 64304 84000 51078 43328 3193 17192 92070 62680 86482 33388 96229 4349 45624 94248 47832 78367 87902 38760 59942 39924 81177 2051 68989 62329 68816 23253 44797 68745 4085 97427 16889 3066 18766 97825 42583 6343 42749 26716 62228 56503 86225 63047 59069 41697 31676 61759 67922 7709 97014 60405 99431 71706 74080 258 36380 16402 50140 79304 38583 58539 14591 6998 8386 48812 22014 99082 70293 82976 91812 38954 24824 65941 10183 3764 11125 24247 47651 46638 83333 42690 40998 65843 52385 92795 56379 81438 21096 57508 12810 15608 38139 2306 55935 89947 13980 14728 23597 93729 29676 4 62324 5988 36709 62107 86123 65184 83650 97232 72876 99017 99960 88612 88881 25841 79403 12470 6423 52473 3989 47096 47295 58339 81569 76893 74092 74914 78076 98966 57382 8785 94248 52188 38268 8473 21117 62537 24152 46700 25883 67389 93493 92093 1377 5501 84257 90929 12955 5481 94619 83137 99409 93740 64169 61503 14914 54878 75394 51689 95650 80177 32110 82313 14913 73458 29054 20404 4266 38825 60365 78166 9058 77668 12757 45699 56430 57178 32964 79289 17138 38880 67648 96731 18162 62011 70075 57136 177 64358 48230 17117 24644 96440 19790 25817 98897 64861 8430 70328 38878 46071 77628 27926 15831 68270 73939 57410 88869 33442 72479 79922 73865 84834 39081 86183 47623 95570 483 1222 96823 69353 10548 57502 61505 93250 42309 11715 46878 28626 57517 39664 21627 83045 35083 58015 72860 27907 33614 46549 7792 85051 18166 60053 54838 86579 64275 68353 74267 39412 48331 98984 37609 89714 50604 90212 5462 39933 10245 99528 7913 26743 96665 21778 84922 33850 77930 41386 69460 21111 43037 6115 12260 37894 67290 29157 28206 73984 60592 79367 93986 53504 95796 15494 83882 80850 81003 89088 94509 80299 52928 9440 55543 51992 62908 76570 41151 48333 37643 52403 88049 28280 34561 75979 64290 20713 46788 64825 83654 56837 71170 48073 72118 15160 70923 7976 77882 14823 9970 46772 43470 87295 75545 22639 58966 15556 87839 2088 9230 85834 69607 67901 62829 50495 20022 63547 1474 90756 52628 62757 3945 99214 61962 6990 30177 3832 94654 74102 96436 81461 71339 54481 4342 75499 22834 79417 3152 67125 52105 38092 32280 24953 31922 16041 97647 7203 62575 66390 68133 1462 23851 7395 82184 42225 64385 53566 69507 24114 85458 40743 6674 77917 37575 32526 15733 90131 75749 61692 38549 3965 45011 22783 48124 51103 80144 69611 68841 70397 89892 24547 61279 95452 76901 97752 77664 37803 29258 39906 51524 31894 41576 10178 68083 11719 24878 614 82234 4706 97430 23570 20903 36623 22438 27695 32960 95277 20075 60180 56220 66238 37001 95828 90427 44996 98801 98361 4722 83015 93693 90864 38045 83378 280 1855 35914 21242 44181 51016 99213 94885 97865 52526 27141 80096 18020 76716 27604 40198 57063 51864 91294 84210 15765 83216 74253 49772 3042 24023 46452 40193 36065 78894 1864 50692 42733 99680 96689 46325 73950 87649 22539 73361 30952 51992 13584 6121 58571 15158 49423 49548 29944 32095 31555 27722 19460 3634 25331 90114 67701 73868 58761 78667 13170 10366 40146 67829 76461 59947 94134 34102 32454 9774 34568 61419 62469 91995 73386 21953 39140 25497 34720 30546 58946 67649 29429 67581 48964 21323 15715 74417 7498 61885 506 13689 44054 502 25156 62406 24242 59732 53069 71646 45109 9423 13985 48349 11801 88781 10944 70516 35499 72952 93125 88957 62325 31397 34905 26749 71480 93619 36828 68637 18028 22284 45106 95694 9657 18183 49647 28441 68900 40982 36325 67812 66141 24922 43151 44730 66870 53121 68131 89695 95618 30248 49582 31490 67163 41617 77245 96544 98665 27340 6473 57526 14399 87910 99522 51940 53576 41242 81273 61588 85096 89265 73368 27884 81524 81096 86352 8982 95899 3210 5565 21194 97078 29240 82511 41450 78104 38282 22787 5066 15388 62669 48726 87478 64414 43334 69087 58721 61619 76943 2896 52200 6948 91800 51036 11502 96621 24872 84367 63033 11875 56974 61947 31600 4844 27845 98723 86245 4821 61201 47730 36187 90589 38524 97324 2398 68106 12744 10370 95849 91987 62963 88518 62513 4399 12397 59539 97366 11631 81368 31672 8488 47663 38114 67103 2160 42485 80633 14904 34522 72794 56987 53771 96445 14257 21885 21343 65981 26549 97992 4168 86781 16081 22651 69975 47369 50929 53021 36245 13322 86693 32929 29985 22741 94051 16456 5680 70149 6861 75894 17296 39549 50264 94901 43497 56874 99017 44428 46315 62313 45425 85749 41500 35896 38373 59088 77119 13047 1254 24292 7615 6021 11633 78081 33383 33827 85559 19608 82130 93129 80986 77979 77358 89189 38867 79427 30966 47596 3131 76229 46792 27701 84431 6272 47694 23967 25257 76296 62207 19188 76876 36919 52629 19492 73286 30596 42973 43135 4169 31741 26119 5530 58545 62998 58752 18122 96702 11868 96596 53339 45304 51997 53423 50368 37597 8129 10493 94352 73432 84071 39711 86194 36670 50130 90951 7639 68778 5474 38076 99023 82274 92493 5914 73473 21902 86404 64889 87692 33806 93673 12010 75580 45012 9701 50233 33813 74507 31428 92151 44151 44617 89200 32243 83110 60159 33537 78713 82966 26982 62620 71054 49616 99581 14028 27807 60742 44291 81430 35035 61169 65805 82994 10438 10405 92997 27446 71735 81312 30245 14112 95381 6747 97938 67118 51275 1113 56893 70267 8265 72830 31959 15268 87914 5426 28665 82151 15135 81972 12224 8033 44670 38155 48032 51587 68874 54453 11427 13138 31382 85816 39892 71908 6319 87867 90822 93780 52305 55488 100000 1 100000 1 100000 1 100000 1 100000 1 100000 1 100000 1 100000 1 100000 1 100000 1 100000 1 100000 1 100000 1 100000 1 100000 1 100000 1 100000 1 100000 1 100000 1 100000 1 100000 1 100000 1 100000 1 100000 1 100000 1 100000 1 100000 1 100000 1 100000 1 100000 1 100000 1 100000 1 100000 1 100000 1 100000 1 100000 1 100000 1 100000 1 100000 1 100000 1 100000 1 100000 1 100000 1 100000 1 100000 1 100000 1 100000 1 100000 1 100000 1 100000 1 100000 1 100000 1 100000 1 100000 1 100000 1 100000 1 100000 1 100000 1 100000 1 100000 1 100000 1 100000 1 100000 1 100000 1 100000 1 100000 1 100000 1 100000 1 100000 1 100000 1 100000 1 100000 1 100000 1 100000 1 100000 1 100000 1 100000 1 100000 1 100000 1 100000 1 100000 1 100000 1 100000 1 100000 1 100000 1 100000 1 100000 1 100000 1 100000 1 100000 1 100000 1 100000 1 100000 1 100000 1 100000 1 100000 1 100000 1 100000 1 100000 1 100000 1 100000 1 100000 1 100000 1 100000 1 100000 1 100000 1 100000 1 100000 1 100000 1 100000 1 100000 1 100000 1 100000 1 100000 1 100000 1 100000 1 100000 1 100000 1 100000 1 100000 1 100000 1 100000 1 100000 1 100000 1 100000 1 100000 1 100000 1 100000 1 100000 1 100000 1 100000 1 100000 1 100000 1 100000 1 100000 1 100000 1 100000 1 100000 1 100000 1 100000 1 100000 1 100000 1 100000 1 100000 1 100000 1 100000 1 100000 1 100000 1 100000 1 100000 1 100000 1 100000 1 100000 1 100000 1 100000 1 100000 1 100000 1 100000 1 100000 1 100000 1 100000 1 100000 1 100000 1 100000 1 100000 1 100000 1 100000 1 100000 1 100000 1 100000 1 100000 1 100000 1 100000 1 100000 1 100000 1 100000 1 100000 1 100000 1 100000 1 100000 1 100000 1 100000 1 100000 1 100000 1 100000 1 100000 1 100000 1 100000 1 100000 1 100000 1 100000 1 100000 1 100000 1 100000 1 100000 1 100000 1 100000 1 100000 1 100000 1 100000 1 100000 1 100000 1 100000 1 100000 1 100000 1 100000 1 100000 1 100000 1 100000 1 100000 1 100000 1 100000 1 100000 1 100000 1 100000 1 100000 1 100000 1 100000 1 100000 1 100000 1 100000 1 100000 1 100000 1 100000 1 100000 1 100000 1 100000 1 100000 1 100000 1 100000 1 100000 1 100000 1 100000 1 100000 1 100000 1 100000 1 100000 1 100000 1 100000 1 100000 1 100000 1 100000 1 100000 1 100000 1 100000 1 100000 1 100000 1 100000 1 100000 1 100000 1 100000 1 100000 1 100000 1 100000 1 100000 1 100000 1 100000 1 100000 1 100000 1 100000 1 100000 1 100000 1 100000 1 100000 1 100000 1 100000 1 100000 1 100000 1 100000 1 100000 1 100000 1 100000 1 100000 1 100000 1 100000 1 100000 1 100000 1 100000 1 100000 1 100000 1 100000 1 100000 1 100000 1 100000 1 100000 1 100000 1 100000 1 100000 1 100000 1 100000 1 100000 1 100000 1 100000 1 100000 1 100000 1 100000 1 100000 1 100000 1 100000 1 100000 1 100000 1 100000 1 100000 1 100000 1 100000 1 100000 1 100000 1 100000 1 100000 1 100000 1 100000 1 100000 1 100000 1 100000 1 100000 1 100000 1 100000 1 100000 1 100000 1 100000 1 100000 1 100000 1 100000 1 100000 1 100000 1 100000 1 100000 1 100000 1 100000 1 100000 1 100000 1 100000 1 100000 1 100000 1 100000 1 100000 1 100000 1 100000 1 100000 1 100000 1 100000 1 100000 1 100000 1 100000 1 100000 1 100000 1 100000 1 100000 1 100000 1 100000 1 100000 1 100000 1 100000 1 100000 1 100000 1 100000 1 100000 1 100000 1 100000 1 100000 1 100000 1 100000 1 100000 1 100000 1 100000 1 100000 1 100000 1 100000 1 100000 1 100000 1 100000 1 100000 1 100000 1 100000 1 100000 1 100000 1 100000 1 100000 1 100000 1 100000 1 100000 1 100000 1 100000 1 100000 1 100000 1 100000 1 100000 1 100000 1 100000 1 100000 1 100000 1 100000 1 100000 1 100000 1 100000 1 100000 1 100000 1 100000 1 100000 1 100000 1 100000 1 100000 1 100000 1 100000 1 100000 1 100000 1 100000 1 100000 1 100000 1 100000 1 100000 1 100000 1 100000 1 100000 1 100000 1 100000 1 100000 1 100000 1 100000 1 100000 1 100000 1 100000 1 100000 1 100000 1 100000 1 100000 1 100000 1 100000 1 100000 1 100000 1 100000 1 100000 1 100000 1 100000 1 100000 1 100000 1 100000 1 100000 1 100000 1 100000 1 100000 1 100000 1 100000 1 100000 1 100000 1 100000 1 100000 1 100000 1 100000 1 100000 1 100000 1 100000 1 100000 1 100000 1 100000 1 100000 1 100000 1 100000 1 100000 1 100000 1 100000 1 100000 1 100000 1 100000 1 100000 1 100000 1 100000 1 100000 1 100000 1 100000 1 100000 1 100000 1 100000 1 100000 1 100000 1 100000 1 100000 1 100000 1 100000 1 100000 1 100000 1 100000 1 100000 1 100000 1 100000 1 100000 1 100000 1 100000 1 100000 1 100000 1 100000 1 100000 1 100000 1 100000 1 100000 1 100000 1 100000 1 100000 1 0 0 0 
