15

5 4
986028617 465280602 182432600 562639076 213526989

29 1
106169106 11158316 525710978 488841754 13082185 744214980 575302938 427202512 656953785 496783503 18876871 499306922 214329077 789667747 231294575 866963333 588649090 497214189 272253740 858363228 440831927 448240940 766636053 122971570 32880895 764194497 820645439 354784695 642118928

45 1
375676322 607352595 474825148 442108525 860715713 355990013 758648623 624451804 67926573 898085816 368094950 526534463 62289544 736523224 618734952 426005646 409688966 783442723 887543430 918758603 357205497 303886080 162985720 684011557 220957735 992321246 90675966 328973906 95896109 694759389 137539863 24217861 396438572 289526464 271505538 419293498 310174566 334210212 388109117 932670490 520554811 311831950 672966619 776559291 263756905

31 4
910469381 302592859 80527960 57251496 121875299 808024104 572065586 962409041 951063618 306288846 161262964 551645173 533964110 263810739 131670326 529698865 448131794 798922176 732564824 665378542 781706061 209631277 691546393 894371075 433462648 611365748 363940026 817566946 864130729 877129869 324220940

46 5
136489465 283529861 882303230 885825450 972907776 998596148 235195378 26904532 615588496 347957309 927426887 660501388 158430699 728209245 640296387 368422679 400154870 540400603 153484396 155272751 427993718 995533868 68962158 239947276 496671956 926924539 350401339 525206139 83910572 844800362 248946845 6986688 562468133 208979165 926498809 725217114 695009442 826232786 431913252 34031283 881678843 595351120 166378664 478648244 14754816 101873134

4 2
210006312 986152191 281013858 481728167

8336 7869
6896884 912704577 89133862 100487840 501908805 308358439 869719946 758851696 82494108 564290872 827947657 296733447 826764973 169417246 468091064 134791462 944790996 800061169 875907283 453504482 204398361 608562712 609328950 197819782 964749627 824987845 304595980 200369838 100751141 164589795 322086007 239088140 502203973 50139909 768128748 828755913 13891656 508971029 234128136 909920639 670547271 266269768 812707120 401659523 335771530 436521182 792615058 912248465 487358568 637549003 731292433 103334692 686274467 244507060 627269373 628734380 505370526 997513617 825639490 179136690 815152804 206853184 102298011 420019160 344471079 923231802 4820363 377816567 680594771 149999679 765235129 836377436 695158817 466633671 962977406 547381002 802657115 630180003 318514504 584110401 335194980 661974034 219125810 336195112 124965381 240829722 244943366 478180010 527094168 158561497 183301819 519320581 298966327 769737459 578729064 12908035 75417143 476483760 762759551 176114491 737974249 183911074 721808312 831855882 40249733 458812894 339654663 785843569 809978625 433483256 147545367 134666821 945993743 828974717 921250244 911668406 224400521 721905766 892635074 445875299 37286828 827732507 367264900 600268636 637260051 744700684 582484042 105411826 576800431 963873766 852675202 489604832 555186252 340283559 402971754 584134382 685294256 215066955 269754940 507246719 990951978 925007384 923238720 329505894 607238253 813586575 652185720 223154199 148389676 377612405 754324544 735018358 946262339 764334971 417078805 441387090 141512320 855094949 455661455 366253894 184196745 56818774 946770123 699007431 233593230 545443230 878670855 839738103 415913870 805417481 361417978 218635798 804034614 493399262 18213872 80711339 446735275 443621046 86054902 756527545 957387391 502295774 210093526 184193905 669392225 254226950 265199205 910337915 542007837 126590194 965629442 786200768 837403324 278777458 720766428 680569178 639316731 494354774 156351238 881068398 887313699 269371264 348541771 151217085 329075155 251993889 732977761 653920284 104379123 665725761 942574659 890039606 403703318 423696087 460261563 909577017 759955439 73581295 204731529 919291398 628748427 691979102 888650129 786074064 960758295 767551311 513444120 194696710 595656672 732409642 283721842 842339196 484430697 961814855 36868357 315013882 474480410 261555611 759015440 696030411 679007906 85431830 442515115 609484611 458057579 356330601 4895104 919795654 799641801 618823759 131640414 295643601 351322484 428187078 869172948 108339915 583671951 339859217 687719000 835371772 929840619 248820206 902120625 70996526 230903888 407970820 307636487 400620397 566979621 257454850 588497994 954342209 75830534 108004301 618760356 451816740 510566378 325795989 770362315 534059475 872161387 589748620 305584119 510984953 70921820 556368430 715225580 206463753 95563506 769005485 992904277 536577324 160789908 622105228 132309060 387000947 609269917 747924131 69272064 79624401 155020328 465028714 869614974 165778554 259252513 271013271 819726298 667815779 682341382 161775041 809434167 730503033 477189013 682346209 165148712 943058803 911749533 855578683 13843234 782912269 792091955 888876792 870078777 503363072 601222139 181552858 369852466 372079681 344353683 498659993 160190453 535745202 506366624 848455619 215524134 146246427 947966941 761511315 933773543 633534261 813996650 449809611 931292997 357513317 306671186 463182177 378687238 232874005 728765264 123612629 605560836 354556929 375234270 349122738 459673939 941672771 235179726 137208409 197990353 179449986 629674730 302094332 9290854 7912024 550424402 981452728 331634537 496143911 740634805 147820592 496999492 319397083 46493291 7101307 613779719 451802033 931417415 645671533 794770847 22191963 79407152 113543507 124823024 775541643 173435607 535841293 784404932 892442383 517359606 463565173 83998115 424305054 73516095 661507766 969690275 600449248 806528247 444244062 747171547 481019350 95368024 149268528 684088682 780132346 965215519 515291863 424095834 78044549 174772423 990240734 364102341 183253525 254576012 113290672 679403602 720625299 762983806 190672972 299506355 732173189 277361306 426793081 235159037 840631173 997660537 709603240 102244513 689158717 65760309 635070556 66161889 348216541 327343969 322929915 696560474 980418690 706647411 557160662 96135479 672351667 120309418 208682296 662270045 693277411 619605740 673846218 568775185 149688126 633781918 323880239 53401019 208360749 277711549 723744219 528196978 521643404 593232583 688785971 626393021 755012273 580313472 661795 64061309 629401992 161351721 613024894 644322517 53793679 271179022 233709015 827211664 95839644 865849734 600497503 6413352 232271583 714130399 844307877 280790486 863181791 419994793 673767915 688904337 405405812 314338347 857455808 47177668 76740762 938359439 14322166 330086554 805278763 107829110 177937455 651803824 368284327 432627144 327642850 142247010 996893350 889690488 12843772 177191618 475069274 150269790 897509180 204140761 647662647 964036121 725611843 610592771 729733233 342102195 713595301 504838082 383690504 296501542 830813920 964336330 637643009 148566263 196677116 342058603 324832318 928467743 2166601 917474119 409882640 716309908 44744178 645565820 465861349 355290780 761828328 345236530 740427594 60303646 828962372 656337010 240831293 555819789 585468825 190490012 197788089 672756998 500171349 52779017 914427160 364256208 690532888 901392739 143355526 804029508 648765523 85841115 679131632 704594194 289538153 444156999 690926278 382360599 1626931 665872996 627753686 113165123 997146372 992217730 509762973 391896280 366508336 834884850 575610577 538974769 596595081 571639233 884336123 722175055 772328183 931336440 761556086 419087925 844122173 357061826 767803702 151540457 450441655 870168954 427470610 80531814 902302318 806806582 825810368 393377042 876838394 437144273 230607170 231462918 843632232 744115958 959488267 818355439 673466911 195732233 195454739 511881041 53664342 483206291 932802061 111461426 153808852 978561292 20435225 10786389 360095746 463696224 959920194 765974372 77141584 506157121 91179116 28307696 885805776 350032688 545617505 203350353 718247890 275879598 184219202 552236457 430189357 429093352 22633900 402833411 937687402 617231857 905694379 204145773 240446154 27631767 119749098 326644377 176076656 699766189 63224722 579523776 757006388 350809747 146940807 604139351 68143164 359218304 226735718 878758666 533200188 235300164 322158352 970392921 685884556 373375651 504883160 225051645 51064363 239514292 576856598 773427561 826720037 624050578 903942156 162356765 844864230 849209015 653724694 894146458 270700938 165758615 765889986 559490381 760928297 832048652 808862488 866486553 978879302 702964013 48215000 648577743 821226482 744027339 625705549 717637926 101669455 580297328 589242625 120545963 995501379 704227339 236612675 657366926 893190528 282489335 138327809 420009470 120756578 115582141 778606722 444453154 931016818 389095012 376299185 467202695 347152336 825204362 692034682 133242978 784205767 140783149 871043962 800186871 251586768 37008694 457630438 954708452 349106100 397789845 878700572 189167236 819398703 350001742 563682034 962937279 152276247 9709903 748590167 445782522 851552170 353835705 188209897 233402621 879594963 881452012 87409115 753215517 237720882 463353883 167978806 794130364 815717393 608460206 780984231 985128172 24459500 369707784 419575288 257527462 714201923 143824178 909601376 48017406 179579466 9762928 487379141 374341673 370255048 849229734 94406450 247287814 109202259 315819447 144705100 378796700 983447369 5675753 859124013 46493557 615284780 796439828 120407765 700553981 782455716 41971055 575811173 369968455 998035950 588217131 477711604 252760951 249334276 916145074 764124016 686095692 189034797 939752214 672311555 595070902 814700549 862110215 668715844 822594144 1625981 504295808 569321997 979036860 404692618 379640475 407606442 43928255 668959638 12631421 712895337 757260648 699143027 918058835 805459849 19938771 6728302 504453239 349348001 970205590 639246476 3449100 957096142 35823259 869656886 56702185 532490573 921783815 209393668 925986379 778290746 189235940 489863711 47576424 315017195 944538353 790230045 951345957 856100843 302054286 461930513 293681454 174486385 598605268 137956199 230068101 23233562 34408731 183817744 225781663 58193248 498487928 408977418 64740735 323794252 878278691 155175552 890134016 40060925 967476338 403101453 703096717 834175931 445258831 259320222 292936294 904470845 445186280 865825497 453690360 194503285 623161932 159506184 863227891 419892038 337002836 538142200 675658350 946476347 946811830 173085510 701886451 363305903 168904071 784432193 32019830 360384179 454613562 982207738 291650376 26981115 491049631 881563077 864188493 154689958 856998492 793538756 418578882 252534308 813462441 835646664 780696562 435413021 461687719 371005509 400234686 334413625 643932043 235360362 862349401 313529166 284483861 523841914 983276335 783979887 97183345 494141610 87613774 454732180 943768631 469704890 164294983 161871438 739659042 59397756 221326678 86431783 970110086 212528377 506972754 811199165 426307965 981779332 220352193 37627808 478473290 444435257 550228120 360640459 797436991 774474715 870690445 49603136 813447849 446161388 547261391 196064217 912040183 925390905 968206066 639357537 913508133 503146572 989416637 928908518 927390631 706671872 253239595 406617449 65375790 179511457 312725154 829525030 370943282 394733136 671287867 779653389 283135829 906567545 912721152 899732875 364897276 543493715 967540635 359356509 962070659 512198118 105598342 165564818 358522476 218245304 752563547 150440223 759736256 831017113 976679671 407362807 766237665 563099213 768124633 780192532 388634541 566000372 408213672 762972691 168296346 51744417 213967100 398456923 900166197 705454070 280647005 574096111 378493332 294834686 670179583 106610931 354057507 867665609 303966396 595501683 468725407 534464691 289518994 185443655 685718160 198591403 223959609 739672536 797214222 331352015 553470708 183483327 946066496 983433554 279970748 122781141 319340352 465648552 192666843 950646731 666686548 794252941 300336239 101875253 676075748 447055928 360557386 446972438 965047072 798105660 18563967 184167823 824332061 949520305 433836324 678630136 280355678 734550536 814629833 239434841 70870457 90986352 9826509 324363679 460323757 965950255 322551419 718461126 746239011 304816974 830811737 220731963 302368567 322388061 485269254 510337440 23845664 108771028 236191481 812929841 117505514 179216092 521948214 554163218 446787621 540442225 182570209 117238388 606669173 957912766 59678938 596042402 150187541 851982797 785055768 945147752 213613848 938548896 459190852 6963237 39251578 819575023 333222774 686366354 990938822 363450003 293976994 153652422 456767597 981277404 253217553 859685498 173076860 244802588 15828448 219441506 471811316 639059798 99310419 954345022 267778475 253185807 720789491 764955775 156308133 825187344 585490059 142041733 251828955 534840891 427917291 430762399 867485798 897734673 357058788 561405678 109687431 472852110 139103191 248706611 170562429 371083986 623737632 472085603 700114397 872152692 1467423 970760900 382164463 595001266 958198813 815554824 911326943 170572963 833332103 111098737 903710354 40304361 500564680 795511128 871570425 235750448 401016405 640118351 769749885 52605718 116317420 977744892 620996480 27862151 258884145 11950566 531032516 114785986 534286386 962900337 63908548 610259372 90396255 568680601 207325049 781720596 300270904 58405298 58895955 904856170 389880576 986705971 704740886 65392553 189545990 672403980 27248338 790633228 653641398 699443502 101872952 656485077 404084742 832339255 511344244 605614777 26842158 579510308 73649210 91012845 436100168 928540279 303921727 507396265 76575907 809566423 783097339 359502025 20353794 510151128 534623176 401433097 413231162 488303096 699016006 165852180 192816534 76715561 63536606 921070971 200487145 559036511 629351066 904896399 871832803 619146661 647899089 255287767 991810112 259560999 335614134 95905330 909048387 181526475 753440822 72911452 135300330 342344849 363392391 619932912 146692177 942467008 553506801 444713645 502881526 233188442 976352959 393696814 154757241 528916829 12298850 878698557 386614537 401094410 366811924 667501637 933964384 525703633 436002398 421983457 915086155 393520309 936820541 903331055 471919201 315598249 483985604 38519602 504351010 918088710 424384275 479635081 999611282 98837438 362452567 183117945 464689107 100365494 520319809 821082598 260094198 729036096 603568385 475881385 610346549 17862496 216684648 788225303 131818094 135434992 255547560 543551443 712636889 705010759 557121231 813094469 275409370 190593142 328970416 562102445 243459591 4180883 792192424 925884781 315697563 808091956 570852354 154949514 273372935 570432765 335119178 816955432 261161937 826323769 368299579 386797103 231092348 134793497 263597926 993094608 916759027 6734534 118239642 644644331 192776630 411323084 408018248 809165826 847203960 437308304 40466205 326133520 550454494 493597425 913899248 375132195 53736318 907798545 112532765 133332581 258363698 786340580 817009026 395805505 401333313 41941890 280575096 127911849 153285433 649674333 67355450 633363297 588055939 727627203 700602558 505512651 28613798 157482073 868373612 503883755 886426288 210130553 710535726 404346532 470857102 8288796 835857270 16619089 433288124 939670434 376969244 962165376 785162102 761391235 16095512 22741122 936360386 14255797 543610751 433512408 245026782 759953075 586003023 497634933 34079172 248655401 475850289 478463649 701594360 938832514 59989806 914851815 122692943 540497236 353121929 407475980 213571577 427355891 832952933 821435563 933611630 783893218 653289430 645036830 352539448 844760687 618169323 397325725 708320154 290273436 857276674 338473186 915287304 71090754 371720928 525311074 276064816 957801471 158756489 100264610 461556273 417381573 687678839 74916740 972730855 689222197 763292855 170271462 981606147 42242460 853772289 730392472 505839688 684953723 322950605 748674345 935006691 538596379 221824448 80003609 748983400 316202803 809249029 347955069 999457758 700571985 184485719 39589140 719763294 245257087 234317716 936194353 447699270 631544045 729985411 923123926 371275664 593156977 57924104 158832237 327544268 668599956 555733030 158965523 124869303 605613238 855316346 433241949 598208885 302934118 453027566 380396092 261513459 440346623 112700985 509973271 849686672 941608404 623791791 16520358 881269874 567963802 688822461 63235449 750957577 738454972 449059050 815599984 941392718 619923505 193770409 887389422 350515143 520506991 826842475 62992505 358826080 216344678 720434724 450571667 893091297 947285125 360564979 545927863 250694206 653420350 440282446 420703497 406302778 36266774 803754979 123505663 830266867 569742650 487280792 297936017 300246727 351425186 161879820 215441514 5604295 818730277 52373638 269613745 214625634 513165446 385638213 460888410 623938361 571696561 775701549 74692774 808619728 924128147 691374534 641074004 579344596 457542621 483484166 816147118 139083085 214526887 376305653 66906551 266818256 442324037 557844847 110904949 934767656 732744707 27114639 353688070 333344051 392683713 631472679 564817976 411465189 958150518 555027474 708508649 246098737 839000626 121717088 793980380 208184413 976551785 815923878 980621739 269006437 132583067 627029759 46975156 850552101 829729613 428876171 462317837 15363740 824790562 500349963 461605925 645519397 538722505 499176722 242298804 84746718 57543158 125903242 376910628 659487657 186648814 34484805 883008941 667768225 149913917 378983594 166217502 414748332 279170570 614168981 638382735 594132836 681308796 155755589 584052469 119756292 811028627 274759841 576131741 97819357 31810515 322114497 261107714 942893940 953067840 31400248 585403084 94652763 104903982 863938239 107412497 548043829 699609161 213179090 952807651 522682648 207172214 531997071 874833027 998239200 66128157 473512284 620848172 601954269 168900271 32528863 441097126 131535056 314350531 299015705 917288834 247465229 964518727 62019 640350813 402768074 652306058 534456921 303012712 570716103 371298886 265637141 388043575 526140630 739469312 667399097 592182088 471167736 510077405 206324828 233570494 840084992 237394685 766095983 184730402 589710202 456233869 946375857 871424953 434286240 166061021 185211034 161783631 348111044 128944940 803865502 512056865 138477509 105408045 423105727 657946444 146165599 318146146 955494879 360170762 69111417 909437228 570221664 364058519 202843588 259497341 732724230 950672640 743623935 748383944 153287957 161342756 883637477 79793599 711580766 122019846 321488438 743136330 529898255 448635140 132918839 782241361 917841596 422589573 654404083 971282262 632789939 483467269 107778516 327789591 64829881 409836292 159992890 80356446 906495108 831084619 540841063 543834286 525340492 845935718 890890461 395222181 82144362 379219749 601407540 126500951 979063680 573792759 765736161 838199532 427069483 268473168 429734985 431213802 454385429 552457699 909222082 503664564 604862004 741056704 445607920 183599309 927220427 262820588 176405839 499859278 908105257 205573928 862782242 949833504 498406947 675218275 552495163 604700198 107916023 234779456 546581415 896406059 204374434 214573723 222701900 626421464 611532774 370763150 983178490 293558031 321505745 745383937 328429122 739645393 417842127 237401580 555944399 835061371 160274756 936995891 712343692 380329071 5739047 495330902 220332406 434520478 922408109 963879869 956251974 837620575 442923048 32533497 724639368 598932965 719922767 409260334 417370814 923647039 912707855 861557694 21107236 102165609 102869459 291352796 224414182 153459655 970717137 201219235 571423822 812179170 384298117 386641343 66694808 292543787 920145755 521038578 488465256 251885319 268030127 631928690 532103182 96316340 624204823 752582677 298107950 518311414 513244905 167367604 516017612 736208858 678174552 330964305 702346528 213192070 318986564 590286274 321375742 948971885 247472742 777927086 513358932 8574616 937282332 614870491 84225736 79609528 431595974 10553311 826646101 907881055 517418646 476256396 834695479 555172828 949224923 368122831 19294258 194610125 406778871 21845124 171457472 751696040 780342908 915171573 125975344 184105400 898263983 476913378 324264097 921477847 826753612 385794181 128579388 566140908 922196213 890503531 717779574 250044617 574803842 654150935 841603165 538931048 229012008 374423470 628207139 814605196 85833763 83203797 755927491 895748079 749187393 737649889 468157211 355154826 593695679 169960164 478204857 322727204 358378943 820609047 985343062 49262127 779783288 162407672 892910687 890164746 119076943 281498905 687314172 844103276 611726847 893984361 794693306 929114736 617611039 262680142 47372819 548194717 196528828 249553679 340009893 305599531 5579722 952593771 504806313 362701441 430800199 672890512 465330170 681997064 823101920 498390156 68494988 877731222 663526141 535348617 5101152 716467622 243992194 157474479 71563221 104691671 522621364 871305713 691065457 1938799 784942331 521806075 5226153 362926061 962017606 315587630 571606334 484681870 233011902 88076444 260017356 948274445 900305071 931669076 360261611 200890856 756903557 382222105 690954788 929838272 517424409 569000300 546862763 847124346 621476784 53807457 251019519 779901659 974382274 383064537 868452252 303775714 515250450 545904081 767782683 228651333 555666251 698967447 670414474 300842523 123363562 858799786 825768149 11786538 122002826 73931013 951641986 936024666 716170939 901461713 912716381 674329841 961967494 182092029 78275499 419403748 87368284 60840708 303970117 393940378 474057928 410800032 376504515 453112443 442011894 703695541 592983591 718887049 827669928 813299953 19120178 633642755 516047580 709121401 948996257 973864990 993602537 219821536 940815479 488895828 376017585 119861541 327561265 836845286 866775257 27824402 304260673 949858541 146494713 504060707 862481910 57629799 2955708 647232643 447839183 240513528 412249065 371569662 260733129 786385145 621564777 124596880 550788148 52863469 925739910 133277806 403598012 142502926 673099708 999506874 636764223 127954815 222153064 383693979 960407938 373161955 418458096 889643600 849638068 570874348 381295750 944969947 570444791 535630098 742906817 588503502 123963624 194490765 538410444 442451558 744614212 342075936 825371730 599256537 886679704 366251686 422517008 671578565 659431131 663953853 703173774 213712868 955882614 469368696 145896061 796450327 641281630 524158964 602555077 262583357 579537521 666490862 291402259 301158065 118250405 14578527 488581536 791824675 435133252 94909103 523209458 368343348 429021132 442710560 89175008 281404180 824588137 408631833 865738293 257497702 941745723 213242372 315894291 971110975 69485750 178231871 381042575 94955140 149190914 124419650 115930610 218029311 574234910 830181472 8827851 374164787 857311413 185969794 739205377 522641125 891521798 778808874 926964318 965727185 665929854 520769130 186547647 257078806 708769052 886015076 60068569 709198181 900355149 408271801 448134099 32184004 507011597 350232512 758047812 574717030 790758648 367269073 962922322 738832625 453055943 938060954 203695208 607929014 707504698 434502945 993620339 712393063 624140656 828661026 547745932 726398517 991974322 70308905 276908001 573280629 629818203 78797756 692368584 178322649 626662465 137909165 321581594 271589553 274698778 698759040 953929742 37530085 13109953 179564559 562415073 829665731 603654864 792481427 197528884 136396382 926273778 42363019 510726201 113396864 527127755 627718211 538717344 866881244 11190452 236844019 183746634 255826205 947292330 651493724 243553360 464635091 528777097 447749708 259598942 351727073 951699916 929068315 3162285 388583424 795174529 9245268 301351503 530769070 663073545 652832662 915974558 346015594 70165927 922197941 184172109 56657114 987942401 654822423 934301544 480366820 723078543 673760108 61712857 121224915 134736585 459405362 622452184 273257972 506132415 879881875 309957744 195612010 406039930 465810976 229810014 918153921 277439677 170493246 484107137 552323382 420313238 761608766 452530854 152073199 586192977 794029471 844808392 35513884 614856309 391139778 200273881 599683949 143923966 282329894 565849249 159683588 673226979 89804903 470633913 84877568 995603757 871631301 607648962 561549895 888924071 49645613 393870399 491882422 573000381 767748268 775570296 456307347 68526129 967982640 9428824 743770409 189585910 929267642 557377447 773573531 679361949 389425314 958596541 154762056 910772393 92288576 340732576 280262759 103165500 572005609 884907655 838966183 639538429 505315715 987469728 343183388 537964374 840421346 418542599 924521460 352036507 179891562 415463968 72454566 859239672 642965997 617824885 274105692 156155075 367174681 639648487 153161545 788033594 500610184 227205254 990185492 434539856 621943777 66497310 418680617 893124642 196006581 255316153 632281935 6740390 1760110 162517741 895776881 179119637 561906919 109535200 772750487 132739199 225408981 926106994 129818780 492227026 423054102 43805487 524858200 887375642 501986752 492821483 328866021 629835079 792162867 876874349 348881696 22739866 671849219 663387466 743298280 348606351 54962701 641027582 985017737 379676616 174720205 650010677 748456116 333503127 95598136 915532898 497942378 188888687 569885267 695141581 142304004 755585063 237308034 252634616 717937277 756369344 683467064 444708302 630098482 333144672 923557709 879972915 10075147 597891866 465294326 59074556 345319880 292673288 865783956 769678968 590379921 748690556 938035921 802888746 875577167 881561759 948367256 814652576 366494095 594756595 116261255 867095399 842519311 223502214 424699046 782243424 496967909 852718253 881403000 462925452 313480213 169679171 415506292 455785861 465741093 734745151 856751858 311238910 948479171 782422784 37069266 990349611 153838155 928061410 849577319 858239373 53272069 112479511 262977037 146051492 423801734 771055352 556227680 95213782 855223729 925984595 830326798 693407269 204717721 300990732 141824846 655037704 107622263 685486368 329022157 110429385 72668600 533288233 986808209 780054365 912150142 138737454 246737769 373998898 582566261 287315845 227703489 155097753 818637919 920165760 273929913 350598472 235602072 778814341 215435789 538616996 119356229 571301881 187020689 42554497 241157237 113504057 22708639 62970915 403085950 601099778 861034830 963310948 161301132 356104937 86265874 533496894 918525728 36741118 262056775 89987356 440958206 974960634 224270945 567438075 827916815 470654145 988716068 568925429 259750042 595302850 614328285 385849014 329664085 91845150 798329420 839485222 57492000 941624104 410886614 885050357 971070985 234374207 924843298 364626255 559288227 64087572 935179243 310006318 398188812 431638433 298185310 617814819 387393591 828800211 399250236 837211376 422537330 31008737 137664760 692450243 843968154 342863065 233826904 850757563 596081035 971678932 584148896 253434884 64235456 566453792 963931724 151984129 642363700 703569495 11450369 113799442 979394183 417148488 172888564 803642516 10905638 61827937 604038942 293064672 562181567 902617574 210583292 63523038 27252241 107298134 599328329 378013445 194983698 139955225 918675014 532624248 375879245 20914974 238886723 734848500 80181202 713187985 835186244 376206026 131898523 303893344 439856200 595066710 539061775 824720908 528338838 539115674 395617644 398829520 713221439 911778030 352829695 441059815 356738249 464039158 60197185 971489849 699460389 751570720 8743188 928151172 574055117 422961725 317833210 602121921 516174840 928432016 599519233 209359149 374260032 83404487 104963969 45309847 261440286 744011020 645039932 941861415 944449506 288706292 895712277 526281837 879677253 503582919 377258325 36119120 581070897 66609643 329399437 166858508 192637050 426165096 885742495 312904184 40908155 888725930 815832389 163767215 481376810 620159428 92659568 534917427 116968809 786421326 13704774 360458538 859382840 325412983 756697640 92039114 306005662 742161947 444077996 737880184 101560204 642023837 519578321 294867238 632774034 473578777 171672239 733897352 873983425 798760510 869604863 106633558 697097429 178617886 26996721 783831441 38756059 705768410 799793195 358565094 607058429 222043183 664676345 633806875 958929544 805014129 13211376 74298778 236598443 503520466 939365923 382272706 899055163 852998026 750792285 128124570 141612458 466081277 904627919 45637408 597441028 867060370 389198285 639778976 564122553 27710731 559432481 613160542 792863252 888928006 437772487 473014941 273480482 239910534 520884503 59127347 200617670 536091721 71400263 501073937 612126984 535997148 376435775 991566858 605270547 15074273 125417267 397033515 304487328 964728777 82497800 461679489 93787984 406895747 965074089 777030554 352729497 173902808 271667537 740532970 288868254 666486682 373709354 242723856 851996547 347286269 611140547 18421685 229646183 250397026 42188412 687711302 7220977 912124544 759408407 338879056 280638063 891799319 83267728 825608660 714399462 202119809 750897959 887556574 529987291 97783963 691343197 756813845 688242808 93703337 423184684 717766051 145646178 751930374 445481899 358869228 258453001 464279497 854542000 965010857 401742563 983862053 386423768 750990076 817429872 942252551 829715487 791062108 786465483 611776215 525140472 262977687 434960129 454270338 83203755 51237929 270919666 794823789 654069895 734638426 729797422 515569751 806753353 675219586 262948173 572063637 491444029 747224673 202614729 636158001 817500010 528791534 404796541 638312428 118503605 409881175 754585626 402679390 729797922 731559502 45244992 277537795 840005843 832482753 175422841 130696704 260268433 788038201 355691426 191517456 229191715 344952870 357143513 312110808 785795805 83992021 435451835 472896020 922381010 867716141 52710609 274559636 306136500 145391087 624418634 19630784 140446491 336987631 168005290 132795086 78965553 542209457 130893397 728699651 751929738 994136149 628710322 367427571 537391691 406122138 49948636 408794759 16595583 751480936 567749757 831813425 814316124 536436394 954133858 639127237 752481592 578318498 49520212 592419528 35335421 992560752 338181371 351219800 678851541 270867997 787895487 26738562 609805005 413023990 668155326 972824860 211418037 121558284 469418788 189496731 878121721 5314085 263008187 362065095 109218296 187812435 28433591 960387122 856100766 299327 82215948 696885727 384157206 288310387 314829373 255021394 116409873 430273467 242566302 397629761 407804968 812860884 764423789 401872479 440929381 629315763 351323178 25848308 356816288 901155519 422580097 504188033 638958906 306402305 866748942 440183317 330052617 171790009 877959313 615017953 708513854 401683673 543825240 559040283 983764812 662782196 809154910 216167689 606773749 749885343 865791504 190496781 583524322 609180460 965409053 635065883 269056013 849690806 259926723 322694943 920787469 170097133 960877564 724504480 279611555 698933667 58760485 6253009 782458249 73753556 852820506 379679467 116717111 878166775 494661333 137912317 661234415 469452335 356868641 583322163 828044420 271142751 984988964 502792745 531980871 929668908 965742452 184708475 217406911 19343135 567356060 153254911 823438071 759972215 160627654 944740556 387433201 974369016 62769015 586470945 879688253 457518573 832438341 225012684 20777918 972229028 810189136 368718582 429117712 516070180 877383526 290748047 594136540 583946800 101260141 999840569 270109712 644803858 861541684 107382622 283679769 599963369 223248945 559996410 821643408 203766206 53908913 576389789 610458776 866027881 597064733 165037942 57977883 3170731 490093798 262010100 137496280 488024045 357331945 518586663 772881166 736103443 364685501 432638123 272961278 786890470 108470812 715817294 70305428 823592543 501970854 211765107 311926032 27992562 32479617 934448137 575079444 148565746 552937375 859552052 99194047 554299648 87970988 871794221 275045795 381627498 836326052 930042688 466851775 749106592 252488803 522874188 411710053 447881792 273325112 954505175 246855020 504736516 443471884 982772174 554379383 453465488 212420487 994549880 762574045 637480571 637818056 160365857 511098766 899355370 595115418 651582357 856564014 961243835 429462114 701043276 967756892 946307357 504782649 530987374 124442188 355781563 684777378 814695028 880895108 246793374 677823157 877159713 630518012 471098349 569040195 241535678 134969203 106722245 200737847 90923859 361253640 369169518 939529238 9079172 217688133 59987398 781929396 312592837 787113382 735223077 680791600 504748066 647526879 116358604 949971721 420030616 578550975 183922771 481741560 285203592 524310987 379201043 241470515 130465309 21041563 5402549 118630408 623146543 176493913 824403097 417263516 525688880 555947291 78110185 667740976 909203090 411493550 502553520 857903599 976343938 492472269 109384663 761396736 159737753 9758711 760291761 536215518 30380838 820664325 478420772 276263640 664648560 956810330 612301811 72305438 66755431 405024230 812412388 988989831 716275669 678058450 758742695 149803095 225319343 340978881 274206977 365393528 333250462 570483033 695690350 128790053 727664803 972891218 226701361 297905967 718306207 381482478 64262565 68228144 888058752 169559419 929163931 751490567 701202912 726608356 280135496 32934872 243996004 554463454 638713912 809737387 894616284 252901694 577440490 8813572 660031892 186573072 313859409 336810930 411986189 185041297 650251541 323558179 849503061 579768555 893130389 43138876 449942839 763377511 569785780 6986468 706063807 682257001 534820980 19059872 906209022 369292154 579898655 726209555 940800365 287537023 777107335 628708773 320653676 846577296 64697370 193374622 928002758 762941275 691095966 716039156 76006698 840259140 239607846 89343212 562648481 188138060 604446689 784965304 430610677 701459999 277397976 751839387 921498328 31746461 469136336 716694371 389942300 542370611 976252772 338259787 548748750 265339131 518283705 379813769 112413839 745086627 670500560 936907662 368863515 384533232 48544198 573434548 955088267 16936288 167588395 458464852 701176541 703631976 502690177 85748832 412888331 493903400 582229804 176616042 135178738 898973071 763633828 77942096 945147801 936625895 167020324 194536072 590356657 792771076 345259868 764512540 450550890 501476066 801023511 761349983 571664260 888745998 961263565 67045416 549924831 397235169 112543511 386344677 221777913 967330812 516920997 402319716 380453959 760213866 234328242 341240379 99247081 869990708 839965524 611297217 534303193 840355220 370742481 35258248 264867553 61239225 611521432 728810816 52254723 870881325 944587878 609938277 813227024 479682488 485633547 264175881 833476669 999421332 421302343 429677294 29540271 8127930 382460142 145831959 108589152 874349430 824004586 618732869 870632927 701947333 146469972 729909863 116932437 45439177 549505756 64197467 190570578 794910336 839355584 636284565 595305961 762686825 476475779 183594871 919792741 745457145 880707031 199125299 255711838 184314629 237674731 594104912 939711724 137500191 394136205 756846815 447626521 97326056 772404851 209966958 656165636 747817109 24597176 547026665 418982443 450199146 660474152 783620839 970476196 179642596 530670434 32037788 400032804 839857762 829766551 687582629 357371938 452731921 97407908 115975633 399854492 844608357 729483148 486232003 984751401 150588278 296679491 707552643 405708655 223094563 374907644 603776348 610706392 385037791 985745942 677722383 586231274 980139140 255799766 430250866 455065715 735628889 412211009 68302888 487063311 291368785 34961977 488763234 960672575 262317397 295907795 930135324 375072460 833129927 289576228 154287354 300448937 151106061 769183508 19454796 322935885 460540150 204694873 121749465 452226846 819553492 775701589 558716171 881926063 958436331 37246188 897101711 802127895 15728126 484688068 843001712 645346670 145730570 180016281 195865670 800712928 845970542 360407020 602801623 228082015 730194736 231955107 861981304 306879304 515702513 515673194 387153775 551307568 910702403 499265405 118417407 361996512 354940426 613173636 673240193 302360416 43070798 143862490 352168299 855830425 860982894 918341284 993230242 628257918 16512415 482355617 82415520 758589082 35508029 397535662 170932644 963475496 196673165 314297889 519922029 359228962 875566796 602727903 879591773 978699169 441611924 493016824 708907135 261978700 433556374 739409940 172160220 830667643 263563184 331883637 246460516 159220917 331986775 487263418 852773186 580584563 402920156 616260170 331264533 791805093 1984610 723498989 315884523 730170659 433524647 567233384 633487210 756201542 245644641 522486018 96005624 56486118 848470396 798975028 764856806 478905268 836213976 941767930 115878952 812964059 625010472 36579648 845536903 180381776 953713419 129813859 682102114 757773010 912868640 562419655 33389824 629934809 672690150 414600998 719400432 90354447 620160253 686364991 758853415 526454692 283508823 57873468 553431009 203892888 877790579 349459165 412956339 222008835 779624163 896354192 676683634 442089799 326580382 883554583 25716067 653910107 101382080 17441004 362175884 661205615 246236009 171917430 90585714 780247100 441726731 292874181 614570183 114066780 317367570 811473633 889660604 916721495 277565969 781607157 593618821 467947505 427239518 896557126 550365256 651620500 672226398 964766683 812227814 267316319 650794044 387935063 307020817 236289755 837093609 401614708 473694487 960061327 484264581 15197342 102607919 108029199 794067217 548900219 725904890 331707021 938160599 791339332 673666877 193328885 127055490 108026113 649265706 214844195 361326661 878400059 120142894 181750024 152841057 924873025 654687951 313141931 103144923 617267256 287884485 162631742 878735187 807585478 622760261 862682185 155506695 411418670 193832435 145521430 136775244 750096461 545384175 713009362 14775471 102006650 937596286 675960650 708895243 977407042 568891679 180295007 763297228 116011706 507242253 560745653 678780847 590112033 120185177 20509991 984419198 863121845 595492776 228928008 932943220 934051358 335332954 530672771 391376343 989152369 217568911 792004075 670130429 971956853 567467650 796481671 584340380 663631776 840270527 330301864 420292165 132129737 225440225 714700744 783915886 191901984 543138868 170176144 348345637 819172369 690671327 69467636 429759142 738668508 785980923 842982189 946058654 859321435 262083533 573924509 946692757 497269275 750056405 354707719 609155730 486217116 300224272 930539858 625334763 473521408 776849398 619623634 620464915 635019976 583151810 701123269 524773474 168123816 959994936 220504439 964229181 458473072 398460375 287375137 443153666 244686542 556620805 921345005 528975575 720147069 947349913 810992770 426115990 80095454 892104540 309241531 411111077 292431607 264241435 623058707 945107002 814682680 362783432 334109463 227024515 304709040 848896926 385253181 639023068 629003045 676534870 763967744 188894283 267979311 113256923 291747600 302446897 396395321 893546373 929326235 689345031 72060706 230814082 158111894 260510323 173231655 311177770 647396992 336222200 479882843 136840377 159448141 700018382 228988923 91134738 143353167 859945967 65864096 936007894 498286957 484479189 938389378 626764139 948090938 391914735 771416618 106431205 617158957 382293069 383700891 842864710 288934462 593054755 595071669 563121099 429559838 620287636 379912642 578087615 263691026 927522784 861745440 931077361 683237514 844206974 390487138 75178356 45600508 46051884 81011131 157224287 496670298 519338240 527160888 503002758 869541555 445265485 384875871 556912905 946840744 580514570 765470599 817050046 372643906 598484563 399657601 651991330 790222118 646632372 336159340 450450101 863041500 207231841 984433173 37876184 725026198 18697487 947429607 976559476 464331557 22340184 85786839 649723777 931535497 582695546 818479086 247836118 160681647 687504390 654265601 76558482 982468100 683394539 975782573 919836577 303588024 666631980 722188463 106533950 806861483 216137231 239012522 383462515 750630331 572544006 958778474 267877687 654630732 75086304 873926555 934713929 130280652 777238049 659920392 752679234 510859194 618353298 20403043 277030326 420331460 688759193 63645607 962735624 929382227 760568792 959099786 829838848 670236501 969419811 296965966 463224445 628148439 645739450 374363605 649200978 954074271 826244880 751695028 411418651 619695047 537150700 7018865 232894756 785979051 253009755 333276766 117931582 321616364 102329678 592220422 239347475 135143635 273760636 246306835 37325104 703806911 285007539 788717680 497093024 752952823 821198653 577825821 37549135 2380208 290558815 30177540 353006845 704016934 258891648 324422853 797772442 822415056 451365893 153144293 682491455 258129316 261532310 33893406 674958870 707490832 731695576 269759178 899435470 270472497 771836753 974113024 26001047 863745688 683452324 686422484 873715459 230116565 20804905 95877761 836550155 130797276 445464690 757928733 981553403 856657268 127663380 637160320 575675993 296949037 546819235 164367471 546560975 770377697 718138264 375714672 28245277 357906611 30970563 189165627 631576251 932450787 375410438 334066132 567226915 491232842 977641061 838187516 460681346 552870978 35786736 991796432 613888849 446219802 543613321 619454650 62309509 366054336 711617052 148873570 833580256 848637166 105005608 436005014 779239797 163470194 512207034 769846636 348658275 562955991 91196794 322925823 895387435 686548028 846609417 509928356 577013945 606659212 801565581 89741711 8577272 156836869 779438853 265861038 157603736 653302113 627192559 945543308 697012868 607976041 646607252 40059352 665052693 573210600 625001662 9719931 563511888 296038783 399074868 459333487 666430320 859404091 798074065 783279573 950322570 329802930 985279573 870657720 339565640 233488240 138329968 429176211 953554558 13746342 337526591 19943293 838746557 744825219 474884537 109063627 705167727 25346074 288019830 581801777 953386203 833237375 986336100 150697895 741629716 20478412 64686030 324418847 132145980 394427659 522877364 393107121 33316651 733803036 611190876 573973852 991324141 155995600 338009115 750742520 106660435 141361599 553278768 658023213 506319380 375006638 739233838 922537641 251425837 907651077 107229522 281753486 752603077 849825258 53327519 599670845 867455712 215261233 629504385 250578050 512622131 247398666 941203589 391456810 991389616 154022363 415674185 683126949 571487355 485810805 818302498 536969125 940883189 349847189 105553340 340631402 957942737 866467408 675900258 241148674 540121856 510758780 427827820 960763793 380512447 591264349 326239586 32374136 575572927 940798939 586689285 224412797 375456731 342431753 988003041 483334229 272338621 1520630 597350769 179289943 229770807 269224332 986561475 796600893 297531428 341898444 286953541 811229747 753002776 401690150 563875744 668369519 867229636 721475500 366298510 403238259 283662383 285488028 802374569 794169079 600335713 812647947 483832602 885210506 317045965 172026961 344461963 479979454 785950609 845968550 408977425 547107077 681454104 20392227 356097110 707860537 83081822 567413005 431707005 626716269 868401877 456271784 50847719 871706341 608553509 730380231 569136356 228715649 629623374 840395689 693293966 166954379 949253881 104126167 724518635 67226264 842837682 236646498 311751208 159298678 81836536 376949769 29677447 929718840 107900933 771425307 155386344 845436493 88622545 239260728 617732904 245145550 882956333 803688279 571071421 338185931 561001759 255391571 197727508 897295115 988862921 904197480 28859680 476019518 864610845 39962803 841157609 460349576 456658589 681765458 180643772 793846065 814572533 625747849 461267044 100389260 802093465 568641842 539880772 614051014 307431875 666616197 603935873 879532407 501966403 748018347 783972339 728189387 255133604 630289676 13517395 196198543 504937274 948754911 601555756 202144387 46105206 759217030 154855256 946689469 586563626 599986473 552354028 888747055 203043835 954945886 503912235 875455148 431383009 998764193 620605278 130270879 921524004 172339530 124921657 215180993 822261043 25756112 352134445 126954530 242027053 717797239 459577442 253817272 775183897 171146855 929176455 589889587 194522803 367596038 571610207 405151914 120055159 354443447 5567778 15461522 643221472 518328305 35094 681348211 997086300 442145264 964441578 132236896 355849965 235801144 749762140 863893976 509583877 282378863 324839409 120811669 265864386 905405639 516159678 510069952 799309537 95682607 518346804 842245324 105826782 483436929 914848371 430483359 847623928 672056615 743944071 791836680 599665156 465951625 714967340 326018511 459899188 13935480 827444654 891928538 909539357 801082817 787945600 674532257 130927477 668505707 197214934 777103473 583321120 771459872 259430422 519937603 820296098 233015038 668869921 698232704 107451124 804812762 519592183 482609828 657919813 734966040 651228745 314746252 448811206 206049242 286985704 540612270 359072429 776238077 338212109 148113360 830143120 872844682 307025118 54172033 295749411 451798139 716785598 684584175 934933637 116728577 413498729 705247445 885173760 96453336 904718810 644355608 793478610 490602647 635612959 97441172 23399745 556781604 32175903 22968462 810906521 778463944 840873561 682601607 782785977 393434416 262017719 363224956 497918233 64182735 191125484 774418571 621713038 686773533 747557272 536214274 985519393 590273440 787812141 851927922 31977832 946346405 172783546 629951668 79227993 854023281 205904719 112552821 301987811 70128407 780279983 3753449 261929700 461733232 487486480 307920188 289274997 927424482 113120706 178144097 199836673 295723540 762404908 971589787 805766424 141481796 951934226 909299088 480288574 934813556 289310488 814244197 191848787 94369938 400282680 221947169 948274868 680215459 437778270 716103444 222888378 345253141 777513615 516454057 839858425 586459899 267135320 280487566 137924573 656155693 892866953 851124718 610219814 829431743 367881730 584338082 641950379 292828672 952484402 729398816 971179385 746029169 539446779 811403840 61727612 383906891 861141181 83840038 945239081 278214592 532987194 581072475 362832492 665829733 964494017 767769842 378390566 703158681 945375332 125436881 428161871 473406210 535779609 706649836 30016020 469056273 579831981 930581228 644420841 508305949 710266570 517885814 587910084 658337307 250673798 829811038 55821889 607870149 763729790 366004851 944734443 634956207 657000519 674360017 568127916 142395303 556396353 182643831 393966282 332690199 319215518 857523356 292727095 268233192 294071131 944616277 933007710 375546390 16108150 98691877 742619824 759527219 37568250 597833394 538033393 978953260 363628477 567697003 606407535 538485243 929839292 391246954 102647589 466070260 729870722 227754025 856636770 674853221 805037974 819287510 303429899 580564269 949148980 104976283 94333653 827000102 282672769 400493313 711374144 267115955 802520741 913740658 985862484 588725503 287075444 978507529 323084338 421898023 401131555 84057560 370354131 387451698 321867935 347159588 861965754 543511863 133143085 514212375 868704751 21266741 101120008 259109952 412255447 615920998 17988632 604265964 784260222 491541207 494598750 451378580 126251263 273208252 888290942 589696640 34684079 16899033 615489309 441031060 286547324 835338880 945441871 135031473 41372693 215340198 894055827 518091146 644435095 306172310 334893834 39423578 342164177 680318899 939816046 832854489 670968817 185448875 3695450 680982872 241301848 610741977 143746794 726494730 8133897 883076821 946966693 759487561 587796826 846978161 941606328 120721101 641849191 683243380 125282403 197630600 196562767 990879249 893916367 597445114 313357676 135618629 772266123 292486687 428051321 272184468 300714035 128121933 459890998 894814405 851464598 647969219 143557630 672781324 595166618 453294930 137777011 286864941 412792139 945086799 454709048 134397822 566996200 179969685 901000514 494347298 986685420 156932879 644601134 993272971 105547042 226635818 915020480 927045469 802030026 251302087 724515161 830383332 123056023 392713929 365084361 720408705 673106904 5327906 800538862 422602595 588809387 169873479 239306941 420694137 891594340 58041852 572469119 614508258 617687754 318122317 849543369 920430587 619045236 932491582 285007267 202637627 867895313 764155099 681273457 414740870 130202829 470136231 162040513 453252877 397850666 150703599 557789599 469773735 442286726 923329362 848319445 300719148 373183984 746421865 886832774 605369339 703800075 843636004 125758275 983675764 167275369 255221437 222780265 956154894 704051734 233831719 567178804 540508170 691702766 797805357 312437567 135724170 928964864 986359058 101850585 718519277 775078584 881938081 540021478 79512721 665989541 201941509 481981360 326690087 826381156 88625478 436629192 403112981 795902220 905527274 232504258 45701617 646956377 962854213 464269706 768038906 629404445 310709447 675121679 852478762 692517394 523835830 288232799 794287363 118485534 644410239 528394678 639263935 626999834 564288497 191830964 182978036 89958258 527240493 904047213 485170 390173280 642548153 44012893 621764564 234736154 727609510 805358238 206205160 375502061 197354554 639214220 914234400 862181765 471328202 870896097 376010664 304094396 886873143 409691808 282586054 592481489 707803194 323648604 569288720 904139266 487571573 988174733 975727014 927874543 85998421 629459767 714131698 74647399 420955180 644755724 474601678 381563989 29919992 981629534 944558900 385175690 321339414 360344049 193929610 665868242 893357861 527173105 810561426 816262845 150962667 194716250 677290733 983410670 935584824 112086265 650794665 635936968 532305400 63465497 108975919 847231859 354198193 515956517 88215237 860476309 603623052 997501289 375988214 407170065 882782564 596473825 712648630 810759109 957684737 736181759 998654123 705435804 581061664 230023272 915843406 280374170 730940969 46632654 346674655 17632522 396114281 174544797 446819931 838949848 860211894 658805251 298971728 817282057 846282906 211941398 393621135 296900524 838608015 507994847 854203918 583042867 528125118 865927892 633425246 665312122 179592968 608873022 785042121 337308105 840138861 317125041 206748338 283495849 407673478 147280524 302415430 704068845 858286738 426038952 81322117 156855485 519390268 601898694 53931811 903080608 587820011 494172074 154211049 57458524 303313803 45097353 853302728 182592327 867593044 151287372 206367620 491711778 347803459 403761429 347803859 569946455 154830587 39164350 259755065 924552997 238561587 830944565 117746814 860499934 53530913 640373139 182777904 318190788 825107732 976241993 172219734 169717859 319395466 594985578 674645166 452393381 773452372 269212105 132831220 418656488 918094906 385296337 745169033 916552906 355587301 386141463 672008019 404950896 817020784 92278352 519001033 267870080 908631899 623750332 919877381 303667963 699903983 482755997 82605444 608195449 922118329 563014173 891177154 157449389 860476673 320113178 561469874 514633405 735299873 563557308 533759241 211172430 117318795 856370210 791038172 56887865 450277602 800041124 873841740 10525727 683114586 597176889 236303693 460883826 950475033 824757366 869312110 368406825 432026246 666976940 978283833 355932826 578226987 981774475 46423554 665462388 521710174 574612134 269222076 174571387 679782156 258099518 526742978 560082856 930347418 846780548 534128883 280227365 494161439 47390003 425834711 234530547 367636926 186235044 448568107 806650098 236082926 963392293 832381504 48755423 300982443 56617489 161062447 641487224 549991837 380233305 730021058 743746028 975158903 152080033 139121511 766136891 500644932 751835478 420260103 979603589 801565307 590825156 915674422 161099029 786137939 535562911 34833970 218087850 245101383 796442675 86872094 38443909 559520218 819925969 570018673 398760170 68214915 389389952 243693501 477841382 849763943 129864120 309077667 939707312 723304584 946387092 337508816 601266256 104349301 324656258 708669698 464053102 863391845 26143597 127030503 625799271 372052718 867088060 138906642 304924210 510128462 872951156 501865629 501840613 476836409 276133265 839215091 541055293 369416286 394046466 457087298 338262225 418085054 579234702 260568686 917295725 841504410 591254283 960445528 773832436 850556279 720925396 879587143 306283273 762869883 570664159 582742561 841831896 734934875 475919262 30981634 429994657 224357251 421376734 594196392 798545694 676331463 995474124 492090078 786603068 643069513 497874864 652646405 431448446 354367382 549490938 352912999 476584756 726222348 624845869 38504787 832459671 622246511 360137480 177422354 445752340 366222478 973860899 558994360 85796812 412370437 334116678 158860132 12365288 738830223 503382233 564327397 690753480 172736267 63721298 11036974 7643260 230860551 184250423 743427353 1616361 215704336 900507997 38557143 740179163 901112543 863082213 969794326 220044877 920059175 588521040 700694048 557784512 954605615 415791889 433569483 452822793 445619923 195171087 913886166 765945819 759322169 206987679 669138134 367454804 656392252 835913700 932109832 933879914 868705733 246092915 40001321 120083092 765485972 780206539 964699039 810613451 514091913 375909580 113301565 738144677 376616454 999579671 182111612 23691964 823628260 663509969 904217723 878186874 157315602 221333800 875425510 560479646 96977454 4100086 174322282 208441858 77413000 502250215 235250772 433785285 752456866 672090875 896012016 360082751 18232929 464388636 89145143 953008289 121626927 443515771 880511099 19375176 232975559 244559025 487711404 916112500 589676799 820349657 886673692 361788302 100886677 981719343 403087143 165283435 620670165 913203665 925306863 415071185 64498548 800957297 253426382 169683424 259972010 180133362 720770704 633963120 352922631 64208399 133010259 811507544 177378464 252476181 764207897 172533633 445374683 118708238 534626338 311902495 592737754 45272702 151546555 571874551 771504712 179384852 872906764 339651660 678653393 359133473 879445739 317810391 651501343 100328346 96950489 824906636 183158268 130794690 608812229 290086639 822738090 688104882 414637003 703286438 676878824 760735560 121258065 65497843 427991537 346070344 850298804 710353068 805641789 697427794 993855906 835236880 764929166 197058885 793411907 361459893 218383355 535108156 395681074 631826230 463911830 676005555 582991975 307477167 983194296 600345709 438779447 34188977 542067421 115878431 232393709 876071112 224434549 975019760 344897502 539846057 814560363 811291069 108748080 924029862 763155361 855450496 324189509 448622496 725385317 254238815 814993607 805999395 122328716 280296768 365321835 734861457 162120056 923296949 333839512 496024567 727546043 66742007 960932970 976380196 463516822 426518498 955789691 443264363 464512289 943172888 457174693 534004367 21502902 243560833 568999008 862938242 869920512 511795611 470598979 880277510 304424844 185145796 226922153 267355489 114343025 147813160 908784387 864670828 3350181 534790829 236671757 267238646 350691364 727853396 156185581 280215940 491255854 512216293 332979408 457566105 958297340 644385353 131380538 47874026 393320556 74765625 378317887 718768755 873513484 566160907 536648521 284593885 462382815 158044401 881984253 287347884 512591056 453172784 414748102 148166787 824331570 689408965 421162521 492453881 948178290 237448539 362032683 118424348 467082906 166082765 348389272 41239166 360010662 368652452 643087153 301837052 254137020 998585532 896386560 917091769 692717061 976782785 365983112 950217235 770999039 105102456 611273920 403493361 463030681 157589048 543708655 947408257 94938187 240143697 446416592 725460398 807399824 388067632 373482496 927032101 339554951 458435957 806572173 301929697 958774228 335903550 103221299 676579661 286684412 20906362 52512002 126012 290523206 757432745 626021723 426383030 751682424 594706622 424763604 615316529 405779120 44015694 191649594 281709886 137634520 896549780 772911782 400345384 393908439 613263498 364078859 557162974 499110598 242921412 557112217 700968449 261377633 204669483 291998709 601723672 501569056 333896123 979825749 101338874 584031624 299165488 438496482 72630903 800391860 413919175 774896178 642430960 487947529 536399084 785990256 516477625 293798974 516188514 970461364 272781132 768215428 834554244 486983476 757879553 17421898 979454490 571688004 165963267 498356711 902637972 715661844 77880304 499326555 638618856 766158033 207642192 31276990 60275861 834383955 59789313 506451671 451305969 475682640 917615781 780062090 841564919 129685672 431541316 815726470 16263163 859511685 554849318 354776506 523678128 482161435 768454274 185064106 776723683 72962987 609119654 859885387 93857486 39913449 495324603 711655467 515300359 516911695 993672042 208314387 11210564 680492466 404341775 484894426 94026223 35873415 662094001 150488294 58468634 951195935 381462067 290751997 745887506 786982392 712741070 395125193 138519228 568421873 699795167 853936107 451018407 257693376 197047267 576930852 381550631 963202242 635167257 976710256 676946882 515125314 572836734 108354441 453124274 589579797 67180008 385938861 934922351 286048749 80666176 270058902 484322589 403161632 128036412 111719201 480472693 827880307 244107820 586250787 464412087 510365893 292573489 198469190 106292901 86354648 708123238 26955786 443351138 948310230 349501045 226356436 254744559 673336076 512685254 10678385 972262280 73122188 211045799 74006006 904743407 720337977 118219294 18024803 112670686 630798617 86439781 507991732 735149010 772812638 601093720 711008839 945059434 406066697 106836126 528437415 326198233 914869014 730845188 921749957 44130621 229990695 309887460 765761050 136687756 68309055 432359559 639534746 58131421 614997763 387671984 669099697 839779064 604215781 794865940 141752870 914249339 949742436 96695490 981583460 693679635 27372535 691058088 157524225 853914671 19715146 404931611 610822613 867130425 7999475 466815976 139176266 696976377 877790648 425166761 492687206 815868661 744546802 374455939 539646333 947612121 938545695 60266321 414133099 359746954 20716545 52225147 676013670 343335395 745825124 928103555 394793747 966544822 864532669 706026942 629834984 854931364 724648295 723046017 614073770 713525619 951624395 503862556 383782474 762088516 699502713 891243724 682659145 949954718 341696748 61310086 165777453 582115122 674095167 304215021 866716230 426671124 119893339 110372569 798384386 59070936 555792809 799964841 160782799 677964440 623096865 531459841 432222665 998749658 192493701 199411306 200745332 37561270 217967468 561603514 467874623 341225705 730630437 202640826 113015573 210114444 917431579 547382676 263765269 323387782 494523994 482128024 186943781 886315141 125237153 766731199 871151254 671638413 779544617 734699651 424430934 622159954 6573301 749155599 282597013 963400873 971283024 631143921 143932906 471261433 572664616 440442545 809139446 513241832 771175368 884889724 144219913 873213922 128493600 707390248 434272777 295895141 894729674 258725903 273073667 639595692 983254763 321675827 517619944 514473213 295622483 190580209 621190706 603177709 194974116 520866447 90432935 743139242 114820196 993628659 376429031 207004116 303207937 390195328 841702177 933613491 331080116 735401254 122305638 225410010 836116725 599287041 667145673 895848963 242353072 305092545 622894206 318128281 663248435 678302102 275017808 95620998 132662160 969185751 388443606 148413225 32526491 581204215 304574242 64009723 158452281 336855165 238598499 119897681 90562346 300959134 854670185 609890691 920588889 469229744 866219776 368821720 326873675 246883092 57100842 655845251 672878585 885434980 631441107 363862765 430813980 181941373 873476340 613249779 883944347 761335813 606298236 190811023 658237677 905953291 45073017 564117460 443366020 242380447 840426977 761091751 564918765 106472188 983007399 776905022 550027031 535430626 214927050 947688703 637537860 544958371 240900106 563791516 230114483 721751258 715192653 73041866 370822869 701409832 57631355 998132976 188867843 242550606 361076091 933427751 965681058 167271391 33239042 327435281 949026743 805466114 992640589 735061806 783176376 703456987 725269703 114744344 254502104 630741819 543315722 466683551 401814960 509674409 847201647 56307800 187360889 765850024 543852325 712117154 810321441 477721960 559185483 144746503 784564387 794429367 996021300 166716875 76028564 882296370 439309625 537634145 51063421 249067792 548512004 966004567 566219259 580974165 966893139 592209526 523204622 305274701 977800677 171186118 683301504 524521694 831620288 8595191 503979568 498208472 103952820 338152289 385280578 419581712 827488473 739758716 266675055 154951 287931787 63276368 521418929 769938681 589468761 603516917 20271707 703104033 9336668 666268103 694850686 428016327 58504392 660054404 470715040 595033526 551922569 474107993 369089536 68349333 519522851 78080948 649086585 291679583 20045666 63063677 66558321 956332586 541359629 929709555 614752358 811748555 497122525 951888005 324384338 553619596 385858365 321587661 726649245 552911365 56164334 166174954 684804064 461549030 179465145 329711168 907650930 632338003 306988619 712885775 188891432 819878984 583503404 113229846 634256171 528850619 966822860 88282657 530593658 215425884 816593023 849241879 707970008 895067436 145104161 876261597 741819078 657979258 50507921 621184994 648468530 227961162 259484767 94283597 323817987 125212297 379368043 96091322 687032975 966315325 860240876 739155347 649450366 997019006 708342392 713783408 804770300 493167370 99881595 962331616 48043422 387937546 566620074 453281187 283287603 101222415 499054904 628602465 377107210 261913844 474502598 833397248 221925717 491848591 695647292 664946359 289982590 862014811 409086224 59847508 170758092 564402787 8195596 255064677 756552592 554338692 720735682 354474877 96175186 321559803 263847621 184078934 412484528 211402661 947507517 949845364 194211723 879259585 78786497 184560821 685275616 175444627 823193503 523656264 42893112 758896166 134671136 337044223 411575900 810248943 6952722 542251936 701037229 939731178 917875191 887963822 788179311 700770407 791242930 600623974 576480329 127110414 174299847 136477798 928200067 14033129 364563963 69304759 78195097 949623328 87285730 930889934 847964881 705593619 898945354 201174673 618565720 213867485 885196424 16815137 709224147 174321173 512724956 634465020 905856539 975612189 72998919 533098981 326299005 930074640 476781986 370077812 934666465 542289935 847035299 128852082 573254925 27413726 250979320 702000853 22867007 289848141 669749213 102390470 658489116 647025709 403416910 856204777 568604970 593379668 782236571 339933839 583583412 837085626 550567301 201812 394591054 946232026 745045533 749231724 64481137 194718279 601807226 29822875 666865453 163867628 992354962 41552431 753407331 563985660 544038921 668147454 218490940 36396179 681498813 604370658 763183459 474406910 440023514 722263496 95402141 118174023 987413009 184821084 798375345 230699233 596611781 933687426 557233589 771125403 116602567 98297571 697829796 918226304 661082258 443450756 379466196 615160770 801089577 873054058 220231944 151448754 491676945 985554488 999497348 676586164 166784603 110033203 512965236 92136650 353132662 327680809 407920609 170694862 952106585 825390217 429865665 714038747 834137473 998343680 394913998 998640759 722822784 320773263 69610299 896542593 50545328 561579564 192505475 579054145 903284031 695315150 597964004 662235280 588864452 186052393 138219976 184255935 815920190 518263429 683154604 100504095 395338426 152282127 672744507 84799082 601343415 208313076 871650948 463337388 603328818 47670948 169782195 719178888 740986042 559994123 577358644 548022412 963703157 565393772 37706274 794837370 940009398 355221253 558579094 964286925 902991134 632126417 698058593 884964711 31456038 809824118 885515935 312584738 771373514 296528580 954527097 976045785 582074834 73071465 861175704 694586808 602374162 515304471 876999415 339479586 926252377 707109588 233812925 359427092 532915435 197777908 563145780 577145854 446155633 480743355 870270521 469536559 281503138 342748810 772687857 263057074 853837053 689721339 374312524 208325244 840418999 550201088 24326458 345243053 899428536 883891000 857885210 645528614 126708251 944236293 305618679 344434222 10229115 827719391 370514839 286559303 152819982 961660294 321407504 569021452 363183073 298880961 223570567 316942665 10826501 125226568 47157680 302392995 199299884 345473943 712004209 790533098 110102432 281177597 34291907 295726264 935767229 188672840 679937822 723675527 240554272 289329515 187985874 38142348 263481241 104728914 558329574 649388048 381367866 532020168 69008584 590061771 661808997 3857795 86923961 321657628 135681285 539138215 25181247 621970512 859912276 397652757 585453279 207470738 604079755 961559171 374447037 62075835 759189448 390363457 775070108 468163287 778561785 50988195 829420095 510462632 934238998 331147321 490283634 365621731 462755860 533880705 860839753 333090421 775398169 707284626 185483946 410066046 679697344 138304849 147010519 355315612 532459655 591031188 448707310 625853160 515050643 90279701 163855834 344781177 894419947 588878851 777183471 271374431 198191913 57958856 547525741 405766036 998534211 591480221 636036728 729942903 414690973 686226050 809928645 957940330 522572069 78273742 508474256 98039000 252609889 426759755 500409639 770450380 506377115 168411184 619208748 869119581 401178229 165983613 202270420 990467912 751605041 96367069 279965113 228255984 273715890 38734337 161381967 292862538 768194754 871891764 63911811 991208947 123371535 705728491 156043494 118733 339635293 958434808 54994965 591981144 204895191 831871279 497330527 493685863 509072080 696448675 629353880 316953898 894270350 122361100 990805362 62422456 412040104 303146246 980459936 129574053 853217317 948308841 386250436 485763186 428364773 391844142 803305367 690823174 737531370 503093204 731102257 665408250 617906174 44132936 777837185 652338544 506609416 92041534 222635785 154185136 36017479 212810405 444353064 923921927 107045550 873830643 517282663 110514275 650320815 544981061 266518994 390310673 992450459 263661677 691010627 750458628 454512063 779132789 523866388 128242610 643042600 865542397 275115657 35797825 24481461 123956674 340692629 768357852 168988519 286977439 238576837 93477195 638140685 595960162 419598664 816323676 777328128 271712830 615119900 440499575 586354308 983052618 193539176 818816976 253163411 624587103 961371233 595112312 391540144 104118023 387523840 803797169 142637035 802253241 558406632 938716833 543895679 302479927 474795818 125735660 988761890 718005457 829465081 970038511 934400452 951589968 804991580 504130591 350831664 240283735 974118314 310189870 828401221 317017416 429585443 836433994 494556056 729620919 836976520 273894167 99946955 656447412 27637756 256222868 492842418 298220910 549364719 90898820 663404842 468669923 420760424 753934881 514820596 93200470 363251333 811315516 290130964 585244331 494397271 958540894 328229086 44706422 943318014 772016772 75697405 50655145 847509307 302558107 385623120 21565253 206612761 859158112 382793799 522004366 918310919 397226791 869224263 558200 608679260 746103527 164720432 215491223 402509898 667045723 927808100 254922878 31622736 550360565 983169572 932468075 662276631 434371447 535623229 428390261 361389934 619906402 645341316 952532714 688667445 514840259 666535341 785258031 528064953 145329256 603534866 761351345 848757441 519648582 289317992 117027266 854787412 944950310 835532318 877067331 980243604 397876916 505982278 841612958 553136099 422763271 182729181 519110517 265388445 431402661 943636377 921454246 60095170 94339515 687960746 519060123 764978526 202566530 647098054 252370512 865557747 301288855 857044360 644966401 347549464 113812315 337312398 45842596 201342402 531666737 801592319 455157459 543665321 111025196 14238456 120480341 34100143 533907012 363886128 695405050 566587849 265222893 995068207 137715248 141874847 702658051 498072700 498324964 1033458 117237896 77801590 833765982 332856998 485629584 486238356 149377413 323289193 537203744 348390220 457601902 882936823 735758764 152680153 360523159 14702491 598715130 135571462 429898635 354703393 858813 595581714 90731940 420510284 100689252 536231456 521173067 139843025 583515989 607677589 196338438 345132503 310420203 208150677 151863887 856607631 624572628 102616973 529687767 982998229 941683457 880055867 799321817 920713984 983391444 917637342 509984075 151566283 432135644 522221589 675526677 232393755 409171343 397504790 35790358 466029549 5426016 29075321 487855386 59603021 207665665 886058915 965108716 58066801 227975474 168855717 909341019 832599526 411033910 679130861 389921310 694534199 457959070 2828194 380137773 788428661 526252579 722299893 552737092 746965331 238634231 415369190 161860336 491701311 794422869 196315324 413197058 552813162 906653976 460605914 971404425 282816413 55930929 161212533 871582257 247122305 514577668 284675114 167426416 910548537 768177174 55146400 376054088 107309155 721153489 693318424 908503927 614784562 556255473 746392504 539641874 733356063 307027799 385250231 805794025 270503308 167231830 446445154 634456183 911337011 290348856 856797982 492879812 118772628 758134676 49124279 158241406 920867792 618871709 276936568 901907051 324801962 45805783 478334699 346760654 594066689 41057219 428003174 66686091 81034353 900297305 28550009 568666015 232793161 13968407 260390367 902727341 299054255 776268750 587882845 685238910 260857011 564300083 753832 726897023 313196120 807634406 473327484 813459654 208106381 553486728 919501086 863769680 526872774 595498904 276275770 881237254 550520521 561984487 440278122 888011250 779126318 164967896 479746736 530093160 364163511 808523220 248314429 355741820 425604403 171808986 603769087 806255734 372185395 169418819 47672712 409502965 745461740 227055190 800921698 163017966 650639062 947542486 468044418 829003471 358370870 165678798 341154784 405297856 138809525 614028562 577630286 26078231 607109413 452091420 893124450 882003889 359851701 813735522 264296938 865637229 683411239 320241750 868897521 267694529 669550738 101724798 910221848 420617504 572098776 174443427 903256501 937455574 274984045 53623864 794444504 422426018 593930803 212586093 443176171 125794006 91619925 603287253 199058226 582092199 858477357 424546591 278445231 604229540 92059587 943507398 832055543 9458873 549094484 47809669 571104826 63213783 285029940 295840649 724660054 152270065 548399882 216112080 818780485 154919955 790412660 592704456 593180292 377166222 541305357 462240162 55273408 963425863 9527761 304379408 745932977 920247253 105728076 219180906 952411910 575481448 512099541 896946939 757399070 584541496 381211928 925319423 229428844 544424400 981205966 17613957 577834145 658575337 433479039 558762398 94945883 795644708 800245337 362819397 678932435 310535877 359482685 52857210 771178253 77252541 126293737 611065270 503906166 13106316 484028612 808064789 648775132 96411977 152296723 268645710 677241092 629410719 980077617 512871067 913670145 637536066 21788690 161543288 472451130 450100466 538177142 204239024 73930057 408037930 766714698 966152336 136477050 917466745 252014111 580221238 261128707 290608197 164387753 769331221 974989769 421724754 2161110 472839873 721874127 760978014 475221205 791643971 538983760 418803517 83953545 758669745 520073214 634107108 917887901 547943272 549897950 457097833 670550334 108547351 631362265 277375718 738803082 767878414 132217425 498939035 487259459 73491867 888926619 239230351 68789860 679222414 824521832 918670964 809677455 332048453 592116075 993042672 180828762 888312918 284609970 553025908 305614268 426699855 698027766 715756352 484790720 878292352 427465516 10638663 484527077 84237307 254481666 809537036 771038160 862098488 416984201 24304102 420703065 821791233 752125744 942593572 242415444 478143360 848853444 287813583 945099262 289833838 225600894 956555402 188545155 199494482 854613021 886952021 739676368 748442735 84599287 368146811 600831800 940193890 454158851 256865938 867768296 644194068 607713757 245125564 357844912 919825177 55606935 407504274 652957794 96558147 522439847 645793406 368567645 780840399 679257462 800766549 79931539 989097007 402406274 877975736 833777002 961617451 208987116 963612299 147938470 742819298 493728380 934780711 75103778 594473499 726790000 150358884 250839177 571471847 3688127 706708452 32975877 144384688 361165889 476680468 637309456 830884927 590633505 251383333 184004187 921464085 625971994 527195428 161254932 477961348 95162726 484559897 390355130 478707708 864009688 368353248 558338766 605938963 597399398 540408172 266393565 457448706 319653706 561232757 312458268 365151270 893183213 890369061 737855843 977791499 652780872 294888398 225335799 170888782 190945946 612952551 596902620 454662951 73944244 438384304 816793405 978888323 258111555 110826472 669182369 461535928 617442048 607426771 760796904 236472274 704824999 203602866 742304035 941164529 662920836 350978920 929533565 258598694 367822366 59112178 923779376 188380774 481927873 500501743 28821981 491921972 960864983 526596654 291271503 179900957 322729312 5817022 877002016 510193038 125832143 934809535 698886456 625555495 170550787 186115907 646804026 843307642 419030598 173283399 221050356 51669547 325348256 990580832 794442553 528579244 956094913 974287651 823522450 542888261 883044300 780787393 647507315 859621461 650573347 578118695 131181207 185637383 590720203 240623466 897676118 990402783 567553114 181419066 54814106 547451655 693697874 409024044 593106502 774306449 860388856 148983836 219810080 678988359 532588228 33205546 765386506 412833552 595346314 931865907 654217416 982682610 607953649 847376582 909674758 378766580 424102283 109141235 681452083 210370749 396283070 921805383 50298075 282302096 759020145 401290315 304422052 960444655 979842468 818026011 247304914 722225069 309315783 290267422 914643603 399339723 405938608 87021637 440910000 132379860 6084374 707568698 507271954 301561214 297459293 880043261 333095494 430548965 50411277 930926624 179022910 434758166 848555995 197178903 699676458 43776075 841997979 93005494 222927095 154311288 900905994 728414969 848630540 61310673 109298497 188743904 968196666 191746398 669534411 742672667 294664122 862055658 674667941 748653967 614649212 203254578 491669070 295502076 262395930 532965913 66095644 455779780 220528204 852916000 905999381 505348357 46574974 32176204 806955605 333816210 421018286 824691663 773237608 657551426 441025911 282869108 600748571 959672221 493102712 198464112 730114277 727993223 427618766 849606526 1358572 487339105 941056867 642370508 241643390 318055829 850806935 987756508 821919713 242993203 492266462 530011209 409453181 686410860 316472810 693037687 496622910 328148050 430253126 112411512 763501320 471798512 844617868 823090721 246864637 58075369 190659693 161900637 345899332 505385395 668091112 903521599 723858404 42720605 365605244 135187776 47109873 697230178 638379851 719068590 134450207 604030079 318155292 252583321 931316293 64741532 879598110 865273158 104403621 359077506 733658910 19147854 54792060 227889643 598713190 342330199 895259072 256409754 475979139 509424602 676891710 944718868 449475642 26785143 835006415 317691362 590745845 583524778 65530405 949347158 250038327 467614952 57452994 254241664 277633716 698673714 476244682 234003655 22062784 102467832 567453911 846689060 271984031 64203758 935266661 885115673 779675251 605229154 630910311 633365606 999200804 945196408 181682477 428884269 718653401 470749457 834397374 394400656 314156557 143855166 21433389 794973654 125272095 894715686 107868582 134403186 298276428 988903563 864830597 700607515 6675200 259657326 700940480 668439222 984554022 682456084 130054976 263680765 532689757 982827198 779464122 974292827 274428959 671908229 393591962 177654301 610596347 255933305 854991009 575023038 383884543 692010725 629425817 472014735 708291289 652602517 376488504 328899240 627969083 106824768 431205752 220989605 322228369 27759481 40357758 183277305 707729401 514634542 849209512 965116915 732049711 110509014 609869722 294212651 536267985 149321932 547472486 430891141 416408347 443759477 471764939 460865668 478688743 715444995 142636983 315554629 762504645 712258229 903003945 466413857 347826383 648464321 24475766 103560616 958967585 172914961 856081230 169397658 482948021 78539463 781857961 895953277 244321650 744231039 167882701 338059176 967457885 677622503 398806212 343024614 367909706 324296818 930401263 840701966 293606564 836275259 182818847 833530847 632793667 758842374 381628763 693727195 353541500 770864970 867923382 621127278 748418418 532626686 102602596 773395453 459520161 851302839 972357678 633769077 668881723 143654115 631263259 629510988 613799500 638741994 988837538 349127822 597885451 52788437 719838223 142891366 941262676 715053311 80128636 279785254 316388905 804506961 511422238 713459200 80326144 416170371 497658759 578971493 351970677 749746399 945923692 634220938 75607560 938008893 240057890 201460750 845452801 581672788 15488421 504733513 817647613 890895922 574162946 250022026 158145590 697358729 15980290 17090193 732753918 453513471 407538094 866524657 479373600 830020808 384595160 298917774 162949075 563784377 413233624 936840907 778068076 169650503 31437079 603013725 43498955 180742118 789462784 864219367 168000082 919538168 543423809 585757436 989777847 3161958 214253175 148313834 302934280 555318519 948627240 108257602 156803612 628853117 422809113 214666104 420972253 451080696 373482814 112239368 681576206 517776594 644642400 371859053 678234437 793706864 6402050 635101615 813485425 636379835 423702952 17698291 533963334 891098809 197700893 776304391 887002733 255679411 874384696 752439328 988918720 118685219 270274511 622819463 537652684 682372473 226200765 502731848 128946498 692194537 952934268 885331394 615680200 51182580 776433986 646363629 222910790 854246348 379014620 529635241 10165909 29924075 835890974 542736207 634216178 637471207 684795532 535318162 894381832 14047689 760318186 549960903 375432111 353824341 231527398 834309356 764104354 343027919 254180251 794314524 217585713 288577881 810756581 66100163 479617875 596551199 64377365 888940186 762543069 265950325 901228292 865105890 163685837 594278401 618907497 268691287 372869861 829826113 749037105 472573046 310826655 62821374 839117520 473939604 163597068 344154606 941785641 677127161 770925643 650919898 819637141 927473213 454691478 18636562 518042865 827108688 762775522 950199494 22418882 546946924 308053272 642051784 759418614 531372289 388317900 591729816 296503215 269719643 921212636 417151415 119785109 998423615 893728172 26284608 502415644 360935320 856099148 787799065 336440687 346557929 645807407 948186431 438760013 529864437 557520230 710562339 664178375 794864983 646060501 336776128 166197697 830446427 246067597 352234125 30561458 510463873 710430106 74283108 855507446 763311061 346736388 311215276 263621264 781300823 602678902 90215456 477054023 445270782 948037477 742790362 801686544 510973127 216149019 751133453 339978086 471674333 477274806 217831870 863339256 803070481 27484185 124651438 650624033 967536540 419817065 339542544 88059507 206848264 268308603 525134975 176648731 870728149 137678553 748041562 448248865 191613848 263184334 133082996 552480624 52177600 7871662 513763723 281999388 894444460 610217312 181504041 538124269 314397317 755223777 352275111 179077174 874151259 792480366 436942808 23415134 447654342 518840152 631230010 79764820 871274408 226651860 673123702 481905847 882510353 620082537 914221305 777099227 751011178 755920733 795591137 16330738 735626066 927799685 561114585 257804297 891704939 920213042 524042130 435361945 529312948 717053434 242296271 895457127 942110039 761760417 738896927 588945446 286910672 600340173 412620539 824967446 299253520 902941786 832057634 892514190 186690118 268220945 419644927 404205852 542007698 256748441 23238516 596950582 548956993 149157000 937744048 595787781 499141076 929497842 764281981 285428277 829554036 96021584 714129898 179514651 708869274 62935164 986815413 863635854 642538625 704953834 777333833 786945548 623259900 621231474 979325366 601060437 57858911 2832223 581019800 167218717 94617166 118391014 744529369 106580601 181207602 61886750 225781185 128372686 220782254 885607012 315760035 961984101 234280747 612583495 293550454 927935607 934045007 966391761 438713914 723519538 583822315 321493421 46395760 848275194 506796868 628724738 322464093 906804283 439060222 979136605 370647933 153921201 411643947 662769336 255055095 937821996 182458245 814410605 861018254 927932312 351032936 208922534 127126421 921129668 456408813 376260231 768707649 760880111 273315799 614204792 914654121 74945821 151234761 869573717 848799655 404743976 36515585 205830881 13305052 944801640 691443212 284473156 347563774 726706848 564722801 671031023 32841941 293422432 562385903 408389646 512854013 51398362 331929076 222622081 302039934 564923998 136642104 755348541 796516473 283934584 517972714 310866820 501526281 968989124 437297422 866380148 49429757 682326294 556795948 234265358 444614689 786071578 122902657 874789322 181136301 779731157 765690607 509807393 233266356 573342805 560136046 566554245 564599647 928143317 348598479 688050337 500640757 127246646 23609781 186032479 224412049 940107773 192872715 723447141 610904149 122206329 545040206 437590078 342103178 466115846 469607547 253519488 42213629 631344868 347084139 409088598 740674724 779022706 761432861 890485709 463664429 87154702 928903959 806274916 366924142 971445239 490742889 559841305 956478739 971981713 654237933 725595395 11826741 456848380 972340717 718858683 463442345 559780515 888676639 687036070 967180903 688305219 463311743 510060702 178966436 674242447 216913880 560792124 62231688 230951161 178609297 649441063 536734024 231477694 505209349 309213640 339535096 370974589 247058823 717431445 61098749 77628625 893319766 325395576 121822598 348663827 885016453 134156422 866422001 370730029 178978974 492983209 971098327 231478934 55727356 207236119 905580696 384848059 383510154 751414022 75173443 178715586 492891662 390092 638882154 190762478 170034683 226574270 449550666 606268448 697944225 495028214 530036711 902983236 583115843 30293004 171721493 552264243 61875422 449944892 366961570 879633196 688378531 328167063 53017503 109945662 568930654 777475582 241649062 873269590 285142234 703397344 212696147 790605092 471888917 102228061 302304214 547776113 735038436 584069326 406175874 879381069 213743768 661854674 746885997 553539038 412081876 806316071 220726639 349517882 392548676 831970182 239700567 985082078 154033087 279981568 775994967 846964818 883016764 53439733 408632585 20517396 778878731 812912116 488077283 466755898 991015906 879983934 716647135 545897197 269295378 66245440 825251435 948732841 96965497 958583999 191815146 379749311 99523785 112953670 614652592 789329750 757070764 722764576 216532184 998914375 205972641 958229393 227142442 119019140 953130339 959542201 964863321 646723492 820688381 425783141 93256546 248021928 519363700 904074583 383914526 605890368 272899393 34348768 520526409 594486615 926805950 676093862 59707168 266849090 311322956 429386792 651861536 491384774 334480857 832590555 228470455 752563343 189227017 381609079 799148574 422957162 598356799 796610821 892127587 298778903 836014438 189429203 399390638 20752174 676477515 751545711 390547199 531691120 322667579 849568861 385510068 753358943 213836145 31892478 981821907 380612661 803693719 122268426 964922937 780789594 141415777 713883446 356139900 948744423 17653419 969118831 435281936 581568374 502660382 128615753 150983459 911141012 230944124 415411045 917065642 724930980 204846172 190508218 841473361 78068760 26053423 423589498 525038673 754712544 350622097 29799468 697262173 654227374 619087045 822026794 721541102 957128820 659811807 49659849 848418659 498420316 793612556 331512937 147591837 708249304 600891020 671760636 815973060 179064847 752659517 924191566 497082237 201096712 895061963 13285066 798083769 432763945 797771162 376484485 438486632 455933054 497268208 209893711 480959192 250059700 204558051 181374408 763006380 563291572 529598103

6432 2502
895755578 759860105 236698796 588744668 980361771 21712204 437400277 869054278 211733995 551110438 890414158 11086690 253506954 45194316 608894599 890420994 338545086 279044116 552985686 528272070 494489763 390631414 640778713 940995806 682301919 920069183 32160958 309336093 923017642 267503298 36693398 445604803 876693235 25169698 648017491 444488592 8100859 883051977 676825024 146158236 625212461 873496142 817358729 784067975 768978422 535089433 563904526 461552148 11756542 58852852 703182098 616551912 331911233 525147352 405711337 918942918 535992577 234195418 668821746 137165875 640187331 353763384 233495512 239596204 732832284 282047555 346639557 333909849 217134280 474645327 495146018 369177155 787734061 128162358 665213835 955334210 409048540 230401398 142359870 620346074 889102716 617969069 509936913 655923345 386973580 919766721 695909288 812365387 746943628 80518668 211681351 229885605 510385310 886568218 222760159 687850722 821031650 339867609 432434269 596144639 641139159 23503736 149394273 998227625 789345684 72091883 510811837 253463531 221050982 817506834 576283454 191643588 877192745 410585087 157190972 259306174 664423489 349162632 894242155 422195555 562910048 447431998 347608976 861134404 830795708 648801717 975462644 983572494 380617997 418598315 308891376 546327712 926695189 238701794 759518093 300082904 787625276 508861645 317526707 32369410 584341285 869325967 638564 712827936 459201500 482555160 402621350 438035296 16380869 503144887 375769342 449690543 494156321 251799050 738512441 474729388 400554595 927747077 439716812 949150599 420988773 264276124 216986697 176645431 363720352 570183618 578301672 215517643 445908450 574474584 838475365 553820490 600312894 454227049 321951725 549988528 641757135 664870691 23651923 977058568 156756335 646477701 831641286 23265741 543674609 925316569 629706924 491181788 960756726 287555089 241167228 144579804 47725453 505348357 424961022 860566944 288383364 968551976 513200085 798791862 964401061 193556007 126743585 902354284 760090347 654465204 804865967 507098495 839304808 742709590 562942850 327770479 207792175 81976692 406921884 557917663 993686168 114931835 133518106 185343955 605569244 347597371 349556463 177558353 967886507 203313943 250844025 11619571 603759105 758438817 861549268 669988469 636415275 907151361 831233411 125186805 921924788 933794297 384434571 64285280 289496334 101787697 15139810 341916425 683788472 637722016 732850308 546179978 256127366 936348827 288707093 608511737 129869518 104452061 831392212 861061842 40051554 317372982 567895803 565632006 656025159 740541910 695923751 496911806 115534493 366452748 683445296 286469952 844217345 541438175 665561513 632174714 383115200 745320594 188523898 614257555 579730515 800498270 492697761 351727544 350804381 98769833 654663953 225564149 827739248 541252342 77030200 850496972 720828998 366814667 764345523 270803580 599511787 629229917 826525257 702822743 502402331 296555638 321681627 978839544 551557485 970188188 960979006 300609392 467822099 628533630 326138915 649168947 420230510 887472596 314717024 74227000 297800119 330091656 131304512 562892501 860804509 921322409 774941023 302436597 509038227 730883344 979436543 147963103 191453294 591495178 257417975 459531357 397965632 913789145 80659410 815380860 706259890 628355020 471471542 319894914 675514628 488873467 965831887 695583507 451230126 211481898 959606882 850675669 313649451 688866955 569505405 527535760 157726962 153675908 485509122 516003623 574881164 210474986 315400926 444347577 980162513 157678080 905549834 55078208 797244844 367942794 812835380 604970178 650231337 193404874 247065716 724769591 872173026 554124455 740466348 840554555 774685936 83277466 573942700 472826559 986341771 680375856 797059436 563587320 610715193 209378697 193786189 670216935 840331711 696946529 186741987 103573413 888220038 939668080 989697821 46921506 701116739 57709198 668449738 967580974 412830470 176677637 456334800 823003512 359589177 532693239 246189289 511460797 860499105 620865451 214648674 627682548 826240976 775579382 537468479 326201671 176413461 407488344 420879732 630050410 96066869 198654901 241273913 949700478 627608446 642157259 507414660 206472775 493761262 68289965 729311697 390803805 226700714 304236272 957667235 210496149 405984733 716704552 119736558 80764835 282161375 795800885 513310153 35412597 264015772 228502430 452308263 157064446 449466426 811204069 789090869 148356313 885420316 483697368 54520182 554357217 688804128 511824031 179944040 449481569 285259533 198170232 134245259 580630319 33875137 387494359 789425473 980558584 457848782 768376919 17713733 820124098 638698612 600947559 85915553 591311821 483292854 475760860 307062296 656130195 880533561 9455822 66774766 727388217 319028023 520238071 668399957 879961208 933314406 354786745 22343321 554171369 355022906 381309845 698511585 588611903 556349560 307880620 100883144 547111506 682670794 560638391 859885724 801595409 631150009 614543987 39211599 652899853 107450859 684574786 118419139 952561509 592935270 669288452 669790768 535325620 913572105 809262855 993174565 201018138 689540113 216247223 295582124 247582873 795227073 379973282 252374027 58928768 904922066 394416253 471956141 867612664 15511462 839181034 48705461 996789634 932664008 828351097 331924509 452315984 171429163 411915118 84230508 651182922 405874790 996059570 407117899 4779493 174536209 841235841 818623833 453992486 867119952 881911981 64202233 335585780 770419252 486949233 991689280 953049 852826401 924226410 23659572 650725414 89086887 715714442 857938472 360352427 61793799 526081036 137177891 207027904 887235112 227528496 781107020 463813494 576619188 698470663 124039421 6816636 326958376 130367744 6549812 608505565 756843319 137333512 502472769 723082625 416342056 641677315 902342342 131888546 825424048 357241717 962851865 302479644 339542959 572383883 641573131 119145769 433799469 147979616 794245376 390884665 646450933 478265330 128192179 877808999 480104841 554577887 470300142 585663566 416472252 368673037 461569052 410422852 50431578 628231459 583282313 648734278 601550927 94834814 100777066 180598192 816466610 451597101 253408821 591993189 33869292 577726013 502412637 832966186 770280358 126358088 420517615 590067923 306937700 321025710 68517549 709667836 455599491 949499036 664981006 211043975 954835261 481769799 744346959 441403937 245029760 827941236 687952313 2757358 867761946 16534613 27940586 852710521 325381003 733841613 17819012 341026298 732941930 598166426 3096316 44692725 267944937 889166280 504046224 481984311 92708116 823800759 861498526 82723281 775719595 677153140 27461821 512380189 145556372 141320407 916774599 620481326 953865768 418312036 818405206 752054174 431958201 629314508 318144443 661443332 419641856 591915548 502214753 137057648 765228857 482463380 702050688 517991888 528902109 520467349 837279544 626439945 290462905 875859584 551530841 196043673 199938599 254998556 619944325 190176998 528961254 619560948 734522579 55142789 83235729 366610735 616378671 47097196 392513269 128470244 777576238 164968506 833980457 149367556 507753266 500810871 313164008 42033039 110871559 847614820 738878193 575985805 274745307 361900212 338158050 331052937 375500928 686911948 846740991 999477856 170939917 565246205 538020432 468356707 559791383 588244336 120855217 883863096 249782036 108040442 479017887 259208476 518504360 656488873 774342694 17564387 662662590 239844091 869927871 882193273 957296712 759217448 399930010 9589895 654323451 653216574 237842929 723188736 267125928 533535774 591382696 699658591 962361853 867236463 907982217 430023097 417158624 697186648 49963026 842304788 945502793 258641080 79392895 140870943 252082373 293417050 939736392 591142907 980634275 765641719 101746913 9422820 500530460 802975628 843509892 177484883 463091187 107522422 895426244 164550358 892521945 589927906 417278238 133912535 3673755 46423983 901295587 431564749 908899278 38852845 428825164 716262314 432525319 39658412 331093250 148962727 73651257 574565919 856189518 601138715 689961328 644077474 933466655 81649443 807815333 885111368 15896826 353211093 393879495 118257090 556227879 223771394 710008223 820338899 995880079 812749601 59970446 399501407 511913015 72821512 34224151 948114115 343780149 731804620 823521332 188992518 517882075 743821044 90421299 837791690 647369030 544444258 168941174 968234889 487861020 795198189 769352738 641733550 95112391 814996567 250191347 230778114 801507647 219681449 405225146 726180402 215185936 502047619 649079628 521153320 163941000 761841327 733091925 673265615 310008624 881138753 571059419 251039510 985696432 314013436 97489658 180783021 773133435 901590048 120661409 442352112 551804749 460546437 184202555 669604034 884384596 708065393 95084808 167240893 178974110 80415504 546889214 947827599 897747615 39825606 546719114 874448847 63218154 938367332 314086183 756710963 37662274 568375428 792994327 820163229 75836002 960311118 17551921 505545948 441229286 183510754 233062141 629826683 881419342 927396287 861620763 484190184 422162576 270863061 444933025 966531623 144417900 292610957 740665104 807421513 411108285 981907799 667786452 662004351 27385762 182241041 842373940 709863944 861540031 680069602 826238788 673413441 742542678 646644299 432154087 593503662 475735003 350562911 796315312 958679528 161211331 72266826 595744166 862942757 795874753 908896598 146700444 63494996 986742231 173611737 375147270 836560131 861369338 664754362 760978777 979044539 444079757 50647263 131944669 149405366 202664276 812443839 886839159 640324660 210990519 644016024 388886645 659598437 979893581 390482986 228980753 387180880 568151635 223983257 198838559 603354273 17089765 154990616 683271891 747425915 2218715 398388515 369716606 956430915 972008526 724815419 839177602 985666122 672082413 222015199 177197811 200459733 633311343 694236469 228145750 70681677 462962039 444909907 747116131 631096412 630114139 149672441 995792904 362991095 935718833 516389275 653842560 979562457 415590440 308874269 993938554 921568926 389313535 239209252 948498725 725508984 647578916 771361280 613439582 323815339 446997804 797598768 625059093 157938742 508078674 810598543 644910853 694697787 764966509 675682145 997419439 411272078 362228751 146150732 637744124 115658057 228773125 940641718 854837689 692134520 605536147 765384154 841301 931348058 815515345 916183099 462700539 565092512 217738956 943538403 763751688 125834923 311061607 657084956 89667303 301490169 31879002 463949691 870225732 75626543 858704593 801852672 717113211 314032990 805933163 99616841 151743970 612215043 619144481 347494884 81956062 950994114 193465270 320983264 137966233 154506160 165714537 188821304 33699423 815346806 615182508 381924356 629372473 584525581 141785572 917606966 751306669 842958047 459570945 74421313 120875373 98919163 955470871 480340840 200060528 172516033 425849268 188276441 20199196 893776203 938577602 345227883 654529176 738143541 387599291 716010790 893600739 150333654 631653321 793184392 238533729 948199106 473355270 930292831 522732355 294669961 934764206 421692299 232937626 808607086 568839205 268721738 241352482 884681984 65807520 787635712 710325766 500115318 483561878 822532692 41535873 497833870 736280960 607463851 534299468 672225586 354763605 6193049 476795652 990361818 999662484 990774034 666846427 497749691 838125084 715427911 650408622 954077979 34515852 220222607 612673238 795922836 914894431 597789526 401807832 278374481 918379831 524442030 537627230 55472369 684334240 989315164 475138626 345099723 535780665 928622381 692943304 977841637 58483055 759583834 534752554 206349847 76731199 497436800 389577586 309754755 207019224 540780175 361754543 839517982 24499178 260451655 747903945 2847709 995395819 493423988 406820261 205007710 507072249 878816611 969508988 840468540 508837939 494610852 776510538 173291779 638456516 656197833 788606313 588893113 154555338 974077486 917319981 10225744 907099785 497546735 722207348 628088747 554409615 783619734 718597167 135790583 439745907 236580374 248951113 368383123 978336698 495581853 72065252 523171774 857679003 985590793 316682841 375612014 64691537 664312383 944109191 34193030 679630961 209129318 461909652 885215555 221786621 18741220 567863232 200498525 112173056 5990981 306712038 420337688 98463967 204982178 303592205 362357810 704363383 880050507 133869315 408217624 921425323 282142137 773897950 552227154 575593729 68443427 189439859 430236049 848593227 229128768 613517693 901871953 241021642 441064972 686094998 84264138 796254945 654958260 984696149 492152818 892494503 631619387 240170700 141857723 488809027 47910810 505330417 47845635 292602679 785412745 571911921 452487199 127467040 8894635 252468764 903972490 671956171 971213615 914082017 910412442 426068411 748633551 807161670 53929410 534167877 586690491 327121544 135182095 40686817 765139496 96679631 12603000 422920257 736277307 210535850 479607108 398733551 650657331 81603746 61249452 966964291 783366190 848362086 826289995 186470544 416226800 13406177 275816004 426913651 506927632 671256009 928953110 918599806 638830669 730990465 121883581 822581182 19614034 991356682 256055438 422890560 127242054 417085663 182754235 50974249 406915731 621396458 508743146 287069082 629043269 640827507 405900862 262253844 675924386 109533864 401543449 812501390 908509676 648297998 219932007 845149269 573835936 274809439 443553317 56692194 40106718 63045627 981258419 2027792 353931572 14859864 542624424 983253329 2717327 624859279 988670108 691338805 690149187 735312514 123997664 648513234 833207394 944871355 271791535 303175623 544325142 741633686 987161052 535081099 233342524 352750019 216160359 454073817 956421469 757842265 908176946 102105971 809418212 522553150 15553618 272005560 148935139 459190049 208013111 826848520 494027037 573207037 924895556 175003459 459321704 58930129 270716847 720697386 252852495 225583137 113933805 925381434 363933127 61931921 932243570 424864748 869961447 643665609 54585403 157515956 255793822 899896353 869110949 959067747 637702367 412983644 319516389 626776211 754166732 383821213 466669347 743608598 919685878 849377715 274396222 754323634 822391874 776025509 239856575 487496756 396049913 869720136 399176294 372676726 645716728 238103905 714015344 824135141 679515523 417262500 670122471 195206924 196536240 143871125 67173365 645105988 829186128 12915041 480274688 778685710 57760459 835196739 922307140 826497237 365916492 870017068 694258411 831097822 522928874 599758065 886747339 693091915 84136950 835779472 300372135 361301464 269948874 125928985 368449169 566344121 250607422 107338242 195112746 277846213 182624128 1626825 333186628 205653355 850206856 804596568 914309964 886189662 812175469 81951939 431242296 368695760 642843083 343159339 274453166 519950008 927768338 176699212 507450703 950943174 47838741 536215907 853595394 535248585 271279837 513453474 993246302 175108776 493105849 226438899 516377014 115952972 770162045 735256556 954951762 524208741 861694588 863741399 834995528 627970243 717197973 812484889 22350400 65092469 140381280 226608485 387853104 356234153 520418946 585423876 372109054 620864379 917836325 488673547 90797653 885369645 31983972 103633205 144859073 959983448 364257802 466455091 33472654 667785803 740098681 953899714 288564529 23091256 777181920 999337259 816084035 695966685 643926239 440906694 249583159 65960300 388911756 456911398 938159337 680023884 121789633 924334854 836482358 429071749 837150594 698388267 30387608 262121684 73681312 385885248 699569506 86399073 610054463 358995422 469473931 779671112 261452472 127092753 62281960 261836155 730407105 984786590 885829570 985164366 639602236 391326762 932903430 526898754 501801709 779778861 414582303 438908100 457413589 6025727 107469765 737270289 114448720 667615598 927306669 903115330 356192897 11648119 76472562 730854461 709954988 895224185 875951893 201613579 359702554 612614161 960545398 679556120 516217988 134594772 996991562 815079859 122748036 430226639 756931176 645591698 856579177 275668678 303809834 618311319 991802348 930287809 981317015 565845115 129620219 524401271 434606060 940572141 633536111 822514166 999392260 858828210 204620754 463277635 729194091 873600294 280823373 751112372 488137422 645426500 666699318 520372677 689819638 438718819 143427883 9566720 347942666 709507021 737146374 716729713 51637435 830416592 755435437 692707813 766274130 698341372 884480545 675707677 216789793 773230607 543980766 494931974 864586491 554766684 417403318 636751463 300920018 499392572 350249962 559836965 504902367 983012916 452217259 753811239 411909586 982651836 311538294 549384503 626428120 89289183 254197274 432585675 737635854 388113477 311485355 17510645 435025761 820951229 661437425 950453736 574286025 63413260 478009596 514886891 867131785 280591833 380667103 529956024 159028095 576798282 894335166 335346011 997462818 629553264 921086198 312483414 404718816 625844863 879285198 695022601 278515370 827368109 975349095 394260142 109765944 4904942 102166044 277322571 464219506 69402001 332083712 725580164 149973852 31742404 1834083 962826531 444074957 634720894 521927361 308680011 179019144 251605996 718114384 38255848 78001060 230975924 991530610 603823165 266219698 746326713 759675565 726719271 260671193 700036594 544712432 109126127 227479332 246174078 679801218 436692446 580880064 545156993 352304655 425564278 629218166 44221268 453124007 556757164 174287540 286310636 589582983 677218529 877591795 297370032 827656594 788455377 439303018 225616139 513424511 93261672 533365084 711948288 840680321 142067338 115369444 786641775 370870881 740353427 432531731 740296710 847057921 904915509 726130859 509063205 522337129 692610729 42777523 695193370 976099536 441259613 163195744 12942928 868277550 497781104 504629299 796187007 877974972 243331939 877971871 711704805 204941307 366019130 773263865 457505819 44563593 228722106 682814034 783648060 237012418 879062388 577318220 588586407 102331280 361353629 626367445 207214646 219455317 746522670 41112224 219300977 879208788 157142125 645522931 935827879 653080586 59787539 62423992 477252579 224269039 669089633 734476269 339828728 535799970 705471404 92132888 798259158 518967180 602084266 218078764 565970721 546982169 982256640 121566147 562288748 878750693 914696148 411124889 770117640 925080368 535925832 289475327 307489467 631910415 550915671 198548675 823057392 775975634 986987293 860398667 940977713 699262938 993868825 360170207 379568412 129123272 499918102 471902160 116247421 155640708 358451885 5373576 805004638 533344039 635025378 50447750 130124035 611415251 42613604 717650460 339660850 420152550 723954436 144233643 263692714 769624909 976218384 951920635 354934134 41259109 852970345 444560754 590473857 177882762 508394425 939801286 736389407 99066191 492417077 262145213 823231707 804957212 811211151 554325925 759326375 385856053 26064309 130970960 857426711 318997748 793361481 570098122 802881635 556777727 553241047 926860060 339108479 479765868 649184934 542496473 471984053 708117774 971510965 714271077 964430702 190108511 113270086 114862997 188425792 223255638 763237562 494117019 60682869 21623132 667512618 697080635 19314978 715239771 955816353 596512983 137518897 722435555 526736078 733050694 43878404 847403797 244479844 258185774 695491306 680242360 376169427 91274601 165850732 72649402 15382005 770482853 231777425 964566428 154024921 773070980 453783235 891233909 16059791 725823658 584841836 138689801 522094124 142160638 225466155 102141451 16692335 582038325 150843075 126170672 135418567 686337955 399896394 579863426 338061873 711071857 266827747 565794396 198210432 415696440 691607625 21762990 907739919 388437638 899759340 511527185 347024519 213488685 530080098 309044942 808433122 455394271 863988872 801270181 628346879 7017298 593102257 596983734 875985816 566655924 363357786 124315721 534911771 183108329 518258887 622299533 309932145 910787916 910769941 529642944 794898991 388886072 8408656 196550149 503964698 509319263 95129620 661463615 621231520 999787077 616668407 240403466 460106675 453639501 314173258 496727361 59230671 178318661 947663757 824228312 354403943 113434199 589341227 674097595 752355984 717658326 580472029 603872447 571372441 330236307 506887686 932137299 486628172 679006970 141934558 912666228 667328390 655578135 655086824 484397398 616363349 838704330 547469467 73444985 570005899 346630384 109071563 235637740 27865350 23425424 972026398 20011891 906033676 464722023 578327702 775680648 532846920 693549862 269059262 6509173 327682099 878073604 222299912 532595966 492947300 964471285 791591599 327752200 593560257 131173206 709681360 5342593 988368787 82123068 527674723 870361175 351957032 737938099 51699715 286205292 709833986 249041053 357585316 719810943 220678087 851545720 485522309 420576742 894393206 254459357 831584802 516891679 572456487 552561939 133616024 52382323 680568773 739625791 467747797 416529958 978261027 628375163 181198489 524508265 783778302 617554302 313722758 539627673 338440631 628763120 849032531 84375825 497740570 151175211 981493477 717522869 175912565 45021150 600993846 241614514 609016334 629131995 20095019 442002272 631637946 464488615 849690366 676162711 899408126 891856352 846456951 175864450 40395081 816758205 588701867 905920648 492680794 228808717 119406662 859972750 263783699 490963994 743530331 368065526 95913738 401663128 73266458 518388812 624072435 599284191 273667435 247987122 817601329 580457484 89169935 893114119 11014063 50704761 260461487 650396855 154979824 874055828 16198214 874500791 280016885 516463054 507434604 528094343 280900755 248030119 588715567 130184056 621721936 66135159 893132406 426687571 796945320 375170404 933110746 475014881 100624751 848724016 358817261 232376743 619933519 276159269 225837204 676294446 969637442 287134686 97344832 925930244 500733886 483394757 152659594 268106794 591588143 255089371 722489393 790979409 371731972 449092064 409518706 128692274 892904326 952107579 371786184 803216775 99009795 703137377 476794358 640036249 966694610 972262922 106094698 895055894 831465476 124597161 969038149 868825621 23101313 21602334 752855696 879053888 723784864 881334082 564620774 733334212 854741301 654657857 270359369 583698606 333362233 840774162 54024868 212156398 252848290 580344600 7943664 916262176 524669865 996661096 852825283 980563631 100120627 262606988 404728927 14306081 723822195 848850234 970624214 717868820 35829968 479935 740174709 321087856 25799916 63977248 135004590 942998446 374870035 138265035 779696416 566581628 914119549 194314423 735936851 255654457 3840463 356851942 23530069 132082 936861132 166569167 738827525 198758852 928083484 547004564 911261641 844466523 219837713 879036684 423742939 300873091 252070740 924689207 643712007 755722083 468608826 929005496 161256620 208195436 525578295 167929633 981535862 346688291 896058395 278598196 657102896 774130968 194842941 29684639 600280290 319248100 542297674 958530295 840814471 952082326 464656743 954167354 679224115 935684167 644776470 28870148 578588265 786807507 568728293 849429311 341354337 963109135 275570260 648154809 123304893 337850920 849637828 649601050 675559461 448626665 958433142 340212031 115611935 101789026 970196896 153580002 768498725 768605753 947423890 182605685 557421826 28722119 189727128 469673579 488700055 47124346 636753587 304536968 466847143 762211083 356576181 825624872 970918611 484396616 843636468 493887313 284340870 235035226 589492576 148089453 994867253 369181001 411336465 295845895 102614011 327475655 167900143 544558634 696306238 329119074 785524085 2768731 731888043 638197512 768151748 718841606 918339052 292653966 50423041 836472813 646347557 635310568 614545868 535669856 11249095 136302859 203974185 530627336 301473908 220086262 479989531 597367273 746617867 476533862 878402577 965551589 60186427 342948375 990083090 149835665 813633582 272869869 321649754 723545388 872372778 89200816 275144193 202626063 44477405 969076336 874728308 209576253 129974739 492910429 120740433 115325637 668394656 257428295 508916406 508323979 407698135 896387731 411030353 548905239 838916745 22779571 334382138 617099431 386453157 610063587 877434018 955269528 733779363 737781107 317225179 556994447 18173444 7746104 97163707 857851287 992853891 547024399 604087898 237814152 985370062 914662205 990447699 410401575 828878009 559512232 201837835 358471327 319174114 317487767 431483824 744807620 235852946 773528363 517556589 35877294 251811279 898963477 644822430 325870813 985048979 730234211 29713020 650579807 555012644 248915488 76552012 234671885 428035263 653516877 895389513 758267655 463052243 474622829 751899430 897068119 916677721 632601778 127464886 399705107 145496146 925319381 983196304 163664012 564821824 376738730 357411072 189779816 389246728 230011570 596433218 499671582 21679549 295190314 74158323 981560712 513591132 275700723 306292311 924001520 228619272 267375236 7313474 317367328 829700963 139093107 985213797 171257781 770165194 983799684 902265563 133262111 116202477 501524535 524444721 228568339 517496766 684804606 263284459 31699344 257674956 934186595 153892455 152197243 524384154 308525588 510948997 326115901 75504808 337408171 660996238 779916845 23652428 802448963 700751627 990783840 115946366 644712614 152514519 866377468 460854878 221555773 164425720 929808993 515497446 958587418 60958660 66399317 297167988 358941041 510765584 173141050 735999223 549837113 307728244 537464357 835459310 23307645 523766763 250017090 874584355 235468376 421965832 262449400 960849223 838050672 902789395 849008373 251991015 132144955 332056290 17681785 163129474 194449908 63003652 983304174 904173416 169575683 300563305 804541969 795397980 95761328 619223916 382335342 152786394 854739322 946461941 89479024 583539439 977575403 122769240 914213811 978357264 84349239 62901086 746820635 396979318 81943526 226821145 756737621 465853533 135512944 494808518 694014219 647620069 768515478 642779603 628220574 109661687 396593559 13822603 688164968 979460211 253389817 584495845 175995750 778163386 796012376 410423013 661507946 517237808 771988667 978536565 441235370 874784850 960435148 241767716 49403634 494538249 729156713 479669200 812359436 889934943 292924797 68649962 525095742 306603438 124907663 461134862 463131350 98178808 574694594 701333320 102256737 60340622 372155876 691854301 217757522 233329992 666720584 648803502 642267524 853932697 82606154 602665652 607427330 782640610 708345712 937275786 394509135 91994782 446265600 36880400 710883890 459336981 174914756 754142056 556237646 838904905 618614261 82083227 159921028 827568827 411602362 913896720 836593340 25118294 775621807 426041189 726546534 66322280 12650957 428302954 663552368 366229096 532629944 879668828 850610375 32648751 58279958 490493381 763039202 308342618 61206879 798928170 712157999 855686284 61730990 499551889 847660418 810120852 602290370 940633502 986676131 547749899 364460941 888185584 839788784 763771504 450583376 178994522 261476757 864763383 693336246 70122020 248366554 505217505 792379652 130791482 277056135 332480544 824640114 973543225 717854974 986391731 222275832 678983312 765632765 60125153 200149412 154032898 314207567 440086314 375928477 871572698 483588512 994837870 147247722 283487865 906751721 464621076 505997708 158508156 43102345 73154516 873074024 229659973 927924805 223879193 776287805 925504098 291417222 445104640 183823517 744303375 176767687 541241462 172865838 681576076 519302010 30114672 370633870 798685896 378558048 433497470 402347981 248446436 694364134 420673015 595308217 906192557 923260218 286859825 83797189 484913750 2732334 766023004 495158599 893024944 516010413 350947437 934470676 445383610 93757929 60491882 963455822 991891413 414294939 436077101 70002798 625858870 40671967 853050393 527920677 168502197 949561893 338459416 475295424 242367154 168728973 429504581 678600710 739802754 696771453 1822450 182511459 349883757 9464212 312724936 437238594 330819431 227746836 895988944 137299413 823697722 489892633 400614461 421999704 615252863 643120819 875584537 302886364 310992145 924102433 598268913 304414567 740162244 745730124 641074570 889859707 395255525 902137089 308529994 496693539 645552387 359912753 631544773 118843721 779674872 2423639 485386073 193381893 483674185 131521888 220812788 830898391 642972507 113813656 353937017 542275184 406569239 750509002 219611298 185342260 254529093 816117257 659846790 857726101 233979633 524729348 530831299 404151902 717466836 152662176 796842704 980694505 467383845 659620337 932373128 419204059 251435385 952479105 15966470 420071081 481486234 43479343 374247390 274300117 44862842 355056181 483543954 985414041 487631555 204216804 556171585 520646376 22707878 644478088 49872092 69283258 535276726 835755645 173801467 367129079 183889590 322413514 157870526 321263971 87303523 828190567 714091039 859606433 968522599 632793462 375251430 812207005 894938533 445251480 381245944 315357153 80833356 691431212 438912431 288107759 969644695 95284746 670675931 26279293 692163955 198116583 727905180 581259691 342609904 164397186 372720822 137988 893923833 275761901 730323831 633517244 511899075 985503468 685446811 945648275 776914543 919275059 629609318 889673735 956447621 878583512 731782929 581426356 581984595 299314178 144224123 813088523 792577110 818502845 783328759 160418212 185374917 680800768 901211951 823574700 14963804 708047827 526656305 842616184 508281226 500852962 668655650 822241126 325373167 639830239 951408874 28811771 777760515 980863317 561953844 670390494 748769809 363481252 335493033 93493268 990799277 599513971 218560572 379757792 363375516 383649743 816431837 349384775 742254050 906241305 167447343 929418716 840679660 654070490 433546855 366066920 374684373 690374472 237785590 764517352 830630830 738022942 684619033 93234245 660781448 133052158 750394376 337892365 351219026 69096426 42019851 616311996 846051816 842114720 533758735 448075681 974145528 481018177 703408611 834040797 27175969 880227629 421271385 621804442 710867360 952297760 356478923 40605459 327217282 523980927 537152583 221345801 92739246 423781770 233039571 500823187 536633400 39252263 118626947 833978111 688745752 641454334 776681110 638028869 534989767 874395270 495285715 667761960 158311866 85398674 620056259 328844501 487381558 48614551 505259593 51055752 682007381 282070566 531417337 140477913 870935149 288485299 871119170 888822302 54412043 487162441 954739846 932182483 17021554 515675354 577045590 650830958 132371576 575725814 135992799 829944918 934786472 646711701 491680133 385625035 61089216 882259193 371701278 765943981 580875966 72998613 851948942 587209265 541482443 738347383 628412393 209967454 846549024 826411667 242567082 54679573 862674564 957458921 222198542 251540553 20126312 200716468 409424241 773993069 700701635 171624547 531883811 34302769 59423437 32530191 850006694 783525109 68975889 353280734 955549220 936014714 703179482 710069572 65290493 106006845 965771089 243922609 691844010 193655767 133970054 543514075 514700282 500523313 788263897 448130162 612008214 962338243 815415891 308800983 824792386 201208350 88414229 974970310 327395812 744766535 398676734 693706297 437317582 496666780 102964534 409900075 852032807 55730591 8637338 205038147 963442859 394441053 351278193 376685459 90643920 735509803 152200253 89094197 939480967 248531350 703761247 78473665 482541280 50859460 381216763 981512892 664539827 81752372 28743956 917367041 84287742 815732469 616733211 743919919 267573925 874063342 727829524 118419826 829467954 990741528 921547005 590213043 927478689 754841111 427306609 434816614 484045387 197581712 191015795 282160958 837473901 580817435 487859252 675620474 11012311 51474976 843241371 247740214 401656907 64825522 659912459 279146055 386235762 929630537 57193702 43275304 196024066 499893285 304882530 698298840 406438141 896384753 220079685 194211044 878859920 322768825 53083466 4644010 372845447 44924720 70964297 673346078 59318327 172314089 463649035 790309689 417980433 896736590 915852214 478225217 302323551 838132623 865897696 61902612 629340305 838780970 457542109 683291252 613508726 495213934 324753903 979207266 765798846 395325943 198791963 226476418 537884821 668774091 670144447 541914676 94859276 137183763 923730172 107610962 976279845 252469652 921843781 836402029 367053111 871615793 861234316 147625539 532690854 533338766 98692826 319784441 763167266 182889934 806962434 295985182 23697487 399200710 239367573 591666917 938034471 763674010 914425186 556803109 144798836 96222885 288040955 289514326 509716600 746066223 499805306 348776785 486760376 725994366 793839802 962768868 806039653 195768166 887203963 453960437 239769956 576825577 165102872 51301635 902413898 825765177 559525629 873336140 855906870 259878334 562635633 973226660 948168003 587788309 92750740 4550569 874582161 406652795 620990658 960483478 114853389 97297829 150262950 47382727 614782891 5711510 905682052 97944666 260170719 175800039 165949199 539354985 270033784 58641998 572096951 445586107 203308609 320816867 945077067 790269395 511274161 815875215 550417445 223008215 37638671 258693336 223344771 698061614 424987645 832408630 118011829 517887330 978104253 779792243 859889138 235393107 293106767 448785064 282221702 744762292 41122847 903265782 322891072 753153478 900732357 253185031 231563095 784337205 442301580 228688801 815413229 900609710 762855880 615216986 651959602 707187792 253019105 154700836 634473537 253700152 672680517 983683179 69044968 358526983 108268926 82057060 318921486 841222688 621280211 379202726 995154886 32177550 303044113 992997599 817170492 320547592 672075391 345457321 810780842 134881454 976023006 447997714 651340209 250003328 46026469 921435688 627541518 993444882 457108198 970851850 775502310 288313669 862284503 674194225 442813341 71825756 701258859 377976336 106037982 6008519 476391769 80144074 152491514 404519462 813838344 884397069 355409627 755354505 95297639 15072067 813546274 115991611 887537217 933974073 354784068 531264883 160140459 894006740 624927170 819251501 654975333 697254329 626557277 708013117 176994548 206440991 989109644 459160906 957955841 457502834 99040730 525140953 940468454 109859564 334389593 130854972 856234410 830494800 42259549 753179451 702766463 687718371 158026733 298913803 768312953 443059925 52165996 656020752 968403260 194774139 837470850 891312554 52023428 773976716 544255884 634810553 770591856 162358896 318042316 200820936 815629686 389154287 922590517 391651374 536428643 767409890 949602606 277399456 731655687 67245115 472728069 781855208 595103551 175370483 669038848 738119576 718342665 836038554 32424267 618888155 762087539 526421467 291730288 520935950 832264041 377173955 20398179 471135109 777359574 616566526 980828209 798345242 358443504 98589300 313479147 643938675 99071743 847920586 208223860 600649156 716645624 48018000 512308409 950283265 252749676 774615421 933973711 227030818 907786270 981573199 913714183 102301320 220647149 261690193 175422209 766914401 429993827 38073764 839049172 886251242 278540492 163548681 104369666 57464423 678559379 923295292 174461845 704012867 531487141 841012875 509826413 949597685 887698785 231460197 345664935 411461203 312420929 291566728 677912211 749149016 302813876 257896470 685382765 80603482 741482337 101763461 189286412 73398594 662907235 392513871 377718598 475667229 881103133 401644795 923861377 883667959 250047975 20656377 490209672 486486456 284836664 389781311 109702678 894170361 873733264 612964859 382255095 770769306 665146477 915212453 77251339 334406492 533852406 521788318 526819186 782319558 462482419 378567389 142381479 533378357 484850938 460690835 551286522 805829009 884230392 69813372 325470567 321837713 769709551 582976626 742597871 987087474 561308915 873589939 168541431 127036432 323766199 329397250 897081636 79629870 518340426 52652828 416805037 166017728 791665378 479601352 609790609 126344260 342085225 497573702 27124266 743827294 18612291 805580490 942868171 837125218 204987925 734801692 526902716 47591448 981085574 379994852 428749842 432648216 584594238 525785250 161254139 381899956 531309504 974917034 598310994 145664585 708849791 539803097 356244572 86181457 540895103 144938888 477331149 537943976 153195457 641813002 356879330 813184406 550655783 881988777 234880438 336944403 7652549 249615238 369038144 892470945 967408185 813021681 245566687 593754092 405443129 850143760 321910598 387768247 485111705 845162404 914669649 183721013 798637070 425152677 938607158 916488465 312847460 557927617 856037148 779826377 250087844 92866463 708629694 85608215 251789673 986512000 381921262 323103340 543213674 530778864 956073917 855530302 271057325 126980126 344568627 947413495 724153502 894047821 683477943 462239452 298466715 596663758 658534734 511841853 708043509 672183443 513545376 319602271 966926340 877431406 12863094 967710105 458259823 983078065 629528383 888358619 996021040 819217750 598807937 181398542 522969080 4734431 892576306 652126586 75209106 979493673 332402931 768446381 268502251 729514559 968326315 26548979 499752991 153339677 845003365 950787966 242294803 314012814 464104145 940131836 160767144 559668779 532298078 711562397 379022824 90246433 287046103 665374617 168765739 172437397 378067817 182437860 376115226 281099097 196049505 350734806 572561896 181144892 665334052 845407228 866380445 142335088 784484088 113008118 461762792 743121998 47891037 443794108 637300530 703894947 82813913 186483749 477258257 566153296 861363006 198996139 235038645 903989617 650667201 162685973 633775766 90830937 42181003 616101346 465310236 653114666 895023187 127586157 667173618 661146332 647996233 69732462 432639673 893034574 546749365 957520400 512608682 512313956 91839743 379390037 493972954 714652384 534728824 401814306 507274855 658941341 379121045 273617482 160386757 37251414 899715388 423109442 874189225 35208591 5647831 894820923 117765722 695470902 541023026 511916769 555994759 988528232 306427940 291181897 992967262 197149211 499133257 972781915 774452089 21006611 946481424 960565984 989598015 585575639 353418966 155757023 298484034 628895915 249059720 281682138 665919453 188221258 259182186 166093016 820715609 406342062 929856902 626445977 356045424 203346947 117213103 48962659 589360382 278600439 106808546 899249294 233725681 549005454 91267318 795554045 729220690 518925406 695932705 80319030 37785792 856588424 562333963 100396363 974751467 563590583 839953532 508192621 868724194 275958744 963078927 328933576 240098279 699582374 378009946 25746974 885261064 271861940 686155163 376700322 43204341 855528519 852585415 852179540 442367428 316746232 393083747 340308962 188554403 631839047 647111455 251604733 682155500 511105516 303357898 671282784 880318109 36138235 258897034 632121905 784436848 562799922 146548650 803414751 695495496 941025190 658948450 86114870 757551610 644376309 285447369 263004689 18978792 49079455 244070856 168196942 805950351 418751191 966420056 355454118 442101677 666513076 405091767 749443554 815843520 696929614 396658833 130071558 804191087 538411923 742446658 960388004 138481793 816711341 133035044 369290449 927842936 925391555 251472572 284012663 673927310 751809928 847787391 540274330 277886709 125797893 186108998 454680739 396589946 985688084 898439842 794747738 354734074 399075160 223807891 252766394 458519048 509370687 551579218 535472707 378007871 841045274 366732842 251471089 293688381 406008682 73666157 886837897 911698755 712690246 891485496 778033001 704970955 584033921 440881252 387062977 753421720 891204643 499378458 397057119 15454014 936329083 563851151 458877947 34294572 761297953 32764555 499056105 260704560 652960381 810534666 346962087 722911283 552283343 269294662 298007721 448658331 902622148 632532603 845899616 112340619 184223359 702182286 5132372 883620218 19886553 541350871 193648279 468539332 510057345 504164931 901672996 792831945 23151401 392681500 87792226 48487518 469382211 88659704 557486125 505994595 451197326 127837422 712638785 591587985 719122046 651060876 37367789 74699277 211121765 718111485 79065956 132265815 700445045 774743385 452392406 67180638 332725029 375357831 389423623 287453778 596390069 361023738 47075180 202051759 726788734 981872033 171765122 884414162 951642529 209067164 638427323 829424169 142954438 266950889 881166926 438857961 84839096 919230641 649456 188036211 729063559 858444970 866957885 473298944 400835025 265405263 921799746 919410658 654038053 841518455 870503142 588918682 814154329 100928823 256896555 289726599 799120799 937529876 671570293 349400134 336961697 405105319 629243805 504272211 731953095 517067238 652961998 421494909 101443460 784499300 510417555 234175799 428055673 582548077 159465126 330967905 567947094 212966353 616012492 642255139 604562856 135901725 514387923 303726044 303120001 760088281 901133221 497784113 327906943 514828168 115985177 904885644 521132414 879125679 89275885 979539592 292770667 411785566 676410467 531612392 739255680 117126850 607907261 876533822 947433105 636274436 753709058 680876003 656135326 429921229 784832947 698049692 595278447 185756284 940191966 456987413 446170775 484584250 94071985 468625478 683648285 728535034 728819232 901438072 809828735 493800506 798112051 916819965 678557220 751030397 153681839 556864628 918235483 121675196 939623028 173470426 452943689 19511257 412813634 764880759 505815020 696795815 856587997 345196916 808820411 25822369 527866086 316885918 115438494 495014820 758392551 148754010 669780718 261852380 635315856 446527752 389928502 300673785 76858824 972270328 487744649 670794657 903078847 116610323 955440901 135762495 66394544 339784888 884377065 548139691 152538486 994010092 104697901 438916003 898617070 432380263 573677770 112512965 438452841 497610261 498767543 498220888 372261466 222568185 503029838 160723042 931345676 955118092 293488029 728360682 924477042 575720872 511622829 672883869 458889346 991445605 893274993 548006650 904745969 392205793 395350217 514304775 335559038 278684446 193831599 14464905 275043817 809543123 653477756 287303357 409315015 826755491 930341853 680834859 661810144 215326963 404993944 679832614 372545892 774513464 943961927 667352226 232891207 937812515 719608977 963939741 462255801 489662789 43452919 139875044 357381542 569753732 298454165 678417155 184702403 861165704 105888560 385463323 755980847 628206190 330154410 906329647 510071477 131261351 611322710 186452400 483532518 127008724 701202957 951422920 534169837 716927221 185726504 766561276 91016079 1056752 265469411 535896885 218023065 805628661 625818210 582901520 936724928 436572014 569324418 348183030 218218916 869295124 617217785 287677588 48840533 860644174 122540382 683011038 94569238 868824275 639972629 259259674 671657514 143102288 881710694 829016104 859171880 572866005 402433522 174605009 518913403 71496757 48235637 2210698 373624171 927590798 432602305 678473004 512327184 7366846 505808688 586242907 770876408 846585668 46378041 665483118 876265895 463257405 33846210 951833605 450578635 356235396 537418901 91917322 149581605 371934580 955798075 115829453 864281610 40069925 883853255 353130466 732053718 934155889 492545545 719509243 438835606 274946966 586338289 843437868 358601115 352907518 936760587 750949153 106873443 30988061 859340225 27787692 996192616 842801274 423447324 465939451 869967198 255469847 71495861 233390979 681722784 283090084 495366178 763514079 768976107 494677518 685570930 640943387 622203811 180467879 757379294 899441928 999675555 702638940 879765577 367847176 570814497 445676993 635946798 590034057 842125355 241583530 615628367 926253367 673415118 639589620 779845167 955971883 680528862 732265113 207291516 323042098 101075197 912060172 31697013 314493232 723634415 372509711 601741557 731330459 843938986 480699725 231719613 574695259 187605124 650600110 417577663 975133018 686766544 33580575 527166054 883496743 410245908 98065046 956108641 578491596 744585563 851934005 586106528 17328844 21608576 738992498 661600493 692739394 504286633 861084191 142889393 763732722 692728168 486096054 467068577 643541470 568455174 702565350 646579423 591922123 590521026 336499871 651924117 143890654 691281534 910615067 758627090 712970523 160900483 807656850 630785878 109315218 942654566 251217100 532530755 401650809 682268437 591952918 10876281 630167675 969615604 608241731 179731626 434611205 132735210 244224122 390179376 247392209 593315502 979138348 162077706 799063471 258761090 546292051 33232696 704637672 37443213 834539266 326546392 832369838 333042787 613273748 160462544 27115965 161010059 407196215 484685306 719696145 854271293 12344864 858105636 481555471 52770042 128426957 499417863 608279750 965343782 677524000 668177429 820687042 234292155 565994255 237668081 961342500 429681404 144171166 695504676 256881292 228768609 234652234 991328232 961534702 732290176 265245893 740319989 277791758 267328306 138036215 973771320 974275957 843591522 868739273 918242029 410138263 339853506 864449748 92778015 356153405 171334013 289972971 654553899 94699806 753966254 325616472 455720480 112222437 81791366 794874254 474951926 128430843 943528748 988660160 534612516 836526948 917753569 394773342 648484688 929284953 964172703 345760738 181906140 487504514 577409291 970111545 349118223 854042337 371075826 137118999 736619537 799724176 312025409 814014754 796034371 784899905 26726602 932204055 225425143 262594379 852789827 780320718 473506046 893896380 361457083 44858957 954230065 558170377 387033586 146048622 33882705 490356098 539089809 458519328 516853311 213532785 899479419 155179731 978195677 951811463 558151754 373722370 51420305 223930495 977911069 969830640 394049064 980919938 990595824 272273409 900423781 659974242 602139327 495525194 798745639 530524624 937422811 621487676 445660411 203132315 553525142 702302812 969631906 575205192 221503882 530512528 830978000 977984473 843883950 416074583 839813261 462996068 399751459 169446779 488558943 156588513 297440952 712522445 863507214 535795781 763647042 843188985 601771116 608492703 992135659 154369685 384744889 547906226 106290279 997761907 86627699 502827528 420921974 280055286 990194068 458752785 123494593 250760713 906900390 72711245 919854479 370057351 912991356 308638056 769210096 447201365 783189759 123686423 355858330 296887724 419082077 42460428 46188442 154278439 142388888 103153502 599202404 712240544 660474543 245487155 921483454 611147832 87657239 386583570 113009156 514572015 883073235 220703880 894542349 12164864 922498887 306174318 249286189 474032011 276688570 374080115 893190754 95152692 978778292 326889410 543724723 981222811 590025210 841799660 269160466 205046293 885561592 667022452 644692263 966764431 4984128 269515447 566367358 758524422 800817368 177496425 257687352 578041106 298449919 52202221 354647254 361208352 884596165 279879377 926515749 48724300 216748979 943260470 601019764 213632868 741947980 818302508 736870020 415427317 280661770 159725090 214259981 802641081 193060757 375401062 436764015 11347774 916829236 623511634 527861570 417274836 189820530 493061949 576256390 924281313 656640433 517904216 876223446 283484729 368122873 592863775 501369354 848244739 304079630 182482925 854469910 610612387 46066244 303436131 213222409 149997523 502621801 102946778 126350023 404545502 214601156 228197863 431009756 848907822 850916798 580899853 574030424 830259948 364962979 175785466 398221417 305319836 943305027 183595244 453930917 156008413 479752855 602009588 849945136 637021871 867379896 649077886 859466421 884519787 128282303 406292717 721336181 828614977 997174313 437868932 545503182 776174195 933610948 585994804 227040658 387183523 776445780 249200467 73067134 989890877 463717100 254618922 367618803 694564599 237155389 158073055 445501904 128391721 624413813 388006809 944530859 259100241 136294438 230064983 952910638 723807018 939958312 792480757 525231134 245187079 570233583 101780667 985191844 831827426 323945531 496320575 149185266 731435915 541525980 2198006 314272916 875213420 970954441 725790313 372514967 905045372 613096440 462954016 553026066 362464875 722070540 186253247 460235575 407096461 308694100 476192738 847118689 589644218 881053119 884956062 913951457 388294754 564056095 330765962 984078272 312929831 891336502 773729112 246404929 947831183 770327042 536845226 66485541 567683652 96145486 209857377 83542962 12697045 901525320 325177628 790287210 532568514 857992231 848935617 532418642 377528174 973058311 537170560 373177425 211498159 734978244 318879128 378623751 220083617 867368065 946858529 909022303 138900578 904887694 44981081 492437925 876597914 437800507 639156300 540433796 784666856 428785120 19157592 203711275 905315117 127026908 973262678 774385642 380735387 439507376 824857324 18285456 888411730 340290706 768635096 261979001 182169722 218799136 452015607 133410203 4174510 56947068 373836242 737591133 494135812 904307007 531517660 336871817 575052552 599513860 37671899 406553801 930354014 896420239 307826979 57610050 723261268 926418534 257213641 11644730 914466342 373383424 805743946 34433709 402810907 547775526 136231969 877864427 900584192 703470997 343465021 187868269 607552838 904718990 694066131 40779225 153854248 476817653 137641338 890858743 785852358 767023860 556040027 443227320 899144155 468023203 365797850 416267491 516100980 205980103 594323374 664962507 900675075 395365894 308707758 244186290 4147516 208400851 739207523 51440046 827036555 123624090 756983544 941248147 395816591 435054234 168621985 687468296 372524404 404837365 818312529 591204338 79844183 834218161 505689261 642198214 116774705 949107254 864487272 854138201 55917811 311093653 252358044 390995079 32220770 585221307 443395179 343142632 597563384 959331151 183092783 22478991 585119592 375643131 5394097 974214923 56851718 917149027 596764651 261394888 173344401 938714622 695289369 254311999 415280242 435165425 862435933 897262726 471118049 901049514 353285594 702074804 479420404 634179909 408030755 58613842 938222682 515415290 137814495 643640535 301284067 2191611 928351944 673788490 722867354 564246098 892707265 601727879 107528048 742567891 502011520 417222895 251379835 481252282 965763904 600497266 311141949 154690949 503637251 105738222 663733398 266212543 190164775 281523976 219168423 317933335 242430532 507320523 754418281 315955815 102117608 452462594 8207510 891518052 889784242 376633563 707210334 524680348 841703758 679875252 461672079 526650870 193676995 575207065 183726352 867028711 285388757 876100185 88052970 898891212 179518867 844508365 52842511 2629668 571638471 920907791 231108063 123193453 884820520 526429428 639421593 564538876 321910840 829159102 653461836 494453374 105175488 567600896 304231816 65338783 229021090 311529212 127398688 40787670 676096761 425791827 762359319 196114693 916732143 376225290 232479185 749070131 457441637 770751199 162041937 491091592 852030796 639272084 309251299 749390725 708621606 510409662 200365256 462553955 66201106 156936770 498490099 848810321 651838689 28067273 117893896 746828519 289165413 863912112 569357770 821717147 741971561 365552077 841961131 432812552 700617154 644267120 229888811 431162810 70806304 869392816 812051372 334592122 517274117 606701527 590184656 66275939 73653065 54509301 154739655 270918048 135395661 986240134 998736893 11928595 640764677 582746737 757222638 749685936 684323022 174382779 622336295 372285578 739964620 202206920 454722214 945018989 819098588 699624204 808974832 888817886 470596610 221846424 487599631 743277001 78228078 761242162 547318322 564215620 222211659 534078180 186915818 531684968 497108119 478337672 353915283 2124513 547903049 552465460 792517349 598592790 783774594 517804242 428177855 14031792 956881106 781219840 644591247 884440623 576088017 425369131 829508930 353911167 575013433 42717456 190327334 950338621 891269042 328372605 512172158 425545874 470937752 454181718 684322612 557952094 267421866 684800913 388928419 529372593 615120151 582284552 368404769 852268180 341281430 46695113 574588632 686559012 825093548 33307528 810546048 997375022 188913955 171226420 973844834 240723276 454538984 996160156 266526929 776887431 675972432 706205048 410524048 710528815 566491071 186683114 610480247 446657496 503370429 730445113 482614397 346979413 95410515 846728020 55685951 498636666 131110283 353441920 53865397 628939129 535848056 661978216 896808716 873170492 758433704 756720496 291365157 684095825 17354649 960188502 526751815 371409136 786361188 350005745 110534224 830019665 420610070 801591919 609789940 457093385 808094355 978400051 332980649 936449100 617180887 435353902 510880886 800930374 624065590 242885142 116791360 6238389 959066266 123459102 461235932 766368380 515753294 806462756 71478745 86747215 534356122 265359559 870251026 442488831 835407351 231602779 988241114 231831389 778461748 968693546 911484378 724785669 343215270 649393167 141950420 311868625 544571433 9252770 533036147 24807699 739723753 431363150 113436353 379554139 392814999 670764992 757420165 768210007 391343678 250679778 313860072 75518141 608572380 276533718 902873662 810251600 970992874 764461823 683969746 845843425 381183745 219965883 651561063 307305044 558905796 927072686 975467725 603496388 415947815 219791747 888492829 603283864 215917731 54429701 203503723 230414362 303953045 660132236 29705962 935981757 81763202 562068885 332960242 41807895 971106883 744497737 142376433 999194300 240102554 700324879 436356602 592010765 913253643 318774568 103748323 526120625 219526442 898784433 133450838 158232680 185471250 750983854 727808641 646988702 275364445 709054065 266030658 465636323 244907077 26660708 86135695 1066417 312151789 619245816 299818718 365304710 699054033 325281365 960567918 502157334 35822321 63705227 656522865 152255612 222311147 622548402 703554482 950554018 960466308 387579434 280426755 215078717 327766966 95283978 457630446 305659504 968424081 260828429 686523991 848246160 51760093 217827012 34812203 608321847 707804156 191267188 884442947 695924462 777456853 278156297 727064921 974039252 414780018 119373779 238725590 675020939 323311937 917455867 195901830 706474127 32083410 507468596 238277161 244284781 429050425 265995579 560476395 250213819 936021888 180693127 867139958 367316027 82214023 660744132 100971842 707892917 171028127 787279690 62119131 326965203 310714292 252932949 307901380 374480120 297697304 55217414 947302308 36750386 599212629 42915013 59266428 738759961 305278318 602337750 103688492 866934813 84916584 398704114 550737215 770421861 377676249 848280924 981445948 249575263 204264755 723906265 704897573 667804352 401183557 879662227 357135662 532297129 330630299 674713737 244686329 897617419 308302851 409848896 434404602 808287110 593707925 491135718 351037825 854057528 874972580 155590062 394360084 15332828 155378037 190563732 638469213 12191633 457695311 505145206 733984155 706729848 952403327 188311478 936059397 159308907 149021486 983876505 961409079 72508905 416958382 985885243 571610163 318594182 81625526 789477496 843335422 644619379 417068519 338481570 858873446 593049801 35951968 153110584 632359055 504924337 189300980 856576003 977584718 832859173 640836607 136805255 78967421 203393269 446345632 400034473 985781717 622551282 756011320 679762773 781918197 239625661 932332619 714515455 643832754 984208869 649988787 287689581 115633801 324536856 614713822 890788478 105167572 852243634 932234714 160203702 3829518 792097127 857803701 98754988 719060766 676610877 546427229 189281761 240009977 556002793 580657163 975654803 967472625 296036938 629238782 674842071 399635667 533464898 460791237 415867386 658546234 959764438 3773118 450518296 347327325 523286812 603332001 899554957 242933113 37707799 488807080 877176301 35191323 738874461 296516741 480022064 746808663 927674834 558586946 689148105 169965273 668942194 972981876 576823682 730073595 246497607 543916118 394706744 395243126 422006383 539922915 235087447 243637772 518978054 35562025 705074169 366573397 714275561 210602989 251640681 949510051 104111550 7768779 233609646 985947758 941048300 812503247 501812726 77831884 386271731 79365438 689824190 378575344 542227281 294864631 739807506 217210281 78235786 422376723 790976580 791642785 430601880 893265383 140108976 5268308 187289836 829094848 196908835 175748905 621614078 642181523 403662249 72734338 351686483 462425391 902074420 738982041 308541641 959757817 398424756 109005190 635916778 757909615 515259556 408863637 681479942 418296100 704248163 713963772 502914174 765283936 368222447 384111992 772394931 228959792 773679613 318215773 804689057 111353682 419586062 453565990 423672970 14344299 94899614 275291087 750919266 430526344 320829063 883804356 531831955 410490613 589705602 247678363 840249007 399817233 259072927 197469442 448771757 196273741 623501217 536586004 184561678 616631824 957213229 598649467 650057193 140094446 822383367 27178585 202549808 562150874 767385231 567177600 8966570 248833516 100465526 974637069 85120626 979041781 368392178 444589159 737666804 204254495 352348523 150810995 422051326 97416133 42452158 479855788 136898142 486872259 16339862 746371493 458147918 311524809 491709240 989332680 539624165 367654913 103668384 189182117 446772670 898290745 626451557 126763214 424800048 930314009 735385939 513834428 326679407 743382774 304286855 10527984 345283580 442280680 182289431 410048084 856722970 669081006 866120991 968749646 368027188 733003590 336659414 92327646 978527944 793861594 165646047 913229718 877867971 452523812 631298910 500084648 423043151 639707106 387578840 675938252 473477760 138319434 70229060 661779468 976401116 826134812 82047407 918730629 36005028 937621231 836453261 846329001 235864549 544819049 925986501 186507190 836478108 73751053 823353692 24592009 755770105 331443363 178338585 921578723 388367252 131183915 166189368 754124840 268497056 512972599 261681885 389296318 356497442 896292713 644292451 287431071 26188884 444562441 773719151 923814136 498382576 650596017 264120184 38432893 911062506 386369741 633886292 360726137 537724765 841154450 205419694 14767185 661247384 701000974 442065193 181351624 880168532 381566371 711362005 618622136 416075967 500282032 94715877 376260287 185930206 661426672 429855288 430485666 602192246 533940778 740435277 5559480 387939169 741901447 611094735 26936101 316504819 605982009 111106128 690685222 362047371 301582175 327366881 844021063 325327050 579872449 372013009 630976335 816875232 423139446 33954511 577149469 993268746 147266474 777986446 216360256 193938262 412153945 581295600 680218093 853690603 137117611 437210363 893765093 675215496 272669599 210681705 955527956 686745316 914801461 340095076 516688568 152479916 308049123 544515367 558178952 64826414 387937019 698352674 743034707 675568353 259876167 340862640 493779051 870603132 924920682 746474658 534046888 235705724 694952118 534571504 831369593 927661566 499175713 29874687 288622281 941415762 496450586 164423537 447739421 680623893 812059291 25022900 519893855 344479492 429703107 353137 307629856 215794484 899674492 69196276 188443624 375034498 790292921 844157864 716773922 287661069 766974163 17317356 894872628 146944993 565471482 668189919 324225430 952524977 975631417 638060948 215223340 460033459 796930136 501806799 172778608 386923093 806214018 964339672 530163388 678664743 224796947 205462559 444649583 287845452 807437839 293459060 98680506 791740464 117198173 242071401 456402551 862629033 630131945 393028032 982710984 549742444 19284072 631460892 716171287 31887690 873829923 109303848 569006187 886212889 756646982 883453449 902235651 306242295 442947160 170485329 478280513 771641049 217604128 944944091 900006797 199797076 788135825 126759264 60109551 970881658 876850217 237033611 140656246 840356863 714493642 593009206 27485490 584901069 820962267 841086783 275964288 437448363 838595432 598659043 87931051 791872375 725933031 247899867 243694056 678689183 405347219 738002152 757742957 619500569 754535872 917883633 701350464 65858157 261856695 482792452 101892715 403249662 818004785 202061938 722399081 997097821 521242722 725567120 152651382 317790240 595586569 911396736 627129765 757424469 130137860 880482583 696773286 243524389 963587704 106614412 453437309 436273664 744200594 806629893 212836918 514427721 140429646 908865326 734805045 128108654 714505297 382480321 275425367 337621760 375069875 773882751 935746227 48822657 29249569 972223554 387431490 251359035 117943312 553504908 890119781 452965187 905073762 538918804 940814189 153200274 370912552 17981424 893464762 333114289 627993546 296612379 974547203 866821185 633728917 56984278 427564786 153654572 449258769 527654087 299009461 323754457 413959003 166653401 911502475 852169735 963278033 704160881 903660040 85721142 579250907 458681169 538830595 452034867 149061958 591294257 403397857 845162132 696850833 88901100 954318929 297678198 186943549 49523742 907714678 249337091 36144945 796546403 918160623 944555271 627547828 751435346 682766310 401744659 456297386 425946957 384394126 474247396 958306260 972296653 696393748 790786460 726747035 893559894 373748131 970947336 407967362 915618738 437023361 327562005 427413621 51655679 247787262 680129530 897547179 814203227 760445411 647020266 572328523 253491244 473422605 159246233 665473555 889975238 735847309 236783168 368346468 514717610 335744120 89496832 491881061 475167153 552609837 691501986 300799297 920136745 275433291 384546393 230752913 966933100 373058520 947677662 299976936 593054089 325018112 295513350 687783959 114779997 750711109 615085437 38017714 832283141 723991256 396368710 87299116 76258252 853977337 204038680 97585444 274342845 237155905 245764174 69652119 603733247 261655898 98347223 668683899 681777665 971855651 277852282 907309329 410675528 866736255 52976913 278939949 851564997 344311635 129712041 371152069 380133961 260194136 126193947 41316780 895069186 205265598 716754465 950856766 303957639 276921780 313473569 133878433 50812103 857036311 460225539 3433446 563627009 282678401 872097601 191784643 481210551 988832516 314454381 601287995 69102082 597793819 100471174 755555475 864276971 197539528 671807647 621912934 282266838 916728449 242274430 683330818 139166850 21704425 540021589 660686322 257062070 886121636 808123237 264758407 631217138 546301683 455057214 816726338 683331333 195628656 55735714 515917994 363715304 886253290 988831588 77250226 868665745 408937582 835952502 432695931 921769550 183027689 986886385 144751968 506692139 754833995 707890655 431372292 618763521 278579471 260978739 33269279 795463468 42888184 163867349 205442306 40108180 365095981 977067718 294388210 91522088 470621533 240313416 493900351 160135811 870266472 548225343 663637955 357452374 416472636 30442199 976168345 750711445 867378098 498306091 269957951 184502806 940201467 731329526 371680187 287392155 313163760 739806957 988144585 416198524 976139845 934296911 100302449 198747692 170010939 315638975 426403265 106480195 25941054 399637491 824073354 961687485 354623228 301106520 382329928 905168486 698829494 178382139 723871686 746965322 251669039 921728938 564790957 973576005 20746903 485369116 351365631 753675323 769033615 556401223 130506233 132951786 35912378 632469333 122356336 153810631 316629940 516046161 229199916 640559676 797067802 461771049 670965646 360109981 425866967 200265293 680393785 972049625 889939666 390452693 672440954 110963667 952124366 831798572 702251064 894895082 141082017 801643054 487838692 129226855 717519016 12030215 806931582 578968709 774054268 682429064 378060430 212501785 839447691 1330785 468028567 311941375 447623855 954723967 873825229 194604366 925348296 447043594 48816655 347853530

5145 3870
331833287 358650266 215405522 87502151 588974645 210914440 352192883 120112060 737910 861673970 617932455 717276884 472484565 536806113 673462571 637820117 287789975 132800471 960671346 77416582 611380874 912344117 27826335 940654688 274354208 195887011 70976008 350350757 895451815 485296275 320124169 237784281 611228915 760387393 461924037 364099256 266130071 239258201 324548229 510594232 342917996 368288196 373042062 216794389 611541643 432437169 689004344 623285713 51553360 849170960 958781079 498093352 762685505 142195945 661831567 736606894 675863457 906275376 361033453 309496203 439659150 373503472 386008242 430152944 91854822 513906758 802819033 194763826 661584934 339731800 272428744 709886124 162255898 815189457 709224750 162699101 390423845 864504647 827411548 843742982 712722472 94791093 213565064 351640779 8409620 221476276 453735035 270823704 840923458 920383703 167471075 930031489 234000192 408406195 438384259 721000265 739542425 577943701 399933357 499856468 440676115 531284789 538351014 772969779 557348054 12083795 297578563 628593339 356690001 979412597 91085711 318453361 430186037 681525149 89622137 946309511 555767175 995729496 260652610 996432973 887033058 316239812 52103889 301086437 287275698 233453256 384700373 220890312 397091274 750829467 309164746 506610603 650970709 265173344 661490879 226421172 66677122 706159046 650152067 917630230 129585578 736801328 254172288 550174141 413243350 551418818 228275203 208563858 971466550 312472354 791601731 176229055 741778737 782695113 788513103 548894322 585991865 756595597 803669365 876726217 525071891 921866518 574033481 629269673 145876155 531470765 145222557 493889615 739181047 152351080 15675539 98598882 879124681 787435588 666440313 27174320 550385041 889051312 614205367 480496123 927188689 904057969 734836331 148957751 248115371 403602472 838007662 74368983 749420244 122188255 295193106 940067927 933524275 214179195 885036268 539320067 82548683 410419782 631961074 54071635 583695974 349877479 808286378 552472329 270637425 30706106 633071812 174051123 461521623 710715475 191609509 22499652 741168388 87716742 281833518 127276008 972395331 348845476 392148804 735742035 770947213 734276528 657687371 437423974 431992169 294499903 407909675 46943781 288254506 293495585 175647591 144327827 804916787 389853241 444081510 377256631 857819052 911297078 6127428 364059805 884126024 935575761 981271542 964542818 323555470 958154135 338480648 52694226 655546334 354452562 535770677 332221686 498031068 871172261 824776727 75745519 389569704 931755947 550373677 218745992 321561807 152710062 157451648 812226684 530652533 149708653 266469352 620568491 286715466 487974087 374857394 148334869 918904860 23932087 925832212 735527566 227545931 74191019 494093905 160692141 191829622 682492661 252456768 571304615 620821971 509676947 700651168 759150534 248431541 758178928 714099431 78449298 736889106 435391476 992359326 228445508 252768740 927724284 883548319 765441316 279350121 841845822 421098399 661399285 50304819 844748080 331425191 475005932 929091528 586704867 224084468 349929969 40913259 743512858 767831626 816317661 524427507 456352128 821258825 901914711 201195656 793800483 391880570 402313416 122361111 583743721 676736551 348289484 389095825 622447474 240319528 415106648 450961072 727851005 90258954 876827240 686983121 575189975 719654882 80076817 187795956 435530164 776161112 603933778 755702027 893689425 301225849 748482485 948916159 444734850 365024276 485034044 640806473 875723655 542211698 202348516 582198011 472689578 644965301 851769299 419521113 648371085 321269432 647948302 95149498 762396652 720268306 853073176 886010594 998486521 799819369 535092159 319464605 477056338 167978163 866760547 18226460 678912282 392782633 969061461 415448579 344886189 821857073 218830371 444661120 540378368 350077648 597907785 998511980 590259131 878487440 876904051 801096421 769438102 470800156 625858979 506767821 120666944 334001751 615659374 459875196 771415380 667278216 140013178 323075013 389922641 480753110 886538104 509200692 7040226 147871625 384796382 957302724 497727097 632220208 650751425 516208452 956210494 377626219 591985176 56438355 835599037 448820654 156302236 516689636 482912357 578435105 656481862 212403429 220909706 816655944 379270776 834346693 385674389 735718139 526883056 151457383 731885986 415103806 864591808 899642757 961977368 525991136 971896656 796756826 29360928 236621754 492724108 543712107 470573417 349840713 951891818 759898066 140117664 192832899 322210441 338278648 352321923 862728581 784899425 861080892 566347801 955220250 439533988 744496288 910550990 715968859 309976014 469407640 156508440 300893699 507767732 126129072 593258423 525755061 574525174 132251531 462301540 31592520 40808802 32841279 568096832 773092149 103806832 816816582 785866577 352349794 300331503 597291336 698417749 887316323 483131750 775868379 887831261 219994477 642959373 617814128 804381535 283959886 543557301 787965672 215093487 806355002 269313969 419653548 625472773 247014218 534071676 171461839 931230741 614005756 826034097 302307663 715240832 763329733 823442279 812111568 732861551 898441258 146564002 159644964 815081597 851045520 680181036 638343250 308353999 848324988 252960188 641760749 218328333 663494685 718281921 695142432 635948874 113584872 349114684 39391376 223225605 937025846 528410690 79817784 176355733 105134789 640462128 62062896 177371086 694226736 24718467 361180787 378514662 304974188 870549074 872855532 829965883 834914151 665869034 918509072 324226378 408919849 170159706 814574575 115529252 306708001 763530015 121251085 795986805 870196358 49401445 293733143 192525227 140922811 889766884 367984386 691879802 884448070 40804312 837601869 30872878 529830931 348195175 740873176 294750830 900957219 386531675 940923258 641258374 318930481 480336259 823552457 239799120 243075457 556285904 751936150 948682502 949960884 481818138 492851515 166652212 443469966 952867818 218649274 466112089 822425376 767133133 141546018 677707444 809071259 740677133 557193401 968068985 918608539 581449106 467385770 680481243 197584428 989507515 571146771 560267860 880947795 917657027 766660089 101260753 146767730 545911947 730653866 118388177 392977127 801967876 788700353 504783821 521638759 925339402 889524076 802444878 157403712 415204264 738660826 597325043 388121460 730429697 62085678 957373820 900294847 40281554 12247868 455754840 290146651 792242383 25880659 79728046 432571272 636293104 407424280 120630975 875181427 243708207 288892012 689328844 516927058 702109585 7733662 677858340 592417461 619162316 695881897 960936993 357105976 908500138 350405218 357049249 328057167 955760617 363162232 765064739 704419594 681010721 477625684 138411185 503900541 196683373 408690042 644999151 608260196 306100669 635648680 896829887 853840829 220853577 971130702 727268991 829748805 554931907 876270652 704965841 206459282 723814364 836511550 905091748 942694602 417484462 809648290 110584965 104657768 460235548 723175657 65970714 899975740 476777512 58800012 532590 594199210 986336149 352674362 524831380 656415144 693707300 897353491 238033854 794644623 977522880 443942785 79855308 627848018 860064122 107216260 876968284 101518180 357299030 977818259 436451061 289595231 391113147 364868671 737545966 810658388 839314777 773870574 412779689 183559459 844094721 162610880 407325294 495345489 517195832 222406875 80913759 417838549 413393884 596885812 629689399 451480150 787227140 267224539 149940381 763497890 457736563 65525074 82361591 460027561 242073227 883410133 939537728 720426101 869594945 754763409 910950952 817332351 902053820 699767948 791351397 340394051 99082788 796692558 128603618 975106024 787936528 203076881 236831164 26780940 343298903 442753878 628440031 482771946 650579195 663417588 863399819 502231157 889480545 425363618 819528240 38657314 151960616 776720052 180278745 282738293 932509494 995991702 861787385 620951779 160060589 892310320 993976659 486905320 149743315 997462202 786364795 71737538 695586274 32411371 156497752 506923229 126704826 613941216 853309200 447132856 866123583 238510507 948526413 394158763 157959219 623521471 520221053 806153367 840685494 457301588 990292593 415583769 996885222 839748937 642812161 982406123 156732387 516412427 559466859 474039489 200113861 728579747 274952295 706446457 194781198 929241165 25926039 22264256 279951080 753322948 310755397 111884954 675202189 423923721 266097441 30110542 372933579 578103899 708852645 599373460 808496728 37331147 364099188 882136760 482015705 610412559 944148928 266321932 848757956 91560985 495953266 450961410 121389294 779985848 398709856 284745039 151893278 6135198 28166843 237154841 380174675 534698430 728342459 204779744 176003046 792510754 265443436 638205276 413820920 908554469 165619349 333454146 98944846 455930952 846054656 620491421 822526803 740963343 880293109 584759377 366269786 645646257 675273407 935434498 681793771 280767075 521675474 842687727 486660001 422492386 358889515 305633345 228417348 93972337 366474919 996972787 623275559 149155475 58726022 319864257 621063967 145879487 587811575 885584855 212476311 630443688 731616324 235483444 641333485 364927227 798113739 831434528 376823897 137597271 937263691 733283632 505623173 853627680 433138677 183950433 300187618 939728426 770250227 995522029 409301535 515447625 888376444 917064024 29425820 701012533 179629464 713367839 453807611 999201960 257139170 565344001 618964635 647219329 723809358 648939845 640619545 969760247 988048748 459558296 273422480 558225856 385387347 690212570 708852361 229325605 294091738 199219910 874070177 62356629 324723368 430932176 687519588 227405057 258654127 539355512 158280597 115879226 781473824 866039129 832739431 256186698 592702726 925473432 974696811 602819470 134225297 646304329 285058466 563232477 952310203 28656701 879586807 908238357 373912569 747728778 284103232 753839294 130071656 468759861 771428155 246676604 55616807 290329479 967618256 134908247 810314183 268846535 649155658 41224265 251157774 756780507 674383862 8039922 582835035 484214670 29687104 590080534 186412849 650095894 898490751 658328339 952953026 41256976 178565016 634485811 112309199 175871912 578146349 735527637 562559700 973883687 392816803 620475305 986660240 645004776 494721050 844205323 669967924 928812843 34337606 320813095 425128164 51231782 330162158 190328871 510961735 705142769 84716103 480514313 265178296 617935841 468411153 640762487 501266107 861722940 197362205 72663586 670997211 458891641 960958647 40691630 554065560 338146554 232486733 928044315 332482480 534750383 450911386 776172693 563934926 239009328 633626307 730433526 565519533 411641487 595307441 876686608 840289561 952080380 817605979 338555906 479178223 765108637 34764558 832907684 945625740 27298729 591745313 235587075 178123168 762837188 326684287 220759044 952875288 950140964 751370051 257774555 262886700 872527390 961670738 597781732 288119180 940849281 724884667 738506939 385389826 479194966 912144670 315638967 468034688 649779953 39303023 323488076 521226322 354742854 912642918 767750036 640731988 917228209 680822235 691852431 322326824 708737511 773360035 708375070 996837432 13667693 28984011 908887704 981935701 727038821 222996441 401880691 839891674 181773879 351391610 757033461 380213300 353271788 910773085 316633077 281178864 873054210 634641110 837498548 193227598 939598573 946361928 27471853 850088971 478743484 56739772 537583191 614555339 233135499 722947416 739376500 361806123 728011416 794079233 293963742 476075644 513200238 674991662 459874468 207708515 546942170 347723559 437160562 93738622 491159271 863115769 172824639 368918176 483304151 702934759 745753958 462642541 305248890 844899194 925741229 976114908 710112352 671252261 665675785 272167226 877567087 494915996 969929658 638159162 162655337 323865072 796195198 687694359 367746905 688914138 444708487 91952168 107074481 670280205 229766152 192837850 985834390 304773996 127430995 125039443 38906277 676833603 444441779 894316378 564342379 333003574 191729823 532883570 597961138 623802190 901316835 335285370 441260661 431122649 663234295 251192423 182640801 323641839 101709089 803734306 349820426 587866937 777469717 960034738 146850592 662743412 103076637 694736128 523169870 589256918 370053410 25668456 33140809 59155753 962995666 799052218 975697479 176150675 810709982 856849307 600704682 411961496 181987459 665290858 453829982 950300399 402624764 688933638 656596712 799568616 751723900 208659567 439737130 657149829 146732836 293633616 398098683 144795180 167598057 421925559 838677266 864172993 589485252 374470998 805604187 681947775 31630578 158637230 128596103 25222513 158600910 129740209 325973808 177510584 308540054 286205888 428906749 695243625 112983013 173058648 852426830 775642886 794862937 5824068 996968366 859897856 626373911 701188994 738442234 777137813 334694579 311954866 386861951 924987440 230122259 437794093 461638590 369181064 577897033 884881729 743471120 601910262 373871935 37411014 854729566 345148040 655491 500771240 538409982 702926110 856847051 966487166 240407245 594154703 738906562 820155358 973003917 59755535 258516452 334879827 112115083 937827050 497699599 966949018 679346834 639932733 575641378 125907312 761333520 282992801 526649178 342587401 138232699 996754968 86960205 94848254 515486354 634982640 808623029 735857065 507309493 382891908 689129053 684213126 477090075 523136956 528324251 762032489 516662007 506034172 469434350 45605898 663250549 690231074 638806534 430773711 643582912 685987044 656479991 526592786 574201142 149298502 456766950 682063208 732136990 306635679 212121908 794502996 659338497 930149358 820088748 844497893 109829837 597179980 805455355 538123348 866101738 461823421 110459181 480465816 875879179 797148322 437870603 647785931 734844357 604412348 409450688 187470062 809614475 319645011 209753547 682556606 883796921 810684077 794043548 168780496 818172244 344381434 751533855 581357642 518221959 957456358 106940752 8578393 217899219 980404282 872007012 908103273 265730761 177360031 700618266 943383437 672904591 934440503 471097133 877341872 71387776 288795199 681733646 702164869 274777220 663412440 95658545 357788578 260869246 324053504 739454263 514583493 291066426 978719137 639856799 499221538 565662231 57914335 889680293 802115317 335660802 180032820 815609030 328666391 363824548 386423222 440052145 910356122 876286986 734803263 509274633 906130461 494493787 104684988 555229737 105312099 784499537 801195864 423946933 879275273 658698543 670086314 712024507 582055846 866154246 451901682 425862529 735038228 428981333 413759483 90311836 816966952 346209882 78076195 827971515 140230670 651306230 240887139 821126752 877665914 932415492 229437711 522472051 615040173 379517997 505265451 233764407 961605032 942727568 262447353 550109247 404727612 197162018 220692306 747245771 85214973 360755672 105194737 842566031 481406462 956804414 105312677 119108681 628826904 511912499 967629263 631243480 905657945 28895765 894273198 578535021 524089540 589681967 746592956 908932516 553256244 698391976 474271566 501760874 257715521 688091317 513513627 472063902 530001274 167941771 550128141 663191677 991769120 447164659 146251129 119446836 469408760 804207043 625227702 503587620 535065758 518480183 298317595 266082731 613336265 284575944 642629462 291770256 78259635 413154809 445077507 849415468 388558528 482100790 449828326 37934100 808879566 694715536 375420795 797034722 326913345 645939609 668916006 308740274 415105036 853146206 389898472 628774062 177521933 783060082 796708307 857368964 316104946 938968168 238166165 410492188 781222401 807381250 746780350 912052894 417679515 938620665 247037402 27651166 5559771 461996781 333138512 243663597 695079614 638692402 846894076 369208545 386525392 448015455 451861821 903137691 86935091 344038734 3605971 144679697 763326985 860390070 116696378 25129201 577187950 395646354 264013622 825740119 994370076 553416795 423590099 359222821 323732487 697480133 569940175 925562565 829041239 45462608 873051925 346073125 664003273 32061841 863267841 118241943 963391371 391603857 715472250 135152793 487893946 797149223 411573568 629878778 348080945 174869728 766208368 77808326 484621460 917903456 387328297 296350657 853797664 627371400 361247687 505872070 441182240 818734813 248596514 888051965 736323326 278352726 170688092 735035561 488397722 308270569 525932233 754303937 71992502 569421010 527612944 587380951 591033323 441843214 942052960 295581384 514612297 13433470 613131781 513761321 392563127 68690320 715786028 566186868 354891921 690954684 728009056 697190746 209541695 687521413 807653117 73751073 786886353 916747534 256748103 86468078 167469779 1168438 975053221 720335926 858342019 308691814 220403160 320447932 187226340 692812856 470990263 455797444 595852978 882403813 662695873 503232472 851084636 506542750 744957188 891090503 951320979 187028834 281578837 611615164 211641808 945886630 344385270 984996451 114571811 232345496 454469442 469163413 14800301 226699517 765314977 948324979 825434333 947949397 965281025 100783311 971003019 837382686 286875216 594980635 856996377 532691331 270466255 744867377 376200651 1681018 404721423 958703830 182231972 71769308 918579430 915398019 60799335 793043248 876336158 686454915 954772258 964373992 953170554 945194783 750939255 414154787 663777846 810341667 68201553 644022484 856505463 670798371 208286559 515026052 875864908 664375547 603820094 817537326 852894163 32410210 191924778 778935164 110900816 636095159 362990316 355865487 257805408 195663077 798351036 966287599 777843158 921326003 240777964 693963830 898965748 77763885 75648852 828265266 597292153 439152705 183163177 617345375 167297550 769821981 596942150 344434861 854525140 748393319 72774737 52419620 547122585 229775392 514098467 210350868 264848345 17701545 309138261 596343535 399918010 977833230 103276774 842840123 897165934 847048527 978927312 633661685 370265696 578706266 740399376 982081132 787241736 987044022 911864702 939424681 233114605 355019601 117417487 191503219 826899662 342304194 200836146 260152179 925669461 801518359 181008205 772572936 556638407 325026452 322232988 980188275 588940235 170385932 206074477 763601696 593791418 44367702 713639466 212258979 86175801 653642367 708759931 161259712 706908426 119563150 857451922 883608844 883944688 448219422 436807389 930480413 847683434 832625049 592369783 645412804 384991798 785752669 160365531 898487549 167649118 447907488 710599623 133691038 372182135 706877632 792329767 742938317 286732256 410107077 211828634 660467845 923608505 385263364 126123037 260412052 484340134 683517182 261243370 714664708 396818055 94049783 793257726 747596170 825576782 802742850 431071174 379849353 428664994 791225805 260274965 532245550 911606048 690518201 479362842 509799489 498422641 94042645 137064021 909421928 458863832 567395517 175500382 789428198 793048160 766915255 277727179 435926027 703358303 698869742 634756831 558007964 890684732 898114230 388798100 444071811 731389118 941864978 565366922 371523560 185183498 643526646 252560200 208537932 379103824 635556131 165478966 10909162 73105007 727101186 648877353 35816567 561312716 704930276 283791222 214709353 991063736 769936940 677266266 285907182 288741089 998938684 908846633 800767443 833890195 272928227 902849359 676691687 765206503 665535638 509475436 841867686 966335404 743827015 992144620 786423131 809098198 941428026 491709500 253577215 804696206 459195067 904744248 181042638 32066688 641179550 500524010 903159815 345228951 621416609 215164361 562535821 329858945 992945446 418026104 975695098 93291659 479815759 239698116 304436769 301688260 54609081 420338092 606681919 570968821 107698257 949040531 29470545 827254422 83330731 246990162 703404930 971407669 201689241 989307878 281617797 595832522 443923896 303524765 463275063 534877605 362785549 974818535 876953778 588888687 666387429 333808588 201343636 262769779 714033424 723490275 581061295 729625445 295354991 387558378 858507222 187851604 660354940 761749696 42743362 526980910 548703797 308415322 686747195 691033587 750621952 995594640 358611531 854707774 534166044 254119265 542405833 836726199 267383077 43376915 456599688 993803453 672516872 947984796 190233350 48976284 33503763 986465017 803183486 99661997 10681127 667646369 702773207 493139256 928273585 143419676 985711587 666031154 471139840 629649879 242410359 272228160 591094434 596384054 526431043 252581007 980905368 717094788 817404908 670061625 747121649 215634611 438490566 720145323 706321461 99484042 84888054 139861634 832469446 777889791 861068848 143365904 264118477 510823028 654738458 2751644 262969835 796747969 266286529 571627926 829865183 42548807 800852310 278849361 685312424 360557051 854628053 874640568 594014837 758747526 875262210 14500307 667574810 981088346 447836514 248372325 599333697 561898512 523980992 490206378 758667667 811468267 535012663 539831001 301818304 877468341 168695842 672800280 404427985 917587346 238822413 717094412 176228901 555542424 73634806 954084501 230153749 122668420 797923267 595170168 165263683 90808286 979471025 590066397 506580663 309089522 234075646 568284755 665574130 145988213 407604561 446339641 406379015 740094456 484128443 128868904 798464649 388465562 57980129 639048694 818984753 704750254 699243990 366610411 357932480 413007362 431352081 768648327 25239821 382248490 257187438 840056402 781894125 123362579 508584304 172022679 343102349 770314710 820669280 768044983 19437948 609243303 611244028 160656846 798194566 910698264 844240303 940140594 331884095 365986904 880407431 484271218 545977957 309831885 614454573 694090900 576293222 832951767 420651014 748608689 590506859 152204824 748324075 214757147 597431724 222675356 510044120 563146291 727310926 142522597 43552271 269408876 111588494 924187650 132689561 463243584 567109495 256186545 252932920 674226328 42689260 321599375 950235239 879710741 358892822 611420337 308018606 571911025 548575822 272111046 139098580 887158244 877340557 478164397 93638549 151103449 38832046 770479859 460729832 216571488 735872577 977959759 561322457 170239916 229313107 762290927 317653802 572811217 27189792 465846002 793632247 946342014 949238370 59895448 745805375 474136436 102352572 180346910 651282771 25115467 760496549 113355680 927977862 349429471 303177081 415449047 730794154 552043765 420058861 162214957 667244493 621105537 583851669 417587962 207129206 77407178 84240615 84293214 487359535 116330524 133098295 649390663 509072139 142900578 937712684 522632307 833707798 620727208 226705816 763731853 997080205 103694671 717482371 931911625 402780374 732637021 20536887 499778314 859466126 344904969 280434289 807088065 731355362 758651754 709456811 762738972 570227412 970772407 170119724 201090837 354897257 633383729 678553743 283758172 50043727 277380945 384719191 745638100 824020443 598643519 22845217 166210192 24793200 491061301 365881387 718663276 853087650 567874463 999862003 384421885 988906619 292132733 375005805 22906780 484701386 478192087 462985596 449619537 128158711 822972630 568083546 31525184 457302528 976783413 764260986 78116503 964001772 937996712 256682870 783462743 203909746 857167621 302825187 42696005 911955353 295772074 843287435 977515049 463308479 916934472 872652045 667367560 502818051 693987137 203561090 581789181 295515552 519444363 741938991 106346296 254788702 486192949 55345912 352454285 183512088 901068245 973636122 590769227 74644826 572210871 597379674 698331076 460315751 766892220 413831305 353571517 341970220 315967811 391628869 714181514 708767720 682155833 693857896 191780252 139098000 116026380 51487384 855769960 427609138 802317643 35532939 190436868 172139946 479789532 841260551 404009674 698876818 719594706 820876898 557292491 362689733 860434064 84972360 669520020 270265551 872956768 424917513 286044909 280216914 115359251 208515739 463435712 450881457 758789956 695745660 327614774 864088288 342108922 59817730 817990325 286444393 964064897 795615813 990431010 42549015 558935235 289911604 452649907 508022300 391865063 810548564 605990581 764467858 326007911 895936715 52393632 964912005 85382921 885478189 958034254 308556456 660054104 647813532 918856672 403939122 455277723 875259857 110649804 584951736 179896326 893884127 614974022 348394791 523155662 130628613 880486579 37500349 713620917 392714446 994911973 640961347 680885090 888985085 822643194 829331383 971383798 727395711 188990726 405573375 857934224 136249305 320243304 399054966 458025731 522725839 991137821 517994115 793051255 485850840 867877316 373620811 874975460 90133769 528330452 393373125 484661583 608264889 497890859 716649034 963477331 197688782 857461554 685717124 444447992 375185443 484501160 820825128 253658763 908141317 930422755 13375845 118444775 119555617 549293789 887938085 524622743 501481265 195019350 933335931 593249514 832587829 849088095 924786663 244266101 241888413 750479310 270486409 47889174 250414328 933388043 567675686 653574816 872781400 754153677 657742771 64730684 650134613 981705469 144996010 994967459 481015051 125438871 511627862 452556528 394218922 453118178 381841974 549823429 940559429 640686339 383549665 963145680 470891730 500986072 214967404 257164160 318103178 978258006 491577696 532693970 597261952 417539326 820760612 291537473 5127471 683160552 380324215 39012665 371331859 891919486 720815457 879048655 811157196 949278970 579416137 579868202 302106125 550527503 641235109 597609843 320515588 2448081 350566612 432071738 108735566 500082899 623455501 884205364 859209689 914284099 445036769 240501261 122210308 419473377 896395578 239129388 713339785 175071216 297346086 380588844 955134811 426242234 434244921 450668703 665417363 730626886 730252921 597992108 686334345 557426579 548885405 618970094 59504413 42388672 258483558 121827806 904500007 385696762 179684505 842114611 906025454 878877055 264748428 188608239 593954308 517322213 673800512 571979555 35305670 334600876 922366252 708079104 446833025 627306792 626160676 826611200 469742214 386959563 460976548 12038246 599374304 406910563 500568821 478683216 888693055 186271523 456336754 187737749 242816077 528530192 99908878 819187139 413150804 634789456 452643123 24768764 64578699 790388162 102495984 533109203 422415907 893070097 880274512 748789849 778722309 853449255 235915470 38440247 401887641 453886331 362850377 707535533 162450342 929948335 859802216 830467806 519121767 683146197 269515520 215594084 199739354 473986013 134131531 39896134 393140871 200703460 488112826 805354710 571102707 136738218 896534527 304893584 471279871 957430599 118569461 586274967 605057377 375391193 622792600 664702397 762328186 740953091 48814151 395709831 311702209 29765797 95410419 881656867 690057058 114436682 514054017 810926050 476361167 464759743 235152922 864165729 738565820 295594879 69208101 717519940 404017671 773122671 476896836 59703295 68257692 511414505 812135645 275810142 526535386 20946180 101995536 146523032 442836380 184271725 759986378 458617803 938268667 564495502 159515037 71133312 87850564 491485501 803147074 470420024 622093727 83006824 624043028 103210237 259669338 41125630 353763072 30368467 978476331 648096025 941090067 444285239 278926135 764319482 830568501 825960708 763702822 258015301 375278880 162960353 736612066 250367233 100076260 78750138 941171213 285212050 769661241 684302476 514798528 788130275 188323710 778517316 908726610 825633108 302332168 303938443 732733929 462854776 837450114 921792873 178409811 504657531 807668036 538995510 970848735 560460671 285427280 158334973 18744499 251213473 743873365 561331912 938274889 685862405 7600318 93379942 33323765 330439797 410460285 211811095 226717965 186217735 709502553 23498532 176935330 558352986 725794172 174404087 96058401 630565554 227593362 836696786 495570434 951456262 609007931 332742002 175467490 854553260 896001075 229251105 606043559 733294306 365330316 259812513 897583407 318636425 315531913 761289268 631413715 433408756 251920321 690651423 962338774 161527174 228691621 728184971 877988313 951874696 107072598 775882748 938816004 296941091 376015791 50315998 321666692 680197977 391998155 699748658 351164177 270144762 919060290 701999670 665913123 766486659 418486639 675930159 882112818 472622055 10315495 263136615 794827250 806741654 104976908 698795415 233094722 581710845 4011950 447263515 589821089 950891647 502759303 48901737 312575540 356325872 425845240 194753998 509313197 531587019 127456656 206450706 151651446 970247861 12032604 70007248 605933610 474602518 928461815 638977261 880343202 456110551 866794608 213583828 711056130 8268994 334614238 840274411 37387830 480349068 532009787 830561481 303406522 823085194 227773675 242443939 156288292 942137783 532906873 889015491 277295163 932198780 920751041 795669586 29520069 154807499 947686453 99742818 48933320 122211025 29412296 502825935 690992487 213509236 503527193 643591289 924088981 596728348 927252940 235523509 372575476 666623308 837457448 371940622 655825632 684148671 450866651 506453049 145108267 16015872 92479124 494550772 589906017 582654196 927714541 434884111 900664025 610610448 198391964 213128966 232919593 424423450 231082136 223884552 376704651 745451964 215458445 529513513 383353216 711575764 812607600 992470701 678346866 477243293 404789008 34617682 992226895 950503599 174569225 592439831 148320867 394195782 739544478 510861398 61786557 550086876 988541818 104103046 471809633 327008839 128118748 753354442 115549983 630138443 271221110 674563620 511563509 821754769 195338818 57604271 374769786 553117852 914249042 983855233 343113264 871323783 417919652 668036667 684063694 957155046 558852180 233860005 682783976 363515439 556307206 313219625 137510539 470703735 326287069 664593066 121415981 548085786 343212703 677719723 97370261 585904828 919330261 603411422 450747723 448004676 935675715 845185114 887813361 599866932 913062221 3396890 169872427 31712958 399915456 169676555 942137558 790887681 391863740 385574796 76209138 444935738 167529837 82331405 38891150 716859060 375634498 257046581 717172819 256072384 392958497 100057489 962513214 545132706 516134604 349879895 858422071 161726817 731835549 869819019 826768775 157622372 565993090 61187831 888969627 814619739 178596694 475746731 983578312 413837978 101378815 692009072 376501088 396807952 176618929 495021475 815715990 965142424 169434046 979312919 699442118 57959423 228158564 14295849 353680555 566008215 965585853 3286606 161525 256455850 122290667 665925057 671934837 780932768 843768870 547959403 655717367 81552204 641207459 910449005 316992422 134828279 706534058 98032810 332366850 616453973 902978970 180382761 713169592 158967943 727743953 746990479 195936265 171676296 200089237 305163861 948049900 763416310 640619002 830550664 888312665 928521817 665182153 729403206 676249102 656125208 968772491 901466887 383483583 187092042 633172919 865812292 42110204 83931567 572847452 680745969 315744904 659667618 955975079 617708027 94934573 381306244 101813860 226588081 864920784 504921949 325632148 475297612 80691832 413461436 943644542 586048487 365933153 874980979 921138066 779897789 865557136 435156394 207232857 162013466 524408321 782745188 990669950 860909507 546683855 312002133 106228642 728038679 910757870 864261993 728273875 583269818 329743404 663520055 941426333 851099272 997800349 14313922 741305093 717356247 499364240 935672669 678469769 112521894 359870986 787810314 808692280 148073164 583568473 964302414 84369304 211710334 130292292 201151525 335303728 593319381 791470051 90047749 396957715 815301739 969528870 37039202 833442251 746309898 372444256 703206510 536863931 766933159 668684156 750580485 261983610 937576485 858265871 395163402 732520051 889260031 592427133 137151406 658081087 930695503 419724274 683322128 514547925 321330137 801527973 468211664 611308090 204904441 384287742 300012506 347442454 881285091 434093059 480521153 315368906 789385033 213488314 94267351 243781530 705170693 82181439 633154568 285992863 640156942 613263071 947206594 441007689 469087323 564132827 211642573 79576928 877558999 231063430 169059022 245628684 185838558 227880359 247227002 42970535 103111354 537481591 732506191 276750189 34306377 45520003 832943637 315556267 381971610 880499153 576765662 65661820 632465748 114913845 129645939 633318451 94674708 869109320 373625860 397934307 412818398 664967281 817905631 938939311 880211362 456372652 160476920 295779136 291375298 226826066 764837303 361846263 684266467 51072628 458089915 627862300 486265145 66729210 904546695 566448630 971619104 874345138 321990686 440876678 361652525 887072507 599012086 440563214 142206013 172579982 921863199 577557269 961014585 92372589 130508072 858071953 573627424 196571280 969504184 403714891 870173795 426410839 152321549 634429586 74471727 431206646 145164867 663761982 948293944 62594946 509596059 528737857 861385523 559433376 59100651 746678491 888384918 498321928 645871218 763634729 207201510 839613524 242207638 941369802 129581914 652489460 227765140 109755061 49984099 12058204 781097808 742575804 333621184 748160740 807100080 112842780 232794833 56466822 312650367 320849280 691893004 236527874 346622241 195078557 688419507 811216557 307809876 606248924 1942461 198629227 260002996 607988592 567937633 670162225 28904226 791998438 866659754 74255065 669793975 908992258 534057507 470469819 417186100 660634489 286558670 782665806 394696200 221626783 727972578 32622973 58038577 215940141 919834707 495913188 616192574 925252526 375512550 11659180 58982881 401070968 995205061 580420548 343058190 900310803 952026433 626280644 255688132 533839076 803415201 85773960 765188321 777476446 567105897 623177516 808520769 282814983 589493245 161102861 558944406 189406104 138109590 144115629 273573059 304204453 444826538 367088624 604885806 835739092 872193814 388346886 279916617 770781827 950934943 967738592 8360033 110452207 573949458 776115464 415682710 832801086 889287592 660916903 472782332 101163792 431807059 259265259 223453929 570876789 87828720 669907562 544007659 402373996 468711612 639417323 148621786 448816114 398593564 602941446 396230391 735174767 960504119 770533156 347808637 238133356 5297074 578027657 469479283 457946665 366068307 728298292 231147354 431750678 19028369 205763381 14099211 401155769 576697800 621508038 608168244 568884791 405971172 525498130 208289423 199247994 822270745 23921968 657661352 854255482 799547298 347464884 305503217 787259359 73569509 611164725 355827934 702343083 413888118 888980239 967305139 60915146 177457282 882153132 8552662 18902450 626329882 913021814 451682046 976054864 558731463 142139185 999056473 533687327 845714799 846839258 78363208 201905507 363112788 229316659 796214852 975763340 484573807 804431694 457222843 662798565 607541874 614150393 913318545 5319727 121324132 183602837 315280651 411558224 821975939 508939309 53516059 239653965 333335348 240979385 454879952 691778382 346737259 497386488 790145437 104791026 192393758 795814670 469264044 59617280 949352909 33324553 740065686 791608093 662846383 116601692 885693711 598237611 31178363 85775883 711234084 348201725 683751747 464552718 63579847 835255575 162472310 200022030 35645731 851322859 763473771 896720209 51205883 558908375 25023882 163940390 928708061 400152295 555061502 373043837 86062083 706912899 830031423 442494204 229656684 633311275 859484235 899241065 213119298 576509866 318341449 24331912 526888701 491456071 280783197 801881531 172167771 588328421 681597170 724173907 37838808 327782799 897637227 362488290 67739174 350956772 214011905 702413680 482495379 691984552 990695984 295397246 555902129 938238200 303315405 140994383 959332206 904963626 367566686 710317017 841887316 865963041 832700123 267318951 986057743 10631288 681826470 100453000 205183455 908665444 943570925 109735061 883551214 645166708 934159426 558308839 200811516 260803063 517002971 337077121 16262445 832655221 631775453 584949133 94896447 47280155 203129746 562371913 307729009 61796118 821517871 97247943 527628037 643596117 966542228 722118504 195306924 846303772 863810885 699100470 993612341 90538290 586994835 307216998 930789299 193688994 109694227 579258775 51942708 32696981 92179602 961439868 585278845 94645956 515902008 301274878 524313181 241182756 469414385 241339323 116898965 384722283 347034211 323251769 123084760 87292334 73392359 608065277 675550518 408085683 399751943 670380054 386317325 380054718 775160432 78710287 380777449 638739645 562637032 334363618 898598729 380014514 796736088 22913230 900667553 60558235 31783340 343831191 411816298 422990011 80788016 40180775 220626146 819738058 549337862 641103031 675136405 742137925 687912498 819302979 698607507 570955338 901055175 517496771 743355107 782732705 716880757 909059850 131885208 976513479 263708248 21182213 856884054 693987970 697170438 437871883 200112719 637939207 825870291 478257944 708657214 449365083 209846731 348472113 871769986 359947044 381438256 786238480 134305936 222060442 409960753 238827381 459486770 92422247 147718138 694531166 464707228 851934339 419029471 454507611 488570486 495362324 399456705 417669719 111860392 607183954 399243538 604571925 558815991 235818599 834510728 355372160 703120889 394055509 474579202 695448945 396455750 568454871 549665114 933470368 107167934 423864605 519368736 19329953 199801223 536812261 665193587 5123994 549012013 122746075 976186208 878915364 665816157 966478554 958640877 150850072 547450783 1183471 645722778 594348516 722384290 193573117 381906406 563594274 515766481 141092371 795332130 819596987 447684249 574075416 568682114 871582541 277289843 197868542 28979557 141792583 38002135 366139163 577727187 42934210 809951285 66050496 241121466 278402474 14737066 447202523 452698548 997568514 320028398 422958727 275416306 736728803 216514942 205448333 513550310 98374285 134857692 690498649 512394391 742407897 85247575 129365148 38613351 440945851 975440807 96873480 424217400 678085213 807932743 678402935 596402301 833903589 187991010 419015867 749170731 23766320 58216448 709611336 869814372 215411828 373378814 510484255 287336705 769225924 776846319 145975683 762572806 703075945 775382634 433521579 12239816 652424410 317255647 233809502 964760978 541793372 514209376 67477984 792349016 297963442 734272620 163919406 751298471 387755160 836170585 23945513 866262770 49391992 197281272 697637924 99677596 982499622 339420396 267863630 960812062 575579145 237202191 866960693 829715907 891376540 156693673 488142597 371055248 10264608 344214251 158852140 811443011 547608194 107190396 595909705 982382676 862115653 667016785 713912752 808630754 432949738 225590007 832620890 495833665 124269468 21181101 134941582 232568324 656444939 843509177 563023516 17177603 44096688 315662871 576064252 805464627 558425491 44910367 787674876 705189787 585103111 371472334 713165465 720841052 968799971 580721297 402329902 619040667 327522195 155750348 369135594 692121314 650595196 807442128 935089748 312897319 431904227 497054018 600151169 363477455 250465709 488930989 885864145 7277135 60450538 700693261 672066839 965683495 339294037 144423770 987575908 809195133 537461813 487959666 838570392 693117716 222003145 43352023 655318411 904167713 973166296 22122678 680985855 516610175 837973649 359156331 330856114 118211462 307440927 358598193 516712886 374101546 680770589 61596323 818437899 252950453 267674294 625967972 85020011 667156595 380629011 897324693 156163437 283668917 859563100 256782000 867091560 334092854 422795949 850971014 793044745 824298899 441303067 111620259 71132320 105047521 473997346 272881389 52457451 86845436 644715296 498152362 225831225 533957398 19576213 828144668 669924077 372077637 194174212 696177425 536813433 757485435 594766361 581637157 276042856 17247346 924325246 672307428 916213598 145111196 565588410 686873991 309425938 414715724 743511658 65629768 720964591 556312972 835036422 295158578 587268551 444602553 565482664 291447397 315459380 656079813 567019961 7346908 270029146 865162954 684519430 370807531 516443338 203214924 372239208 930900311 828211426 216437659 627091799 675685632 16807370 340628479 499558157 904003893 188863651 655956336 248939438 464039264 272872818 906427108 452326223 467273436 241907153 366438217 363796194 882763825 69374860 209108000 632391587 741272632 318667256 527606751 458514964 250006656 303667323 945098452 646271576 897798120 403912014 254177673 320224199 421940222 681539896 27959434 123384990 50289847 36864016 395641535 155102683 501191127 266558897 44132374 675992311 517261252 192142142 640261101 75881100 22585749 133463276 776106296 289887934 735774555 246157154 900062253 376387088 568482454 688107479 625267708 808670161 725283223 850749429 113209680 9706103 466889418 327339133 193033521 23324808 530120874 182231766 654594659 902199479 874960145 518907609 756820024 254892871 550632169 685644059 947697383 515063819 395182670 454828598 893774782 249688568 709285972 731508580 385458399 285534300 73454977 497908308 456299288 535089529 345238566 206617686 466417798 46950275 582573264 736021369 534535641 451881977 30691988 13275326 71839796 784697495 657522841 122491498 170325737 864984698 889102300 393825116 372385949 766612277 976534803 585477878 796063357 858866095 508256357 628740859 636946404 390625121 323760236 260086306 828619527 302984343 465394959 762991550 952155012 563465730 239244020 779202250 683580691 513508444 557913229 89589974 21295586 37865228 699756407 601313488 954017107 748003287 658933828 269187845 166995845 755219365 828295831 702404994 575702064 23605416 422945891 886143677 717626256 93564344 429644749 405126054 155206796 293941223 926076440 615497275 875958368 807210285 293383028 825314989 374606440 455872318 545651127 578639241 42877824 725404075 791438440 202660383 526704234 22134516 454583094 73148244 122363922 296285153 836359568 826858951 916972767 526620666 414193756 291517281 649577833 722852712 92670798 986211758 741330473 878878250 596117125 769486574 630510932 124789792 483912278 256554847 999290917 62964473 879764156 688554117 926640273 713595756 83249661 614256548 767897845 729772335 308481147 365680654 201465124 196547972 546492860 645673655 956821525 471873971 774202553 197910541 274417057 110274922 868587895 88046901 442703198 654020461 965361785 407183614 351949577 640368144 259889770 853684359 281272213 690545185 63405009 881427099 354066355 950518429 310953624 870283261 81996939 122641396 947695018 44216771 781704722 921905780 484562614 996098533 451230773 432481360 491707478 274493299 607887707 255085120 844248285 699437575 804527013 937159581 138061611 705573843 494670783 997472823 638711041 504629347 896988170 786691188 293719908 643995527 856674139 805452024 186137059 572742881 460104329 209044815 83403715 147018198 894516915 440512553 351523552 820120366 144969263 102148615 406534084 751857272 528516103 721715168 712779890 810714612 355702107 224735830 451019121 999709212 457515581 690572550 221866004 859825953 546577032 97867850 96073951 870925882 263238919 203189633 140235889 906078280 161255264 740092235 73059872 228898677 854399390 114728008 134740805 365912839 604101930 849653719 36127856 331075035 113845894 402936717 974303056 954896339 634357546 987745236 489128147 484527899 490117433 273511450 167521607 889763021 144811523 663255099 94104932 550285975 92055012 138571393 991842673 979421076 594288199 528884263 398505722 257605737 792972782 557908907 502852599 811049792 823701549 810299515 946423139 799105560 586163227 966515707 376357220 947403255 784764160 311978487 380420885 338273179 714715352 385126260 189268764 949887141 213069531 226447837 987219810 483427973 331350040 13628880 900833761 404931731 155709919 605400948 781257078 286078262 975060970 723152842 508444009 957898864 860679547 242107005 207734260 13011697 676668676 1622783 340921508 929776910 22092235 992615780 813021970 858016576 602698810 859050906 156981407 217072476 593683076 608686603 954853567 376795232 803310570 708389337 391820486 55641946 443336353 318389778 277524384 509311039 286879332 261238009 357934086 961376934 287427000 477853613 255968571 336213056 691503470 160285589 557566702 344209342 898506553 300493692 562865826 194231784 317731882 959353299 73872920 888111172 808281069 850328222 678800304 603661625 981967704 809944206 906973068 255826852 188196062 187161258 907240695 585339327 373503730 298193771 610478187 497921618 425133737 74992619 792636957 77070181 724947591 54210309 775649572 38917453 944849483 859154072 552642944 514966627 61148925 694776205 53923650 277405278 859678050 816250220 216717860 81899934 215054553 845620132 592599121 861409847 409982512 613460227 633466357 466195862 357490906 197894240 237791517 767447344 539078832 442312270 868331965 747958060 962388977 438964543 893967866 956294273 107351853 218532164 574983462 294848640 485729186 16213540 712254962 392423318 468632177 578949892 104710059 992515388 880507177 450116857 745740045 606355696 552788322 130617076 268855603 639565978 809764712 824398560 695793785 432604248 268122280 854285656 219595161 347949096 885500407 31087973 781044491 585737935 959739184 190513010 513074937 840423789 283791400 631622234 745042203 33455971 291173781 868995203 62082789 43335869 78236049 138430371 574177535 380231161 97089762 742048662 960627664 787905047 515274561 469044607 359489932 666444887 250494261 889292078 256213480 220147932 234320517 57170864 321964804 952128155 212945235 677617927 151664621 67028481 249419420 135605784 890611459 652843265 469037766 329686999 572186594 566465042 861908447 294289278 870878928 171096341 39179052 692677513 128900664 768598772 301625868 397523354 975798824 45001448 757647918 807039043 310226892 321209540 310138548 462101982 551510580 869729406 411725283 406656462 408877895 645930060 268883071 765106378 267417128 471740523 306764207 809005179 502695451 127980571 144585212 282885509 973323828 374982423 771440240 757792675 618066697 158246655 658179604 838820148 72654289 438770554 252537625 867271652 801056958 15661461 620255714 146734680 632891486 875653312 975825622 555204042 229579671 699515006 661194515 837250052 225423013 34296804 768721043 757544437 902188592 606695497 60100492 341253843 396198835 716804151 781034848 628667368 823395563 727414274 345995889 428371339 322066888 946540707 295565739 709750546 66112164 934383125 412441085 825296661 805073521 986870049 851827730 334479619 990141119 774416855 4712446 19708643 280857494 57396373 720993290 511302842 997915952 126522518 14184322 656506421 158173422 992613451 495784391 146449713 129041538 786319623 711116091 332897211 773445167 600419160 291171328 196640282 561397391 514663020 152835844 43271596 245720779 839793391 814729394 340881232 329686136 690679253 92693292 763583574 241396427 787945402 563381358 193077130 592457992 240911694 925651912 44737949 663358629 136509546 455700078 91704147 9606721 675224056 238773506 168751518 904481629 323704589 483932287 35101475 234216893 657913557 414970722 141867659 459648333 50608328 1133365 890396000 645890937 438719070 410007215 592248838 424024630 750278919 386124113 29822355 957912085 585329616 250493102 137208489 927466695 983629453 819950985 814225128 638683406 82153627 870976921 560909040 356728818 485105644 409592772 71761890 516533096 365448656 597065240 252376540 456587564 121314423 520485880 936688870 676368552 590623962 678950894 135074606 514775726 43865496 908573815 663200807 705466307 91806536 43892021 360103308 38540179 473284433 796673137 921851228 526046277 71381538 41496479 403720669 820301329 123953024 97162482 128942685 635756895 543891056 595108899 391701351 296509731 190195238 634680288 471144512 952072923 864515565 34152766 528380433 375607709 198255827 976277148 893788527 255044557 217844861 819171866 303334873 385024302 268509472 556013151 500759091 92023760 847069125 834144239 419313627 546029979 139724038 264514059 3785155 865871127 944905130 419747635 63350819 655257914 5369389 55208997 299058152 62709423 476721663 398753414 138829997 530261563 696588576 120066075 734784355 885299948 756751093 225494775 803000308 986234223 550548140 527749202 118382663 760396002 459129548 634127539 359166697 563794847 734989453 74266124 140356694 431397934 684744876 788040460 462334681 401424440 287763463 703455219 33613779 485350058 248075547 613836539 385936386 412801739 706629491 664885280 35334477 518086846 179075858 762030953 112809319 455970950 143509113 337336010 594877172 556149388 729968197 745111256 948677973 436743781 632523453 696701808 493736007 703726869 555511712 226905762 922147991 217608873 467142675 550274154 870206807 330691562 495384350 872433075 101497520 898522084 562247777 553171695 486578424 443260318 377635709 329521889 749278071 429753952 763721874 264090909 958801446 419533631 835597347 490956404 36299568 440695259 847139963 564474326 184165417 383225210 46777613 269559897 627410920 938456943 973162985 595067294 693155202 877388916 719493822 455941800 538477217 920066646 846327714 302162775 378038729 649327389 642483956 441175887 600937532 530736473 151018464 227163546 523348843 954627398 648533018 437440652 650124707 593955206 867479072 54199696 594926727 108362908 596615829 657124044 703224162 120163568 567673313 275909083 200601751 5596017 817980284 525616956 568275404 309940257 276540943 721358358 779212732 886448848 914048144 155295177 48598722 96381212 145413367 527405934 227361052 855198874 667036621 460865668 885973360 288678589 342164147 60845728 960332139 420819787 31234210 439599311 413668696 446478929 55400856 503449657 935541383 377739809 152780558 457861486 19438030 519604197 823555385 684600778 199687242 965892206 54690547 91445091 83950915 382957468 205948997 686003085 801658538 856211983 221570823 535683054 363782559 384943385 185366503 79071590 304008141 879342971 795536249 308062287 727607957 71635942 922052555 758644822 967761778 988424601 705953632 987105220 716161394 611715637 970546930 767562966 446781781 396429921 77771447 734626534 49348729 785573464 727583895 542302466 923979054 337072242 290642729 899600717 47330507 52256299 95032448 739514885 775946811 477639082 520771683 363529104 293378125 914952384 337046055 833280304 687317048 387687417 395316455 369343759 524455974 308822297 67666108 915880736 289249560 191036889 974323515 804414012 988370565 255691079 49531965 810020213 1645142 701446560 778943909 599620167 860549320 630670651 958575511 601845601 84608941 503695995 425271578 816923953 979563506 3337406 90664283 113959622 652842090 880317137 307240485 878253632 218516859 42060179 394551145 216856562 104377995 809414647 796607376 253176977 653204240 747536229 347782675 661880489 994451944 424700525 984707285 925317428 934923668 511951984 857240028 181032660 556054003 495543499 330146432 706798722 965639053 763281485 141868995 996089505 201032976 213190012 754845922 26542523 923236561 486557704 470332461 983385998 35944594 56170018 991883809 715820073 435091715 190211373 772395280 203305228 913608213 670664259 407874517 813540148 803831770

5265 4806
723540922 777140938 628638948 714640282 86738856 972716669 846630531 843928151 337037085 744056428 423945362 419723006 587365612 836306677 132987811 478744601 653462155 904908272 956875034 100927849 637518440 330517590 770376815 431961150 157055624 633596756 546727836 531325166 491812354 354306055 28414780 843142940 550273821 600227954 362442104 610052142 36516877 800409943 828857125 361073934 787856960 69436768 807137064 267382750 616477071 871743488 726513499 345973487 202052077 765819713 181793446 443218688 949994101 656477264 196996503 165551927 341199753 678428522 14395497 136936474 913015875 186257626 751172234 875783130 745015927 287253229 148886130 331890884 391526487 774854690 376863678 473016347 720455456 112312789 447712906 308752170 704272048 850142363 328494048 602399493 104255933 526229420 327125409 870897636 425588801 864341521 474353866 49445613 817093953 941230481 594289827 517684826 957394454 709587101 828571912 833319973 347977464 911925001 545130784 919697036 741531911 999217859 301313203 887608312 196491405 65667310 660415078 477109083 805849921 777747917 936169325 465824574 443893523 745761527 849058716 785743906 267469076 731425356 117984580 392125098 50306802 71808024 944571746 74788189 715585930 410917814 924263402 337342244 838178436 462306563 388164749 834106011 639524486 347489345 751971855 947935388 628640973 753089650 65574177 734828783 265976182 350373277 271212352 312173184 47676072 793917226 369637743 578273308 820521128 147824162 393617382 378863356 778253433 130611925 34592115 301994163 698076082 659322245 106304260 467212226 274521517 354184027 397343748 753575500 170464463 923362640 829023804 591510714 786358212 99070666 131091679 391074252 935653857 940822742 820057261 298163016 201403316 106439622 70501291 613166576 776847084 505580635 901238372 867907818 669821835 169900886 419584139 742202260 723240642 553729566 185183935 864998086 717401579 755017606 423091535 352834552 672215009 446140778 384037789 119158012 991264787 240032783 457659762 760869651 396743994 534784764 599233423 966626990 933060986 62296919 923319168 959353999 663244281 515171370 662258812 444269204 502875484 433260604 259607566 99735798 33986342 337584691 497308995 411709230 845828316 633826897 307058665 697406668 923995371 126215957 827703921 712267724 411883762 168856598 992819609 303649452 386680706 529405281 586528782 628199774 649632275 249122483 622458757 31816238 347005916 900329807 674184071 832513264 867035143 642073385 804174197 836581212 538664584 641954867 833779595 851683690 830871038 249347784 195579868 485951422 12431497 486614243 927024910 933469936 993078010 406004888 61343536 335205590 717223700 396424458 427637936 313710304 552282074 73017637 598102815 400924094 461853132 196881175 839188570 627286721 56401805 401239485 585838729 783516910 861742059 719736364 477511802 632393723 515272401 370702574 501064091 980567695 496445038 425090226 142202591 609364901 740684885 475963343 408187602 333271113 888844026 33863605 761664096 959171397 316239720 31127343 641569646 450025572 705855514 520951463 263405615 416168344 12126334 89735304 152478506 55581894 772156719 241137591 925222448 825182588 345359966 66010854 830432244 166718972 928966639 308153306 408407160 310855242 661119211 195018429 690121937 690199826 859674246 495950280 129418203 510326124 632333076 796371605 201313634 751415115 637655985 730457556 988172078 871743086 35713803 565793536 759615362 818890071 371364113 281268275 412276547 844921942 865410402 800961917 564393985 403036462 556106130 966239093 206910793 745076113 300557364 445640869 163631664 257921796 80977676 496317851 670535903 573601894 547443555 682985241 527892257 86499054 489773873 632215816 459950562 32024030 923926953 861673415 668399252 202299546 447841973 113418071 460279950 349099613 128819972 728153842 352902721 216351058 952806628 418195285 790072132 208480921 221579036 956759974 274339202 851386582 711571842 538985632 393297989 210097464 689083573 294728582 638041249 924067547 777512370 561697900 540854720 986621945 859658603 858141204 46606538 77889854 168471061 710095974 960346756 747898839 327713895 505028663 724559607 533756499 333292556 541469642 128066837 951760112 91827013 954923009 370812444 850315805 529681456 670693006 467287139 638369178 383130052 191135634 163850788 697473597 962549433 458359570 320291876 10546132 795401985 309256934 935510582 299457297 380176264 40379793 182296347 918677843 262445203 825897033 167588319 609957697 144068707 658765459 853760484 876077544 46246827 116209401 832004174 655644825 465425483 844630056 473362641 42470815 992529448 249880379 411748357 455090975 325148821 408411063 68850341 726285965 803492399 600028629 655772134 119105069 497630422 434228917 480639522 971588959 782586446 835634381 367146949 484392706 560962271 303419975 956183461 89711776 239809025 274803441 189068689 938730260 435427036 159487985 529785873 207887355 985523873 762172919 689593681 926260414 229022408 33344027 963253241 29722594 554879831 462298581 967432732 846937568 163184557 280009868 794674382 211293104 772667463 44092963 316670764 220986041 988139759 119365799 661227897 650411385 52042094 74999626 372163841 25634841 576637936 474012173 845113223 596383682 786292936 931833117 212031021 30757061 224193477 801159914 493624183 489545550 642281386 128045912 536102362 993795243 670631065 500297907 321571338 784086135 443658171 430287008 111382621 911735083 741341087 223455953 506061289 232439796 163996775 20910661 761926091 4435130 320103342 671421485 782125456 566214385 877617884 110677203 840135318 798926563 672478754 771233972 485892380 133376894 350066796 123366379 663159437 133019407 524187929 127311731 884475249 572029187 335728618 864082323 268245226 327715100 737798640 242263324 704450435 903270630 329840910 302432848 928556968 804872863 287163799 34425179 170520417 409705581 954873952 723667390 21133839 312328862 966420717 444140246 96937004 838405096 911939273 841519041 71730510 793037173 196683348 718586979 567758346 568303334 172990144 110023044 920926467 424234789 316663868 37435375 440527275 742227453 843679590 23513224 949019075 36693349 81695554 127366544 680914679 560796862 811539271 878681992 601535386 962959348 627603215 864959236 94912188 11297766 374786063 419789346 756283784 391158795 820026524 544328239 335729922 154693817 357022245 49294808 283832192 163206102 639154284 422804495 233536350 27038232 513983598 564526901 615492832 819825963 737287714 619654102 89631271 43130915 114707384 299950118 855780527 790607769 125197780 103466431 410900363 320162351 770043976 223547282 67086885 659400153 649428790 607512979 814865937 847977759 39878206 820719474 892719792 322661979 102486830 44268171 789429798 293173399 615659444 727782880 338310689 125727602 635139532 365828904 752952658 990856195 746498729 833155687 994584390 19249222 795512038 57481099 378247576 268150861 997004855 12902627 465524743 21159737 709981572 3053544 851380190 182859562 761333691 285064201 964994870 671190546 856839133 754098795 267009902 105830215 958401958 766011060 255321406 431125689 321503186 251490814 863416513 301849296 102163663 536244818 588438791 56283239 170670454 898836612 539469330 896589828 448125306 788103700 407554534 482390208 626500084 787103431 924641007 662683507 316238754 89444207 771513158 503422748 769820091 362556807 51647947 766450558 245049293 700158197 290305410 709804209 318038422 15171374 650683019 383117021 693328723 97339431 812605252 783740740 249910279 891915929 888803412 328173836 417615570 572259956 314289237 886558676 466031148 176434014 436355455 258071248 121471831 52666254 567344496 587999923 69677143 843207951 647670000 886964587 836192893 953825734 818034927 938782775 325170936 884152299 244312058 547868785 930729498 758191036 436188391 194457751 354332580 737042438 448271624 75185795 885946725 178214777 53668733 169029968 718728521 393224378 812537271 349994806 75568931 417312058 62857544 813686730 477535915 262245468 235191712 69247768 878789574 957775574 773456639 309625113 487569379 802717129 579642847 109863857 776227022 333483220 117418456 740537928 431716554 588571460 694802352 690759023 786736251 176382818 739027144 964438101 289104440 122387133 520114394 725564957 741533308 857071725 33878850 724711708 109068674 525102071 951002555 260394047 825702607 542558599 897081664 340819760 555253770 128039760 530086830 545573706 20135946 213452421 861494436 667394700 973492291 597697202 788420279 235063272 742988122 428006176 34446714 323913512 98755493 665207333 374501383 27516247 425075953 736580732 869033531 374626272 13455650 668793815 710556133 751832728 969800355 440646807 130286987 622153330 279475101 573892652 813916336 71949027 949080738 290720242 555104693 229999101 38220103 296231085 21267420 267678871 977019538 711242074 204172153 2897435 321844396 922822477 573415534 85654929 489193936 774981894 121265076 660738072 694529021 277684670 80131242 584533128 209064245 815443616 784907107 377701006 861214760 911369686 341716459 45101508 686105039 822334719 955309214 412566602 644965219 970870939 164374692 273419749 270358554 168042314 219124826 852902419 870216512 725998216 561245426 157176698 699633995 698320882 723344773 103894494 268078831 82963387 352600369 802405316 51087694 679814138 24242305 636018760 342527714 490367893 885649767 665110589 499462289 699475159 289719724 947176142 734868050 223764339 483173713 235602240 233152352 263517220 556038661 831775501 660910562 405123285 862732102 558699610 883953926 832894983 691409408 809003180 594587777 381554258 56229728 620345588 882180860 281034330 431342369 589522713 757837379 273818414 173610475 963339922 450959040 699762634 978360150 185843424 907766825 783857296 218064890 538983126 224941315 129787409 519620516 522424134 1919046 693859102 311062196 191410769 353244497 525443492 841778978 917822868 29306077 486129143 884853085 60883730 267592739 962378148 267067555 207725234 16455604 193853022 330155798 584230528 131236770 851711502 488357443 925735272 476048844 51372323 272413761 853887447 638064594 853949959 474257740 480053339 631199336 849587342 211935948 586683624 213956161 685522917 871672321 308230301 66106963 158885150 438481577 789377688 477578382 12188971 487515603 688228174 480735258 811564144 78277835 162605780 57045135 778078572 749419054 860808170 769364165 313159828 751716721 472517917 571147666 545245082 279482100 121439657 616329124 359942140 877778264 669973712 190545121 255662240 921881405 776918268 898717361 722110152 907079131 769694158 111230442 229193235 997152340 865995889 886100298 943186212 943657329 68801767 819155675 161572946 325777156 258022703 52433249 877703902 151403691 662120308 172209348 588306439 748383182 638407711 340296200 514431239 196614901 900013736 463336911 87161125 271897468 847520773 822915623 481412103 809123873 105110108 157023014 774055697 877552990 204371897 833826584 118985103 176247874 519677838 60119536 470681455 359133379 6531357 179569718 196980730 402098849 464780320 340377512 133483304 954169975 937661801 258006298 242642113 503758530 31640642 931945830 599680778 176019757 963804065 53580336 427761992 689078488 680381677 808450319 383329987 871280534 353800546 595722762 183491942 340470620 532974905 923720626 464288951 250818610 360162424 609649791 694899502 987297942 741258799 355773556 789062499 375176601 169005475 302787578 890951948 230933800 947116152 376414920 857983600 97757081 725112544 906115629 528233642 344006524 449711770 851851642 183420413 506560983 352946299 202125281 61545115 66666980 59756426 731089680 93203158 466055518 233579907 973531532 721482988 222232681 822237822 361508690 352041005 415225157 783462840 93716049 34531035 95553746 575266052 430665796 386612109 793345842 844539067 93717663 383268961 130556868 465867621 133782413 61365349 990578581 943404561 808636600 574390777 862441152 879300338 724545898 819952301 841497757 459578495 699869541 652614008 621474239 618028076 119745694 231379260 465694037 870911412 293114332 348040969 933760621 879974652 58627576 582211745 582092693 751531649 121291136 805661089 820631768 218043988 47854328 967896586 591558491 724505388 598464773 842119643 502099513 324456642 487652349 969278369 808035119 329541119 691342009 490036407 203152843 406777684 648717489 3369171 701214644 509812472 442165651 462248728 603441508 597037190 844799650 419193587 743396199 121932829 521780098 231864466 374928029 42927893 515741135 640490065 86390056 128400785 448583553 400824786 882332913 830938045 953753902 596799041 31665355 155145830 31294251 801068456 4650493 222223564 563386567 439544561 234035426 858476498 211711269 902812203 73884766 831452616 598584061 759974669 96025508 120361560 314065580 575416305 52877974 974251276 903251025 45656459 925012408 483300006 708151361 544969169 961297051 203103268 648961820 525777380 849629975 657398739 201396590 880362226 891407794 837758065 215289936 918810381 861969493 926369317 765156581 776180615 238246214 430335462 205758316 381042843 135224450 43885336 382376461 449090946 835993079 966536172 925682510 160855986 147892909 11212445 160207226 386734933 764370737 645804855 200884573 532492756 801635026 813091646 592956546 728109976 421786665 302536579 426761484 171515517 287814331 250948535 711979509 50036841 690939062 401602203 650625238 603988942 287425594 861181744 791694288 463940308 416941267 187616626 116046337 189179595 693994090 714251606 71139876 563080073 500014376 729646485 458906537 99718430 685989080 184744801 781494240 143412717 687681046 222335471 167531224 376184699 974356831 794442789 79592862 571916457 205587728 688996339 627722338 716078033 266758569 784305113 975020219 4712225 196032834 150712297 786457284 742511918 871850684 343844437 451469685 721645370 298018308 368838148 787197004 905624025 281924120 683787898 15748674 585032134 352538562 78912643 900532534 604747142 413901101 630263476 330510004 850236633 752708052 810373851 654544267 681976799 55687670 725902241 12666821 844375804 494779040 924258446 332638576 629027759 954410502 305697632 212518792 937551059 2567749 792474007 430161585 104670421 821140262 861396230 189380613 687735654 748111152 864825212 942818013 917065953 689313352 564000278 775967570 943524208 927369839 82553511 178865757 693912542 17502921 961376646 113526956 713022154 228364894 160098626 293797156 739322343 773814683 846141468 563038100 863586714 231399920 405106272 673763517 784009471 297641209 613699590 482115228 856253480 224800524 110760638 917634173 276049357 184845098 409634063 40692411 239974544 515000896 466728887 707372689 817675825 145613594 310807078 426221951 161498972 549899791 753339597 639464367 420199189 868975318 112133421 385171489 829829459 524883730 4373726 87654295 55609825 923174037 16193341 894856083 539459692 266851770 21008351 659418646 293725467 284379639 162296292 149820754 381575304 501805369 948142127 826351141 67505768 311927198 895832342 917398589 159856931 527815253 654473699 122132343 422354847 134677653 272073271 282611137 454157219 826623081 380829248 164146635 810324386 565660288 214483484 398747636 904685449 871320407 625876608 358629359 491314220 487517767 344426490 125412023 293838303 34139970 146536464 688341889 200577468 6210723 382495228 903331015 68367058 697131406 279267179 189522437 198589554 584468047 774616821 964289418 693877840 95540554 887605652 477433802 241898109 701972347 974729644 918168463 646439675 170420851 466995294 128901542 572265638 940022841 247682482 628800343 74062204 124672494 246383557 178954732 608993230 804447473 957905006 327149382 169779084 944120829 997400909 521628156 692404217 651776582 411176622 402199007 690767974 504767112 610720878 732755334 776325996 270597472 703867533 328627083 493366365 182086959 259524165 808649521 938835772 742636385 680468038 169123044 570057298 605408182 843048682 888593207 982018577 92565723 966200951 394139755 767213906 270883326 636406012 792619809 587133614 602467719 335723417 861391775 189939555 984952562 692162173 973480834 23229076 51619877 989042145 912575149 670155305 227096021 594765828 537528583 615346443 810506260 140286922 797795087 109411001 234823826 799760369 311363379 376255707 320222373 22659138 259573321 94536021 590890944 396235953 200486396 969090957 126104410 682977406 346874180 479018995 939229704 101053909 396634151 295645304 947091334 902565260 620065038 638901894 784412131 180390333 163332268 540272095 897646826 827189333 79253342 250408212 877687255 444780628 801759363 216635644 975598703 278480187 921236837 544605951 8004067 819610240 524793939 463503735 124175502 393894723 54880234 269112662 669931260 144158641 742773135 468001509 747037470 933406096 680567791 151308355 619430697 639384792 733541831 498223186 57563537 493748684 138110094 879579160 783912718 994989215 343478830 300607729 923805628 177292111 714036041 229533036 89261101 379460691 766819974 147313620 572086559 135504437 770199040 331787758 30869635 424080257 802856269 189987674 640553228 861896133 230672441 581642516 4226298 507846821 146850071 225203059 349933301 493026430 250596652 82384614 104622685 498161041 571191300 357853804 481364712 255233684 2150908 686946391 429845255 68824796 219653525 728307965 80245837 231264497 1248720 251176917 706006704 502785058 201981982 68233471 45499657 868695972 839238515 545681273 286029421 546171487 860952379 731562964 348149107 997058768 301703409 799912515 829398058 53119999 303539762 269958824 403973702 49131429 587685046 956848394 523599058 515686045 752252410 992624120 514750672 239547760 357989387 314748237 233632751 58497221 271375793 424423084 834029648 459912760 985210963 901958003 641787398 130325633 274884306 513272292 249626150 231404541 20243470 544529600 513263527 769424523 50685798 811142634 267346032 251840006 513138140 798312625 300367029 571548832 262029801 423326896 873360141 243235209 209359758 553101311 958732243 119800690 85045617 921550 718227299 683557311 181783117 830692728 627054842 181614955 173286151 223237462 10758042 34753294 414188648 197394110 136990457 371333208 742319688 447810131 620232054 658060521 571961408 187976273 706662021 257767258 187854171 810364281 697600283 410316489 385808394 479861905 818154772 14734752 52831389 804559225 993575405 394187846 161033776 585255821 954031876 823862266 647497465 739364430 577687574 818251147 250744915 756585043 120969982 66800847 731733994 887155355 389858263 846466556 665933648 636879805 993422225 448834149 391977813 664298107 704844395 686942309 480794854 896697263 715305438 439312657 805092129 413249764 409901793 612196846 556694960 757368694 909667339 714961848 203322287 762397338 75516985 553494217 735912035 520773564 333927000 637760235 269714987 239123998 914080367 142317532 838303276 954473041 28525991 286455066 49766573 893935032 382216913 691319647 512020323 229202043 883930517 222362260 795527738 656527397 63654209 558212835 328503071 822186393 427311878 736646758 501994122 615813729 425228597 50079823 798265212 494918257 284171524 801102059 534471105 449816295 405892890 415882460 642272871 527838833 955531876 822669005 737449382 662348574 424644143 187890089 866455591 695790184 12916008 729967792 68118304 515049812 978671127 354915926 175945035 606480293 657989948 604831527 268940486 373071862 114556986 228844347 442028670 913083880 769493114 525403116 632169011 32082620 843838221 112825749 894659793 863130622 645305077 716154019 636789231 404774807 997599494 178013206 346501852 895348458 49406790 343142404 971475843 256815900 926798035 609245115 619936664 345258623 135395081 110377674 117410474 600153984 893406704 72844356 534013646 207348154 44956591 361622141 390411003 316451192 710968269 489845760 523740657 573788297 424016475 531799043 83900650 247652918 181301766 194390352 457459163 522251790 791179175 871398879 409290361 478980795 379202562 259187984 95890509 970897263 289701781 84829007 104430716 587069870 155353095 697408261 781183864 206855077 926287223 985151405 499512699 706791348 173439201 97533544 458032028 276434223 418166395 568447784 439251504 873685554 148035733 919293174 901013339 862244142 672013520 203736977 213735371 972579476 589328841 102931542 99731808 440054905 459243602 924554361 388068853 502112288 738180933 403842286 137370455 350061107 890835418 318241392 206207883 858706483 263105684 881950576 431262054 794621259 369723003 225783782 993630195 808732500 698592757 458383829 884613692 51722050 362175110 693250027 562972814 314553067 620106985 4515654 734687 972628911 996810218 325624926 713586755 292784554 472544036 776798431 662758901 456506500 775460340 622638349 221097362 954870225 148806103 608204003 789221663 416746144 739012966 985106088 326699332 254521929 61220958 833381268 293484653 302969074 645863144 167308619 82595665 914382678 605475008 337386955 455900310 699539099 714206627 998093286 627529297 203240270 334459766 208765299 256135423 262579973 493858011 506246502 855303023 378591672 292646816 23353756 443026350 720247199 689450339 810654487 470297075 412446673 549416502 725094429 81318981 489175392 283428182 420944920 733756526 791663382 549146761 620646583 301054920 831439074 863598669 583457211 138523858 375680229 618083742 584264957 139587528 712942034 928157847 986517374 596758305 600804287 130741293 545176936 114709095 217912507 90574943 502082912 904498466 746118149 84552822 772721160 225049733 146029130 478289270 956602630 937154349 933180948 356022178 637782314 288879051 571868704 311906076 237778891 423981896 663543318 851436137 922799218 100127914 938275170 23648683 498071120 376655879 703342147 874893085 975350304 749314079 184000413 263126390 353617062 449795010 960725932 541179586 706240849 444057574 773894687 739345910 132418392 710167410 741661382 623498974 21549416 72888090 140426654 25522128 570601580 181023685 69692414 670474644 227279961 689845294 176799103 656083712 484263650 223946538 940073070 772791281 175951216 404197542 623801825 856803919 939957034 537718418 963792773 700664876 170818139 339902853 249426792 87186237 131586012 484372698 838210622 433468350 7301128 847512789 600091169 340982285 312411917 490470659 58483626 620067077 296369321 102787243 241197702 329611561 150762237 194785317 954109545 606131290 674854958 872083437 951039820 748936489 355923431 899298403 267643807 853212611 319366612 153151252 753838200 830813744 697480765 409077125 61008307 113451934 227374959 264707281 911813169 484005852 620291563 294912155 344025475 905104930 657228630 281740384 669509351 351939374 770719983 356373035 892575929 730967409 647358101 494046275 669459857 634229221 887424736 518750411 963115572 609092506 578409421 914794358 191547450 366260500 698162314 481423466 189322540 871412976 128060166 973143398 550743124 368044825 826665027 345769876 177374616 218024894 170860931 87685029 117488720 83238278 339424586 27955167 804135890 67339838 537094785 840787386 479647404 877866643 114991145 398690472 99608155 245702775 205207224 833528018 529321484 635292156 941820345 184556224 895181644 197010441 202790139 770070405 342868678 992767855 675803321 928658792 548964134 300024615 740709201 121919098 895787068 883432756 506790188 95031475 533405083 874759072 795521432 822128762 60970575 500046922 615608597 466792422 983905887 644917104 136088309 864064045 355959944 992339816 909097851 336142441 860264290 663986988 804731034 519231324 262658329 770871912 998667714 577599285 842156426 79827750 370879214 528611657 529449224 353029572 843599314 642376864 27966325 256214420 14824913 629115662 687911238 616111687 562758891 444006981 699751612 532742955 533293887 928926701 400403337 966865006 303744071 163780629 192438636 632974002 933516093 859572566 380136713 857258196 662164710 370823111 912657217 821680997 836012677 227102066 422028566 99852381 290651226 781423452 118028952 510213436 299236881 194034619 240207344 232537523 33249712 891412572 232877371 235001922 335808460 13000463 900602274 734683428 498451276 226915550 663507366 825645300 634784693 31057153 499056458 576813762 211840844 501092627 495556542 406794970 526288557 716731229 566798885 578653680 379068882 75608329 601374473 749320724 850988163 434268995 428456797 246259359 5279610 822734929 468126258 733741612 744601192 813999671 782138064 95550310 229728139 675581030 411350652 950699733 958910049 437623731 837403762 578295347 586450534 735490781 268266377 643158313 58269086 313046193 963226353 944724313 756815674 91472042 468731130 801141787 195911341 741474231 456955141 453470228 427625058 77677753 976930458 796700376 362031318 849968020 927650875 121408738 618081254 495715874 273435375 812827749 541574919 60428113 816740674 842099120 258650480 109809899 97576941 384222151 373984551 248181084 155486308 859763244 508619564 967575134 92517041 67838172 723017833 223251786 331990724 172431268 563077363 439658767 726337769 443323832 390542199 26179341 280148974 968067675 638448054 58328987 343538705 169046998 863666532 549561580 182237789 962148589 810201135 67717151 812154431 751265504 640936338 352277041 405438948 409807506 758935356 102818926 54767378 672352620 336332971 483026381 64513940 27870396 409208184 648591854 200196960 675941906 610074271 349437139 204124024 671985194 24305822 109739942 422035439 946128102 154268047 568228224 913293861 473674043 281232722 745004583 493979728 250109687 473378529 484324375 892510422 269051194 788513728 837839288 742381231 27017262 842092215 530547362 564296237 483447093 4599461 410979052 571653907 75479763 243109183 418333887 159428522 708772053 778421370 273606577 142089430 556384479 280530324 337623743 507720970 199418197 547532081 813858988 260902975 48234929 567880906 318145932 235001140 147239765 599467039 277803456 846352432 819420223 97590924 139778243 537064246 999598157 120525005 882105300 650765972 935645770 417607947 446447206 262011669 999071448 368844375 610137143 441170284 628146620 93494851 263969905 623250629 132059847 34269459 426549563 691958442 649907271 358478574 954033045 173721495 799513234 327768174 466094113 170317160 90913209 539158075 719730422 960390764 271615060 913319833 537852207 679874186 88935062 998020971 757394106 600097620 397939049 157666074 91309743 532597911 809526809 180686365 310685954 152769000 737951566 879138534 549410817 447634224 417771737 383353230 205487599 593446132 671888770 305790539 972199779 426829919 540307558 183749729 639797423 486741724 66069183 822366116 709088136 735580886 610709793 543253290 14620237 84769992 337326785 4862746 222882178 54914002 661907837 900233415 868776806 23893380 711111808 872629817 330514390 866420463 791953548 488844638 751963458 385666554 198714855 147129729 526805772 556618676 54079083 311745096 550159886 669925194 880493210 955657738 410155156 792877238 468131241 273604662 133940012 460387963 612231677 465684441 760929069 428728002 879050106 52798219 21565462 727671440 700870981 432767760 823534869 793932868 139831764 45511139 782425478 399204005 540224054 726399866 248010723 496259316 88553092 77177239 417452728 903838718 339134492 934849520 758692359 661873690 268276908 514858558 954045178 4506282 101107 511911311 728374543 703483151 573440873 632936325 626585373 784917180 572909412 99258486 263806924 704130308 50072062 66433303 697268526 821542567 585800017 915041774 359800469 947285882 954914384 886583485 791522194 210560294 108404528 409672695 830435047 249081209 584093510 516645554 240546920 375544703 639955460 581244677 469429277 160334832 659128850 766413414 309240047 655402006 584633358 929004885 517360935 639047962 243972878 705711444 286091350 330682547 7054567 150405553 885771476 933424585 360277791 672872147 293890654 590469984 683983386 241605216 615795503 305707786 915586909 471555606 503791498 677113769 833212708 597154270 270285358 133667849 508825725 6134043 345691039 310029088 490185385 110131434 399094412 443385916 714099781 612934273 222821951 468490526 257191145 275584442 223809482 328980286 8876990 411349746 786362189 563422434 372348991 427416367 406375923 156985547 18197391 462276365 428384411 342516040 789161635 904702860 859026703 733253409 18430006 146052671 106449013 944450993 73529561 507501862 491967017 691109133 536645958 689582841 576525877 950943841 136799524 359372409 236572777 333249198 545500196 908843817 618338034 311346733 941702823 65577673 746579147 635475708 265267899 822843404 908283585 932675760 771020185 503653815 443861275 278415701 801844910 58312866 646573287 668861440 711051700 876470633 831880436 461341668 302658893 976516530 503173571 987044422 371016424 282722727 762935670 619711807 343283756 922886634 574599594 192144489 894641608 312526717 509696614 763483768 813757239 480041909 335600704 877410137 317278495 844157516 519430461 430126049 829433796 513558800 398928927 944348761 480282259 790566542 297509663 198343430 892535097 1102569 17695280 621887700 477099088 118102171 399751840 971280831 237040882 836176643 245122872 691718961 13957936 825915417 439697305 794149142 278353322 960480710 758720302 66313317 241680040 166884129 155948845 338593305 380078878 229583925 927536844 121350207 686541405 979943609 806941900 701929869 584826586 312391021 726395784 377945099 632296698 774312160 399220920 395078879 563710102 893547503 719563916 452400364 716014985 804537416 603737621 75290612 401466174 418023018 886995755 912005425 888487695 14147047 750117635 731561359 588916224 863549599 274725624 519192212 340025366 525413484 338124834 259610072 719211766 693053395 273868391 801568770 453822616 960878961 851420936 668036869 564996618 271355697 623878898 800609876 611548076 292632824 206756305 954931422 443669022 301641041 340917434 433443547 134265677 238837144 437720463 35451041 954572942 914755786 978766304 301702637 493666719 597986391 218513397 179643539 45142794 636839199 107408728 648268586 377727557 60508074 211152946 159057455 53789572 660242087 704913366 859024456 686407675 219780853 769504196 755023918 954809430 729562171 751772452 683619049 383735097 855435437 651779920 522791840 291201739 133506859 220987555 973528254 104277053 235107931 406089308 189350336 192137290 956481860 46089510 139275616 733965324 161458738 383933821 551540335 600782799 915630042 875297914 516171029 59973340 879344367 563028701 35143470 386300166 65013667 58275200 108091422 974560798 112257419 575983530 224563371 52383715 393707277 109573648 220802613 354546184 603987446 378290840 379658567 50673848 699017393 991026807 778449874 399733451 216344785 159752056 798181241 413875708 838900331 370705168 579729830 487807664 698162316 706314737 375194826 422469061 347225840 179967340 172797294 674512013 989895850 173042326 284332697 845438459 198217425 877689694 843153783 709815386 685406017 104012471 266026154 754262575 885401745 911064841 130616047 837019349 545049354 142352080 490357391 300755247 201876765 737891443 253721562 805173385 148309733 823640828 183249532 266967093 691721202 261600567 832502666 54574138 765785620 679609762 771814039 85835085 778162477 528611648 366931337 14246858 67995139 92912994 157542616 13547100 417703343 424166251 286319016 429341942 778686468 857558792 226770109 114452947 284512567 211517301 716359149 895561069 709333680 190684421 619264592 460327855 368574614 36369672 265135561 89468399 616148255 661127614 186618378 290645154 754795325 843302288 625669802 758117157 68864496 62695156 948833711 588920209 857787662 688441590 384167643 304800182 811978348 887928467 777017178 481462047 496696899 489107870 884008506 247194797 578800092 90477765 486938251 978995516 900716903 534593317 865566936 531788326 965785991 953035292 272555342 918959466 180366083 359190175 230282407 986504682 853104297 222479216 932325355 669504215 439554462 729204448 293763192 452727519 945550568 855230543 244287007 116512159 1190787 428324428 25682255 400132602 953834404 407468975 681231359 485407420 187319567 927399853 50505920 750933527 509717155 552735573 277612372 933754100 229947897 782927152 897662341 587562374 145592890 186428010 860788905 174269894 377278041 341759241 112391408 508167328 862262621 450018535 551498515 727836078 735021853 58334235 568541767 111192665 255646136 197751702 425060425 309909916 569731656 73633851 694031177 419967539 190916609 282263505 994773871 292358993 328418657 978557712 974000948 96255463 176989565 581298065 858641210 390774448 75851471 55130587 149344274 749947193 290017459 494844840 549771426 250135632 569238469 527277379 546083860 901447276 41783889 119546177 19993444 34959521 450251953 195602095 944547314 613737450 504908438 239136058 705937865 229280895 916521886 946459909 275782359 292147346 491859881 839506471 665989053 463632058 753128926 128297415 258518745 813486999 525777996 856967138 641922077 825009200 511029815 387872773 377105190 550109871 295825769 634169507 792089125 82760639 899347670 282147729 618219600 359191832 549524919 464983273 728218147 974789385 753226766 597807320 317516200 60606397 249965203 817387685 638471217 949202117 803815662 630488402 580997554 361950427 949347149 546215919 317250305 770600234 112884702 742122385 481076880 102479894 505142812 396606386 903816883 727230863 276605332 448006157 286065261 247840399 764288579 891466181 659376414 262159826 155744638 181977053 78742680 923259453 313867771 112119177 273246778 100394612 408100 238474997 847720899 151779854 447514221 120761207 711662717 467178151 796893081 63133969 122186080 99060553 566664020 854401653 748791987 435019189 540495831 62978833 83919272 738730661 836423207 782613332 258282102 943313184 314335925 515037137 725081669 172752791 302003523 691455293 659919371 126445231 752212493 379975163 3884332 564868212 861678844 878003559 116066248 157595707 731156910 532579270 54417482 168651645 70410777 766326956 69379611 646509701 843554115 537179973 598995013 864108918 439779593 949828825 87573580 970927928 153159371 672632822 590380864 776538770 412483752 947969497 298401672 977079869 630049554 599262721 678533275 602079729 68062985 503500124 13987276 284958370 88494514 330256726 371257159 43887398 662792137 668170896 535303446 491764727 559464592 211537699 497751285 292126931 7889238 587418029 357654736 73602818 248318829 150661859 826488784 752555522 937982797 64260958 285509139 295309149 857873978 347678711 365419049 806719335 736337819 496232580 865493448 701812279 860105576 963756063 624359629 588272094 638213542 945088114 45772973 163077213 760728160 67861516 229916266 681178406 147901955 687807868 42482413 765110488 168274103 105038039 51626732 494967344 435337112 332940219 685720339 315995712 570327054 594294790 227813805 679611054 383289922 94805418 699794751 473586869 534348899 524235832 99051540 991672577 906615562 370200505 629793887 637863362 71914545 605532265 392443755 923315776 287500818 393144968 552253880 764299515 145095995 620025020 909707623 478467506 188725056 856700243 592070839 351921723 236601729 685123112 965976064 848098179 990805003 264769480 839817922 262413456 951312588 754402298 256709461 715378032 990401172 574458770 757926003 661588344 564071609 408247013 761569318 501055929 159340816 669828663 875012023 918993594 814256574 77787828 170168110 863041581 749866301 64368381 166916549 244076185 305183112 392363658 222235517 252097596 599035953 978868841 905215829 687013825 341209863 111335788 450649414 818311504 173674576 710633832 434688028 673587290 440497999 910417967 652488585 447226198 94295630 332289713 155350097 161380722 293882243 467946747 756558333 845807634 194829215 237661224 140736309 614024176 313248453 581844114 85961173 160102827 939924186 390979460 704808630 839757544 886193650 642436353 728100387 946929316 765924590 607866671 809096297 609987389 291216509 206543626 158954577 927666138 706429485 373460435 73800206 208308839 557577041 208362070 199311012 351926373 480107507 462276245 196327108 723192640 868368988 909107162 458964172 972824042 491940906 708616221 99635054 772678932 220721365 306886156 358708790 531079912 241518587 416748040 445489503 224552254 727543527 57733663 428331778 443210365 584345729 407819521 54925289 498343904 185748703 586822817 107182131 745510012 85074973 596958855 95930748 802978453 462002299 423220613 196643140 19987157 183514806 699023534 379925031 326493208 726932191 316627268 987686164 535272978 442946925 457800146 512338252 715040619 236414683 166771556 738483431 885200146 812300046 249942120 521330891 639174663 76753391 977627607 765235206 786037656 514076790 10510016 475561915 449757209 574020472 970400774 283545218 400540865 12359088 682865978 288206688 677264272 554973820 94982827 935268071 869594105 826954689 66310647 743033898 935630218 149133815 423940691 791606924 911845566 916532109 620924835 970616025 89134157 576819411 794471293 616272918 36312215 836795662 987105101 263473709 624613844 902994861 468466372 352295394 584358522 700765824 440867070 384964855 619390427 173759589 953425169 699805807 549081279 9607616 530192636 22216627 919421620 633254409 256449181 164830952 738617920 56900265 986974254 586549153 445551132 492262848 154872236 728484380 716643126 362376233 684908072 88632117 625694792 708155895 888681449 768322590 943653501 258567917 943076114 665795741 432423436 775126016 257537295 297826015 391257931 130757107 69716017 274849695 222527715 413122634 338768341 658805916 494584345 148023104 872794017 938021368 155774591 106884059 960593078 145378033 702593705 124462112 813083102 454873940 386019808 997344111 588985580 542041161 694991252 33498201 395746468 918740212 409655046 704645187 331977438 447214410 300510964 502958510 97103290 255026369 950249616 552576241 204051820 120703731 506985539 228177725 740777813 73543237 532255173 116140028 717995787 751759583 399185594 251543605 636927617 186110755 589705375 126353717 619977885 907867754 43813862 47229407 808719287 740869114 450899779 883317830 937870216 980698683 534266598 790594547 596555931 193758177 929771770 142904166 129780988 289249366 660961535 5456481 113028959 14591760 679259551 683264949 776783519 512818833 92743291 827090349 77775284 971713023 892965473 760527014 757576093 908811292 148747038 534869583 756902929 301532679 790174542 949049897 378968725 823525666 534839476 592709308 926561586 526764698 531092598 927820419 271357306 953883967 199854708 528702384 540282817 810159838 797494236 119128337 976407734 930767616 260500367 193161551 870565225 400033641 399707271 902400505 171326430 305161062 563496271 719896984 335840444 323845423 678584215 292041167 790391616 68830107 554817559 206624548 923689610 336570518 506340474 638657355 859122402 272595766 995580003 823334134 43614045 115995555 844309982 809053345 279817436 900276119 275949560 696069501 380349124 837056881 396410266 150894378 882833465 129633443 433326000 33191057 141996102 286945753 580328090 147852820 179462868 787337924 425098085 326848730 154428294 733860074 201032563 749246551 560753987 389393684 45022897 320360480 516891695 33687364 330986277 536059860 743615331 996975316 606563263 525118948 760064853 940278915 828730305 737263199 298330145 622657685 142448584 595753397 35475505 791850961 620862551 628419730 523709208 995698319 426708151 166326201 844291459 468081353 383120016 138643125 719349080 212510713 682421322 794877432 286901401 337120399 924039102 877937639 171255611 707662856 352272035 342497856 988122869 534998665 674640144 312858785 177577038 227925185 372957808 552965125 699694031 634156645 586680552 940427760 191152141 987138791 536786271 303962657 306984678 104082381 953385222 28221048 749037742 517050495 597329847 12901 387236622 404651551 186766079 864442273 418728416 691889045 934719889 587909639 91431148 176420030 518775117 553696200 245136200 468609525 899780726 544033032 510053306 906567376 974359987 123350411 11230268 381914592 750627638 396983824 664194925 115354886 924162105 625780198 4176645 310471750 874324284 543657436 740628880 479690552 970572699 439763323 868715458 164485586 375468998 948846698 65860136 234536147 448877451 853622705 240042590 715710797 169597521 744544286 913518024 423330064 71305896 315376653 292233872 700381973 422756259 69579236 370684936 939523785 637999588 281618980 769167620 225039470 217276255 138446804 546132577 131758030 63006014 641201593 309482323 791235924 124387189 247163778 149237247 142944888 822907090 525330407 616471353 539273443 320872399 723599479 130744278 815930892 15823339 77257589 239127337 156110329 727104919 230086956 442702184 283029621 747638782 881344133 839746132 303030864 835740373 9776740 854001404 119246783 842719535 970798763 504310219 943886328 831168420 889450025 587064977 413316796 35294569 645364236 699884127 160682971 283170901 166286561 466972789 61887369 725474966 570990926 300493843 467391042 149838419 409415335 523736544 506392572 330740925 758593984 894621028 71792554 270141663 530562335 506716854 456523802 185826535 300814791 248129962 889870128 869057955 164515336 449561614 293040340 303510268 750137521 592051204 21501841 104123049 902877330 764431994 423786248 962162593 510033183 864584353 764870061 560607342 93359012 239693429 32591629 224478912 324998526 571269240 853993471 750917239 168583843 350683035 307139820 899304178 882738037 867395293 293956135 751077492 110772930 163914395 343468126 136774229 821306177 335292366 136655300 75492222 582483255 408200031 183058699 369602356 478690284 70517075 798549538 478923524 673205502 764125362 396504337 858614094 949642834 529858542 506843781 309644500 497506649 414725894 166404617 648468341 10090634 405349507 902299261 979385408 866806388 282444292 318851922 132843223 880066834 133841510 935745101 507098518 879505655 945505222 486605709 19732787 173415307 672406975 278619696 117793437 94895912 212352385 511703225 356488169 27040566 223988331 45426210 387278599 67869780 696639731 969653505 303431618 227785082 149391385 993516677 970858957 322359501 856547691 604276530 177212101 470244426 527482952 489418035 785556719 194766877 421493780 784141559 202013459 826968411 388633713 116190325 703758552 431326019 518774505 613251786 223482375 382894013 688073378 391228071 646511577 225838779 956338871 826769263 967856085 407224334 55176637 962695387 513413664 986692282 260890538 174907333 304402772 918865206 573047825 45824567 248765295 19428183 477579264 442015214 397949697 30827258 125595938 960085713 976872194 559853698 62662468 613397409 641759574 856466890 319721302 916422134 429736834 748777622 729547038 502988649 139365690 815080699 224870956 439167559 833766073 40836602 804963255 169625233 161206506 871697299 407254122 79409040 468698003 90526851 476351431 498056870 782297379 82018446 479089546 424444167 771598477 702487596 11420670 380150624 520428296 202690939 444430508 859720273 692637193 44555911 837151833 988698472 894062689 701612397 661218000 973727287 154240566 221292463 882302032 627744881 39858777 382577729 89062289 82760789 268884703 793935915 538106960 768094402 184290739 171081135 656408982 390146604 638545654 220224574 320759411 776916975 271563367 837223626 123514142 91149742 752281944 303496682 892087022 913703589 644101371 544836497 933114661 987037520 857012290 523125132 803333748 465101771 639896614 881159374 58144291 673465600 42126066 372771351 295860437 986548193 494074419 496365899 441493682 891057184 296622325 201490638 246919341 930864876 966993836 327948743 273408156 402298968 47209908 707518867 52595848 359131449 9143460 569410777 17963008 676463083 62364735 176086317 104573482 347901751 893081421 902812099 345753834 444526906 706227257 779242040 664348606 956857799 365208455 835658958 21040193 305610427 813920468 387851256 51169829 509924459 464051907 834041438 106001464 769277060 315187460 542430604 437851624 353377131 656905664 611704029 636154011 501297933 980367221 700905687 874954251 460735715 127846376 799276815 513789555 980553400 850424025 377343909 801727284 452045307 311544105 560206038 959208677 230072651 328870066 608063777 428317122 725598712 338470016 968366791 131362941 856391858 878566763 222631426 149128551 643568880 296851833 835228436 278836723 560824304 451343018 773182273 498851773 131156336 886205743 911934240 329778777 712239156 559876671 641778635 185592842 654907377 95765251 136770602 226153670 280595186 981882716 349229129 505656350 606370539 669969194 719347814 323659205 442391521 801454551 659618561 232257444 670164422 282481341 847102025 737456495 822506614 157403952 28309118 733889197 327600253 14758490 462058289 976810148 172306230 374596737 532602916 627674614 697268873 543896638 684773816 479958317 134772169 788135588 342218658 914777850 771348671 272697244 588321742 830687557 832243487 909032397 185854346 925968723 923696204 761444308 866732679 764122326 226455581 933431848 548322220 756453459 580478451 888531959 578823367 395750516 69368445 267518912 837429024 796208146 371102606 144769901 515716741 467701478 451196367 577349915 568297148 482051309 201305546 23985122 356603881 753818281 201836573 140702343 123390036 54233346 250711034 330481039 412273262 469046098 55345162 966571257 901512775 99412803 857494083 624024369 650753085 300495080 203657095 305797422 529341752 922497654 546932735 517118240 74842214 724630065 822716124 999582880 264281469 693971720 728009334 428090375 161488796 499370752 196889964 797302975 488630322 627816562 533573784 448290283 602074636 82118896 700234764 469287950 373624451 100945515 731600669 212946980 961887687 408323468 664917403 767008706 129823613 189760040 579682272 618502184 555842884 259768538 157747874 90318829 481753281 602196845 522797155 299719569 598622658 806417559 384342003 431737225 794064999 202349126 606836203 525420652 255552866 245024456 441167805 385172873 624305615 963707483 38298335 199423565 942098930 490568235 893314784 228776567 509049886 5801267 622877163 418857436 475885478 403356996 874434962 524785837 289065678 453937309 121985516 907886412 261711352 782751645 895557782 436382158 229640283 782312479 114951167 609296828 896086989 535501488 332302176 843081699 923836070 989943837 717007362 906874012 753426363 684774070 345361322 158306652 99477654 748188778 659981818 507812580 978482714 75071551 860008890 487900678 771274580 159037039 630013725 498900365 785211242 351280133 923311733 925505895 12791226 251325268 892640100 797640965 488646603 806407444 572264178 208897632 184459730 473003301 106799309 340782063 697634743 438498688 102838667 523527934 911984799 329321870 190253250 234549392 398237899 468391860 469299502 820007120 835630850 194641589 107582961 15042749 937911741 882579661 198937025 802061928 723213821 970105265 636615605 337693056 266945354 528884979 970721588 918980838 538855808 267753650 174365716 114792695 24685493 476035156 475203070 67253206 21721710 553997244 37445555 244108442 956613530 136157120 567828922 715041609 351004998 389951267 725929861 334194706 820610781 692725259 473868056 519686612 606862131 911356960 921674700 903033559 640573196 187844532 679833300 79397030 981852506 490064700 139997285 582219427 542208713 141998866 630124060 666021768 767038057 972364698 919718225 527864078 922937940 889040413 997688628 187706130 630084884 725366136 542327080 953078366 763712310 83545781 266632544 773987362 727476622 669920624 526397989 470012877 506009322 942503246 284040630 273957144 153569887 806656238 933994546 489259712 43696044 811704132 95206988 250368541 99598922 726980953 9548467 309904218 437228719 191744657 398317076 52608187 378845622 247256461 603521945 137494819 287763416 675786561 497966851 335767860 894161667 477748682 386393308 923980267 725481893 600819748 668117184 394525151 48016763 21716840 94165371 227045271 169663628 547397486 72454382 538276514 976402723 971014252 80139993 588713089 645037828 593407948 872057883 506212434 445387342 532903668 530684686 858324383 778049116 766888951 645108369 256827075 276818831 767820659 534848758 884568696 85831509 561960954 633298362 795489361 739907423 426197348 265252924 174053317 328641410 568871082 720116360 531768647 421278581 33922217 876797777 256639104 707530468 964995314 70773659 886376091 921170572 664360067 250615876 87510666 237983924 247401773 906398848 704061126 167754854 42591640 470096678 99878453 502236220 355288830 119713746 909826690 212161971 308958549 982008529 45019560 511888653 543248647 116873483 295992580 299281357 187308009 18972806 401564459 639313700 504604012 2913544 632539556 248984023 750211701 868831632 617283666 148047617 607792893 353278404 112198308 228842571 355516336 729611367 638840641 508455114 976173833 67978183 672691007 976677040 133298447 456364732 336177302 320496307 57458947 729185255 88870162 315071626 176784838 561247313 964225597 101134206 18801872 840151118 315948674 145793150 517146877 721117316 726742775 56989570 325887324 384615421 404846454 43803990 664832654 306693508 621050330 223630499 258966742 449473212 389926343 202193726 98873196 922953099 863941588 436594354 470861323 498444809 395053928 598673753 54848032 96909116 880923736 589124736 191866307 349445411 952163203 296622110 604735249 536812260 606680092 469601853 38191782 691614463 183512673 750212130 197778316 74950731 159511351 4151037 850110967 711007474 378487049 432763820 888030672 978964893 976165147 231027303 504639288 987252542 916758202 565165088 846665497 375631793 32904923 570661739 574349918 791560559 62974775 325389714 906502383 113730590 341620163 166631755 65572890 290592890 979499449 844036400 275494874 636333307 586782079 294275895 507501457 164666467 383585593 1435652 326024724 751752697 501238013 487595320 561517578 510232537 12710541 336858904 987660062 43239161 834924923 699637241 989232474 999070512 194658732 508163836 528351119 162142408 679062715 862310413 674280805 630527887 247526630 125724534 783712276 647312110 101516732 549668041 882813154 934453214 870545705 869185888 555132782 975487767 705794095 390068199 742783242 356883452 307479962 618306292 889249502 857841697 686083454 611542017 820158114 704861161 266313630 431198334 745724356 862317109 410461608 160530475 364742784 561812743 184828119 950919889 393065424 601829155 503342740 655126192 9702317 916092830 561445526 541812153 775740680 310809379 247987605 67121900 460004709 699887467 577367679 483960881 788182715 714557753 633263382 187036791 574496717 575345421 118000506 233138161 566666614 928605998 522181149 145294210 77523282 645248777 286780390 768919784 789970004 519594073 448504529 485536039 767785431 522069773 44310063 801413867 828540689 66678285 567105576 141293779 823128325 812206016 477663833 382879714 368887638 570394944 601228483 491410412 524549515 562526141 875677513 93519016 152930696 478116898 937892098 87814742 358411301 835614603 179069377 616674408 977578069 760844523 828447407 280550071 252102611 20720193 755003008 599939113 68470727 329560247 764486432 605051098 677477931 522807497 834843568 112986963 739652811 762164600 656834119 774619172 126897958 546842109 339296957 355535975 729110444 479251479 698343247 821334197 410636304 37435318 400096815 15588343 212416915 832577545 191771690 25469543 365096564 593445496 714554791 448629868 212128306 769858372 715983893 365849909 704243350 224680876 554240176 566316968 523421701 504740327 107493664 293453487 20520112 891793066 824843418 294704046 313602812 185759156 564411771 933471620 751772185 402235855 819051147 723016980 702017427 871181125 238115710 799080232 741307420 96303529 375550783 74064890 596778970 907972050 126609020 127138118 678244015 78454612 787342526 67770672 358627795 186706156 550643075 591308523 57030456 146241515 324926086 867555116 775889133 478241497 756514241 344193540 508217627 690021766 185913273 703625260 522269260 278134246 650444527 793906800 385825685 501625069 164178240 498864726 825192212 367593036 337192154 988612589 779761679 887023810 662230381 202555031 188905931 596603512 270774435 788855908 894054687 246132686 299073496 10100871 167588151 59884749 651813078 720198938 501013489 558083003 665870266 343402656 857827951 377374729 694004508 452871794 275525330 124780809 789278920 856925648 469610184 861539708 142300323 506903802 226394053 10297866 286394218 640435594 347991317 762578031 19703559 650118596 515322401 491638982 653547630 740644805 914853029 241236235 870988566 154010857 957252392 596523635 193311041 479969 283026035

6594 6319
160177096 529101192 802271131 55166487 13723820 496942970 356035322 673802779 639564286 743028946 456856898 919995614 470187118 568192995 805741008 598515281 273878229 284119697 376639685 822623665 264903701 136527874 944632580 777976297 279817240 393447594 513800138 852093065 692650767 21044168 203472418 689528007 726445403 315896806 365686791 264737588 357827384 837093190 392487155 555857482 9555977 487247128 664426198 631911789 862726155 913889419 911925538 394324229 249403923 534388694 971649751 553286809 40152412 714520183 376061778 706769159 607159850 453336519 833440928 37580378 208109795 903912302 815314961 718102937 195880396 984025099 892227090 924537897 448322663 329244824 738522415 492793576 863097839 113142870 43411574 231963299 606123478 966529863 613713304 83225277 590086772 876161874 351430290 286935385 631367536 189333001 554838289 210780235 295509377 250809093 75743239 529379981 500660949 179824058 17634468 103580396 63748344 659910309 927419353 287930488 989593459 281479545 920964899 944874788 124156463 676491617 83205790 231642587 569689666 549752215 827235408 570555765 722788176 85424145 702182005 625293930 337796789 431766392 495240409 112627566 165798316 395693582 577617846 659704861 54574696 301958206 208692040 21152108 644167188 329186933 354211729 732884521 844188587 295183592 410503327 117993107 273469673 728923990 920417589 993943886 312040149 990683547 995578304 35425758 715705357 270973787 363221341 335248351 132193251 525156774 255338509 20514492 252221824 17615011 434123872 998740686 484092867 600573794 632948741 425268305 58571490 423682829 879570709 352093223 241123411 198267473 936637374 408286523 782289674 955289601 210849599 378201398 833491295 748751566 183332967 153920874 836754901 498767003 637961417 532485696 402603353 943268101 130418614 717416696 535974798 592361126 405897221 677862290 882622320 203162621 520537562 488681957 637113456 404603552 979127733 52915063 125621342 936468694 715720432 782688613 605407758 559693351 151493565 638319194 18370203 7853533 306434552 173173173 966281754 131955080 959515372 965812845 891111886 222276973 845529633 527353036 101869490 525989892 330246490 692947493 460325326 189709061 167883968 948911517 60401371 482867324 613939805 78784686 900102439 835224690 419313007 621641647 693822007 552670611 563474931 867368223 778080988 895588215 533148618 984365949 223558251 378145680 146197985 502579602 411291821 192887612 189925013 932840310 317673212 912589376 468425742 39672646 636485149 278937936 287205806 259638013 417700308 45328160 521470502 134054686 396624100 287071407 408952418 82504498 299586633 991184460 917179982 601160092 548358585 340335013 992044205 790431341 903566039 513910292 258024410 379431081 102887205 843238784 688021139 506663211 649072730 550747948 655340130 55920856 334214012 950220358 542310882 189097703 61237667 722865667 209969048 744415210 453503094 247216832 601483625 785175727 570857310 792556391 367656473 524208037 694010739 753311144 429240972 742175069 122307017 264465792 919702991 161613205 3805960 546145846 666718611 545899004 14726438 168145643 129565228 253894091 617927974 564007154 260479148 218883314 433291998 70333561 464129672 232295984 745455032 761080515 141108875 273285855 845188356 236871703 732314288 903165981 198394142 16773121 934225387 289679033 822255329 436580655 814913902 840672973 653799926 71968842 676669798 924632204 261188382 870865990 684413914 87192861 549250762 372276904 865460477 373380484 524300467 596061296 303288420 803525758 204081058 352114181 943065401 791716270 273557786 288889207 864688267 656533772 295996103 758277062 468779050 531483563 248089001 497642233 548539884 665168453 382595309 497619089 346408818 496460399 436706074 558784732 994348268 512381667 92799103 976291001 473023542 70192466 459405024 591693450 659795360 742452757 304264776 970128728 238439222 343914361 24540713 508081449 387066503 754517668 251754343 18867527 924164611 287796329 170192368 5702833 97409359 480943499 112144404 497195663 606538917 872956797 912466236 348006083 591680334 446768735 46130077 929440268 790153205 740051772 193166365 184376432 845447157 867405370 889454092 611410012 675669473 873794059 127314292 659202464 957893264 773683003 483815511 497447938 644924942 687488749 504689643 390057214 526420272 526524083 858428831 201319716 857984747 190809208 308865181 810298023 679732599 310711782 204829566 278538015 482190929 847698329 569534381 828340860 138561128 438473595 516003709 439026963 455989945 548734829 254464712 482602538 392591214 298941468 227194663 564281474 524509379 542552124 701037748 424123393 796834744 413283978 72621653 187166219 90671228 204348880 679197483 878395704 74255863 649767469 152084509 978645589 950427801 904377269 311892114 249192767 785197289 145667066 865120114 691970367 92133909 930397737 580984335 822784362 655700562 842377846 602749961 378553939 718579089 74425808 124786481 411855388 794443417 919734274 742231052 815002553 334899706 224933071 533437868 831286533 334480858 920566607 882665751 583758580 95472699 328864700 52831858 311522119 27249509 897183292 639373651 473207837 20198281 513288835 109513985 156228838 606206739 97676779 261272382 467549832 773605646 416333664 258353477 268529489 993735972 541248964 937823936 459855134 890200871 464499471 523517926 471475176 184720077 500031115 9362715 852584091 459810159 966496933 888003430 158544547 51506819 925101845 586275297 67303036 571361949 695208384 40350169 538066081 798729657 655364539 575674064 51230182 719107213 953080371 130930063 623155892 426167663 706427578 95921781 443161292 774650468 54171056 64620564 784172352 423947287 366941342 52473064 699271132 423009085 19858836 856326458 614336951 28486184 119995641 174017166 563349228 11398402 558619705 586585617 865536494 941740414 465597815 173890120 498239900 639016454 125263254 924112838 261928288 824952246 873095086 541254557 345111957 222459730 453941928 448741306 70021116 673787354 844494277 380673083 998420163 166786670 707510304 997634551 805297662 793467583 719484592 448172083 837894850 625829591 17072553 500440315 857457903 757703639 24162495 144198997 987377740 18578419 546146489 99983871 220366903 112573948 895100139 276679298 984650799 345489685 582746956 296583396 760365192 895842045 736339090 835655200 770645579 127384016 760928721 893473685 960203835 738176914 58044302 975756119 23573769 408805086 367784798 541506542 277035778 806387794 444000353 92284721 128366127 378680240 985960163 774687845 623163939 621186607 285588869 64595356 700482033 577577628 390868015 682420334 197563468 85342411 993779211 931077234 699027400 95244040 611067790 670208847 421338457 447434355 554021713 188924188 309545503 872637030 833102097 132679150 920481652 475932071 786749058 720902479 632311816 797962179 650914908 664713159 554127806 259964178 40946948 945483960 62397494 849027636 349755554 133579058 166663299 784170760 56906678 253096872 1066152 128299200 664415114 847326626 294496701 733851309 314255267 747508687 490348971 593726150 767833462 763016263 15701325 259115768 980379980 158145781 597758272 950879341 405174125 138662009 653240244 368602842 970738013 226984263 698352818 826446760 902523446 940713861 349827525 46921171 688815966 980512454 751418745 617730299 658436571 394952800 232175518 450722251 839543559 782397642 810512025 41224791 585783010 382531459 461010840 383873230 544506844 845922819 619366062 448395405 631118391 640950634 916700621 821378508 436214782 754673147 967293712 72484624 61993267 429668449 379254957 457749258 281043019 376952111 627999671 698846961 818273404 130082594 163788757 187904470 208759570 134238297 926285591 863133363 265136299 432728695 403619703 915545167 396673093 451121485 820837274 935036998 749032620 310027612 244611213 874522127 526842748 730449416 166884457 14459227 553121658 908893104 793840589 888239396 48053529 509431468 633439090 22498463 75192502 318799319 231439330 846996536 902259635 364120211 818784927 247734693 75154949 375441221 801969320 371274806 306207547 544466230 140984089 192153795 839769365 110506375 229446280 297278733 171393066 516482517 570815776 780666021 643571536 946716378 752160491 333862961 359768279 838876621 225790103 502411944 781912358 809997998 530344720 373555220 921385363 221238217 322040824 175337556 845481162 894070777 584442882 234687793 300015421 311555808 435284688 279347090 572957738 566943872 749452690 322355464 277432505 838619112 997924457 762152122 71975076 731191393 963181394 997423832 277836140 875760050 547478419 337972579 118509558 901201548 267953676 730754596 219286577 369777559 558859991 917847528 893349740 462797052 366536493 237506669 867489965 931386576 682276658 640790101 674130552 861812865 228343042 115547155 682070307 629770418 792931279 565698745 218509021 530560063 772887358 647727048 653993249 446180027 920154176 123525123 93172900 505160950 516479766 161586143 907295790 691520868 560739372 523567616 464700122 833946804 436238209 948384536 616253792 168014012 120468039 168807592 849603087 980110809 128632274 631731943 535113672 875382123 99166160 476438313 508064872 800916383 763460880 605457502 729927601 954617582 556017044 706477399 69323938 864304417 2894869 692393347 733878903 955107857 880927439 153659349 180961510 781239983 209368972 790324112 123761544 373748006 280552320 400356960 964187719 176453202 536611882 171671143 474422887 659995970 426563583 900313345 69693737 678338190 741077833 309707 244864514 24971 577710192 794903078 959215687 476004398 468030993 961779521 98749437 798195865 647058576 246085536 750883655 705098377 630627461 962458742 463101615 282776384 764942037 519031584 782988781 220643388 916772568 474019156 670584667 736401876 844126527 209144422 404290016 933205970 728144035 449302907 973688350 723731090 175183836 32703538 440181077 808044488 581635110 254818102 229980899 663178720 893340802 672103508 339186711 667081342 220241421 995756745 866948083 167059213 585752590 766456726 163784034 466918040 849097790 817175537 145432820 915829539 839415925 201906862 257665014 618289567 673447259 280835153 573281805 801380357 129697943 895019335 158012350 183971005 89578920 751124207 737674360 468688756 186456863 992357184 322428309 757279303 249074193 736024657 29568510 902809792 393951041 519106558 226823229 509895809 22350985 271541005 346459869 961147428 127798518 467658130 322206071 331790686 104009361 373080691 688737958 42592709 758735360 707895306 6961475 105625909 809775087 349393232 469355817 66929082 953145014 392663539 269528487 566183157 953958887 412018296 848426244 68329931 553814251 147130619 544129103 549099910 235165551 989259078 651116415 630727389 904814677 974903153 858140571 831104930 986262854 226714444 588197748 263172797 733837040 233503970 618451739 717022632 228030557 176177009 141821541 184024962 124699905 430529529 158589763 922029565 713585845 361279549 222548265 630997159 341228433 555569496 410159249 63044454 54590270 163207168 309960295 161339535 80401341 234130926 654356425 814390645 113784611 708277694 421414360 124858709 252350684 971462142 192499505 299212014 586560131 961331725 385791192 816984792 341709365 980397487 33515975 228937392 682681954 449924915 543041028 767382305 772749606 602089751 365238011 766848325 148927271 660468127 370042705 965563394 496729076 172853737 968299370 798010935 841013314 418300332 65906572 112729554 22580809 422789051 924012942 354943991 997845326 241678227 43146113 685660098 93766501 861387353 474056280 6336555 815809702 109054760 419788936 58312832 675122083 163373871 152689544 897180147 743772066 875870887 668494337 5355275 561502247 411884925 7391019 897054715 162448648 930854434 605934013 733006540 951918715 289887153 898350864 284238288 57213107 737622719 674994538 188135329 712786937 391064114 722644561 503238685 512369993 949442432 642566413 389700835 552265458 326968009 112792831 73716428 184700106 251411484 435612406 136862777 204981620 880827225 710612653 662061369 36537747 432286599 835986935 703377370 104568168 601578542 599342553 223098653 949796302 429979804 355708516 275626391 272067782 790151133 332731377 696737827 84924273 553198442 210968196 886204017 376666997 651875610 970180062 483163400 819639449 242490613 595322263 305412779 210153305 859334084 147815369 612422582 774471573 424515961 533542313 187966072 185331376 805173746 125060701 178460527 951414598 250608426 886071618 352278651 208379626 734914086 227529126 649893220 106646445 233537822 828905930 80254064 903742043 72106074 798522976 426165423 891995305 468431034 293228863 590861126 188873219 757660858 302901096 781401129 396582724 879813398 345633555 826864265 506745618 183734962 190859434 971116401 864300331 185165544 652460039 738417006 424513979 478023548 131609594 350788507 288175951 980036769 468476576 553754899 110064036 515461683 269530418 393613767 179630557 347785972 952594215 450513629 160602948 966059553 895649595 333756758 305767159 579591253 118540661 809930039 473989192 16466573 944169113 717550886 964081450 402260807 774855901 801330798 262814882 794236714 171100006 267436337 772167824 734873461 672951935 987502918 791583754 888264527 614507863 508378366 849611893 586226021 365886453 572661819 253416611 664124381 44471721 831260872 278859486 733056642 92888226 575723580 215992669 395251304 961898942 216059431 887735371 308761414 278586307 120183855 808116580 700419258 605407715 945346833 122892531 427946278 475771418 238342816 460001821 764141514 532288001 501249662 138288259 856959977 662688109 976925571 706040456 792125644 504425287 348703649 839868069 138595366 674157229 789752247 370557500 801503117 586645972 224011278 977300345 976252682 807616756 203575312 777131772 391386987 618535877 260149478 970759224 545868947 189276240 425327879 359703037 410239629 354274676 865739157 700842438 158530575 281663075 227767225 366585227 687409530 449653623 13010668 21467956 698765514 645727463 851863810 61617715 999764060 629467622 511268416 92389566 542223972 661883919 939496745 598292669 520493095 896163175 992308626 745202335 392676473 406347338 746092156 698087792 131826243 313250081 771776052 130566402 98536112 262617150 751911647 61345141 497440127 728793412 842128457 237059032 228967908 59263288 196110281 612002199 914407743 263694299 582713901 267698506 704490580 563662649 541652338 790913927 996832971 282074380 271306213 332769421 553133093 382252951 247548870 612696717 321398559 347927112 50969063 664148413 188949824 74220640 658235408 339252042 353388031 139112444 57492157 494321603 549945882 222821962 947819286 178110835 528423363 875080467 951665344 49657380 655141516 975669798 787904656 135605294 961696340 826420067 14948969 482968986 923246421 241056205 412678899 139974043 651438474 317737083 901757114 830485403 821019745 916049657 110899427 169507054 905494671 566776297 779316452 302992584 433818146 214616784 270285490 650290517 168916211 307018296 283656989 233954419 28172677 814849533 104423499 955486838 937118610 668843709 832111899 564144845 600298148 696625679 215430521 431797146 482588973 4447754 834529722 895248743 886559815 239302538 600512234 209153126 312020506 484991238 673489989 625122153 829303306 743827135 853309117 41217546 60516685 822283 48401721 991375846 356098867 164681953 401950464 253724830 473186520 510532219 40353106 196931239 607355397 571628166 156903685 832169794 258954624 437727548 221161231 132703349 631091131 990722594 223492759 961193460 259718948 464489068 158500759 505236744 748614562 313547679 546191593 727559237 144560480 129556131 970516556 939559091 51122849 932285331 276253058 858726795 808713657 395011946 987639238 850281422 967397639 743286952 350914656 948623678 847782118 195710734 598248323 362290268 428985293 328315447 818232131 878353382 668551513 933265461 586431271 492808711 487171911 126264042 513239585 821522697 380211397 565493104 922626874 540216695 311862839 737912791 798890248 730686932 722592695 553129523 342685705 640036663 202011267 931377880 595338180 11297234 783188719 371260696 586891753 780845483 726129675 930904255 45545466 708114335 993418848 607964706 86244738 634453746 395919288 32095084 127016575 464758161 331081100 458330927 654076250 781432924 948798522 80206554 820378734 283647519 413082817 329151964 309472566 631081511 95755563 338918416 971669842 422804363 463408112 427303200 425728701 169792586 307708529 414727745 21081969 166819768 534849368 301585247 978220634 797298662 798722249 931486527 493104102 555560699 589581503 512629577 872611548 731531611 422485295 127252847 318227219 123488685 94101698 507694598 387528318 905240367 324347259 455367246 41052902 807261572 977118816 12712499 133764069 293634705 650970117 635937580 391641841 404372250 169130529 585220176 938396569 321115337 346474531 573882600 478271782 377913477 867079570 546762427 556238646 467856282 645166051 56177111 722797964 47483629 548283439 16793454 637976196 767864675 868830393 202799294 7620518 250204576 181453876 739706064 166364096 125674762 89141040 305085320 739585376 277840973 533349120 725206245 489776175 699914213 555365606 301404360 590614037 152893050 789964594 533842298 599473100 71313598 574631417 319265814 965625903 481776972 72245062 540355651 626514256 428741391 737473645 803680390 902957287 897651073 362868468 879637345 818386161 864046205 227132440 955726258 39515592 570196956 280062938 360661633 346234235 632996282 584183485 351290742 645427140 643982922 803295426 257824072 507135071 735777793 696507104 545119036 27365578 421550784 125454522 826322619 659808139 185277509 83968309 513741154 339291801 954947360 765868858 646164952 873330014 764743601 774223554 544914610 463172746 910142942 612363311 143491958 890563616 640945113 602112145 834445698 983071130 536649221 908349705 645117077 299572018 388147668 448369133 437777511 81819934 933029828 383012728 52195409 527285596 70982623 696657531 835851575 836162491 233653799 150883637 991101959 670993008 404868898 902990319 381259610 102188217 788145400 94951943 512981325 455515717 641320472 881929 813624425 336821508 785532735 910127940 976183117 943306419 961069757 660763927 11435199 956068607 523596742 149864254 63393467 411537682 759284449 635198912 316809737 811289388 495911333 967974712 992786641 354997606 990287765 990873063 799932485 392640651 140622664 198337701 426654783 859347756 529200191 561140101 368081581 995867766 520754903 806519140 415163974 183713710 269642386 920541966 687266369 790373227 384429909 764020617 25672000 591853642 284445374 443743739 97324911 193589115 899290003 139947053 381501346 366101411 270563488 780086976 268176364 438340770 695660312 843023617 127226602 839731354 20700297 56688701 722389324 90329598 459453127 965230219 50930557 490705770 495396755 263245892 232344197 276942076 180675861 97850914 348897706 611921040 387847027 50406008 891201584 886786246 487293043 388416112 185171732 72751853 972134363 362460629 160493631 886050215 421997878 518322589 666902860 83411008 980899337 683583678 470888708 47609568 170431802 485675582 212755122 238660781 386405792 662096004 716828507 714904125 687829496 66167111 976137060 618589760 258192010 249563953 873435581 708288063 653955521 60064580 636543938 958099820 658536336 5268478 894463499 846261931 705946178 584740091 178265403 888751619 756350874 528957826 145661796 446479490 650774128 974656363 588076160 567643583 217128405 297872121 742003849 709058259 71746748 264148652 949728981 34384389 719560865 192761211 892920030 787179799 622134565 45694878 723685245 208663068 405449775 900852378 989196997 718267014 689287072 33605331 63875997 720622346 49677568 742081279 351272912 874281719 231400047 30009440 572955422 73761133 49206790 648172449 297099476 482622468 7807879 111193541 817519046 217572147 132488593 269799399 559269095 64367509 335844467 5395195 813595269 260875662 465148451 825054585 21274005 555947237 935787333 517589385 57641040 824249998 844610887 50754506 339114369 728582269 584805809 754076610 48475804 269656844 359847891 225647554 934497750 943958918 310627338 396478652 2660948 480559717 763498111 772978874 527540808 63395102 816466967 448499139 244659407 168220006 215290127 958792491 54468455 707814332 141490487 151144917 29291702 61614116 330397960 573536914 66564307 797302210 760537756 556245872 182038086 885755596 499177564 476540799 210254248 723322906 301349512 400574451 847399085 363891636 135996351 724793470 356743700 164574991 782815940 738316326 361488232 657516955 111309650 333227976 202102004 172059458 28298919 864284154 149980726 830608569 739935175 34162011 773946459 796222275 766279706 559378665 481360088 997755888 772017206 557143063 148493591 619594415 901431558 366516379 387903724 37158872 480114004 494620876 812640346 593655976 4615182 160651855 79776922 700270459 740342801 497217055 56945153 430414255 508626764 152693105 126089856 293137145 98457205 870523948 587080143 154314403 182670907 868661645 234826288 212453961 192243228 215542236 295441876 88488073 210519229 901264961 953877945 895552144 404631525 55351491 13365990 857780698 369884068 364025717 855902471 740129882 96846945 380672980 211880339 574731772 399154473 616600904 393753438 496113434 348767781 857807694 408457996 579742879 301066340 667748518 716378403 650370880 765788951 679268912 235320962 25787574 926805969 481266610 493833539 874866146 318410867 966601377 934993355 720491063 31734079 613051628 398226345 379737618 735141857 147219750 952742770 729410277 916346840 501745472 416678619 29481985 54554579 851936160 254161563 190207795 349955590 683611604 21287801 290115669 132278401 808099746 199844455 74287821 129735425 583808105 254862521 538673293 270874272 679659080 603136545 403664461 12574675 73690973 109722264 975054176 756293483 684270271 4659914 400283700 989858660 821998312 78089805 59146081 551405073 814856616 970582614 360081083 121021074 210455938 872746055 980303506 652206425 354128430 962343548 849429661 595685351 313659918 333030105 84381444 496957366 682545867 80396439 375885611 500535044 149846997 407786774 11284787 472691543 551232093 995465177 723572915 788073745 145023418 705401036 525027241 869208914 175158721 538514187 314906651 225729085 417639956 220255848 940165253 488980052 944652468 942502741 672414528 748248310 89396082 169423269 341814369 860727455 826575371 110475073 142945463 311252552 76139577 432118338 470557990 192482317 911169594 164285949 271819328 115191893 509316526 219936068 221245385 527869359 285048535 921497919 903555508 218206076 204002090 323102155 197646443 81673199 398389099 768866775 284587025 594211596 84303379 605984210 766543958 496425193 317690290 615066397 603829069 242393071 324462846 99193150 796055803 282266756 859482905 183054358 797828548 465916775 26305508 435429439 880708204 879659278 287428910 322176174 259433950 405755934 509255810 836144249 302590185 513060421 717204422 758372451 482113691 193636474 776822034 622456870 150738393 643283018 970941043 468048758 179591478 777074655 815036794 410113785 526620753 854107311 327329448 73066190 411190786 655340497 33499858 268540292 565599282 298531207 463311276 568602826 681782151 520051755 442639957 603260666 255199995 807315562 779424732 39243509 871936795 476250357 602804335 216635910 480576941 755546009 215028235 174572229 110874604 477786140 493837555 296620982 534858133 132855353 269974346 642327209 294737777 837573955 197534982 172042928 488366920 425017004 147262705 711380701 156422539 740301228 466319750 208334572 400689534 12193544 348487361 865738416 655610491 643134176 956824994 67133344 778192879 496352153 755327514 114476347 127702453 393845979 562082346 969594449 511505971 819003145 482182510 509752957 580396873 83628129 966477312 314367979 404013853 640997210 776269499 399844072 590340995 223291120 516974049 813057750 996053724 660730352 998874712 321993180 848351631 847417119 424034445 192176033 400014351 562331583 668691959 484207823 469791122 116006555 642534777 697835346 832746739 973337954 686487636 458056396 905711272 340360914 564162101 452596973 221957677 588875229 271962366 151887691 406325775 750238055 666902063 471465640 419701918 121443958 33268206 776727732 391719418 91028374 656419372 569846003 795732054 320567009 191161559 156181686 318398940 545459782 831906423 268973165 609869036 296465372 109967983 908431037 535534821 672380231 967269642 413678191 701487767 69666351 495868261 372698345 825820982 808353837 790636170 740312097 1186451 538180288 610085253 371564815 280671318 130084845 580821661 581375226 903411681 938524442 779645379 206834029 199196269 682567337 738078388 694007193 33525207 631546272 346688996 108316506 229636073 524884296 974182655 203567564 455091314 278689250 111339240 615663738 809389606 731116665 45571427 231227239 591182310 934697455 759986602 989859591 300710573 810028083 362594610 961108906 658353926 743277993 521608271 607072431 750446333 246913702 97557602 992060082 904213612 316668298 104061707 765602512 744571780 348231282 671925007 258820850 249036667 299031120 886937938 920062956 992641890 666791414 285285043 599856020 576334286 567242399 725402964 618316696 224301014 810307038 47563999 529829083 453833649 387434344 689373028 951689127 333243404 288069804 966960811 554738384 866667837 99176057 417194050 722213394 839273988 820491174 899067931 117169083 777929009 89429009 306212800 510897815 702642 385874017 479212316 739184430 326434529 487562381 671855861 658220825 840398540 726652352 46415652 753787240 463046037 445291020 134274752 746455641 237572677 115355258 334401435 96036065 440783371 339327698 292210243 642346002 259942189 378625897 619958348 295752943 164649294 70486440 954755963 564628750 965645549 532870697 384285112 489199870 596996242 759092773 75343175 891613461 420898047 739308320 495198592 653436831 806167789 875633163 14004068 198484528 684199618 737689196 453126022 918808 663901673 827365882 14154383 448954541 305452715 4953388 794247373 282696880 16863020 452158618 229524310 374417771 875176200 837248036 856988472 514994633 924280456 515172243 895497550 275170235 911480726 360438717 24965495 927511059 420896842 925190904 636537784 21888029 824257639 737043981 171890011 642210564 756580868 893341751 64386015 223266294 859752082 789086355 823172388 343780706 862745054 613259000 972196566 888236607 937598570 698271851 109831862 717426734 660841324 156078516 436283630 985242162 62575206 780110596 545851228 383156340 690618832 73303147 340164131 164317634 385491277 662459695 268739918 333321468 881247964 24871893 647810912 287383466 404455557 540836862 199882229 401123742 924590429 454380627 461673547 803421219 48637625 135770093 213177020 211593607 690642821 573294764 577213125 232177498 772810579 802219377 836720212 363715036 434215011 922481091 76794660 605353905 769309587 990771584 176055610 813233723 875448077 176241861 700756210 242016462 615715585 947606694 494252323 569965775 248007783 762443193 161409759 51374334 24899454 579109017 917985739 259170423 989472361 253520549 457878864 396942969 727311501 237533457 6439969 220840206 144720670 779572629 98517868 56090761 459709031 124645009 798277160 70018761 716851869 505137010 529601754 189456783 3070955 111549147 69861922 885948022 400133457 696660403 287275159 802555067 408486616 690302151 731798997 116809139 451365863 36208952 262237559 311250431 511374001 235709130 125135522 112935973 143816244 50029268 191142020 298028133 575384020 306374568 14054398 889350764 921075120 603954771 978038507 812642075 694245073 300284382 8546841 195576162 128787117 350875049 9353549 479517697 838896657 553732731 72883671 143653006 521336752 561314571 651546406 609912375 786302520 904021895 107330018 330505238 430058246 248103636 186896141 616255435 91136728 45132287 700304015 344054259 866543453 748817185 574403732 16712826 291586582 531513865 544418885 328510999 913992573 679502544 313900633 362656789 37299537 302179907 55435684 377086370 917005667 576692777 708047850 981162038 421680438 357155 885366969 602810199 898310025 455876352 130429625 813800795 118888836 257424352 606583451 978212602 810695965 226627070 948481678 982222556 700088850 657517653 790323167 766084894 507155589 161966064 220860129 496354612 329544801 876014051 255585786 328720302 142312958 626292191 136149034 992945607 541482156 347067806 469304781 106208739 458088635 129470885 195306657 438377636 929737895 275988536 650532894 629042478 633413800 743214011 860877840 975504731 911253454 854653523 326382513 272644135 162035373 884490416 244155562 400166197 940341940 849582911 657113409 555409331 774224953 683393727 671070917 274440910 12147394 482123959 6128509 487632611 146757422 358708715 200948666 625958465 713292693 299911581 324236236 94916288 204114391 306237835 588110760 462928390 562504214 421893544 963179583 233225499 504955893 31784922 218566236 387001511 101711436 265383841 650890667 543864320 9743681 961310487 996229006 927123530 187645474 544705311 258825397 727543316 100210641 584911952 433431395 767878533 133345136 166555968 589419851 629780887 988446461 622019624 878114184 178773112 287252055 614605297 66408250 918967227 81498688 202551504 309298885 963925242 380533365 887461029 378542688 432494013 761895298 353474039 380490640 703927094 79536847 129698998 302432878 975362021 191750325 624165321 151186303 908956983 754781253 182417548 502125470 980489491 487150390 401564731 720700710 323893121 539918368 807107729 761275642 658468790 441424590 914621095 773793460 508601066 669861940 191011444 569084408 560722114 993756764 644151821 787142318 310639664 832111756 167350002 768628604 883134062 780038641 901557840 287427193 265804455 835655063 587008555 782113119 858924674 812969198 629593463 454023420 681312100 592990208 438708749 887688527 470683704 914856742 989932132 459766935 464773096 14577432 224941951 88655041 609426059 96646537 857901654 434663801 479585651 97260812 729298589 339371023 630077975 420416150 669831526 329463861 382197061 303004590 938491001 777169539 721020783 403290531 303956613 33689582 258838949 411653147 67985525 650643605 686647497 651563943 305550636 159112812 179478757 132472708 667964541 672602062 262915923 164050201 121140253 794026093 467268199 698853827 823972026 328425467 518936924 202829634 228238632 677102347 427253013 140865676 971013204 780723833 768246943 968578381 284271965 696859655 954614565 812085264 604686347 793636205 821698740 913067687 219029319 661714982 507131700 473182200 500499295 742223646 455735065 606929902 256378939 797544756 430920265 561601717 174903457 700071609 898533059 518404746 357680556 651605676 216736064 316017557 798565000 127404352 238357906 591072896 970320583 428826327 121111672 420016253 891957302 99034142 463375497 148091345 404984780 352244345 306888946 281763113 410379247 705873535 572206247 20256205 955280689 62924309 559812136 708384704 541180960 923757936 385642782 95438619 106205978 885429191 221448233 152384056 41807486 366210928 753112867 650092746 473806369 426132100 107129843 331604785 184016279 658095762 417763111 861100996 328674400 859893991 419317275 649996737 948163747 897954645 339273107 923754777 871016680 387464221 778420811 325130628 886338363 815971510 101818599 426706731 309750226 418884507 685606027 280280128 782998751 783641034 732229831 315579748 485631425 286529492 275133171 602196501 223555429 548591844 469025991 288764237 24343953 279726393 694766972 367772188 913500966 660956907 567866768 722975431 460979862 817536055 505849624 82555396 20577913 850861848 848159227 81099637 940107861 770578230 678413899 694484187 986440460 223261859 59765364 327696599 590927378 360122781 442964027 648784227 913754678 285599259 525478328 548524126 268674323 218483441 231853895 224799344 289809769 200288277 472715731 602875209 192496836 118746022 259333628 594719556 912770990 666862928 897462512 952722127 204270124 69030185 140911752 262651016 862065250 432987506 43682584 155215158 631359573 455404668 837527873 845401162 316376958 843138690 883195814 382569248 126270895 129838674 47640664 117093019 560380115 670870619 648660458 765401965 527860119 786275254 773652964 675445717 606012471 678833719 695850290 758009068 426792019 388611868 772387341 38000324 514112190 890927174 656402965 698404032 516170546 84085588 484772119 968069316 360809481 878954099 467626776 328577713 342616700 966329891 573989750 765232504 396838620 781034559 805547152 779665741 245724482 210025850 309364293 349008178 267956606 863591811 860282756 706945940 336242823 514765688 786123389 210103094 631116862 660066750 579443832 402010703 139187895 35183135 108161645 82857133 312368915 236139379 477699450 944402869 345138803 541587356 179139505 969465857 27966190 420903510 67786213 836084941 979592666 267076909 683448213 497595741 85969220 109348036 165455480 542900817 324003200 416820494 60167077 670089739 196653729 273940086 400926420 20728584 616146355 583707132 778241228 419504285 3860646 581704522 564697062 324103381 865473695 492320727 812285511 374781322 53404294 575102190 385240863 90731017 371031177 897321907 738565944 849806521 998206531 893623478 209159606 166294722 683163633 183451625 716193249 834760561 281824097 322471483 635235124 527073445 865070373 918991724 715623197 780496339 335478275 862318459 981650771 226470395 426599335 598414661 752629614 957569707 438986933 659224970 851157968 712050011 973347402 522030126 174184697 377413722 755277968 841599437 196263329 167843954 36456478 739721442 319253787 560424490 368222197 47970370 502336855 569977250 849038280 835488823 361664074 312920191 601959027 823412957 339721766 898037109 396582419 957438563 226691977 921122468 728125014 843652745 106589747 216393729 957363467 593874975 745382694 513780931 513897381 834950924 202404845 280601258 873238723 253460143 925797465 164405357 64190665 340420311 86737660 623141150 174175172 91414147 948874373 599057158 994975860 756045041 361981721 679748217 40182164 692150330 79278986 120074691 528276450 97225139 977868722 745351993 110079376 359964560 660798603 577138912 772778776 351338457 630110073 655744268 426970173 504242100 316333979 838089411 747718056 231965387 981906090 975343931 821214802 879972922 222296620 494555429 837632882 424873349 100643438 491325772 130627949 504907216 329708696 259390722 521787516 129255943 579497189 384866609 725761666 175252540 264516510 122511467 293481956 114534139 713727933 930257937 307058239 246526179 98508046 396998233 41807487 534564631 552892674 370605219 335481159 286454340 936943295 312136917 305885471 675969108 823552129 38933796 93610033 207711806 199185668 739264383 268552260 580608573 956778107 443040193 782845568 49998689 698315617 716094222 422739612 636570775 696771574 134148577 751345907 201714377 123818228 831321171 686853420 946604329 43405224 47880747 970764231 907720834 349706455 229187050 433593610 548071094 159057591 608621163 223000092 974489313 335627404 936242437 422773263 867101656 502364423 8026924 32858285 533064332 751907526 385181023 218202871 835862686 714347069 763221523 611360924 258309749 581790652 73562105 790050591 752673671 410114621 370065004 739870483 341351435 585603527 408643111 761574204 831443002 136546886 4637837 436204353 26688057 328989650 874158813 839657595 481076394 517596788 667231972 982560239 11123071 281930155 632611495 645462307 956351528 550208178 473699380 673862683 86069988 544010891 454713356 796924800 293914343 382094289 882827948 987140272 620433819 782879275 42094260 886166886 537822182 14512275 9536907 313142759 368362596 761524224 89278111 798771742 81421951 593839139 988810588 877745613 204780085 299606040 991939859 77222504 183414548 782349517 27932118 106212010 879943308 15669186 727913045 237105899 380978714 775912709 660099870 52681085 557297963 428215992 994616361 305140378 821871762 404950019 353293090 500379629 740839988 237501507 808439555 49874565 680674497 916047694 947648469 115755162 956091344 365779717 231613858 792715073 516519717 155359388 548071082 215676765 211657628 242041792 9354667 802461934 662651704 489892190 312124460 817997247 666713662 504011239 721883847 525862160 937352635 525481299 660610492 236836192 748213463 651443704 217331737 856431929 766509326 166813344 100665595 14711397 543826455 189427336 693446355 375198621 395733603 377245900 711398020 823539958 486340335 11120991 610756198 182189783 486062081 47435093 582350255 34423633 63295340 167425997 252759785 909352698 467041178 970989942 816119685 931254683 966168490 424831464 309323606 155017177 406463050 669147163 478451283 938424285 742633533 303158415 314663421 191622064 182412791 225747230 184189284 709227216 475395655 294175625 933610781 934979478 5468391 527680231 494255638 716303845 574133027 598526612 53985442 512736564 252562217 121566181 472689969 996644352 249768998 714003375 121676038 648463728 478282774 320618155 603019719 297929184 594124780 839567838 542047346 192168019 137783582 336251209 314932901 253717241 624685221 641466861 583891683 419385673 945196672 986417221 924069080 966541526 476618172 673725743 168408134 907310856 186739853 609050497 401970940 175976628 886331304 217669587 855733292 979938166 721230733 613882028 900348558 435576710 397536032 98224511 823989823 325043304 197494306 762107662 886977042 586357044 186981032 483993927 960197969 397528541 983154978 51167456 606454278 734526016 903228577 407976933 295756539 84033135 94102772 469924071 536712529 363591852 44785163 210801678 80299314 372961305 337755498 33013899 900563871 980782132 310043413 270324260 706434863 974211949 175753262 569762215 829475671 204644770 769840426 802776894 543471733 122721123 618004320 151504040 468418973 837030656 258638028 64893007 371307913 310712608 592992497 257070052 233601292 991341631 981485470 202668990 179963005 907739234 675706952 537900969 770351595 833635481 200166380 25548956 809108638 966314514 192127494 652759328 151593505 964492606 463154063 491247661 300921705 891634863 591484499 906448724 883081330 759737779 754194736 641340778 448543007 796197731 573632937 785800382 898293141 186162513 708100555 768250358 631958060 636138374 117633423 783646601 542229589 371712078 980903805 444193230 132044615 660186809 340931218 795432981 808313498 575970380 500673449 337864962 259048466 298370462 849878841 390438687 694581302 994544841 311747564 273708901 946515802 933758808 575282467 905653786 574695237 158526794 233223759 854696943 402395127 422616921 210718713 585029982 585007785 387277026 413539087 982028677 315957896 57525824 875490651 781682876 573246373 17016548 594603132 292149941 372412333 74049654 184519032 61447560 664263352 750938048 355698644 782174522 857278623 808534158 782159631 833907598 18991954 947100694 921358404 190772708 530142427 343821472 446193908 971357735 877584121 212540725 361096012 434269125 589873171 151423685 118565140 745461403 181530922 108497872 150464670 88716079 247999839 420606021 471032912 930036054 242825610 471340481 572398327 863300517 767776494 396369543 139354095 559178251 41641681 192395647 157905590 804430914 446622946 877007678 719554250 350361594 401044491 642328548 746113006 401682864 961037932 526144924 997072128 626274895 161174607 373324936 840542417 812662377 719895438 399948616 860570984 696401484 976621932 671436266 913375159 948876745 5438459 762508636 266604620 334966293 937688464 370454059 990492408 418410336 693455097 625620745 753140916 719871863 289916896 345095753 471138645 695262975 860071398 74287586 66074237 324577121 134449421 592701415 642173187 66549024 516784508 170973861 875698784 609194898 197398281 148680115 97668329 405852102 841306431 508540621 49833699 349124283 919038967 690064552 189995897 277340455 578000166 466039064 599205228 584790324 354575400 765499630 822964169 579160129 210718838 773691178 794644652 642940847 784144095 337061125 423505928 324568945 1046141 902744698 681936460 10013075 253617883 443264796 786645053 20601066 968738847 271509541 275474569 532201798 707448370 201558025 405042450 247857146 394864014 328112726 447904365 849687423 500477008 950378358 186188393 944923886 604641318 197889790 541256864 787531623 364733427 322325453 604181925 332559324 715745464 128268802 543390792 304363739 92032006 931582096 430086807 897473308 223092076 951081389 810463037 531387300 704338782 434004449 997725911 365546746 433160666 498176220 304475869 256411871 152792668 687991027 169314280 284231755 186468227 123899732 109574406 366825512 299240255 841849436 656621503 492947510 922763363 162062800 402290889 87692779 23571047 18971175 77401715 238460556 319558463 287244485 632545575 147429179 779829276 561017207 865637703 19619472 251871060 460467118 501925084 472763927 235919072 676171608 447416517 602817304 611567935 688999158 807670193 764243461 987556269 503224662 139072947 850556562 130562006 994140049 154386021 132877780 273556165 444516890 524105493 44736200 86655804 640423411 198397719 673266522 232282209 655068260 280962551 288658653 540138137 67566178 381920234 645797751 331917002 426056771 637135970 236887669 208323369 772270528 124175765 51806826 546583728 606522412 554028081 811961401 758365813 243523323 965415483 959631182 477288979 135359980 79826352 422984645 384209072 394679807 898210580 80875789 406347058 467317678 229478480 328141454 858312358 993123880 577439573 582928546 738412909 150493721 468226735 770415341 665273254 61962493 744810911 39756623 398835449 336136022 128908505 342002007 889187787 865072328 910960239 819306315 8777472 813172059 495206918 716741795 670399926 898002874 537420773 45940755 180703195 103900449 532394693 151192176 116235713 362327472 118990444 231013952 895982117 919447951 4832717 765275408 288869916 217130261 186027618 750231705 823670558 905956791 544497492 843469632 964055327 463254044 117102379 143325969 69967065 368067453 659504136 663484788 104048147 964991308 619330362 894689587 634568949 391005615 573361747 621069725 547474681 98596632 8506489 103330249 885110051 620829054 286000171 443868286 843497858 797221780 66324046 135971811 542244639 464480390 486869297 813556919 486951935 470769368 809550253 5324286 303792494 683717189 807315061 226278025 423564560 97916267 208821291 426440301 232650661 476544545 302142371 789022664 136640726 875869462 585850100 879823477 364135897 229904516 556582702 731345760 995984850 15294204 950061928 524424208 923196322 629403934 20974234 994149204 394260564 514527004 283592433 713704746 506431593 770642126 20303753 512057929 500393059 424355959 985524435 234310492 934446543 716552577 772081689 428026867 762232985 964475339 383761965 861413276 357295969 632329404 9096560 141749037 410266832 557125226 464120121 730239187 667812421 38044099 377168147 199167636 435945525 662480687 26931823 13287259 785441361 551780570 595436827 309434174 129530759 159151354 78306973 217191034 230680743 485519887 377678006 495017253 972460416 529953407 661816220 213637829 125520680 334602644 437951467 935687170 434480764 849727023 889780772 749576302 822052965 199856025 602554875 520267380 372032815 674011564 513945133 638519587 327341020 204896121 61527825 882764535 764167441 805854275 20964701 93296646 131069681 856191002 822462780 299387441 998077124 736355651 675148185 677918636 530911945 688450097 351682484 189176064 135331864 358140588 90539890 172362294 6652532 838161454 635881976 316851275 783038906 185881055 649974558 141605220 610028541 809483425 119148279 59887331 28725895 975430593 507762959 449422601 889879339 129315561 834501154 331721104 307262130 370122256 679625704 177993308 847497850 715114067 959568469 554165597 710890297 323609056 970768006 234775329 707253477 778209163 620898558 139809273 192078975 908438898 146264772 237374317 579323827 51730295 941330752 522468058 641154071 596864198 10475312 808893794 469288475 657183492 841526181 473383059 687888955 597209957 260194916 965914324 486257099 114123560 78231358 929927888 294045555 223551810 421411590 266635142 941691060 976465994 435101620 613269711 320313909 566992829 518183955 10533361 143154745 22168445 672789967 541824780 750056296 805500196 136522346 190306162 444378594 911478049 577927153 732300152 93907517 590771434 45190764 482952147 652384789 731624270 516743378 397667227 640462555 585088844 46776768 768491222 881297376 174167943 987669767 887876581 34593095 43230461 504225356 547475999 203193811 130554918 881993245 943361665 33581071 752170574 17780425 298773243 8217448 80227349 619583860 103694146 85995809 142769624 658268894 655527730 122434609 888512222 314488866 425456189 173520277 433823084 883349788 70342522 226698999 849631176 834360261 473443900 978650102 114818220 716494689 151158551 337198835 877006512 524831578 836601497 184170821 440943172 965355096 381006408 492575166 139412495 497713235 112108151 713007910 774957753 86407173 337487883 280263218 867981956 971142470 138069152 682749693 213516129 866215955 943197759 82578410 222691305 86436998 821318609 900103154 863093439 122201219 430308520 294601289 997886623 121908811 284163836 23951698 456220125 297393662 312115239 40710152 53675278 713788602 664945890 939688999 249454032 681214007 975049742 961263211 184617219 137544689 677485778 948025026 807301800 91920928 445828332 105954402 137541060 81906801 341955219 996952269 189736026 768009637 825430577 343286419 594184053 456841884 911175470 63494362 110621136 84490759 597863111 544369599 777708580 167699973 597288819 413823064 383373650 533491053 977349215 211800096 469770018 924702886 556823791 437418602 839205002 185438194 412936479 938639951 909345238 700740585 943910927 683174214 475024008 353270597 418972809 321924251 931265865 486776028 570741713 794122817 432252476 758758011 39301299 991316525 823905692 130256578 18269550 699352868 66237761 820003748 73597885 112658388 192173668 330151369 860690553 372423025 721993319 722537940 85988643 161325608 101728979 833111688 460454316 724902467 42784876 144661773 166995447 352003862 413335336 802006532 616148405 196968744 120638306 759131808 505247838 128399760 197559973 977414175 647952300 625175795 968908891 722433418 290388208 987638467 557732548 99032757 356099000 623400901 586582448 768866090 638453866 881132961 372751408 139426761 157594773 241640279 769830348 904240545 412651586 880896256 570797207 751715410 895363706 54575572 852260780 196137864 814188951 825256664 468422188 738176816 232900440 902795059 143289784 257224547 71075482 536324797 509380263 399610904 291212965 848020729 565093410 460721916 933226945 376758971 979768700 939487177 119526479 566974484 803692432 63442434 945914410 193457983 78354322 666048621 235327520 545494719 41212042 45825443 591915828 113475213 187085295 686829358 646747963 936201650 16749422 454754348 698174793 692913559 27073151 733171019 225192378 664625279 863945882 564087697 785854697 592807304 457306978 577941080 399345704 460681243 398187612 423169034 931872749 218608760 371804602 656643839 33926856 99407783 29380413 579752461 676816697 511447102 961274100 373447552 290826826 995635890 867423559 332555887 372969803 630912561 518138189 275494197 5745574 923010529 911197229 640491687 259892552 896971073 615022939 220622916 605411476 72548105 641190573 577293920 38406552 902348532 486963498 106198545 89709765 837727044 614073564 979239257 960584499 524504852 793854167 526831548 29653505 419747934 423760815 228613867 980959532 71050075 398252109 889038778 401559886 421372244 50128884 252294297 511897925 785642153 265147767 551666068 976264245 9734758 593108888 494162886 482726435 173162791 516718290 548506658 289347615 994236785 936516364 771857410 328105053 917928271 177203289 380897781 719014312 477793101 856136884 627668883 547751699 224190904 272848518 863421446 693296991 855732293 419485334 154565165 392553473 574512676 932001254 899487904 280735648 446864145 780314203 96876626 90994303 291599669 39976954 874853993 985963004 157830651 694633743 103205166 999339510 125932747 69960399 97635787 452678361 552270352 156696793 424931099 719057113 697550849 855577721 349813861 951867259 87909513 353358258 321126190 800507639 846407949 22011035 222113106 289664017 526493002 78354807 783285584 837783640 960801643 268373526 480024342 694525308 995802994 544372167 451569582 563878719 431490568 212124675 982752908 163881227 309939332 161271064 889071971 112472230 843375631 641445932 376877627 215130045 703973055 268922877 249459976 241978473 355336686 675516633 401729985 468701589 340751659 95379239 966279318 630133677 662313733 843210577 908039336 567092781 814053495 926747942 721765210 37254065 93902265 858792906 705440641 944645575 630414049 147786704 951413627 709918949 786516557 968081571 349274207 315226891 466919289 715272148 502201496 687219223 412151416 211028990 874879645 926756779 536131550 176849867 345355476 679852047 78738615 200810800 525115551 8488504 565129757 528975328 542302668 969041436 356980588 356585049 993743614 671227351 514372707 392223580 295546639 594902496 547533082 800354872 212919341 729679912 29669922 177565135 766730746 702521446 524040090 545075344 946499805 138015454 800393787 583328892 719132124 791650796 495718685 643248039 234411982 506509429 548415712 897984366 375355789 145385327 657101975 749908041 776858307 629670676 25562894 598218008 59578395 4805950 689281975 374486385 698749364 164058229 182042574 242593972 456111316 216055878 402366408 978516271 658726758 334478844 996321150 716502253 626394755 9824973 51065309 702832406 640590722 766591979 946491005 390181598 846195048 535119374 942195360 453587746 910301482 728587157 551786682 216537375 193607402 549478137 181547465 524052182 819445849 882769146 196985459 205318095 929146932 507529144 201380753 737714786 218939107 331847302 373845495 97073887 528664720 162742806 287236114 911363828 982437011 7819215 922188272 983738296 599326895 288963419 383993244 475227447 159580752 476069831 86456449 112973765 292357412 225010306 457691891 509590472 563442126 168482379 159971646 478785280 423113324 117434662 341187793 874440651 595098708 933849134 728202677 849451957 95401310 57507614 903405106 32212384 610411018 938553979 222861256 457833796 135756586 618478553 838463527 628753645 593383304 918164864 697640046 179211809 709164992 900346674 750896541 468308125 174390045 422181483 437108155 319133957 437677672 452315132 455783280 194163789 877323602 409294168 579375263 295753069 575440503 790037840 185547642 602173568 141665031 795975625 256978817 683495033 938012847 938790570 8619586 926666829 987021883 193131647 19520152 590026125 308911085 424527030 4503809 734933083 519816249 889146422 452500353 323225442 986964082 859482748 111355143 718067692 601012512 675904778 927700688 698693738 12095252 364481485 502287798 426688130 865579179 210137404 313632800 57948528 808713194 159689868 922349744 507914277 946682945 977043214 999957038 102304081 950661206 244433208 580760212 34709670 689447270 347231250 191438466 34135311 803417596 23704580 47144395 273800068 536269243 790876083 305388272 82447222 194541851 92806355 793773700 194450821 144645515 489116641 280030791 463414822 535453027 289919911 314317360 922740850 343920912 493246760 222797444 611660552 66885402 280824090 444261624 634812931 717787679 73944383 534851546 228757733 731608120 931661261 684338236 556385920 896578902 671197250 562206394 414514679 887520445 732181060 316745356 406971235 630930192 754913796 631940260 392304631 609288249 790873164 203669894 349420216 575380738 847257693 818645445 15190 475794302 427495144 255933583 752865231 3735451 178192914 549002533 888266286 716023678 421470071 339107772 650966850 66360370 602453613 408379090 388704281 11532916 528450221 901449313 233997650 629364378 893615949 614155432 32214894 7250392 677622993 282635689 614681943 830303887 754785495 648666250 308989366 718783986 313270533 467655843 151465812 842443467 369768356 262491854 984943169 850539079 436081887 625078035 644454932 184053230 421392397 248873389 11252468 141540751 634780183 322362188 639464094 15074358 143235324 837179012 536395532 380032921 111433188 194358603 567817201 68878681 167802918 110482075 165269972 845333494 429982277 989785641 217696860 65140764 648292135 825684927 896561177 452622368 730926510 891287801 211887979 467826092 192153445 736379463 421080395 405138617 63715211 423811559 60782164 971118767 321692061 197433522 806437910 282756257 695603822 821485709 143436064 212104444 921572763 740145388 624898888 727070679 435705215 11800650 994393188 384048995 562259019 382785087 396570995 326100485 674179425 386140973 155608163 366802374 872221731 24414984 686843884 449206079 890410468 764529176 274773255 351179323 836896471 15077929 300287164 832748014 481454021 126977746 110871774 440916383 765754883 904517646 765610957 84121545 703929560 237157263 723598723 831583909 810536156 284706106 119033028 157588769 429723648 886338463 968020252 131432384 183667436 364472272 522765673 793463302 773534410 174528734 650633837 378979846 628078955 610285537 576137228 132228705 78736350 521057380 17435705 714307040 484027653 601215973 904843183 568694506 411193291 514902167 332662782 329763618 393994798 61668279 967564385 621589966 516861122 381334515 729789288 486037060 288377911 304479087 129263933 662736795 470981371 333087920 805973191 883888508 852422756 796467535 903895941 234731581 853115277 400698819 528071412 504924085 699662315 273357494 659054297 971975823 904891676 810989534 593540068 735740739 755818035 878978189 178058376 232354750 624616186 853202326 535931927 793920294 291371833 138299871 296812713 795109447 507015620 293098027 200973050 982453158 243891005 422233994 399217340 494222158 969968972 607158040 383605626 548615676 571229511 426597626 606964527 75901019 221006649 398826381 537260980 535663833 198236954 655427217 143676 758067993 641504625 162897790 798580253 111416760 226834611 2312889 21746044 453834494 369147791 537367531 288096307 488252424 462468366 10190017 360070852 410255793 95278048 263593490 816116096 982774363 218702653 106606730 975056326 982362684 672698934 617325241 545561950 50808323 135334457 755932216 587609443 6011481 967455033 189070911 478894279 248900052 149054690 981433138 941430831 488136591 818277381 489301368 828881314 563741780 212946065 114839941 236117014 471283300 723964625 933902917 608182164 268801916 542669540 695233058 660535573 413653734 965175251 325040579 85123852 191983801 876344968 664506791 615289618 470018331 685307795 897913384 621938011 157003371 183804214 602530920 212288793 712676045 209150695 943517683 719075663 245912156 783034127 962472900 958624225 779096445 542609420 896813416 563394510 101662457 200899062 835020688 659341556 86138100 345627090 312803782 324689059 25434060 995283172 465796663 415768523 473439893 223575874 631869218 367479436 224410429 502996170 544711841 82836521 690577124 392944881 297513533 326015994 437012685 249481918 961844138 520630866 725024693 676111320 562107917 677463573 588599339 401616263 152681643 26545355 500097941 424243332 209037777 40580250 885607870 144178520 862366635 640839426 702886088 351754097 475681127 134145031 732243770 16881176 107530666 341930095 98883002 681780446 112068360 571719809 490327087 976437369 269301573 742194861 347082883 685622538 459431480 494780541 738560180 408914633 518464701 230622277 883463032 699778858 802190897 50377948 219331083 371902912 537387855 882144840 865520614 291597120 621395605 602723690 678876398 176353889 913053051 273784148 233091938 289346225 685096173 702072522 78243713 234172915 315061604 919563394 572268198 161462486 467775103 614303389 636451983 180779197 954618848 817276555 827367162 106849256 671111679 452138722 321618810 947352680 980253341 916415950 110710728 392580208 42880134 599859140 966446309 228875075 937660228 389030651 690272548 917493853 97419850 748496107 580567961 729065726 836478973 925613321 613097459 924311508 401175510 868521286 441985117 109555336 645794079 802978108 120820895 462446978 133003373 731363027 187727195 85891196 166047497 473723441 864742122 240957871 224882545 211249792 492416699 410564962 880639515 780767097 288988647 732137447 898525439 479340384 285181774 812449351 972867179 878649138 391214350 80786204 517481537 675621281 10132439 373679117 933498902 635535222 151089845 42696836 781775644 927510136 281072759 531269302 369393099 559808501 722392140 293110110 572023511 923571511 774600700 395436953 651525422 648616300 721254561 175749129 812736236 668959078 935012247 140772789 635891139 673027531 575247762 348820285 863753295 241463230 840820146 228130658 617878201 54290352 914036202 129335296 644868770 425823804 564147871 595624508 965693722 620213309 84412506 917446606 167766906 374000744 152896325 563333767 371898156 919187423 125308749 479806546 386855751 842615770 592047596 425625400 335840942 297647625 840105882 383505796 592009371 504563190 775170418 495817325 892575532 351392904 457298800 17226300 571257902 159866092 33406691 56085417 307089209 669365896 634909008 512830699 898948180 356381485 153931443 502078335 459809024 97603985 281316412 771044876 913356966 353304703 281374912 839175959 969176092 106058268 495583996 986439309 570404504 246351892 83044092 267616551 211630937 855860324 612555901 309374397 570503323 621544404 297611103 778332004 400360484 591961238 416545304 262117371 194194700 573274657 768705689 630911583 618560117 671175919 553745992 386540535 838137733 214415468 68064161 52683599 269452923 69602930 925323538 353102458 995208584 773781852 180517880 864160789 864840881 527248387 967729650 829819416 694538972 880265329 588774163 848766030 61734029 245322405 300786562 531723956 925712515 199448741 739295122 653247694 146793323 645380715 41553118 744753081 314169867 209403942 484554981 484375427 295195963 372526840 519111823 988098648 947083468 394666162 665590859 618444497 152755962 874454690 381225639 569437896 756369436 810507134 243456377 325264820 778772643 894695136 96365917 808349102 837411276 247616383 981720539 714146045 534193647 495538264 72780691 373791163 770141150 483787826 412708288 565070757 358813029 532105765 92876939 150316454 515051550 480640164 531110733 637470388 822039128 248930132 560876364 980347672 579824701 60494896 798241699 588768784 673289483 375614835 571703988 309294998 971971208 94519 785308920 690853384 269272368 350723188 679871883 993506199 889909983 224463764 28645126 474512345 643088546 886917626 874517104 315714756 157612505 597282250 68189074 504426441 732621463 565689880 96071175 671006761 303506224 795704016 392443881 215360423 770537659 288086634 390492906 627261987 240583949 195186994 694388951 354428127 662581968 206476743 757904284 972305563 786684738 625297566 284369732 947851425 18040327 685505263 916387933 127524713 366924895 109015635 862762927 226524665 587898363 401417651 468911363 811425933 907391604 842915688 368074487 56398947 871630312 965797507 93617840 632139796 782791539 226559074 595315049 60875488 202437090 41452697 210154004 779696750 645114022 807688762 42085814 914397426 252328545 287615430 53091962 168501390 688135865 901415504 725313439 49229234 51714676 888284058 133358042 411436785 484939079 21994686 667876820 94881323 369704196 794857568 631395994 807317399 597996759 66595260 511499966 781244604 909386777 744040087 195458496 774745890 499538938 515373021 829153905 127859935 84525482 667240103 322021742 706879563 479297993 81432055 79443634 935184470 932677032 328587176 377955102 315966459 956887035 251837296 473874516 203232093 110438562 323284557 86742595 295440558 633018777 523135484 80786820 851423369 151983590 793218977 559061603 849734457 260265178 62826481 856866903 668185674 672080689 656579734 261601632 525246308 43575209 48752454 583973792 816170874 110298900 684912897 619961291 943292724 369982015 626733709 675446247 750037561 732650566 669311571 396312321 739872657 333717553 409921010 874857576 114822354 601421018 782260056 594113848 235551112 82792466 278168161 42792899 481059389 355472125 31057320 114543714 411458007 436340448 129351195 415053164 973191368 690797919 155388180 389264892 179799032 352421178 2561004 194782693 189911599 671057201 466886884 788693667 518196812 455829575 383280594 230856939 267789187 10590832 227239985 79566828 571562298 150506600 642249809 771387727 7944051 190673135 709807269 970005090 699076502 518277503 656144181 182594838 835563148 786740628 965027289 750449284 759531919 50107058 675030816 590952011 25399268 543371893 295070279 494490362 952799498 446304293 124886620 629001270 136468862 536560629 399231293 697215080 756861563 216662163 664239909 799335617 914258216 74767384 204156705 339409035 298307453 607677569 296087084 850018744 593030885 720121225 43422366 220131717 359237763 618321354 370198844 334971110 729821701 115884345 343595389 61507648 840607608 536342940 334242289 333342136 742184121 8552786 173275985 67509890 467840345 974472115 48643530 472641228 331720771 456875979 865414272 515241776 65533843 497138847 391064059 609547490 233210576 35390393 576869824 744054771 946617966 546667014 360190428 863646378 509748048 432305782 788973355 636337730 866469641 131492383 673116356 615601622 692123426 851375979 131661200 880747549 55210371 690780075 190611813 894466584 921915987 34948400 949075292 503533430 429594918 11943238 282673677 569357797 11893553 558919297 574679195 812199293 941587341 572535455 147262069 159713734 643421136 604207954 676909160 185078883 362429619 196562277 157411357 325080103 877973046 250096342 916058318 880318653 636446140 995791067 804932773 654752804 904202900 256912949 60967099 548992544 204564152 309935537 182022233 83970447 76033760 85026178 408576275 925420585 685044426 880506982 934896459 53161489 298161138 663187916 546454774 727177317 896528114 782606068 92274102 961626498 577631070 922359568 14793074 551755535 989784298 947517238 711561631 10297158 163590493 541285716 678316415 28904954 812098215 322127073 740895168 90898070 966961043 444306002 713097570 230622768 71322821 542105395 775055044 511990288 162017579 969555178 777899841 93560699 94114817 643229885 187504949 372088291 886792818 694045054 931176423 530805909 511090403 52805115 429744376 669028564 354394120 871298168 124894045 504787780 752302306 648748685 623454987 454119848 10359961 958889111 698663009 754694804 716169003 607891748 416213760 638957972 994880123 408601228 983517923 992720580 924503183 125925282 868291199 877298396 639255187 930713016 64228109 610021802 81890091 421360383 682774742 890273730 881230184 766956857 314939069 737578164 812687287 62477937 760845723 809945777 642634850 359576813 125958069 75026679 83704384 65823947 83521561 401400204 620029421 197551217 30083201 574660148 382223280 590880545 639594047 747353858 152822579 282386943 516866325 953156970 531110688 248406705 862664304 450796681 835891426 88643320 22527927 669032196 231442456 624052477 883587156 221025027 538552805 103858890 891180632 541179064 741088772 772308122 384365790 37321015 167561786 143994589 227453493 451008362 684440307 893163238 89413737 799786513 376423397 367407461 991820949 372147932 832687655 742364038 902953967 406852346 125996014 172715948 211706998 128379995 655983942 995646168 155108697 357848145 531543479 582922503 727276855 937928885 218591130 837892493 221974571 486765489 707496709 714751376 328334516 159971747 114168052 345265216 902820576 272257736 154344300 291957362 442341954 572831113 443092732 311236008 831593605 585666934 874317944 676218046 466421684 900850827 443436977 716078420 194540465 140047672 200810225 443163017 198790241 886806342 743082142 642500589 349236315 433300032 586038882 449003710 32670164 427367490 192420289 380758443 311763572 95554168 146932286 860271131 318016602 29914428 302452640 586165231 429088589 325798393 473435241 770096393 433757153 887220247 475979671 178925314 347084077 323245376 330263600 941670496 526385351 2313858 229019292 37831083 309513443 136111011 491264095 513778828 343688420 677248913 224876180 201985233 606627773 565739387 355036373 968733507 671384922 951118291 956295736 109707784 101012358 769090063 915892619 408278369 584648992 587738089 460374093 928525242 309953857 721897162 788612463 720376208 800640770 454334850 212192715 423653011 566156926 964984189 90002394 460850642 281860443 11309897 688777394 364160366 690963733 562764330 545611621 731910695 41018322 106344375 686644856 882644860 718175713 622427058 797127753 705397884 790964860 686148365 974230639 976762320 855171810 734694924 951142174 87280841 900725037 977320914 130665251 28721360 720240226 413344185 337189913 46759797 103628576 9676013 786559697 15670076 732094221 203712743 410398191 535663110 128402039 128018740 624087558 237197985 985832697 314239200 351323998 558460324 958319508 288398734 964858925 248449047 868953113 528571533 420144233 776909969 216920435 441498861 559154380 790089462 352739009 180368013 196909270 38272208 607383674 278171705 342870942 810959396 267825617 130324565 112720310 170749455 232672655 732669855 72766071 741030960 239840864 847062213 662436525 594502030 964955489 161235301 331354724 639166575 97404225 404305030 155741757 748436530 248068250 793050316 885680657 21824744 147632418 646135610 312257975 928626126 470682598 971843843 126728646 676528391 194471318 751783323 106342244 507964365 47373819 467744286 933597692 571373231 974684659 987739027 276210021 281889529 972383918 887195068 375952227 457039908 988651088 430752883 646782892 345697417 687547122 484089507 461692584 469805190 551068733

7245 6310
8391448 749482527 897639150 273284792 500581787 793368034 171546928 87405889 856269875 786860166 760912113 253067773 891562798 810190272 198630263 960725926 229307538 845156549 64354152 998203394 590897 630366901 838883589 182520231 112024069 932537077 187282824 171824155 485664100 797792028 469036617 910020771 72978325 415616185 936905610 31643240 650406025 832800062 764869603 886597965 18091189 157920367 104719315 822604686 51903621 912043792 255027803 966534673 477931349 245331738 811202697 607971589 630663823 784530086 280147926 352531333 531236128 404170216 503566010 356186560 591430981 981995683 476935512 143837693 966405591 74823837 642226834 803252455 612631812 554881710 597088223 969308961 649282169 167608966 3656841 120261754 149264087 102417871 950800377 627617664 899112492 441669933 555091422 847728386 18492387 343539993 609647722 964224164 89850304 803115153 427456333 512464663 764686766 214594433 961751871 892348490 334754705 881996682 152623641 515536297 614568455 99599311 46400984 748995506 288889462 898177620 867010181 564897185 241891919 73519439 673765264 712073899 520997206 826746019 92118391 149200281 315275938 842937279 921189262 842658666 435412229 28703297 276913166 105875011 36710544 803211600 143456008 473337972 631295097 95792223 256322441 119662825 24974901 913645280 232713575 135557708 761676960 674787018 522066347 403014786 229428030 921605700 300106166 552540696 598690558 386192689 767891016 205216844 444062112 991329189 491188901 685324457 480191291 286753204 37799629 499851680 124091959 154971804 517737484 860949855 847064427 634102298 590323769 727946728 283350713 29132704 90407315 491764235 342145753 446960607 625815402 254691204 915200039 81699172 674666169 967306713 674062781 381565217 885777369 169764661 914363226 518213376 252754042 839175419 173149776 997587061 733907745 501487792 95364982 584191819 645715323 739244853 420706045 276080777 663523502 778088949 613800938 22785250 168124306 251078740 229848360 943579754 595507430 390229799 810778507 466354176 901566512 216658781 725651870 952489879 722978808 84649929 497528091 127885879 705974330 632072168 33153335 100141681 693624826 5800608 502943810 997425902 563090165 386740357 98668979 418076352 882355781 31882377 135545076 286366605 502070467 997979270 610815594 477536173 497840574 83413553 689107244 680482015 312571098 305446873 418281392 728908685 953959009 265261587 829015144 220257313 897501724 422886758 163248297 822021105 672829192 23629809 22681349 400824089 512126613 462918739 911071265 490320911 602009501 925554448 967838110 431939525 933656104 198441079 761217533 732997732 677170241 469602287 598902272 353081353 512356872 379764948 639437147 338175315 179147446 160023920 418122403 555124136 415255467 748366937 672460597 288378184 793917464 767176286 613891651 822684593 628818434 629269940 453739582 325158747 829182050 924872746 437479257 611851368 700566689 922977319 699634662 560837828 759550069 284936721 663883428 915593294 17454759 583879538 105166892 195710047 768565536 684593781 579454906 200951829 846456756 841941636 49139633 125352406 319959506 123798201 598261536 585094449 88053313 19755755 612971419 429774381 656462320 778239884 511393062 668987723 698493848 954286537 935262277 865836184 102793096 506507456 139752874 276760370 264875465 39788490 161818297 200075864 497287652 934518543 837234636 739639463 733219017 158526059 390178562 545055274 263350543 466959301 491957696 750962985 456745670 931652646 141795999 663624409 702505940 287672282 941440762 625881008 940111072 650022443 275817924 770215076 825203318 398993975 103907360 186796069 677130968 728703640 29996700 162360760 174096558 415745304 541890406 268645381 329804090 368203880 790977159 531666093 880298137 830730686 843019907 433600333 950889016 289103851 882688414 103019895 785290103 497606165 356931772 154979872 284136345 29327053 237038565 354729499 652145969 505436784 327116234 469335273 47112048 454308774 982934287 223184448 379726967 286292928 832947472 519443088 712871850 691498276 744152614 535894574 653153305 827336063 345471766 706427241 718904751 465749184 552160654 933205727 440659595 953216636 835732503 615430358 972729267 361662527 231759967 114388263 264696157 336228528 65264614 890080017 334071903 852592639 302244059 478331337 7321636 191641246 863898416 378879812 569130045 140574944 798406120 938292769 373106966 918926262 684818735 263221195 331185480 817534363 539840496 207479312 799196024 959380436 863905327 560085887 395709766 381381753 963927642 819672507 720538847 143774843 581476540 53203556 16556396 484606074 694638399 40466285 292083132 335164602 801647465 980996609 629246372 363327625 814761090 714401074 89295668 198517001 420188247 111347179 278821186 733239114 484358926 493719767 828762022 794767673 6022165 910823411 488673556 916545160 179280225 815405626 948180623 3977028 596363115 212133065 410284322 835982023 210803349 704729592 517041188 765032560 520767576 61242768 372009196 293456690 553785525 921722914 879641316 630787180 619435020 875757490 822590476 370270695 462504831 663686072 181679972 839107629 224071573 28056901 255699248 517111995 812358544 841933900 307455184 762489619 500509124 747542569 149516818 267464335 896181402 527498558 627102644 485309092 583435626 665479404 27764441 84792100 57264109 60905031 78275346 910462071 975860368 217370496 120718580 439051792 771316424 494738738 453980381 927911012 870367998 732386964 851964397 650315245 678658865 224020569 641526322 947366371 88016151 122504100 365923530 66835743 163692706 506745139 556467552 675159659 337193146 512474279 312987659 914909360 713676599 893393961 140678437 898316215 642410031 910201928 302377729 442518754 229723086 934321726 118710467 758743894 704024640 923808913 666428075 484732676 287214243 900688004 111658103 9774556 981322275 398470239 774119912 424011128 102567068 196800708 333588496 650900406 649546539 670611863 211755032 648976509 877367650 824876132 784613534 564081892 568397019 191623707 811334554 926135591 285306245 590500583 717856150 439355218 831293998 866034488 328678755 635812048 186118314 460222268 269547597 190172828 80509334 298868539 23231545 39821272 767908532 572256639 920820827 936786954 133681132 949986948 472102022 825305196 779935240 195599627 301668412 900815475 550286702 775491404 252369946 817266678 505239963 702462665 869917233 392928354 277323196 723383093 144122126 273637097 139856294 466754139 591322064 541340417 624010197 203966128 450973976 178514584 130326656 644273344 523199362 946856180 242393980 28466415 144223350 442816417 584992417 814452785 143695115 888217984 78290298 18658239 943926420 604912859 514781840 268199633 579514052 902530181 817491757 27435662 498624792 652218289 759733953 347536429 18174212 211086755 875178454 631803737 803106575 486154108 220516051 640939906 822163712 231506869 354921668 640936288 840770833 684877027 785697392 712814616 882715920 779170671 625687704 848822646 403735448 385014716 198659640 921257309 23537854 459341366 270527360 276994783 293932895 39364650 63269008 586025644 870241616 210752875 891634546 197419269 419310484 753597790 440505706 946133776 921446365 143768684 916957536 739000964 988269206 771172850 498070739 427250942 31503682 429489193 717474201 25251083 660153986 743470181 153351822 756721855 506839968 944643690 27610478 521520522 624842082 339533863 158351516 435835756 535323861 557569130 478234552 944857326 933912841 491328958 163158201 532883566 396360843 200595884 254177921 94159554 76127234 754703677 519542397 298095041 493503156 466528156 305237267 218294399 573778272 84537699 398298731 532773346 112387995 367829228 962809170 705641951 664445561 505102281 855908456 777875827 319233748 25112774 408911250 215031703 59816131 702449331 148841457 338459457 623212837 738051154 655459181 554396809 711331077 604412745 627763812 200239088 200675963 863449428 164309075 813992633 620650768 629775303 714296418 524316478 162154251 8438745 923374250 863100424 480057178 616532118 517937260 255219147 742642687 310357650 992760165 230196567 681833661 45454409 747432549 936943892 938429024 38807504 707684615 900164867 425265888 928493617 243254058 945407589 333915155 285156939 267663726 660781601 547073690 442704607 269544698 979910810 800289213 669919384 826702891 508531944 982843662 421784682 991340888 150831226 516840456 383495307 940599311 455081998 122778382 444709182 265484569 17215889 42641270 745310051 517340142 505197589 855215651 849205414 574054565 237521554 730600754 294972045 408603105 295397881 584320272 743110060 400010629 243349758 706803057 532372228 233605363 919907746 291224905 502440123 733273464 548005079 798265372 676274152 466899585 588776931 62847074 297421970 757264677 213915674 472447749 216556857 822902661 725948359 3636860 983531821 827941020 532924346 245704540 490102117 561999872 665306807 897436170 169355587 738783394 446832898 204510289 545869597 890478788 671475181 367392525 867103143 808844626 297190167 895666725 435449812 617595798 718048055 526575369 762189934 926612296 890536858 434688902 452979134 159499342 527161726 546735026 710603958 883434486 704921417 651061149 697946410 16105977 884149348 965508809 416958723 11368198 786975043 206678596 552762343 988282085 610284420 991117246 826469709 34771971 747931734 460852069 683016648 218616355 149245066 119571890 340164337 858426870 105572393 851590917 148750527 5805553 915247305 59799116 980364063 964546325 9635992 979813936 966823316 325926108 180194984 741741290 948569397 184743936 515462093 429870272 87211855 451585741 351572175 115167828 149270735 197297799 42399660 222790259 57893917 861963743 3249016 761699620 339982272 852176765 470480685 239278526 448215839 742105783 562117074 907434813 422327854 67929045 814999496 114921128 557976029 628925583 372586712 37787181 878660380 762444023 174375282 421219764 959181107 751269075 345915230 725888180 969040956 746780325 228957749 580528179 21953189 982925594 593055551 69990071 443582704 764070284 467470581 489741963 707108072 633196995 446739848 882715872 312581251 199070895 625858682 600817810 162960775 552921449 622386545 303835643 253470833 480697933 854934348 334415487 150029544 109019936 765768220 187323103 578296322 280865295 278445907 660015004 33466640 286738358 112076162 103407161 801913597 816833195 326657749 446186057 532497599 127185710 169086838 112985335 455294836 662589565 982885605 808963804 655249304 199227120 319285433 250907427 791932539 760166235 61162730 480697526 5689646 831163837 540274849 691612115 265722713 147883120 106551835 886013254 537113845 499974155 570225130 925922166 158325298 843894466 105898904 36372117 344478742 482845545 336565105 42127155 800035740 465991142 554442977 220376222 543052223 275359115 174392057 812057786 836650705 176549135 307450869 990193757 61949367 494666335 691629249 513164421 897243018 530640107 820829216 927710383 83482576 252507154 822841653 750304327 430344256 474878434 404709585 938736394 129386781 837670871 644334154 63501537 490467364 92862817 684863284 769171163 560149448 618854384 766722157 534883902 806851897 462141346 150177684 97383758 436156742 776482576 718983045 263230207 396654292 172574085 31743057 635210286 742361500 201962095 770946220 411685652 612728504 934387582 296067357 932360482 24646735 493744327 414430081 589071111 220169347 426197226 655171574 311017902 799975937 138990622 101493312 298639983 536392151 878182206 503497946 585237230 656450634 995988238 10215728 147782970 146657435 292154801 718582093 23655395 597965126 323948159 628429081 904102667 924565420 94918582 115923984 651368176 853107794 442014240 804883102 502590025 325374223 604873493 760569959 141183687 233898633 422048419 183698459 29487595 472752060 261929161 238737397 977032631 905425039 516313295 713588161 611899689 473016342 183659783 674262329 974806935 823173170 775458006 445069120 501049557 883948772 268592528 593325292 948657112 262658454 636551115 419307246 810171125 916470018 801182654 497692579 532270541 353174485 892780597 657640957 736603593 82442612 796644983 324405284 259837012 126000400 152910569 30755137 573789666 97584222 765763856 679887595 442358516 280901060 412243008 940110448 167315228 52598918 226545350 67115852 161718181 187904787 344591226 119087597 719912421 61939934 495169842 330321463 596147543 533712239 203317339 695870788 194516750 896329721 664823727 579546966 589849704 7773874 659308051 553629510 616959971 689174288 33049561 901154289 523811231 288834058 935833581 953796904 485010221 418028960 284417473 704283949 957359224 775214709 89536705 891951265 923340862 105634054 970864282 653985567 311543249 13877501 941514226 723804033 368311453 601719630 937365693 708336378 118106120 600160504 553910659 897648394 326583493 952936824 867507087 645101328 612908463 467588151 297640660 405140798 401785183 848271081 783813676 110990191 959955437 774955442 505972756 4984733 594274701 152383234 462686887 198815966 562418141 659375942 564578317 908202266 233052578 860689132 289155432 200693324 769025463 843039113 234668017 209179031 891709089 963792938 747645329 195981396 232890020 238625097 127259047 669863689 580875474 530657559 800546107 488990549 863937523 961128367 944242568 670522348 645005484 277123066 743222247 498910668 640862795 301095827 3060371 116013084 367070237 536547059 82834826 436322932 823965093 122365195 932790875 886335236 997596786 168388497 212671312 394938741 866115367 174791294 173340958 351978775 572148842 777940044 29376109 871695662 638556974 200675777 20161571 675802477 494008172 507333128 597222531 500041413 138658083 454572985 45909 270026534 200424309 29527230 734343742 439862508 472710072 682035167 85328397 867577354 349988409 601798509 902357530 938682483 96445211 292050537 592655878 335589577 959869151 930472407 196876638 985126007 895380051 779634966 621608009 223135677 719348757 592186508 355937230 429524796 556801929 140574744 826353392 499245600 650617288 652508358 693696464 911906139 695707324 79862656 542194646 738854481 941483614 870385128 296740097 654202091 456084765 475178768 101452175 224671055 337728725 520269193 283578887 770638294 267874302 955173904 450061425 549467325 70247500 289125910 178257305 675105875 54829624 235956674 593037069 320262218 366608571 999179315 891708760 540995827 236657493 18579591 686171041 276825961 672078080 279726781 967474102 354192351 781706910 952033302 801497218 5024023 719940178 106814987 986891909 433216375 717446005 109995101 273166528 415984552 44873754 123266564 577073664 949520959 910236049 535905951 57655162 575514472 270613136 858736410 316089883 408076123 968469300 716374035 197002379 923107281 388932702 816867974 866138508 863051445 989583392 565960093 968571223 601108919 23554485 757651683 178386865 925864998 47740722 137524724 702661924 823820308 498730027 204158884 950161337 868275956 461300017 761214997 901253035 973669195 89195248 304114225 307949066 145950704 499735842 676950614 318828705 725889681 847507172 717639549 125191458 175675766 148464993 963819592 630556258 138250438 817314025 263539199 243037706 547602068 676678927 601990810 504911353 536191467 123377498 644549842 113989683 867522628 794708213 262340910 620516878 783227082 545145331 634968793 314596693 822802676 39532283 686570663 636485836 326434837 938704943 521521253 686112996 641173178 892014124 330714192 729660804 922523121 914910683 980435689 182731261 568145216 827995095 676667662 243482759 74081527 162597334 648262763 29086045 891079015 611328845 715220101 888843070 381224541 834784418 295764694 849086783 174698748 582186608 776742787 612774723 957607413 594991930 97512191 893365377 340182811 873672344 44977232 530021740 157968414 792409458 736919860 453115820 661463620 512762547 263181226 510968824 47022618 421868257 862124608 229455302 915781874 788231123 239117663 974052792 829342736 913702341 4520203 258396992 310168637 175189198 679345459 313668872 417679933 472308520 836149292 521439794 392453843 257774313 63714479 897313211 344567216 553066024 502737745 412859315 747602146 356334201 445402044 697699099 998761648 281784579 917091847 183223264 102621426 284119683 552345122 590397275 488615285 91468480 670915763 401634314 745732079 990360410 297925108 532098232 508881662 734676625 507587381 215575931 779245882 198757490 934408925 842984768 603005568 530697732 126594096 581098893 280393651 737855668 542858099 631971649 101495120 997914988 6879770 511869933 826188325 555824962 661484078 117779449 355551836 206187395 801902843 424723862 987898777 301647615 103076303 846754599 404734553 563701567 571964612 150518955 207604010 661154605 615131465 637659920 762943163 443496430 638738749 562659826 678152449 980813949 911334865 940578099 284917370 717276751 162052701 73788500 166266280 622112998 542641873 100377111 793967886 977014837 878964292 490535042 63276253 672020995 19471866 491642891 809417499 375551685 816942378 333751471 288217837 944589483 481384174 461252093 311065608 878712116 820152623 844021564 613654583 999116135 997711121 885735883 567853329 215274709 104923187 749556343 768758364 326303652 336364447 239080468 845760176 521998756 123908212 170996919 651418557 832950911 734974385 611348473 262225058 645586867 373356641 629279987 233020242 807535412 265663427 131765762 138828373 493615816 712198292 456016268 705593237 394062835 138624090 750416988 825687637 549359129 891423763 208692534 18901005 240802952 485302324 241508399 618253416 975016804 690488064 411603503 825039083 451539234 950831159 225717660 40898960 468966176 501663953 341620444 457974725 52923943 510821165 874955865 908814047 975846652 2554348 480381347 761436739 453937704 418239901 541793139 825479977 301234411 419983043 963362999 771532010 684871104 184939079 543890265 763192211 674219259 809342409 190852274 635614640 531073860 834496921 478301168 981464492 769441691 605189823 377336242 309844963 221912304 808908261 621035771 759125266 154323096 609456362 801497525 838819297 694943357 581983071 545039746 33167375 482326534 271007596 409063459 659669843 960148166 794608346 904549968 917712344 200385271 922170328 267746450 693066164 894571979 173563611 112934903 62365577 321092688 767030785 699965195 629058808 989670113 298204269 836776538 989640555 363539513 547000441 205871040 899376785 595237375 523480455 964558822 216885480 260673829 693476661 515992964 408160234 484478752 130409461 164442168 824260873 318390511 113167263 552216826 783302675 610222579 11251043 60228955 779362090 718595512 616127504 545025996 237405559 889578808 736468519 270694661 693910500 112226937 248283673 124926258 594029206 838531906 630543828 150394959 43649803 740722435 502191452 115648896 337898431 90101311 332580891 715467377 811165028 594077554 792433366 460133098 485850957 221221895 403040834 564565504 161349755 793628630 263188998 126371462 532938352 124805294 870062423 792678762 141549324 253395714 133180055 228850088 39030328 273052873 22745812 818421947 803683790 838258968 178365243 166983364 507552 600270025 187326876 365847835 119105108 386525828 638503013 898795397 812071142 424696563 744421062 753610271 973183028 359617109 319575969 153853611 925885751 961511481 191995840 611641994 2447051 336410460 819414057 597192041 544066978 780577862 547935097 118344996 19395705 262009907 215419250 235401651 973342743 387824105 594891180 989904990 634405444 206227571 983141621 751456484 226589953 849371806 716933285 719979064 586188949 539848171 966277629 28277291 967272704 393216495 180395407 742078033 414514019 306271856 124986142 192226958 596221295 842690878 842117463 272689332 983432187 586140121 859256780 161046461 75785410 79426925 374611369 89506265 971908987 727661424 474657417 351468577 250384412 358268788 615555841 526626004 854807849 616568963 291018586 993581078 455573662 775982434 654314040 849834487 43922789 513543804 262185951 606383539 701119219 426128586 185748652 967970060 570419734 739690628 791079890 118323485 160993059 894246332 106943171 825648181 293295252 439254305 395992674 439324459 163195050 824870776 508638724 539629669 781953176 812282375 557029855 387425641 288122538 770434303 889250462 878670796 536178494 335686692 127685045 457259819 530046515 116753497 608230925 918323691 547690635 406801888 960819463 40030207 45547105 467835951 503682539 16119020 14000778 130369608 988697437 115201678 387988509 136214350 175341958 448471452 810666727 397452865 197559898 296797495 270877941 580490645 659419900 270850212 571430064 390105465 101103873 783391347 213678048 595645207 378369393 170233733 333920248 10752724 589657410 344431064 544269020 32240338 896248999 449857575 667002600 966204348 379676746 39285428 591570077 625232796 505230298 976974163 756976923 818860367 10137077 658065100 810273595 728827563 698350310 326121324 11042311 9103446 519227344 501462439 663680336 75700252 841691558 255250555 492026817 990720742 635501271 209640012 371327899 236722176 541583810 598862000 682572457 937286339 955186745 998288981 182124667 343513937 789472637 788820215 95087078 943160148 488879651 34004783 147977921 49662512 909374713 17361396 413331774 790565867 141155040 585546960 860471638 424503610 675091839 793992845 490756154 807632760 71138737 271841416 722312325 778754508 681556100 10811391 670707583 413364093 460974390 528309729 970488858 158559347 793875049 137097213 126437711 159079452 378864040 302167409 23360569 893792675 446816973 109449721 176344739 234530272 748551748 103492152 363998601 873387142 131146842 80545086 648204169 110883163 834697229 640588141 213481083 913848424 971619898 135503666 143331390 384719671 666263029 843721395 209355997 762809075 757155291 59058075 480319297 29462864 677471430 13809360 664982260 689520186 711055168 454689258 194133498 735245209 717178051 255529739 973236714 693263239 16524830 152168169 529822603 702534042 715439899 639703911 341848284 339195756 462938619 950219006 361348540 866169473 592899566 142561486 758801635 949535438 129438196 712301597 663564633 622505820 883523619 280837158 298045490 671648813 773873738 50920409 409158958 64576358 213127660 938879343 813014022 731289798 878944274 206366296 49445433 707503566 201530704 704111790 49511109 711539073 969217644 643319436 754339143 717298203 836745582 631830099 988674594 169397968 48246347 248769763 993733481 308084583 332233311 899959185 49225953 461144902 656753274 542022469 706051439 262892139 986112190 532977059 217009222 728982402 841197271 738911092 558971981 664044711 756493534 109449335 525867044 625089671 814041191 299983723 594709032 30417948 455073855 26045723 37547701 626767628 826114387 581912645 158362255 331727482 108851466 754629619 942560201 558558727 154540862 945818437 142326723 475737508 662433604 62178918 450482917 161064245 769026140 511350790 335496522 759276451 799175108 157455183 772902715 558510169 637743251 260684974 959155860 156623562 447494165 312151400 521870105 799992880 786418218 806468966 551658594 869842883 216438931 801105021 97769123 136476943 410832546 877476999 640133641 574794599 715400432 657121797 92989061 359772250 686828165 717619641 728532086 568605575 206912524 630147800 596182338 318231586 375663613 624185555 152067778 373399304 190742966 826454551 463418737 828802651 63408530 541634720 123687770 286410855 115611414 315023618 735921308 213033440 873149570 783684550 308375092 552636763 874681698 1732832 565544205 378530225 925822314 392293132 839911432 877222715 465110849 209545452 199919652 195969232 386373729 741246643 437745379 238426864 778005271 278384145 53295224 919708620 352540623 152704575 701917893 84478122 346327858 93650724 816141499 181278807 463236877 316045564 610885856 567986915 104682390 731725772 832660739 904514009 749716452 69265843 246445892 521504486 137244285 446746819 759931404 808116662 167646833 377985464 855105917 452162368 179683657 154904910 327629066 991526504 462029573 239149215 437686445 888809159 718092758 677855243 883890713 648494957 353398055 513634959 846630598 194139384 795672628 428630522 822250890 875975544 618901636 896436705 310551722 422635066 33203588 790011555 604061951 704319392 585922795 619370954 745223047 241812744 394576752 297568694 57337019 737379401 274351279 36673175 908475883 375143412 503716616 488185594 559456199 275488415 194553215 38539658 918831507 437395181 437412844 234548266 128752511 360880910 220447592 680536662 994353674 579854886 861056295 744241793 650059482 805251497 636715043 150379250 96878154 641936192 622101985 334789533 471161991 612969779 390708143 511718533 231171799 825652367 461451158 26569651 299404126 351005192 253887527 864137581 405942947 813253600 40757576 884915393 368855579 475744706 873275731 602794470 169270897 249597046 976596869 372336982 786824890 480744906 48787988 104939466 131883884 772160753 897833181 899541377 433337134 408753701 212840240 954610444 238783873 963693533 349685322 627055518 8901018 21600623 637600360 880980303 344936464 33828775 228468501 260173036 593506540 203425870 800411816 50129782 646679465 561878916 163001122 398359408 41623564 259107429 905129311 455955899 230427873 340587054 854390461 382455600 469278365 431317091 361744711 713767959 145513813 12323502 672145800 632531278 901041879 878438061 143738874 729169785 964076797 44381172 63579749 948993156 107796498 18061218 928719095 136797198 725853272 191169021 696339829 622047029 800334108 85276683 508998876 794968069 197595975 265516884 422335911 724538696 355713257 988359405 602303959 365837434 78035769 415682352 631459011 287073076 834865876 509033870 507212918 124282828 659753988 154258972 694080295 213114406 903842120 408063260 69299107 691888038 944056123 203906506 428354057 636964451 478899947 377298156 379094591 957029167 281042493 983235427 580718416 582460849 86094574 928417100 517515089 981345766 784146647 22483073 560889469 843269662 809357766 562059255 15897732 862436432 136768549 699998095 451382541 571191737 989610997 881920069 483714738 897519095 516004373 585862300 540428100 228209810 260644476 952827735 527098378 55230368 383715022 674665052 383292446 245877943 161840289 869789303 47898421 323478040 498133594 819052681 183904391 304615056 492054478 786883309 541051508 789625335 729996805 310825774 940574774 725220535 936528514 118445572 267557549 289781095 649305809 483906915 587727931 596550038 520386431 357883849 303808575 723465701 846121844 692253095 591587063 297537485 83217132 598997140 715927879 188195663 312272076 501340823 433770412 116472054 781291767 926747565 113427618 70394817 964206135 807508320 297060260 725585496 788465378 327063926 9582667 143289070 484618276 860596538 581701189 780511224 735223165 13773211 985107896 858387588 486569622 132598181 373495152 510882793 434712067 572488068 416359999 429186593 791271182 44706392 209073820 976068237 801532677 158294526 407410529 192549809 424065956 287282318 749388665 826414669 762184153 448156256 758128700 830718399 922968098 741319188 163070035 541000099 389718899 551699082 487681436 752391375 222239572 368223532 716399882 418805665 403324960 66691307 415354580 832551075 144706542 297416132 103498299 489978256 359751658 584745133 640235776 251804662 145004757 45300647 433487084 228799964 391979126 620188678 353798916 605569082 766339748 836013650 375151768 437388246 423509106 915437608 658983613 630142615 229060372 386604818 2548628 280345421 992460047 826375849 688900383 462404558 576655347 972405325 789188413 111703037 168860204 583260477 125985210 51482729 818449925 147176774 282837377 632920944 739043712 192409130 670107637 490054273 770029086 325787213 890606414 985591296 249346315 681884973 398895540 373996891 122943110 644845797 963073587 303083818 580205767 325321479 259662102 892970927 589975598 91046974 460366938 771453212 606736359 619044299 284555292 904885976 591291311 553603289 233525637 84099401 627192474 436893639 603638279 578979290 96398597 731689700 596611490 680247372 85723871 426987038 87293659 439594291 870738021 702200606 76199859 383252234 234758366 62715430 806871038 102922477 336948798 500912775 310755971 735872665 793638943 325338862 291366717 439114778 999693938 95396880 137163779 102504208 649740863 378116132 640215072 656256195 99811325 98033640 944495113 12211469 803304064 440777748 119937093 81601263 122767890 200331410 681992067 932388639 632864288 41156454 488761813 255369321 496889827 638914457 199624244 974143487 310432946 198956037 133919016 147130831 262305600 627520297 797624344 419761715 704337020 855467946 590807491 393495313 557143580 389406046 763619920 180677807 762597720 929210173 216449474 865721839 151037607 782981512 185961080 679498955 597357842 964223914 432708922 564544814 898629321 556511675 770820664 700345162 602911535 572158454 76468426 145803185 720979463 643637347 840489907 555191733 79825445 450805371 784927245 548717130 537213452 224370092 632079850 894297639 87911858 997754428 366048340 83081735 811740069 920414118 55111410 940835393 411248798 293092481 553726316 133336057 430619708 625374096 38338187 574173820 11833202 216326217 384522057 675590246 671990790 139026529 196848552 965668050 394605137 832230749 417720015 23617492 16021849 102139605 941362829 895116927 361236614 238957010 585765719 757596468 745447780 632032247 657374125 592098609 648478809 320223579 351611270 347989104 40003040 118431413 862737277 285296036 643949409 603185806 457777683 912415178 111841946 880905789 996129870 957113012 683990403 535156685 898940549 428190289 82874790 337634470 912300074 5547755 978242499 859921207 411826171 673505922 936090028 165338828 802572877 82956165 879217081 633335423 631961723 156191578 744213447 174564434 298029179 632621927 575281940 352732417 591504061 926077869 495452238 333473671 264873998 389235253 138175598 46322712 780059800 630067427 998138922 308085687 512456623 334320752 773813743 395573646 306967601 891676498 237062584 19167818 544398486 633247187 623158176 736566769 303531853 836006360 46914144 151078947 159670312 19020192 809046903 997160318 250903460 822357866 52032705 921430631 450052978 436734216 449174367 758269781 422082198 31797905 223845001 782000028 218559735 527887478 548940462 759926616 930962166 287809635 644012641 682436077 961152215 472571618 962430267 822527535 850483661 949598044 452354285 699710657 446437905 118671498 979575019 940875289 95095906 284938422 870339947 242385407 127311538 551685653 919545489 487160185 423715637 261992853 766968502 63195561 245227376 502540018 548645380 263550603 142616440 603251506 76970314 649500925 249667357 682668933 446882949 812606346 537118077 64701588 156781620 625809168 240720233 970580346 365468721 982651778 811161120 791280073 978750906 280497636 672853583 829083989 331208833 541671996 162451162 680258584 369540866 816615470 87527547 687852433 740733017 871766968 959299387 736840484 82026855 267450469 679504261 975552259 365121662 544569694 176506697 953503667 820241047 373677606 741960188 33840526 681770777 339327096 518862644 320151593 979884005 468451120 662894923 2957812 228963728 183863490 641023170 310389887 535339420 10630258 428205977 121243073 353241345 451299471 406389496 912314189 724601523 347371231 278039686 466142745 789704485 72574119 278172093 754352333 726099794 810762813 73960636 828830479 975840145 592783102 662876763 247500464 788279714 358146492 292617934 317645384 533861319 669824729 370156687 434926384 454795599 833447216 567029830 818738613 589112760 162014258 648188441 689523642 422510443 153715484 705043918 753321276 505626731 728226118 64311337 709724674 521592164 792514099 854085146 447374732 92655244 861403977 89798498 646341933 406693921 111743692 894526026 308332978 620902734 604227129 743352030 764977386 208285762 938046756 851349798 683977736 66086318 235224356 398453503 480138837 226612957 656964529 344086370 517189433 357080416 813134775 948843073 235549087 404274401 139443019 233456871 355733042 696546915 352207455 753023928 626174187 577274482 568461729 834926978 735979868 932382210 698878187 224014039 523230451 79983645 233338431 611475850 317850692 510117035 231155377 654349496 645694779 740325338 93943080 346156222 980658374 330591559 389128711 991657163 309271256 662494065 534654171 508617475 603057642 790278797 328811210 913918179 653269755 907806426 96565644 145883000 936755694 533392122 604534207 57508903 754526846 902622063 823502066 244422294 884775926 515428437 554601018 457562992 359309246 262946650 672377437 812120805 775551705 885128059 548573739 593245180 69576448 996511394 148768456 223763048 944262577 382935813 321247097 481854359 724779754 895984437 628221418 904803264 559506959 823402302 569472142 123461677 325718331 760249242 930024488 437872252 472255076 550387982 592146856 446206059 193730369 594955951 351092937 20131748 20518877 464810386 686366764 898025968 371121581 508042008 194751152 177475194 500400910 422122221 422557510 181367537 651336212 670496359 15611787 527933453 823688890 958882453 243061047 214789160 950751561 654416494 254459818 566724952 709791218 746244211 318847025 731772636 43705278 665136948 604771568 447914253 397986925 58353906 58277094 206194748 940862497 412655599 776957663 551901632 848931001 728986431 364686255 117058081 265104555 729806198 496078141 286812950 326883452 573164395 278495356 1889666 572952406 550144602 748780477 696228381 985214400 881422572 595108594 533065598 179510374 75101608 898136442 989543488 534838173 878346376 892664343 675164505 995681513 561132873 710200945 306390863 816445969 358164855 643544915 566736868 109292130 648232590 322004498 112814603 536217647 762795851 270006673 519643517 429679762 843011071 278353273 936117533 162581637 588076665 367126165 444312650 758913492 904151270 452990175 191813204 414808991 965277222 845972323 797945472 12620786 604409423 635081482 911884193 203137730 434036994 955088159 280039414 668463835 920581969 512436286 692091783 174804914 766142094 996014145 636267021 6921214 494306213 486848264 298563511 910694751 697110404 730045366 970594500 260216588 917560066 241520843 167001403 528958823 423334674 353143022 989913458 181838115 196100025 475486152 563376492 843072250 199638 772377191 860122198 608300407 929777590 842480642 182261936 673378654 340071575 58876354 557090390 625177045 335798599 588828241 691347903 185276861 788259185 320277888 660884193 703516991 454284791 77526160 513445856 972354921 621154523 8335977 683222769 946870624 193564459 902796285 736783499 987883637 459891027 246222019 24582707 362327214 264313982 81645682 234761173 153334793 96726031 854827867 242562592 288549424 510552226 908452942 419146477 714089088 488455882 856145404 425384923 985940396 895118576 773144151 591247475 84221604 870375503 572770934 574881024 605689927 292070722 62386928 205708036 9326502 294722325 671118464 720832822 712771329 588695126 991522257 797175640 862534894 212315940 638042535 399678064 108365008 443723126 593991433 791653464 229151906 226843244 328942505 836106261 118098576 120490848 407367589 341301466 382874785 356934644 303529650 655644250 482246191 455358269 123349655 902192540 99953906 792332814 757095109 453781416 770116072 292113126 173609225 241477180 16946586 677810917 417953387 889969221 462521589 439919244 981022405 369682151 46722781 998263599 271527199 823006599 184774743 836182053 988056695 540325921 152100336 391226244 663954017 174888717 882696080 999818678 395773321 269490622 615253534 3746873 274747919 15888462 619456831 698423104 191879868 424820278 862072106 835780236 398492861 639894669 728541849 624698455 561957617 678504614 395574998 812668968 73957376 669344739 707153939 796807545 555321624 30021378 295189680 259256295 45165278 226236381 965293258 674907156 546759227 877107916 972863993 911787521 826767881 256372283 113929091 466442981 750641133 589527367 462856213 76712101 655074580 993458975 382436524 256950081 88494575 455180450 199672499 58593861 114442277 630433497 284884750 797559516 396905961 243765110 920837379 363698632 702511524 348956210 105595062 701431726 664650321 890478974 912925809 503192785 891773912 560787839 353395887 802331160 15130283 580427243 684636845 992241075 910802542 363516706 125595275 371159359 900025868 300205674 742085601 464096282 92834191 359335144 357758054 326953568 265034073 354772760 558382850 659874154 802795110 670739650 266501107 764792133 107511752 511711572 388545095 153554650 293881153 477916417 803920694 416625183 997572953 114577377 650799208 245040152 897179650 536094387 440109477 648813330 422750970 372876732 949298580 577889329 373461179 506587792 973758304 842869638 696381434 873423277 16342678 546502780 287321248 690364877 200023260 655069443 332933516 188040725 718357890 377454790 820212788 394511114 153343928 573605060 427685488 627810418 450065411 511121803 549428277 621142449 342504996 300309024 152296134 771039333 828520184 569578177 3812826 291759727 7747603 340022554 910560099 300732608 306537763 693255928 476088563 404581696 280324684 289101297 769869160 486186931 583280134 930855606 354288797 575171035 72737402 478723168 456042823 959065185 882425509 110525262 879012836 617928443 873957966 830838542 300019491 137228697 714181114 786695773 79895095 640648573 343686423 41009621 836178490 897929673 888981105 307775381 911434481 252110040 830478424 658588839 417136567 963153095 834479221 302034393 707763630 206968504 202135497 203862973 324128464 35253538 560002648 877404949 384373290 249296942 159153661 284393753 184410247 175345707 14359389 152882019 924056117 241415754 961848830 360791323 69368024 478179515 838420347 25353395 99965185 743834718 349282782 674625736 134268671 284357778 472567151 129987184 300268021 48778979 809277596 594249697 680020772 121383444 143945581 723032676 847645270 492067054 558774881 797621254 148186914 401773746 892656040 538391606 170613701 684835576 470260898 84656751 123240228 569270303 748427572 141663594 533622556 424930778 236384002 794347745 169222692 469165139 690421620 555563462 236890450 231504951 55278790 173083107 404237695 875900650 130200124 271919917 782872104 395146892 25331424 782591265 691741074 579441944 405948844 23072852 573619071 650768101 100419736 888149056 643618425 716506875 138179624 883754527 429454709 457396196 394344790 650226042 475456314 319508319 927914848 951836832 692004697 482400949 658273438 989184645 501220518 389018071 282694459 465924338 669074905 71834849 794049675 15520602 95923949 901204411 324065626 327408110 618348935 327186037 519004238 719101875 137850670 603307406 710477533 243356152 295144183 435450076 780278925 867570869 757132693 116939797 757247646 736063215 797964003 854163882 409022574 394080776 99538773 515954259 304204891 973959540 866831091 374981891 685476575 192258852 331886167 341599259 88688640 777931863 928623 861739811 789177754 169775608 964227821 831307096 611017599 540161798 843416344 203436496 604358992 774102934 273883219 747759930 905345072 15255882 787309125 925727834 334123192 318427120 729065391 308009399 92973424 189595917 581535312 816454764 902468434 781221529 105538542 671243921 391868044 848977379 927052094 811772281 606527919 5265535 36639851 91016950 214795275 946853060 199255431 974357178 319601271 949184147 950563977 651723320 818532699 243127409 916644735 260995046 321664291 403098229 537279556 695586644 996746813 761483365 411181562 638618741 348648428 93544821 458158928 153967490 443720762 965440969 809501127 899062382 301193400 117188413 328305289 676668464 512025813 120216411 37782258 745945766 419704725 989568400 602132549 441147847 871216422 271689742 500361910 933826333 706753885 189998292 341272656 928283728 683273790 552682876 892281208 740061360 336120348 526048367 129834885 891964444 576231416 340563978 161928485 872003824 886774026 140438896 497116413 665290336 831056128 290455918 230903537 587622746 331487010 461869473 783923007 18784208 832176557 359558385 937957231 864603762 776333030 506343368 960555202 725914787 970051363 994300581 418201761 266904599 388893175 794606689 564454699 240017520 605247493 339717683 649109030 868526029 737510082 975458861 295591406 864998184 837025588 269317680 62807527 630997613 659932837 827030427 929475150 466399617 757924437 990246996 627051342 384671358 979472507 873754073 193615138 644862594 808104334 764764983 61208015 105534286 644529007 125495542 966308800 940895892 219353144 967749507 567740075 904460250 134593800 922986597 390209814 654848975 984448078 925126042 443709878 765859088 191535126 200312593 157445844 508617809 826718453 246598994 277682010 788214553 801517473 882273436 841957315 387004734 349896819 99667502 186573937 309291611 675098242 225018612 993734646 635107911 929581815 7058934 565962698 107347054 209442680 736592823 788349960 617261734 616746347 169330917 879322011 674181292 361233891 650755494 236920242 486184634 646805587 182061327 921174015 888873446 331106342 765825580 363527156 911965203 4496442 54882020 909667315 8715223 124380844 486811677 878577178 917320165 418175965 669723679 84387527 234140653 523260852 260889739 253418095 941829766 518914165 29940090 171975439 352921813 995101484 113638243 615532669 952671467 128624788 268074412 797954115 763640728 664000331 173082920 921004581 926454754 851671333 335566040 368280431 163151695 614940612 122274823 796606039 346185484 320151856 696370061 524825978 530837631 666278790 548704299 650908453 259473888 835172778 978655976 75062026 519840308 156668144 989439020 784360652 879789479 646915779 151193152 872052262 255418850 652344631 493173625 253570386 316725693 101657779 702379464 325839284 409306036 805213889 97751084 256484270 409600129 901134868 373068710 695853676 535153675 635226605 506002150 169933271 475523713 839295211 64438932 983953639 570075796 158429540 909783981 454838141 906424262 845570565 76609331 881357731 565472324 641716324 489428149 211440176 568902134 369306963 807974562 598669719 738166270 177090343 289753013 451328556 11485224 7874747 457085101 809711145 681491683 14993110 493297044 676456311 541807511 904636623 42376545 50769673 3762913 777630707 566185468 106849282 757528123 930967441 586922963 456337794 981166970 894950539 450559597 989239449 925171263 797588513 95806777 345255025 765749992 103853021 298493308 838997111 859724186 700419368 378820301 4714995 435162370 210420919 85946962 113829668 628361708 413317304 573376560 109517769 481795319 66401965 952918698 722226682 631031860 43949322 737041244 841424715 843816172 201362326 372639501 25715940 959647442 132727089 826089579 37471148 105665375 96461236 434691103 303816956 229920512 466894711 934386728 185474040 107194509 425421346 70695067 875662293 834045421 402704042 607954378 474540610 343085462 16027780 623802756 36941425 97802604 966955279 468069940 770295508 782459486 317261646 174246578 249576541 745839304 204695270 554137628 273014737 967491311 151624043 76234729 218586162 322556240 430889692 197442287 994263438 784115106 286481136 628338692 124332527 136552627 630596535 655669416 878289687 162353846 869560619 138560828 675940325 412490074 155379797 177790515 120102577 949066674 931659527 142472882 674208173 331851155 152998775 117784419 65086126 886663525 256351282 700639146 557398068 861327629 675423401 263929873 750515834 932949762 963285028 227386630 37719833 723648883 287075475 848371815 208125544 515334202 256055141 58256497 34150579 544792174 623666741 172121893 143208240 979939050 956132080 652565194 55724250 110016891 697339521 819509842 337543079 456645220 231485925 990066069 881272439 699554698 89344164 680111527 648279529 145396872 821293516 973028400 259725797 975389654 658509239 114335928 61615374 319750069 815959555 397455444 701191572 204531532 380245478 838436519 991909929 771521620 53998471 28008229 241552232 74777619 999360378 497663361 507203851 683487885 993048694 745762100 837532649 837398893 296007990 158044318 784200719 990695225 634470780 271472816 895013141 121167809 916661439 948543624 52758898 368096016 827601630 489236709 588420755 345078473 997791380 9545734 927704292 26013882 755229240 339095432 240600560 537135982 839782812 366682972 604184226 73444877 383952989 538122713 466793564 537316032 727659434 956122006 123929287 928223935 415379558 629648050 405533375 588630715 800229203 796121154 102425867 298739972 243531505 873516063 159060637 905932609 398760093 198669956 836189131 717413536 66446295 264166469 504256210 141794982 331943449 31589457 859443838 609214674 576996711 945421288 889981054 327053777 308204874 84281312 499761664 656669203 687258262 403483588 441233889 503839501 155996058 982290254 522876432 105960091 71228990 345376813 484572794 134342971 241709827 873040395 786336337 463903730 687186245 888833846 930787869 805906314 912940210 256539420 256492117 789736651 711682006 17751611 834622429 711136766 924637975 240620778 354983101 798835555 997644799 883584094 850906984 388700941 885293121 171693607 924230311 5691258 640175109 803399993 512664155 747152394 336096019 597502444 501698732 634480788 58063504 966789106 441823849 686725473 549777469 548280062 418949991 854018667 416777989 906892676 753196630 262318842 996686282 340171524 122615518 671226035 373162019 492699478 808764236 179965903 257271587 597941347 496100419 92798933 844229248 209216193 975746589 419595059 135177509 501473369 795779241 788007407 301253152 813709840 333592265 803371169 540473741 579214472 842893290 855170703 926614678 230118679 556909650 770907820 859534522 471538467 791239786 937843413 746894801 577199018 441683697 29889221 856053538 536806374 933599772 300003666 860392012 133872811 932749792 695502249 66305404 774783941 526823273 821858731 674821552 436896170 254980226 366333686 771205956 552773452 166063034 197752188 264962217 800282862 256615301 777100068 221778565 889504385 966475748 407654460 574101555 146674721 178332520 592472769 311075344 106716372 313134207 733137337 866401259 663064415 814132994 268309989 16686834 824241223 241326499 975632320 628098393 939827015 398336137 999149389 273115942 981063029 816829976 893807877 28323948 539412538 57768179 822507431 597252099 579616768 26685524 180367856 214354832 89060512 202285207 651658096 307850346 30394917 135666135 696916307 664394467 201869530 39012583 350970237 356539886 515655678 837247542 787790038 433805811 888371482 304927646 70233044 69513889 599580038 707475582 941758536 549220738 522721724 583306960 330164907 82205680 842319493 788735817 839893334 932686806 728775560 84196124 438455527 93218661 220853445 403104338 418139290 493357752 680534981 490174828 967855072 5556537 925085328 344324436 708218517 613709691 817520634 106658505 331350007 572746882 325247026 531677306 106284062 504702992 738781251 308937815 699428266 986450224 997274529 371775672 396155307 555422971 759143190 922860559 329114446 555776497 796105271 286308412 853614840 730241477 448843066 659111907 111414427 62326668 610934384 851567485 775558740 869337493 357749580 622057314 22105341 413142200 375269510 847726693 493014241 691673600 815599164 987685534 52464553 905520006 207863337 403570691 737397492 551348499 817778201 381429354 984193219 161656718 40564799 489041983 936296006 876844536 355811381 919230863 809405600 200269851 901496486 750232748 204716117 691759237 344828278 134077177 565804824 865174875 23169401 269472798 204216578 506179388 511781748 353664453 966113470 568328627 280039626 638195519 893051895 826033784 802231765 791973806 576195724 833561080 916543837 717561925 389805841 632043196 452479733 475731994 53920857 363540845 510618546 656613313 431650765 369160447 175503464 95936092 660281574 481272137 853811618 565997967 566043307 456836138 161287955 903330418 418721549 88160273 913057508 360945143 41245984 46934105 812180668 503165905 750397997 416980733 663568603 422711246 399626794 29959530 690091892 744004673 59648100 61454933 463103991 1878101 476006730 257800562 69999374 468759445 211340969 699105383 200562275 893589589 596373376 537679602 768400221 524267121 736706301 427315889 822151316 615354529 932387735 663325732 678515947 853950709 545528604 326470833 284395268 911743544 429794468 420577457 182751831 173414046 640415701 839792874 653357253 607664503 332496143 224732626 784609375 804829780 722629900 652384291 576855138 457676974 451069187 949389583 437965539 154379948 930199188 487646163 802436998 275274006 274849642 626600050 62893423 761938092 458890847 684005252 705861373 411228393 627532367 280859665 906871087 524715321 26145168 809801666 708522795 583103703 510641101 166904184 312007795 576481421 845385744 289333298 461647388 184719857 717577524 164613717 701769949 283811854 212619584 196654092 974805510 735812802 283541502 420207876 285383519 881979880 269342846 229348473 76489578 350099157 512258840 436002209 494825110 615793825 262945718 850730488 341821240 684676918 245505219 253393309 650727937 19972022 970779212 460567262 387896636 466511091 407878542 995927882 410037701 136673356 801469617 854966542 177995775 912069411 342428635 565831676 904896540 622503836 236284786 436701148 955826357 517668466 687608249 761981956 896617900 81976270 104047543 210509448 228051454 237866594 198080883 698939253 774365063 550324335 370963359 279315592 852348574 545043602 594815966 541537087 573423476 620624745 440355232 177517930 104095245 802823178 215496940 840436327 708141309 471702177 765094040 191074910 824170234 985512349 448252170 421418537 769321101 714315743 73324470 828578935 250204577 136249699 653562163 863498068 838804653 360770355 427227809 393163598 317539138 932979604 265067145 59193707 4682380 760729257 975660856 413350091 334253221 652585423 174083742 545926927 949392765 197749862 957197178 474108117 451697416 891644596 388165884 613200215 507753827 506952812 561126227 389414805 852128659 216009327 867406968 268239532 338469130 491454003 504414510 118249441 301527391 35661235 996585863 342685870 213706474 456863619 580171623 38799176 647121229 614598569 748130659 327015678 408972692 348771649 220791752 168402009 722120098 667325903 309884475 307951764 532447591 454567376 714853086 424837616 868322227 114746755 809922289 5134689 776653360 126248362 366166489 247505323 310879496 530879870 871646444 113892767 496152044 736910898 510515372 906865826 416937922 93800342 184026944 359484348 742657306 579831761 563874129 534720012 640959174 529296190 927325821 368177031 624698416 830035346 893050337 315131485 367832367 966567148 550344462 727211566 297827251 316526652 191867878 334670948 265581125 360214292 770503768 781729849 794363674 306013302 752655479 566479010 46508464 878423840 246189803 458342425 875860199 329589878 390764262 633128793 729552941 159756187 966146460 156584386 442732113 890940596 398715538 616257997 382307882 807267583 764314780 125000673 274437475 903467566 828846781 901948851 336190633 226141277 813160974 373466859 2966786 712826216 921379105 807384069 186476824 328145382 174280767 203590803 820341095 184674591 48025276 796924625 282073180 257923682 718230896 902633849 219565745 87572796 159752887 464764734 123205821 638542416 322154649 500141823 838544037 419434030 316447613 891349099 941377885 554028542 751571186 776865143 71625864 200569569 369606279 587493889 602862077 210305423 764225778 818896435 935911467 717697973 742140560 686196249 675715057 114500818 417073253 707311101 7635279 321327215 690736955 809243464 208276045 396337800 640800740 318567906 18996810 907440367 103022384 993154040 974833635 244520076 119466248 229303628 360763461 573166155 635422361 731635445 43482425 233163895 157357602 357556351 715513864 226401245 154316730 862352324 515232709 153781072 271550880 609362259 550589709 193789969 687648391 478126251 271262934 259168292 462754656 473028304 373232096 450731051 458132781 887458018 995525754 321211338 57863102 304123515 165644347 77890928 235763787 765635851 606285558 427474770 767251258 808934242 588065211 367314050 226094390 954131401 584631995 646275929 762360089 690088444 955399668 616735047 244919665 143560218 460503578 627676187 751623972 60318037 104399401 298791973 84777922 368626796 25816042 88222651 5706882 516968515 542534073 283250248 192901389 524839517 843281163 154100771 46701573 212278538 600488693 110238477 213682804 169651625 975280624 326636709 909893721 732654381 98349804 949178820 725684613 759856911 94432373 589058332 690752784 53463234 695146542 427286912 108035504 65933658 2460708 380688772 468981534 998325669 452353638 907824726 134429704 531385628 545506011 684975052 202873659 47448570 116374215 518771776 711900057 732860244 845896099 750710347 108196539 715363325 388172230 252498892 491948487 945996743 407935802 695305952 920140088 355235903 11778402 348765151 414944216 155158734 614407198 675764173 562331115 106637095 584525354 238285826 586417074 42206165 936139812 280480289 904300828 668113973 554260338 979353676 422044908 921098428 597611559 800607749 760022519 444496608 326476381 367756856 401549684 852299389 61448698 940761317 326669955 848269444 568664958 356857136 501961266 914630134 391670796 792687092 215084106 970461164 757967730 659692320 80061074 272494970 265337518 748535098 967772489 649976396 667144915 878499789 93833000 473943574 877888717 186528797 481328662 514130073 436931827 51106859 22789330 464646165 908751970 761176028 490864509 671121184 480275082 458274824 979227164 826059227 224008892 248241140 942561433 711901091 371157067 160033419 959164256 434416978 906154184 218331377 100696358 808379526 759100663 290963905 271422126 974229381 929885969 681263560 503608577 74112235 29927577 804601432 520622047 995060423 557717088 989137649 259140911 301403744 232240736 792897648 357392177 13705118 455741731 104890945 868831122 291012562 192338796 144430985 515782513 192418181 469090924 699348620 205754876 817410621 498644917 607574972 128563458 264123103 458623977 362984324 108709577 254416782 153768991 207530395 384645873 974022662 471910366 645509154 85671613 555024294 819137533 146395289 662244822 20763115 120864792 699464419 563673772 159557288 792626840 673556025 246739516 787014068 540543871 645335391 672739154 918104371 672346438 328523264 856081612 409871921 404608208 639039532 558881190 209602310 492745331 708873388 988087246 342713053 316382127 376680364 480764736 905236513 599690222 730579063 583942052 282515329 903939536 287634193 51478103 199018872 632534240 860995 859561210 826628700 692147205 73841777 766043268 311175644 740688969 125430064 747592424 773853991 3614081 909633219 798710409 350921953 208245852 695062082 542578999 402083750 610558591 662887557 763371534 703210173 255177856 96819782 52071847 934496184 460194024 149042003 191184239 823503001 528052948 176598611 512969562 946271043 432364690 599125826 783523661 116155420 920702707 842489956 534503954 123221115 408114246 139408285 326467079 619055949 855564420 304960012 278154066 569021205 235589059 778114258 369249432 225348951 924737174 877104582 186282357 923543789 359462097 27561671 681753546 298495351 818355032 459172351 76478097 867400012 434218034 543890948 780382081 228365942 177421065 700499876 311313253 832640088 641426208 337297555 258375116 778348804 533386379 586889029 242483459 107002391 773809528 420148186 816289826 602728379 876887026 675820479 440462200 165381080 759519991 652398441 727567908 233910518 245020771 131068418 449927341 68428673 139661765 984426179 408093279 874767115 689566459 668128157 665834602 657525178 949950119 228369410 270092649 651838323 168513766 602489083 107157668 503773643 310799680 481392768 939576238 473598692 427274577 890008346 547758139 949892983 630659617 751611650 925271727 853425517 548423934 652571945 566098326 775519647 31672654 961020256 498546131 217867459 949691090 262124434 715530842 502217609 617360031 262045159 651331899 797542976 468361328 225345444 435614536 38489426 405316218 581325867 675712169 718788281 25895453 492130783 888545487 760491119 205704696 673574789 520060505 716552482 365943030 156115142 827779489 973342466 440591541 870513054 764152677 46010126 827671182 769813894 572979712 493817713 441401834 6237352 762562305 55655361 997786314 278139799 87935744 800854494 786723738 222113394 711881818 703137216 397441036 641758828 992201837 784710002 389593804 758565318 222650762 922421254 837275903 302831284 950053021 62254889 735789008 806699406 454516038 976600020 950307403 219553524 719364262 456940222 773613960 276194084 519241941 683753311 378920212 300604459 143177294 91178165 742185420 366125073 198985436 750988063 237993860 661845672 663909435 949812079 396159623 617595313 354617783 272724115 341546605 672398673 964836828 115513607 337439443 159990715 299791479 939366203 636412731 623233711 433326889 637653805 109839889 46081497 872169739 324692178 674890604 773256394 326089681 362945019 166078929 221541687 697942100 68949528 982485413 862332149 571266221 258227891 812115872 986577928 56764626 521730071 339280847 943089553 173996204 403616547 388412490 754555303 845804700 473191662 293714391 546421311 125830239 132301216 918680318 736614577 84766127 367706206 715875723 531431205 231270846 433842456 130797982 97588197 311000863 332030864 959607989 984524392 139866684 900788143 15646158 710818117 381462355 696898094 342640535 48651821 2026042 413420576 853189179 214313001 759675576 308946440 433536480 784299151 636313654 900579734 407104335 131943688 253453321 650222473 562840005 341665054 879292152 927633529 803087343 795854776 31735709 423991605 938094124 448823676 924414844 646741959 307776388 766610165 677578297 114992599 568825898 509420480 531579701 918863481 522827224 962847292 585626009 318400768 931351525 189279672 799400205 651355283 798422258 38951334 715869984 504455750 332177833 182586963 383487676 345928622 575744964 400840226 120330559 481496484 748027858 612408636 308147159 210543686 271049027 982323200 927134553 322649077 358751522 360849178 905993636 492113426 481760965 760773034 592201717 914739250 472870015 380616374 803822021 408850263 736491464 405326427 359766894 10455269 859289991 474626882 636286049 315934219 201506290 438741583 619495236 575430477 167395148 675534486 208976222 601788321 78127088 704908554 735553813 372650936 788058871 285919084 704102422 37355650 915211475 757118956 999409979 288593313 259066592 377597945 68974920 80455685 929757880 521937167 883313317 254355962 195678583 365930430 659483243 215096692 579020819 539953457 239548155 251769974 414488830 55984896 626105378 376330215 268984781 393797183 995863656 803101590 404940284 699719641 827208726 575061588 864598757 18306782 846131822 558086192 9812106 642307864 583167170 441431684 725218561 809310707 60772190 659079960 509401255 907073837 895369568 309808233 457234759 362219364 979449293 700175660 161842249 442321568 292680748 320900394 828658274 476523106 935563851 746281530 903780479 111352340 463725434 715281542 312921613 706644494 649853469 85406603 183393598 843521435 605920945 120090831 182462022 583028885 344115308 861206766 656327777 53822162 82550282 192504627 812296203 916100478 561969896 192631080 492045700 819935663 129136724 583386464 149710454 114383970 748892887 417441812 252364887 58300790 268026121 613046216 75315542 329086076 58502199 466862440 158618169 994676199 619728389 862821290 491105459 444202729 485758097 110594655 675031300 578696460 71892370 228125400 153999731 940301597 476277436 280784249 675752994 804790609 518074824 356734598 856163701 559414584 840981781 650929620 258852259 55940499 776062337 361354433 146984429 389854910 637156962 84120460 916798151 930513839 437929256 614544581 652845256 124523094 225924226 364095069 336912445 917571399 830130948 389808840 498394044 842615852 804725652 336781454 487054836 105337697 168090450 783289838 586135528 673728707 458854740 885170472 126311052 668461036 785380000 196534246 886341298 972757771 981776427 151268498 753241344 364170758 67398066 73311381 897942268 107325213 743351816 821362456 464138265 893385495 63552591 775694363 75241787 399582752 265737317 18300637 850940157 108838803 518035260 298126245 554146303 604009082 625254085 811870070 950592034 339116871 319754549 874854235 712935209 827937432 337040942 696644988 432195684 852797695 648960402 749173020 581218459 143974113 161117895 721874900 196098976 723252785 531988695 63778108 982750210 612821930 434064334 772290592 574075072 413796252 505142233 18929991 144434288 119195058 656547710 799522047 775761720 556446598 783207669 816487031 37156874 963616020 73355845 716258702 838245076 501950909 414233775 682198513 495028703 752767157 269323328 75043677 977021473 995818789 117995763 311754770 787736608 370984202 244162825 152833170 573827816 518196379 312865713 392371632 690327032 477147537 782513531 248970667 520398374 806764110 133723430 200250544 940343219 336927108 71715706 235339496 217546624 647573483 729985387 540164835 820876153 647079417 719736617 744244488 381948406 464409107 674739264 86929189 689883451 501158113 474786823 331877886 764856108 43480330 478699602 434476748 11055508 806618544 311174862 884578937 519308262 399482071 141723132 189967590 78566854 963730274 338068950 659378321 439787446 948502888 574220923 913249455 73876963 396649419 644293247 844676103 248184516 821117110 918293431 251121401 727803893 879533469 296101044 79485391 286316422 168493800 948243794 46318303 27157755 505098171 168014454 109022629 156231257 105692348 798787658 27239102 253680342 131512887 659063777 653068883 223990241 540621212 161577629 944746890 263499310 799423451 299683133 445979083 146716996 665474158 416328370 258150988 975565163 755680140 390540021 731365335 563062548 420455647 80945567 592739758 849146693 96403084 20207146 340361491 183351602 307781455 315367276 601208367 251343575 153547690 307826076 801377998 890512777 671890346 189047624 545814819 925524334 984738686 3049257 615296269 142502846 536531723 924734602 529062047 200214725 223675808 191679923 138663604 223079478 893725184 843904260 537420279 401663030 870810324 200954263 287257439 579289841 944043476 643306580 813161223 571099898 995842472 546152682 879583459 739694921 244396519 439579433 565423972 510558762 799090798 21438415 870858824 631180861 692402025 927351310 191247701 69669422 200956594 69848037 489008062 433638068 785182320 582583591 889987887 158001807 484529617 111199606 110147101 730701468 876096459 825578898 508034409 604380807 604726027 42627541 346737167 362244463 843195209 411441146 907137814 415571513 506527173 350901228 769826775 693766330 939534244 44710746 285096985 203166732 525494365 569587230 77268873 854011361 745197497 351938552 341673577 831961414 771332771 743794705 572109165 480276646 63752414 967979378 537242452 774704596 4572021 995468147 406063289 244770050 967140227 358749533 174389502 597637051 95666669 187521198 370509967 633919905 66087571 117959641 683467700 117760628 658310778 853156442 188750835 558581105 454161829 499873772 441275924 127880969 299288899 784530318 858014419 944251225 998317729 221757284 370981400 578642325 130959741 497032754 491708715 42096847 363522937 592438535 55446815 782318281 574858445 761719766 219444180 393891273 868693050 303266395 278186672 181742694 387140295 690116672 305556899 548905096 701860178 537309450 966421057 821445531 992754600 478168246 386722346 669836858 215326888 236670613 551537153 711210883 169818353 731186915 720283652 627088586 496492851 106920494 385490868 185662775 468385130 182062200 453533224 693257471 254369035 868192633 100327284 588841198 305226866 208661756 440781607 64817017 863755201 736768407 701231202 678955460 546648836 188106095 732606455 470118797 351603522 356711547 882788078 564715146 310832350 358004869 484303145 706510408 269874536 187140299 22306228 315823338 783445874 336422654 694235051 558560369 693083808 292798356 737375788 227800727 152384275 291506010 922717519 793232754 103805787 319627099 680640896 564015355 915895192 663158290 596377539 467825781 347465874 799197298 588814366 476079303 411184950 122037294 578300526 887394231 31619147 970112905 948803936 385869780 604824469 126482127 606484430 857682727 328781935 558089060 861036487 886573516 580057344 20989982 288051594 481439973 598520090 616079501 807843535 248520906 73219350 791119760 281886914 496176699 774473969 371913912 449927073 841105856 618785911 617092404 106167881 672871856 596873033 607475612 226724782 577709864 475783546 76072608 983223160 581314850 698457048 433844267 99531139 50181028 7485519 910493724 275187029 708526259 703074390 80508748 330864405 153965386 656102807 741769379 173345956 122282721 34734771 736854634 358234677 212391505 550408817 335577296 516297316 817599822 426081818 537689696 819607616 737409100 544012721 272745466 376328378 288147934 933085478 954820554 1831682 326879379 57164553 62826289 258562699 851763576 904471860 126419802 531412308 197469695 922634271 829715942 840710526 974095191 424585140 376618587 12349864 873648113 5450968 95018202 292204504 543833241 373235772 241806255 897998087 511208819 978956920 250978946 918529709 594481791 223608285 214850524 296765408 856727114 685251154 385290999 247909794 428768389 421215107 80942043 289129446 781796425 66943809 995944881 111258349 159831573 274412812 83957187 814213375 381504356 307034579 820959837 285573203 644691286 50523577 580713226 565587432 381301759 819989903 370068789 789683067 86749478 259596729 204643674 660437808 328353567 752212457 219844254 350162415 595552480 320479347 411741921 251179461 398275656 337610338 986832162 60910970 363011111 322329077 835622803 906061097 952260148 997923030 270130419 755431355 311142 183700500 831437318 426668019 349516860 915930689 821526745 316132956 697664569 835559920 27906518 496755862 930001232 575243362 228322531 790149450 217088715 284277982 924783217 539127405 799219371 890767487 814190022 665169335 405568316 978029271 726524143 879472582 306031556 687178336 456979321 93968594 856194577 526202776 973323067 630502898 292708634 972370193 236581412 53902878 566582945 852821746 933274162 55672293 457115250 440079502 442952848 932080962 537600021 431775093 62154136 492138787 348402960 615418013 372989290 786992351 946682389 563374909 858520994 803182246 447059718 648259646 4186579 744616462 701933693 824207944 708829664 634927161 329065825 925469042 543806856 120147094 436974683 187403349 107588058 988686049 598190125 288054750 788421656 627983675 670600706 709463539 254929075 864929476 591628694 376524694 500163512 208854787 340868833 434827439 892984018 791211045 187495278 58515805 621855992 128167056 536950893 108051315 870244655 752295810 880802188 513951362 393291062 768285211 593111320 712524495 982564810 539758361 443396441 73597775 896057148 224720864 157448513 461627705 123589386 144811038 558398485 507952636 805823785 977545533 371902257 459802040 74125315 249647885 107542192 232211319 585600657 710344230 431065436 331925693 777523935 23760340 96124194 96385796 79985770 941647695 299671697 622749530 89977438 991515907 469153594 534313250 236639816 521189137 741508136 439308938 288643538 355006883 499778181 186631313 653085232 665291168 765860508 396889143 106299962 810510669 683044628 711299153 892948773 652334947 407546396 627203434 630924097 610960296 841582737 859735369 488058226 295993999 290784685 740228942 331208769 477795846 381396740 142931578 789365607 481751835 963663842 129718053 131506035 283528654 41825016 463422167 744794119 847315155 558634494 775169475 541767592 565902530 710978941 90448028 532349079 73921822 903328311 481164842 625273282 267667560 928255205 599330522 708332634 400847043 973247988 949414808 566093562 98417167 197229338 407962025 47928018 871847509 706648412 974560915 589193152 226348725 42355460 554960973 918046379 43601606 209493891 429509639 496674050 126541138 659538708 347784467 814086499 183931861 347278271 620617363 422690078 885345378 64117816 992834477 660012643 988758482 300174579 333761615 422137146 58478285 153969286 314389535 229958629 205678429 324509812 621958714 167210743 532379006 410820894 476366278 732807781 877711284 418570655 816578034 475351339 630038137 471845478 714088086 897258296 149127342 623181751 172504204 968435553 164311239 889500242 463795691 742029938 55940461 126295572 169428826 787600092 856247914 140677590 552673185 778058755 721288892 91280479 79165762 219869491 557091840 774253511 27396581 997932589 915132432 532504301 359800646 707990432 565276093 745137584 296133443 450190670 101538898 969926850 397583812 381033612 461071230 987979029 947789324 408389029 495662344 543208896 439999789 935653922 773833321 973783173 741088706 701958429 95475165 215969200 652708670 939988264 44751724 796189021 526540836 169019591 476572601 489130188 200261904 623028337 97062502 79813731 936047511 6370451 357507165 441208038 949275527 223158109 248438245 146224552 894082994 985359855 560652273 342209111 692475407 909512123 146653324 447859122 387603553 872418444 356575804 567391939 864272871 240819189 515556098 295124298 813552991 491081129 359198091 708301105 234221219 28949729 599895166 148636703 868402004 724507022 108674586 834425554 498077307 447062464 863167891 599606376 13456681 627740277 121710464 475478519 843682316 490125975 807747045 808114856 347727107 41377861 270285261 858712182 807694679 205888673 665467412 169353404 432799836 602468652 745628229 906398045 150251348 478156451 946728081 697232916 736695214 957452418 139843264 428835918 582267059 989019423 473077232 187016925 695861597 369818482 315217432 530031230 232080350 877180440 911878289 665646145 98844731 778985606 847202476 939483768 453534130 826436924 380967433 401653279 650635721 256127133 518164249 858314374 350808090 968321959 634818321 433254551 21130217 205397966 188106967 414226078 646389528 951273019 789859657 940242185 244854358 348589060 728403898 323778755 331100902 522493131 154131451 19299338 176347913 194577813 674368546 102693637 840613370 4023814 956541263 279917738 404843971 268223609 13843974 856640290 298733640 885916118 987840037 848991460 106885430 352437240 273269255 651844686 732934583 307288577 927761571 59489172 692438925 279569418 975776643 403890465 187259793 293133322 687819362 426676387 591364505 673841887 735704511 528155327 406281105 574995402 651802956 471137401 480282609 50675273 591455269 604863323 450373361 161642822 439149390 73469222 509587676 922375759 660740272 789827201 906022262 45040969 821295459 799123919 462383514 739491399 39126204 496834928 872289350 766222117 710486315 47672366 847759058 802763663 597169918 673402499 190521332 741991893 601810301 152090745 952777170 590972371 141688091 371948894 888420045 774233369 435996452 901610682 737276858 803598784 45781704 954395827 934438692 859809434 279291873 109714539 970834500 402468153 669465002 642072486 252691924 719637737 983390385 703101653 865404996 94060020 139076376 533581074 684931602 749033293 658256436 399027001 251786439 15901817 250283659 841642686 327461435 88002829 565916461 298650044 396315328 771602802 467465547 699139302 666552867 803849880 449992627 450699983 347348943 690594616 678289859 818200867 92407625 673581175 433966871 868776895 719357428 400145773 466522984 477016877 889810976 598242532 219738781 394527202 493386230 81746155 843334126 424790000 982235001 927747632 835122722 155062210 803568056 684444682 424346634 30486642 618213806 248377833 995556540 146716577 320079345 597096360 296114438 262173519 425289358 786972024 243267003 180422935 719110046 987752071 834513229 283719812 891492942 717628969 45081731 947155392 803449770 88067633 901464525 875380540 584766143 207883911 363135637 94731575 337636393 517796741 144486047 417687502 22863272 576960250 431251624 703855207 809965629 774389663 261177778 674502345 338193779 870489335 916638739 944295050 239909745 408003802 911836142 953853915 408273728 557718691 499265334 979950254 687202109 82736299 240824874 277858643 670306909 436709775 2505895 416036103 537402363 945725819 988929060 666951712 976416999 638147751 155156056 945713853 973635060 313481950 138170981 70785497 652411489 773010182 181821175 578026032 571011642 339393109 413365814

7683 4275
322818840 566694926 898023989 140574070 777997463 851478998 383096139 894572113 787745993 666752364 203108945 28998292 682310381 331693707 657246188 253228315 314952883 201624067 25164766 118478906 809499617 767487779 546378308 62919148 474194541 371900497 102602393 705607726 658105054 710700087 491116375 291098541 830464309 612863919 493310303 509472440 240122933 725998118 259958987 663609238 940996416 962583647 504053354 927633045 304215946 826911872 881295759 960936165 5133901 92886172 905656326 115629748 635625862 660291808 241071727 380929433 355641276 733470158 243214510 717425330 94683312 72909906 547982110 923945736 303167866 91761119 850824626 984769111 461996232 21290884 997746240 26888845 881695840 509621661 362635884 956815019 578429462 336031216 784458691 352013202 469042092 700094273 962103361 506821426 788996592 363847046 293913003 813949596 817001033 606528325 836920565 815057275 733963871 955305682 41988806 46335377 468845729 812845977 362880222 509580586 534832757 803176906 65439803 943509996 762068852 166660131 743956236 498501490 103849060 901742747 599504366 971289738 505429798 403875890 80463404 741899215 80868195 395908482 606709130 690929194 791397017 285235557 960604807 159430753 778579005 208226509 384124317 953356508 301531457 623990816 952252420 733628831 928015867 648889452 446827544 894967444 369761342 713102853 865097207 618135349 203326417 451549043 558529739 346091938 330349641 559190409 474561385 184944965 238293317 148951817 499403040 817071780 87857847 493412628 338209257 320516547 305258484 558380842 502454452 111885074 125335357 294384867 906157492 368137453 458984467 322838765 466842244 179087949 43589097 110591457 264623496 816406389 264612407 12292189 571449164 608591201 203905144 173932929 585061010 788983374 320908601 707981847 847123168 462909412 685815211 627162946 463088187 361802546 420428817 494057616 476190340 757137680 177011103 716139015 265616399 275349144 574125119 385789821 804858929 755784366 745769516 658501501 824860978 484948472 481022047 581809381 706531127 797233529 908968432 550661722 131967318 532814256 723524416 219581576 111190774 968889839 390469319 822037663 432614914 769380161 559865459 325083518 86454289 169525811 126667912 661968659 519537669 823832684 145391843 984800293 698450625 778334292 599907784 502149275 869908810 937595751 367823755 172213669 623862936 162525343 674884191 777846442 987866963 200082393 72371529 928460176 794348018 913710510 968292080 42460703 448236568 208043649 163512717 121708744 78267369 407714712 615574803 584111773 894301757 8316089 800907509 873764957 986959939 960170664 329848473 699554461 495825679 868711407 835092516 470059790 276120830 34171134 743505039 10082219 368979241 229713198 903762119 626354737 481202229 150500291 215737058 2798255 346036885 673057565 606407590 903550644 958070401 755835791 93387782 282032957 386326740 149583464 467953966 123147943 773087250 422490454 787961556 48184817 476862261 743624816 496039363 161617004 20305908 806098435 526243139 67262638 297893680 449773209 627865023 601268219 858706988 625058330 514032008 283796960 386089260 710744961 777097424 416305381 58385090 225872521 737131663 627354474 853951159 653586972 561569792 860105299 961611334 684502612 967000131 12195253 890345979 4288797 424587789 684354519 455163055 43022887 643102135 663535229 133816028 650617708 380277676 827515684 839551586 210271879 918803316 863819145 458113752 52074877 881922466 607000454 298943248 204689336 413659765 57823495 41720736 248292503 609631533 443292053 410989546 163014932 20698308 228279711 510518970 265936281 67197104 433695090 178608955 208995796 76997768 338060200 750700725 875313873 881153604 331398129 915373895 119513289 553147315 548115934 804365683 503058105 203876551 209273747 735785003 268172055 848132900 567452084 51998557 332824104 117276764 853429683 518258721 877574676 188617503 657009208 370056289 441605090 226558547 913372197 553376461 488230302 126875770 913930718 419712262 134065971 188962588 574856189 475383097 84389942 149544424 445095294 123088377 919439679 591633227 459546120 495378304 149971753 92954977 99463244 88555015 871873700 663369308 567720313 929043681 561474892 669836925 524892891 517329601 862572805 455602907 843409135 836934746 454113338 991536837 987698193 869063051 579238432 473445804 181312 131360662 30978258 83086637 723064897 270871688 879271755 966758100 96075244 44240484 410922517 587340822 689778840 60290903 44271604 959052932 374393092 989396836 351790587 82132060 727456918 238919594 931809989 973958677 955708048 509589014 493350591 333959941 791006344 365115834 811978812 138130775 719002281 422318159 159693665 941813457 799684067 467356690 311024042 568525285 72360845 275914660 804991950 727289491 759972369 180449990 813811843 459854047 979731895 396227562 97239963 435157915 864114867 41083501 989331604 535574332 302227099 507930014 123291332 431410051 474449451 751766846 227526558 14454525 923084059 735986508 597402953 815005299 795851999 892828943 990535469 961650696 435242936 753560958 349304358 401267708 700117130 865967976 250975091 243603747 724348610 859725426 656031660 406127758 492173823 477893807 989488145 943706088 752158400 584637586 328990784 118816371 898639341 728523362 732079126 218259234 611985920 572099831 725909378 786394178 669139017 616258895 354026900 893851917 494899559 307011725 785608475 852300520 779029428 377610958 84134057 709948860 239773964 117949554 674925015 94566286 451775306 321580033 763357327 853902799 393579809 767421931 278874754 559846384 764288798 755958331 607130876 360852999 393281997 926727180 913701106 250449626 690337190 189139667 388163970 521196186 312496815 329918961 598895618 599799861 990491515 219385550 737382811 294442034 924202234 98294525 812378791 82885145 22755176 977234610 239599264 922617780 700004972 79119293 822055070 753762344 941003082 557302110 281362420 871720841 243555400 90973078 794861398 840931329 108818299 169022087 554195545 943574654 327675365 395301011 933296316 84816810 718876651 651192041 66718506 216412103 158183464 225776615 28172565 520233389 95137956 214509060 513221786 539027436 836633217 530912003 227933544 735006203 328994479 298913596 102525127 11264480 77243764 986364139 628814132 470713786 158059517 763899240 291842936 349353398 164119487 27942804 775091181 258145645 191198124 546966358 679521422 715756164 502326213 756392325 147246068 697686454 50476404 753596454 936577287 674395303 492426220 182508828 572129814 57954332 93221190 891223502 521910440 97777066 719444300 815748483 999160282 232737196 759566329 796662310 156474123 633691476 434038962 371733064 165210076 281799615 934498939 371039079 200889823 891129116 710487715 896576014 779846070 557918189 614806561 87882445 511717341 619167451 223538650 688192720 555697072 240350540 224614915 657036799 688482425 358630245 961730452 739436831 702352098 537329524 198896540 35262917 617326404 155738848 209104265 88486569 503158887 245404659 265432144 577232171 506285422 805248949 273622511 751651351 14078623 368062690 773616257 602663841 505635813 784970812 595327625 38774527 778949085 727306995 700553912 64896231 720341887 469223433 797360523 369991247 605082952 870626836 964327455 12472658 665833070 82782084 597496792 424714677 731589627 173002925 216482010 427172391 60539000 2855920 740641639 430186887 842879855 683118298 135357451 943286875 837301981 841402496 50403784 919145932 272733757 517246698 655914840 443268788 747857375 943274264 944624210 100662349 400364151 701819908 64008973 823280376 652613249 568365633 882370609 389188315 447975996 666768033 351041923 360597175 943201217 325477210 301485235 790704272 645118310 850474245 910921501 412114869 644692748 986887664 908863924 394128805 656724162 65713883 770634168 559238908 242493886 586680155 439357440 410546969 695316327 684093472 39175311 435902035 404398388 899761468 665123980 71963528 336350351 721939575 926388716 829536145 397787586 734314266 104787395 8703293 944813984 268458241 297823153 165783797 550826841 733981896 769888 437692595 949910208 786110548 421602671 746499474 544240605 451866909 340944095 401143785 508134070 342920969 829768597 859148834 564811419 440219739 259629120 853643740 557605815 103335470 106104862 561295913 113210809 706445779 319877860 628064471 480715597 412988340 178397821 270202943 949464443 376769575 446467529 771997524 604553939 84889185 293736226 374852113 22362537 819207025 343445300 285251210 464672575 748879067 552904634 955269064 191991651 421624826 753662321 739365054 274794960 746687464 241697246 618478170 689650969 37707826 880307621 629307024 663417729 890297797 90911245 879457709 658667919 240439997 232508971 390341570 500780386 797526046 177868424 722088137 495422295 679088487 668287344 330280776 819054894 173646993 47614539 556599123 855224875 717940031 746006637 25384472 479409619 452619542 747515146 358429607 944835158 715115021 838831755 525522917 822548131 927034587 316587394 235154511 155141324 915098381 171152866 253606872 102018406 421053199 711709045 759249867 943784223 210739513 464376489 789474844 418041919 655205560 750267057 933676958 631967551 820139559 727811202 541815445 179463794 949583537 942416727 774021205 697126753 489067804 983021030 630689518 455923117 848335976 50977508 860167362 31809542 57712579 723115788 182517733 674516830 739446028 335927276 30380462 234688580 18355727 201362586 763272810 364002032 776565354 423634892 306232509 98664527 61611611 826209353 411175111 314449498 464905233 573111076 948105154 105428279 291923011 159554639 577479532 128036786 245335666 353291660 731230754 369792307 271288469 384563252 489129163 537489163 852507526 258870065 446363498 736135190 619396137 375139682 892777756 89623875 956881894 519826995 702678363 379897312 394739464 345312475 635728980 264344457 646001175 533313678 39110664 50326213 282130701 302521529 816767980 690058761 421818634 221843349 786530618 530915785 807150751 784891753 417759306 943204511 217977258 278035887 848180842 411321990 374038375 45802321 833570644 225583460 602320640 251954276 201823043 314164175 37631408 551429277 279734053 626907720 739107781 145491984 899361412 850096647 455185822 980277703 292506952 535906526 474910883 815595694 904029296 879765786 436478462 578165859 628135042 476446061 279715691 914114393 128560637 514011760 853444041 775282711 265745749 522176907 576811071 333847551 113180857 479035310 92989718 129860983 771049335 895779881 109171884 462292107 909217833 65530124 9170429 430270137 814564827 30384499 768067851 949397678 862397899 157248989 335545159 799186719 849298592 882871871 545665502 80893658 113202858 953594416 783729712 12069017 434373548 785559772 248587793 803077192 150971742 179008637 700462075 487358746 27755064 868238410 415439236 271651137 198416482 949292941 952537750 930796888 857343774 777362067 843548028 971801210 902642382 585084248 20111392 469813966 316562422 651946716 373960880 926176804 588633889 908621011 865458087 353763089 694874174 368914792 109296800 134225771 899495961 128726135 212490031 229375461 188728814 563651361 78438597 356432791 844795324 850873663 614977684 583511849 578802494 478224384 633529408 786146048 848127477 208389852 847069861 279609877 705689608 722956960 656980487 818958298 879528599 936752154 417683618 794102863 286414489 801317228 309730604 786978992 999101030 58922463 609297645 760367558 771968967 207194823 559436891 651185956 767545457 44057870 859991529 474342560 607395135 533448758 708698669 505510596 34899362 578608309 199947241 714861052 173641640 973939184 569618600 589845911 595370452 798905819 637571509 146482094 196541802 144589909 148468181 350738551 136607644 459062096 571743938 67530312 572308734 564394111 269436051 439062611 640783630 355890109 325793034 33814110 491381941 472033962 143561891 295388560 422481161 296918509 254672517 169489466 244892374 385113350 47043691 89342238 718732700 116339600 42785850 673788844 669431513 943939120 716129672 652205879 635169374 954653532 17747990 187412336 405482836 721560335 621184606 919008722 70341085 267938586 285755008 584055311 578439307 131357491 207016525 277865991 655257730 124601151 64288666 351367752 231542118 966144803 960775331 228753796 322603562 209405413 186002053 486143485 209718166 391607122 850030702 96675057 307875595 76680024 202358940 95459603 559933227 61681850 88374343 212129854 944760773 510213386 178999894 733050147 305387756 24908782 570232621 160976794 442818432 302279225 88214495 179278276 708787707 178412333 130098743 473271945 328571790 736406830 295316411 203111928 107079790 829036942 102836581 913093087 848375698 361318177 245950320 182310239 116049323 477662034 433177505 350016916 797352172 152882187 679469062 370677987 220004687 917783471 634743570 994785193 549712550 501842310 93549674 476453582 133714935 908870130 190119660 148292767 357996906 625196474 344191655 380480565 88866215 302655313 932556346 776207513 441834249 804865015 610669717 669531336 767098787 236601448 394322133 537011391 570056251 713806405 810822117 156286448 880824374 871151943 787696520 973352476 961005463 912260722 507775747 2598466 888357806 220363404 939386422 250488294 599616565 205637393 695530727 379602976 885768102 968452011 82412173 620742560 187807293 32812725 413334482 992008854 968081312 345645168 141429142 752360399 406162875 585699931 454270946 813700720 88927603 702008432 31801613 352956430 191111741 685456501 3538680 262745897 308793759 586033680 664978533 283975890 544517830 832335881 441336530 105498497 171990305 467371579 37162279 668056359 548009161 682147232 35706936 619875691 883934477 474337904 824075133 951781795 729639068 364713593 762818644 989454980 238549439 896900681 787996326 280503188 649147951 918119651 563482418 789140388 693457789 938893721 332618371 566808522 454113093 929045706 787429778 305461820 98113011 112041943 184808308 617029231 468739798 479567643 795281294 136480620 169258066 331067942 57421879 977213250 308243160 577741999 831946375 493958432 12245863 305540722 386549682 840106063 854895916 244518886 505567725 550284043 784092902 163282755 381958459 773554253 969329044 27778628 181738627 896888523 596208213 622458695 91592298 761979036 559751534 180741050 653414937 939014493 558056249 757067835 414983059 129297192 587659190 769810505 232953807 511326333 796097385 388213011 444596671 1761636 585517880 235992221 103054786 350237748 924102454 949402891 245014973 898705470 807127609 440469213 505717299 486927586 265564664 750520356 966167528 272255113 96672752 391451090 790655054 16535154 318535066 348407551 547789484 532284319 578718806 621046510 410789543 29708309 217912005 602258558 334417454 40537614 335695318 155910080 8588990 913483006 713697223 203917937 596600798 178583310 472464004 827730327 971484443 134964283 614884820 231602088 768587023 322189380 461373505 354707897 308517075 102750928 318948162 324883345 395054086 551471979 582493134 426080063 952700572 567170613 461914137 714576345 103558540 330738810 111859099 199974130 888444565 7602394 201386804 137395151 587937565 34105629 217979762 863833353 354728523 400398142 877953803 514406615 741137933 645737962 672779067 171567708 693947952 585731085 977980166 620089039 156779359 72417094 109782270 608840898 661276268 253446164 122587350 801923651 192397155 442829637 510863303 602959528 960555316 617828620 218990754 278921844 709016085 567658935 765036255 985848628 256612454 973547560 916660711 673892668 740609003 882074824 360171056 693459337 44631574 821436778 707617688 517812472 661796069 944850591 983735039 953237923 561681504 46900116 121912151 404770234 443621891 127270279 337346961 392849466 311750219 884344047 649903063 462626369 428612977 502368882 897506466 747330072 541852261 390067777 324935375 123077709 899519083 870763888 759439358 712346383 398462698 297792357 62382211 335414916 587841506 712833549 220859777 572254748 700055751 688745527 847567295 202899939 200016960 103467249 616965808 993945645 736697776 744569611 741783349 178617794 39340981 84687058 166623824 474961008 56226306 565956588 172086127 908208803 635426831 539649025 237106364 445001242 463756834 45697739 840151705 51587047 625114788 631587756 665760067 783991830 817721827 285474008 479144628 42091467 957810510 466631231 248181672 306164659 430712640 86081140 243159351 325569115 865182317 583169569 233927598 204385696 537337405 918281288 67025118 845997554 961812276 124635341 82602850 831895920 174203130 782423022 778928867 330857770 570912974 133511911 670490787 945316811 712424045 203839450 489312477 398270655 856779362 816487455 807049720 808611802 124639779 999796417 678253779 465976887 148048301 872291519 542509508 116172930 95684001 425170465 953881906 962588096 891408585 735332097 572316879 534811421 919428476 723912599 849082749 859612370 491607445 669154183 909598441 380121339 587210613 710087598 135252534 366767533 494892688 794288505 19170098 823526082 752362441 919660310 520089558 541762492 223511542 377284453 874577776 614268398 486250318 406629152 553608097 816631228 237963294 644294857 630074509 282514603 306046542 74446388 415106644 698628562 901204795 610782580 845026564 701290545 244889226 362980335 672764610 162260369 993553865 706793105 508454587 641225329 379597216 984410530 694119421 253498721 305636292 429159435 274156239 738388478 724134326 804851523 909872928 504020196 745328122 949346986 193202690 852314586 928191693 340779606 875307348 762230403 772549066 66419737 124024267 690042054 785463468 72094335 199442258 192624572 803584652 707971979 272042844 434485996 476786949 103732474 265584008 921921846 144016279 617417743 747173782 633373444 260852459 141312955 129785921 417596722 713162736 487305479 199248985 68069323 200525972 126881704 931557084 900237555 492935644 116905401 135212218 763650594 966694637 393131358 982874726 515564000 672159039 116823591 787365031 968609871 153481132 934261430 103356025 308537712 985469818 119450887 298777 137651519 518353758 778683560 913805807 34682429 793133452 40294872 644179559 423793400 609926379 217973271 941982537 188903392 940640933 963305687 552342337 459481034 555501686 527499222 186751947 933619448 440443255 652200154 917230017 236509019 333297030 780436141 977605505 947168511 578003505 557530236 58722473 201642427 197209761 581087988 983126986 586030055 546006820 958409961 824654534 19087112 672810951 636522647 534547661 388315169 724196721 683694274 236208501 998746436 502671380 347321455 528727671 374064928 671501667 595945388 338972132 353319396 54120431 661565646 726892826 719995122 632890029 537779783 997904500 28605101 534763705 500063274 575089410 65265692 992993861 809964567 266211275 707017183 353178505 243359371 633961961 22126495 624925688 637088284 928848696 746374744 187124270 708779381 46161984 390659357 121160527 622238529 144082265 392069264 694917567 146141153 640284526 147055676 821132003 770281333 838917715 681797751 630254354 871022592 134204323 472082087 592730739 400147096 358654375 43859772 749302506 245610024 786713874 795190360 163067775 467596509 817492685 145891252 787904876 57365966 76458475 989458607 316258318 991938212 206885020 484249869 136348810 561862455 177576552 249508139 319645922 838972537 710710209 351242654 37494256 366928100 458121906 634884275 878007248 355404051 24209550 777196696 806335951 213869974 511814221 816782612 244946671 372028954 519485588 382681410 965535515 207699029 708253752 31182123 557064263 386264871 595897564 822226818 553165587 221792066 445842251 532119477 602218069 297351157 243645190 574664370 894025854 846047224 525822828 542110889 874770081 224391779 822768626 889134696 353464446 472700290 86469964 832517873 895265487 308860182 589951036 252253835 642598032 99584876 927768376 290346202 857832371 15146311 584780501 158822521 865036438 578472465 25617473 478043504 640378041 324707647 756916025 143629039 391722999 711458986 870686531 837706594 795802286 71058033 288913715 888146473 939583982 449744133 287862690 526914756 875933788 293360059 942878115 252808850 789767436 358637663 267805596 377035610 405494333 814570368 777352950 551827582 728065929 215469468 433946157 426371943 113560047 254834834 803734642 11950481 206712672 287303659 607709254 569033902 92589193 497596376 58459545 711527681 604901885 700531631 55786208 604740967 339499894 558018099 887701977 395981726 74242316 820787927 105847658 400463545 468306662 633025531 998125784 19715578 113081007 509419977 33410589 838652028 625568209 337746899 516898730 62214539 752888878 986516995 452330922 472913682 863489539 403812232 51128495 569916936 210729201 978073496 873719748 764612707 98342856 607024697 933834192 316343574 965744035 184948742 735725340 648985837 322155878 561650580 980646498 251762965 551936801 655458370 951569224 488981431 658145024 595176369 602127904 937165875 621919226 812404020 343353675 155232375 873947134 553735994 960383994 74407969 970279741 532468980 895972948 551797956 285323472 146906262 512443804 90002575 227908337 454652710 652071686 558938852 180197514 987564968 322375432 904309828 8064845 757310327 81909812 247565126 778567504 937307926 144607617 594995015 37642866 923661371 36211338 712649332 65617586 314984216 369040785 367457599 527317193 134519064 655220213 58551665 176904675 379962921 666447412 923616723 502126314 746007078 697497870 645591878 215283901 913429381 299222304 829212397 310402115 717668220 573174167 33868564 723639496 361067278 851901417 142879776 756046182 307000470 585921562 251237949 623836081 522265283 723752058 304892376 207983384 81580900 70200853 908072769 367748082 480883627 607767861 450739889 648333483 976110526 135259424 42697693 999828638 591837533 371887741 131748582 209105 224092847 249408517 145105185 997083404 175440228 874036915 447963705 418222507 570691997 945161459 333008333 822940020 412306373 820920157 51444482 492829174 155737303 300947000 320296745 268857895 222562287 70240817 830255317 190026390 357189459 139706756 676359121 883830194 76120093 159171799 821878770 123622227 504000116 237027098 321064520 134881805 59508616 288425788 551213334 233199273 454283700 655152211 318914094 887099516 416620349 13486274 344514545 695695064 922487365 870600506 492188612 359463444 741490949 708758230 937490858 700598068 236470584 860433724 200892681 164526483 375759993 168345830 381514766 144882959 669210230 913645872 569448732 155149830 595878338 689386569 829631818 251448338 129111121 163055645 859711211 715440756 335169643 565987896 949512861 435174534 115037012 111774303 514880162 210252825 427502916 966497500 573324038 81414725 390055374 161138030 445021033 573903380 734598574 988728424 106884753 975192347 435836686 81894997 904710223 344903646 993985814 343526399 610347548 995163722 691978161 287002511 168318186 406862813 125776528 496288843 582330290 220732317 42283002 102076719 841987388 915715310 152094444 897692178 978071234 961099442 16818104 349700465 6126250 9892572 428812936 154394362 791844079 679197682 324340975 215377652 590158969 729428676 820819495 448071598 241509684 82129744 706599000 973808362 622523639 101099052 232869378 447383978 782965813 655534497 199863420 570343560 719304097 22304940 423963036 820659856 22942916 782356399 740948261 10348322 228237255 714334657 497268511 535498905 198799357 507242681 717851947 860139298 281053808 214106848 979097141 53653791 309213015 720511138 670247600 113437104 486024981 430448080 603785633 680697782 566566741 25291406 322705677 495498555 542837934 414259733 742971413 446104903 222375095 678352562 546108066 452118949 45125886 371167482 746419465 689274232 792445007 232863016 614106070 149679493 254136079 610117418 51435785 153567338 27035892 62992176 788416207 642935716 531300441 469693978 956924437 782073966 894905606 526912506 787488280 496760583 340322706 677280702 134124397 21488925 518378342 869377784 534064745 748460624 432963574 342613401 285278285 169972541 449077295 62492952 300662191 656520346 367357634 684548589 645144055 345269327 163531882 248254763 313678223 630862836 1295906 820029796 734721640 457922667 640261285 171906318 468123330 422186135 812010887 476169115 833206120 914982096 67778456 57358718 820478893 410308546 205463236 971018498 779799740 516343532 301186659 29194690 873363826 123965402 801619412 150143149 267311906 30434423 342742274 523677253 749863795 688485112 610693691 605791965 696596485 114515165 677157404 455286961 200622719 185976996 657983534 284249959 476634127 503498554 79559818 499490581 652836990 543420554 898703449 435103908 818403481 335545042 358446932 743309663 947042186 635218863 961262563 580575289 469153896 305913110 137982736 573336887 657314598 251638709 768993753 562649056 848152215 800241416 352982741 710734885 801531104 185814907 846196056 357358054 280141422 367827394 614466475 649140625 298260478 238229477 136565165 187848400 34153921 501930181 54806705 589124420 332071026 782011756 613816907 887975933 874125564 925100514 118903209 866639658 56928252 167103959 180800173 153259744 81247959 215469362 407583980 568987783 130702105 251004871 940354743 47510232 175040076 645467426 171747496 652372006 170162042 345609425 571063191 476620951 774909819 175983739 604168839 23721182 592274596 879725493 784352249 89643840 491824135 776776725 529097059 158729722 378525530 182982589 632914174 613739345 534113598 925516331 727704812 757089138 415447240 458075406 558165918 49923841 965104071 169028933 732078928 481373521 454361282 360976003 494564471 388693285 420412216 86899342 878876094 16676896 995481697 972970918 421339740 979122906 520726055 638822657 662558291 406516484 153784077 573149772 668838023 958193016 776030473 669743191 988573574 404398396 817521741 925923237 542164983 731616972 605851118 19619854 731639261 146727051 64753486 559288728 318405815 16268875 460334414 176402352 473350714 993168493 564098451 839065537 393477973 281024040 569868636 217755409 205293626 68974771 721815161 927712250 90017337 974289439 250851799 717855316 151302891 867699406 188286365 981725083 273636676 481594110 623121390 323473814 390009721 562438993 813088910 178894018 115920274 739892951 470073618 113652213 961735203 199774221 256285740 15210323 508198002 644777158 694731013 667728404 451653471 90818022 620558507 494583562 842758719 874033026 75416074 73679165 115773365 260703981 169055765 107349006 514239545 620540295 530024729 87437543 138167955 871040269 375639299 328293722 50977451 828973023 66090212 165565387 354891867 184349948 128719199 807562063 746199128 704134195 438516422 610504481 434656205 486328395 248099629 295861360 538977296 275455546 547365956 528651017 937112445 868024592 678191307 972016676 99930194 656172786 411422635 776389056 346444912 317146589 313210990 646975573 632557604 686017500 656968086 453008034 412499996 310274346 775887692 367800180 502303440 429115700 645959756 61275986 900543181 979324856 883811052 317155588 386584940 144033526 806617011 802387305 377677363 459243440 213615617 255914671 994665878 943454285 445519450 650334913 956350613 343134075 783523546 788780674 301491553 445374050 840490260 986518728 482768054 910838128 984004900 30051870 305195485 382732090 108601623 749123820 507437305 527445105 309437193 481545081 68443967 339329806 187910227 596317788 926614304 127464678 431896967 120686793 86351803 81702544 584881456 381516555 983315409 394915059 314144882 389130672 482742605 31607015 884547821 417895754 897608341 613445260 393437552 348732470 411431753 939048629 243640417 432445078 279049411 62168908 890803378 644530970 529464574 936086872 442164048 840250658 674662875 487399339 637160327 292078173 248322331 157557549 757421209 885913763 884703448 470692351 463574538 278782194 81211581 351682546 369313204 396792114 50861915 975086499 419577108 303017705 90585693 199926086 745745461 552536547 110964543 193133005 475068809 754222432 62222084 871473476 628461359 580771337 370979377 412870281 469314202 189405336 742092225 916118942 920181777 822115933 426028282 571986088 707673507 766934065 69109036 420684508 31082757 508073804 845865917 891308538 756545112 273169852 681670090 383201434 391197528 625416561 9902862 458718041 30231967 342279550 133827029 871547319 987604641 127620225 139920326 866631713 229556083 692331427 722875000 884836102 688205676 921098784 178282729 81010334 599597455 321865830 911064614 432827661 857089604 369680206 507379632 378619895 727319483 944285003 737295506 180973672 328822762 989153352 332531127 198541764 440368896 4068375 409573044 245035652 972199881 204979683 299343118 474170828 264053868 419625132 769138373 207379726 688092599 253418033 148957652 455801246 522159315 40544265 519701383 783701314 123492040 921875756 589275582 253132049 747336655 904928573 51111038 364589677 244189855 108123329 877166318 461135855 333009096 874784402 659976684 53834881 709614430 848456189 222231420 156092431 34431580 745705671 767503373 28063420 5345637 239359304 381929673 88750308 193370702 274294458 894055230 620372325 662437862 700930083 922425012 472307436 594731689 218449091 245203739 960957320 269720118 891905160 499791301 172451432 131661200 183349969 876324276 908665671 22749924 257756351 375797450 943626248 979714080 349167874 278159147 423478960 347849819 876480333 233921903 485118349 213666586 342708797 799655137 10502044 655893875 479189543 968224274 85354432 104451471 639479316 647093710 125068866 496174911 64106732 423802349 230205739 730131756 636888577 432055460 294278941 835063686 933018946 647552668 72396442 399492718 612652630 161700977 477803330 978534202 863309549 583915790 341524980 469944809 320078596 522627882 418219576 318429698 372997567 665644018 590486622 217118590 717609116 983593535 100727243 338274948 226721706 375611122 305544588 378431866 23367273 464186949 661434772 15692148 714502364 853820028 955924072 629933638 648963918 181437717 32091683 956968988 991338068 279985739 517444675 418723118 985424125 308223457 685283735 330233138 66219339 595604718 619148450 646013814 519046877 301761023 554179682 320192309 810051417 737912101 640699594 651961696 462018391 570585899 229157788 17863989 197172649 571886265 20799990 767253563 705684266 657719167 975646635 165072146 588670167 411698038 367269963 739982555 552151091 410276394 806656006 476414500 681892668 870126784 740088899 818214729 5601836 519459036 598753798 547285759 785399689 990573596 451635351 2926333 754979852 116727500 17992198 20934118 681005469 878635509 84071384 111912088 382736032 721549328 38224101 508038512 326314846 526988020 952875178 43613067 249042282 491999376 899963366 177871278 493367833 666638877 864745229 709922729 672705209 817071670 640944799 798924122 873627778 593541665 596654843 403671394 719204683 57729351 813074952 571842195 630075784 219605750 306225354 132150777 802144125 604623169 639730942 638794858 167887608 537902170 992303800 345343663 402552024 571878236 492878909 922031072 453184941 83040733 906142460 908081210 934133959 544667511 124126493 318825552 456598573 681985575 697194333 219131780 211709862 431293728 149583681 301304035 302659179 664300760 265005584 302072865 790153652 509892918 899873755 677507917 805307400 757745612 683013997 796711311 296599230 701027875 569769070 696401521 60181435 957948005 680555711 616037904 380933950 311928010 399656440 370196578 551557057 534339539 475013370 820684981 94416091 952726757 597115189 229571789 241595293 54814221 985240072 889609705 983114999 938125072 923416592 127732531 578235352 227349361 457698252 206994622 995948096 209600736 44930560 236932766 19047458 83454336 976930872 709764782 617310990 88779306 654309513 711519590 239796011 455401122 622143182 407018804 731725393 215876419 862719623 560417202 895999782 190009778 507912749 205747476 238093395 861744803 262824659 132104174 406627799 252025443 270761014 960626635 311962632 461475871 572969832 119815074 438522761 102998321 465649680 915168800 87747450 150446408 634373583 987240832 752508468 696473578 211869145 771374345 836147738 503071984 688004979 637392502 279125830 281054043 973398681 35206384 226767882 984884020 67534024 205456878 273261041 406762753 646817756 683483779 946927019 294425293 364298125 256635718 340795087 38921845 113152136 792967429 533498075 20902613 161729330 5065573 311544690 428726990 193889333 148791225 732981558 700551211 691613040 708215324 46879125 813064282 705206171 923078338 854523650 165985149 667320325 248399601 258869222 515143594 526353381 264363103 420860563 307383104 128550664 120178191 583979940 212935853 874694558 548547526 945671442 870981725 379693590 839732119 847925416 162895303 49361964 267345618 506173264 534986647 811706962 838847701 517431238 217975483 9499262 502710329 750188062 524740501 497849824 805441493 753553162 430072466 133450596 667596663 233453089 339736562 355585550 683897508 840243246 428621738 952729146 402584312 747147184 117668461 327332183 203500439 757354917 820832655 82874234 835176237 593918942 416476075 862388238 933808280 217333393 483547033 88712309 599152623 352093116 955989519 941475464 929813681 748911536 92113023 417109559 827293130 678088855 729894989 519399546 209808442 303806211 696245850 743235856 544601034 312669576 811219897 140538218 666362693 189215724 60652531 404339731 579684480 749444768 917460171 356814518 34643748 892579482 663585525 668168775 576040635 859148336 557929106 961551164 707536901 210650459 131022808 510111929 539138815 67901870 360148817 175674401 259729338 794287994 328620817 364176263 244149969 243318179 235716693 825192834 492924718 891386027 680647958 802720883 862294687 275249538 438585215 898527112 42637278 724064345 846061076 646844174 249896925 30606790 32547662 115607733 586567455 329975257 485450536 659763395 866274118 36481712 1263096 228918536 921329456 840304101 987877986 705263050 279070691 946211987 571791374 100985817 638744226 920562678 401406067 735408646 703013381 994076969 426782068 769716769 295996112 535341401 512921448 190979917 351073853 241540123 975722409 535468154 345956834 193813365 804891320 785558453 50950255 732939930 563564492 508185578 852830561 30715566 30278521 692556192 940495869 335059511 601352894 561131249 164303020 1837191 51337716 613492507 819083069 580025540 645535668 436352413 325499857 115154512 301716666 605153458 647215851 666028707 100491544 201847845 234415819 928080584 599228834 274123926 963581812 341179026 495687221 462819050 314994748 945277873 169647294 988517922 832302175 673356392 75533748 768890926 765737413 50963539 530401155 901716313 201253182 954614680 476607667 663107629 17138770 521146088 740811234 194014654 531828272 510157129 706619990 365278062 167642610 221469336 766991125 861161117 932142238 309426417 499699584 527734793 343572834 755847073 111436598 383651774 546646649 142525408 431618961 735638576 198157032 128137023 640592156 146810891 27201406 581242236 988234522 329537342 994563943 272300912 632983098 69046712 537064557 221642621 346235878 888507675 990191149 364328426 165484903 177247492 62331577 465603335 47113660 60346595 169272730 582862723 409262713 917068322 13540327 180437245 850790133 727145111 286665910 202319003 417252303 844767602 745317886 933008091 647892793 651755791 893878122 824956521 434808295 785355350 189042829 966866461 646968175 173527239 928993699 129623453 495483817 408383619 821518107 647575468 832775562 942492416 631040598 364458909 954974040 174152237 467340705 359820227 310320589 821860027 23250377 488321144 494969735 292711521 675093690 89001804 334515542 622613726 840414607 659509246 884666363 369201201 704446803 846748026 101787934 229342707 368481650 296271707 179357390 709365431 465408469 32079326 69027017 941376759 77086470 954100 218090024 252625131 577590164 517395190 6986375 651039014 638407228 29784506 919117577 444375582 236376068 149605455 656148385 295059851 151406096 603600172 969611203 493914929 531891290 259482414 999856692 422761563 268292234 709664257 115426218 820823993 414076224 277006004 265262049 74847677 951279548 660145396 926335184 862626183 446107425 786921351 824693604 57448921 704468479 622524333 902298875 248856716 439444842 777164940 350821475 358191823 247370023 582108418 28672382 277760934 462729760 186264071 821697381 756371105 857987657 491554059 825278530 653820647 562489238 643954865 316298319 477864057 363613129 679443730 112852693 668699976 555079654 314287386 251391173 691222741 378231387 42677860 699644015 934338330 374830477 355810321 612808786 26121980 642627228 523968636 193821486 22356587 320160495 169391088 438273806 477291333 377665853 767121206 400176705 621325087 64803419 686633977 232795013 953397272 185029906 705483660 827139508 395972607 182097494 750398633 61070836 995306657 575961382 490542711 794197473 512608594 281951014 484770260 724661823 126780790 936256158 470537419 846833793 623726115 290479944 998696136 847259319 138140472 124108945 238848011 829839464 268109438 809006612 379725997 183918338 766452042 702365446 379185967 827265129 111873717 351349235 258295041 745608842 301888325 860478420 962965030 214782633 227727025 580816416 361041340 461368115 265510435 407756167 931868349 968912130 51583991 42434607 791358516 236097212 685700036 84427082 203713304 40785480 465014681 474360338 259340343 359159327 76090449 945093339 916232032 586772474 87090380 366164740 474022267 134204909 748469133 19586069 468993107 842453724 270429937 89565188 483603404 342696780 498610829 275575143 99680720 270372326 575882703 918735255 498810238 488347066 740193677 741864498 413662710 985000967 996989003 707858730 503579947 286671528 736134183 318393989 976857007 325813888 918181744 106173290 652764547 298849108 405269175 408699351 3934724 564183516 379664706 27391235 64621279 556624203 805004021 346384232 47188915 684092677 370158899 971235384 549957898 782283513 857500511 421754581 469147427 725843681 648674391 626192926 979912326 618505673 128757886 811956935 297940771 363564516 125781414 559345194 267568143 190091083 389939778 922591448 915970907 174251872 955150150 363949853 567546734 709651991 160669229 683752959 529688952 199301821 680713197 371293303 276309040 323148439 874311780 552913852 970520282 769822612 768313494 774064338 794373050 751531263 748995521 920281239 973424742 367360194 484931451 255345855 927503571 246568317 117345990 648184822 367207568 485353052 565335250 39037840 920045422 857808431 573930385 436099039 262398915 122602319 754707345 603555402 666672269 173275201 566007063 89656916 151025262 987840022 565402458 846277724 537568987 770561975 796794049 914318582 347139313 452439978 968217631 206991222 878748233 67255493 334764948 559874265 218363216 805227991 433366117 377540523 153926906 567535852 970136159 764128772 168103938 761873829 748853286 262987177 505587726 504874742 208300597 760024144 299135249 763188546 256706748 695063775 239848426 822014748 590449323 373563958 289793746 820665008 509865002 446312591 908528324 102885970 216689881 82903233 477660293 974634071 499689283 240977263 680988293 741107111 623557918 61550829 251803704 219041719 850486161 677209309 609192347 158020925 895026010 791132854 784984345 408501336 183550853 191815284 350791088 66812202 860698807 308668231 540304742 815966384 822877318 1849337 950426273 835364374 489405432 327777759 953304920 628201205 989398091 279193004 43921594 34938742 83003151 224978947 565827826 520526235 934382465 445104279 373805300 283475584 639623661 605282301 238398494 544541977 694590562 487608321 722587216 472949414 699400855 863427933 844596575 837232840 158491123 619955672 706805900 463857729 921319261 575617119 997252660 901183060 849081200 582576096 580770526 395607092 474545573 347072981 282461787 192733339 546664660 693306690 67518517 561985845 598246268 692507565 348072420 316540198 916853675 319261546 416015999 917475031 551444124 253646708 7748339 917249730 365837193 552873200 467132205 264499423 348405810 803206673 49652952 908852743 367493540 335864600 693130292 979045388 454835057 865850833 245188442 702130925 259223871 744059735 639833534 427315225 805069125 144084203 52378711 556139099 631837093 893496616 330100210 477609921 836618132 468285087 589953218 965153249 306218588 845373104 758470058 999445531 456176443 688563342 835781185 636395924 877945434 17475840 458298079 262488310 870869529 792563116 173544228 743300673 938174918 278789361 478744886 8139260 276571256 614627941 755535268 851128532 467636288 383089777 238824795 740926575 35153377 13865094 568786241 269260859 765137336 257261330 609987829 37719165 10766781 864969187 25237558 227924630 139898265 598112322 86158860 464717653 702411382 930828067 427012239 86863160 13844515 79607714 60888424 746832583 288961871 763485863 799225247 831407093 468702578 218549739 36491028 97743175 407666632 433075323 322436731 789443972 176746715 866699518 602140290 863454854 785702319 801045132 738246093 631953260 863666861 257685958 240645149 378624132 801601729 570628393 653615312 593375424 595846054 343273164 264020407 549410146 369771496 266155098 125765623 800545591 882587574 4404582 769163268 559671361 841007759 450726715 227994829 60142114 890249350 999149620 321821361 41627333 411377572 80483868 959339258 92622854 246320539 916976406 684937418 212894924 98685211 158873716 594603752 512370244 183750935 343663802 841666844 684578239 41362955 195530815 239716622 156356447 582616409 49778065 708824319 152543407 842072428 136718053 197966055 715234316 233273831 492109795 967210368 336583347 456828715 531718670 460078792 142301576 481006902 831466446 585580444 789533429 610057003 740173095 190184553 845593783 646932899 436370648 773248148 821871783 346861370 174054754 243395593 993561484 939862088 91350007 829624634 937498655 743884072 387499882 530641942 179043558 527489833 990534064 273964531 720918842 929660491 273479774 848163128 593210533 353397933 957533531 347935705 188249674 158106141 457071063 744629079 372775522 421069855 18785351 597971489 656282573 650612608 474976504 425979892 244164567 71238913 512233942 114480437 703872255 777027396 511083915 299144024 568847698 324081284 414243195 902531862 92039132 396675173 284157236 245247007 995513701 504309720 137521781 443406918 373113337 198846980 37195604 371706920 686515095 110624030 515241462 839120675 697731456 705752720 250928836 841439935 939520110 290347025 979651326 706604109 574230708 138245176 204465904 194835104 513280455 548622118 502517670 715941550 135227677 319078841 459180472 702433447 230481929 374988882 724548298 878565793 812593557 922200754 734846568 768945498 495473034 854316570 317833394 93583779 790720549 154058541 489848846 44961174 991849559 230563402 561000828 887761501 310173053 972756932 328878557 910000892 991888878 579729505 728320184 228698928 293103663 957145150 773687719 844729190 761769375 847658657 512589185 798313347 351945113 906769570 672692454 249732029 321880193 635021472 164679156 287844552 301061804 629776409 329178088 986207657 627169703 737141874 792968991 498163037 26627440 181608418 940288133 796541450 251258095 993552514 726799900 346784650 40236663 414892369 966908553 628972149 553466244 686559753 107433503 978278311 111602358 202794160 453943551 798627382 121890879 685738981 752931656 767981603 137621011 198601924 652537361 664345136 597562939 872429100 80351056 909717132 250048754 782791714 509634902 162801252 472057155 198595454 127024456 114516707 980726326 530380440 179809019 719184941 36498485 643657144 92202168 834085600 256005968 962314912 314060978 717763905 595521470 894131879 762314521 202678691 336818389 120150475 826542687 701830265 249722693 365036893 220340998 760987579 19527198 588378180 846360272 296472751 928043471 694120257 596160532 392886561 341451744 22937379 481942846 940954628 243329563 668754853 449409975 267237850 718719293 506025100 436149440 664086139 598881988 942816448 556883889 216383144 754234789 106184717 934198652 678195978 158030119 77911259 438569208 313369614 6663950 494282395 31664150 151619081 55687816 451790365 810999393 467155112 274044185 537726368 755033752 489089802 426505660 857347666 627892144 409477659 359919603 168120620 433522343 360169769 89212806 291018094 361812787 490718182 470368593 183795766 235860368 379405947 859771146 533226947 413516195 107607405 360377590 612585532 825155804 32762240 771757000 109973698 805498001 511968892 346851005 499904327 20993353 576091514 304762490 434667392 42127313 162057685 646160616 993998451 832964715 537489164 439878257 884908123 845697960 184328166 657895579 75630991 299543536 532752112 619605558 946844540 371045661 816495051 586961282 717868372 574593000 92720170 155325703 948333912 986788491 47688130 691610383 744496979 339423887 700255360 873976339 407812525 332057027 317308965 723036546 773563151 524547071 617610151 155706575 868569465 650357131 716752644 461305675 137115650 424658996 966047492 128979560 474903597 543652113 879285676 453922807 636147713 577357897 5450045 285478228 660439216 401774116 304190094 954583716 63836059 136786018 742348056 895518964 440627200 437396272 978975229 744135711 628227752 326898104 101087162 673668540 389234991 693966560 151472233 618525753 238669107 547439749 680889111 140627917 650813268 929589357 230224131 22721557 684221460 320677589 573597294 747808978 895158579 254987371 146824 303415913 714437565 804110755 645684837 969417893 877822260 538252650 19010349 914370075 365977734 180341930 974365217 540782294 92917038 82526880 7390060 701273268 798160685 524435129 289007133 732715467 847910308 98508279 631537755 310414865 567644532 999641509 14456538 404778898 568348377 721192942 605178339 412921032 490729187 261560687 906776143 287856479 29532537 81672896 933547438 49180667 26685012 536359782 425037143 379505702 530888932 392110836 725045433 847029874 20052144 19070009 188103334 734258413 119620477 262517053 522384761 2619355 291009051 853863926 117234376 270314763 424625911 612345630 824166569 979085090 118045801 799803233 174408338 677692122 576589356 11356003 320763433 332022063 284953472 546327935 199140335 471316 290016898 790063893 190004830 916797980 843931694 702439455 244727906 41893552 232809474 455989710 379809756 314621120 485073841 471725296 964306234 765753490 151656189 176065764 54372004 760278825 39729385 565522852 558252595 49050017 83402945 324571039 20619754 622598071 862557729 781730543 501780736 870056656 829277560 509419427 298388842 106940094 492677101 79113759 425203882 4650694 964623212 900498476 447189402 385790433 868852438 680502519 524292242 991222257 451768319 550923077 945545075 675859576 156411750 998640245 668527373 222854971 686181188 631155428 48156666 863524997 531443605 439560508 889468720 198839248 835663198 294178076 740956283 985725919 850501397 95844294 436368913 449931206 491618805 513164660 492175652 701191923 268527894 565885377 967689644 39003828 914332054 473848987 946621569 328133783 305784787 608047093 885535947 811655845 958439539 701850903 623175836 422202353 582614789 84013746 950936576 509984671 904311052 484238798 901683131 522612467 541153254 572293145 286336724 329681182 168884919 838271275 80839033 877425212 249998714 49762569 353003198 990836269 970439437 466090539 425369029 640589138 468413911 897460913 682008670 624839979 57419317 547531647 846361587 580083579 408972718 366567696 248527354 168979109 388547038 300075076 702621243 353838598 562383611 18625894 831561334 862568740 413309529 810075576 834694159 135334475 752642568 809156896 291292222 630457683 571483370 183565717 442633824 955295126 457305456 741372592 843147428 456258996 781260307 921093849 192291162 284576510 223984208 97105506 26670506 776431541 527431794 557036076 23471785 591381792 108992920 197064070 345884339 357767621 82590494 187314250 326130729 88146987 349562969 26769890 120642510 617561600 154461928 635722603 914946435 221580036 921894159 720499770 332234167 867783593 746679210 32105350 923207228 132146477 213512303 856184839 495812345 471409388 826325677 97956247 553518494 363235292 540823418 340414290 58990301 79424141 297310283 448375687 495678706 20410554 868147767 969652817 703434320 577046804 337501405 364447980 64568262 490096127 681746352 747878341 517336159 227534897 563256996 2154592 52410184 404160503 904520686 36643541 320774486 873054009 477392010 360565088 273528933 671912450 468051975 597443369 532860832 73885952 948599805 70964094 831547691 313130244 813309059 351732635 365930850 510768004 450104850 689886231 963915436 967826604 393182601 705287591 303545896 544228461 740512203 393714073 39693973 163869699 743584266 687606965 947279999 947949276 184736917 871236601 720245677 968658004 334678781 847664373 20166293 660628962 662477541 223424202 160619336 40529572 44903295 719614786 209072690 748260984 978435774 636310575 780557095 825061308 670930949 503952267 849991496 296702702 37571982 782879294 166658266 651037939 495023783 622920941 940989880 926653637 281370035 820692618 262353369 991221163 783153134 70256816 302823224 996841223 4450322 472822973 11010192 514380917 440733055 157081437 461386912 188517346 980744020 592314072 520440214 136833378 38509964 705657126 39900443 48520893 340683504 555326813 427564475 723471699 869227350 991594309 580071921 947784626 570603680 971951748 671069680 786246240 810951030 267080320 781905617 410977960 226489800 681008892 999912504 914521580 246970090 945176846 316579282 189574089 513444092 648619758 543708941 831247776 855559630 466865058 703234500 58375378 769359909 685974316 904122456 281576005 211467389 766618856 853515458 817962107 925250386 591886580 476642963 268952779 501719824 321228784 39952663 993224639 721227469 266828519 238395382 197897848 868420473 626682185 836872309 367118976 582486997 690520428 529248414 583558713 293512388 848438183 855554837 449416944 478693127 854840073 480516848 563984973 326366698 692940101 877172167 211279033 313804470 756786100 155714080 785435026 155084944 93285769 391583141 490241138 6329684 848767635 209763629 809089700 658173470 599110583 165977360 32149565 338526665 244232926 944838594 162346070 770829650 462210500 927143629 472030105 609676226 518224368 919946247 743976014 344970542 203408098 334697211 99535092 522714256 307914522 617756359 571253169 501586341 368689453 834812341 564931135 731834621 393064210 464071247 795098482 480714758 94371105 325674381 336435388 39725161 602150979 292476318 467593937 356264689 426544840 210743451 374471156 80111298 959427234 537285002 761125807 523865630 669280158 763284253 405414468 297398322 101086491 622224052 137074815 695585424 531127140 656111589 210702462 908841639 171857202 818504139 954482015 596262979 10432356 73586337 908073230 588191706 981461833 561328154 230759545 141361818 988627059 761033424 662874485 85857575 267852218 741394445 59626694 402262290 630072430 730418487 674787206 407986002 43043272 890085407 85738734 245831007 694578616 895726925 863450899 598761241 751182855 120219015 146708008 724522037 350163564 753856052 659712996 233785350 576102482 29030973 776137198 374388226 569811586 490671857 173000228 742224760 581274201 349858053 691938458 463973825 345945756 634488470 295696243 10529932 384261865 44918506 919806142 500037235 444146601 567735032 947657245 712106465 728910619 349830009 255222343 948831502 107763210 678718488 715361447 281201251 280519156 392324366 839317214 299173476 535046606 334974876 251699859 973456547 143500401 512041156 572141816 144877048 81240680 214523027 681120553 840242580 385849805 639221593 303703608 819124090 974235809 403102405 688157321 380837376 760641520 105749452 225812987 521479658 751112525 455459477 385876731 916734918 233719381 305881238 839434895 333700186 214977750 712558291 258723092 972392461 316003940 344350186 84997838 743790123 567191506 49511830 531065567 526246336 746738294 328962520 919314524 398331998 648515657 89935664 292116893 299216891 546863936 338574010 972998643 450068237 504054022 895754815 936557906 93946548 88125716 456823318 194258571 111727574 453250609 836103155 712593792 1417227 182317281 547107224 788920244 852485067 711171610 19814263 650860945 622965179 157915273 712656398 580588091 30986486 267426520 147493143 796278619 265815566 671728817 610651241 631628041 625913688 393889178 155997561 198314146 14317991 918749501 490242886 141006958 665127942 77488118 839835357 863582042 459279409 326376681 437830165 384323823 387254318 134503175 743943708 897735612 951748370 881054644 964469205 796257706 402146829 251728018 824314892 912471237 825831237 227743335 521282510 417792656 679214612 825736438 356494020 136177703 114442169 135968581 750529895 321285185 126388945 244362386 343419045 755845109 270409243 504429827 57751500 188787662 263563280 108555048 890308164 734390399 674385755 684144525 872807049 614999256 410589526 666331576 612192959 131438267 652777846 274762691 569936207 612843223 291611182 30058820 31228836 502869996 897601846 649020898 780880743 102714805 45640701 782440784 29523509 685691161 941080396 886769101 741610447 823861434 929367382 967481142 174300103 519504551 780590256 401194600 223661654 38724085 973629780 137558653 9642937 222355584 605482170 23481983 175427063 289222106 827273021 474142286 479616504 865708003 921187036 408021712 452987248 99711843 174400837 621827379 677127260 914894934 337142878 46649073 4456831 865714233 785189244 157347260 80128273 848971419 522357409 609655445 477656142 371789085 693852636 232233565 253948127 574988735 747888078 255326455 877151193 261908916 423096931 747747502 324182932 742974870 955782848 657322419 691758352 833770409 792714885 463183563 178179143 709162143 219492991 404455063 608072793 203588179 66628600 688326880 192942959 518566091 925806766 63508289 517496412 756714264 341380956 656658609 360177798 447253596 814242227 214557388 944483262 549784349 92450099 4440839 233106240 151621960 984683682 988617130 280384450 476643252 857926538 975025287 62145550 851926970 457960368 672492163 644331961 372420013 90235475 260819420 604003691 805166284 671729382 96987966 249105557 531992970 166722637 563829126 818562720 170746009 152724616 590623358 629889291 780609511 482058104 282333083 931719294 368491255 6835965 21484614 461542319 562115363 164133580 30263546 775056662 604016735 250942846 420012963 801911247 832515708 714790882 656287575 922770230 90925999 671813904 11080733 886857622 898772593 511563519 858707774 487439242 904503539 639641782 798900026 570612306 301414843 599221028 566479300 961659516 747125249 712585947 295006961 960350405 290035436 282159248 27306160 764796672 824334734 95442740 566610831 886687428 34411047 91917636 177105401 140288286 524005613 918901699 588699946 995447349 946335699 280155526 434274430 327610469 98935776 776467716 823663490 270093173 709116259 839589184 939634017 295901187 508246497 701860594 690726906 950939488 684581542 361928201 458188141 825408431 568782355 510147589 40851218 498059924 850896247 248174050 211960741 13317836 72442206 55969081 401911529 483162829 640113177 966848265 404873065 479369896 731713336 814737828 179340499 555309868 727428158 309175760 204063682 492660343 944760164 99811577 637847118 695529669 690102613 246449759 864320782 874031059 852162380 628582729 763211604 75943329 277862813 620193842 130797086 571833902 123728846 530419376 972664536 759126622 812470529 756909993 367508511 74125887 489583049 325932732 110631365 678570621 350459098 641600995 637067462 511232187 467715254 93415874 754205538 68254642 892629852 348384022 67752960 888853259 632069933 957195828 744185622 811685552 925678284 614421268 217344712 882734087 781437440 169388724 902371425 637867763 658769773 106167883 298620916 485011135 917829408 522919357 986527978 903071369 83128025 951923398 538366190 451767523 516854414 855170222 970691816 332554119 45618177 13192981 620897506 953412919 995174526 534254479 96632548 111276209 859360846 243139581 361923924 629983628 30155356 361687152 831066103 599347330 247861564 819144863 658212449 749173496 848899862 869020210 654734882 699157796 904717549 67208652 392079639 783663349 431177231 172089574 595771236 12935460 59182421 866645395 498346168 531225102 907530697 187023424 432266525 181377007 902075037 41129682 321474658 357806724 499098212 854401007 508497912 617691321 930317645 672638679 804094108 715094296 224729728 963815818 346519427 453915516 671969876 134184136 242920229 889502345 400831933 848120904 282600970 341970453 217671276 949178424 513303132 888309894 961096577 212134209 401309908 305847023 810114545 908315904 957342295 434656606 770155194 998158662 730625950 576151786 756715444 532077119 564349476 156497544 186746456 966679293 380961028 50667233 990258034 431914849 817628323 584494730 857670036 704068604 620254948 802569782 532882699 903076995 589541175 153425000 199373415 697391365 886343889 315864683 819999033 704272859 424933071 268982157 796411964 244866313 993223505 115099196 358475986 925882804 883603019 49536887 677493843 906755883 807397328 444451544 921058007 646325482 396452967 864707757 397109073 817389938 940148527 422535527 456931079 56643445 637351894 621072978 736616106 951024918 650586994 393014849 234145029 709010993 544772475 777166360 294933433 972538608 40283566 735420039 808514591 777662674 950077624 521153348 891110141 45536049 289684211 492541635 200202049 42702643 287312581 296553521 89069173 211372048 226255582 777290828 624789308 236569606 798732432 58855054 578837810 428599194 426706558 723696563 820852500 550334785 700147004 634377659 261263817 59598469 343351803 149147399 253650297 497067783 999001870 747897410 135097155 249840010 658689051 63819607 324254454 61352555 633896162 678900952 217679251 699452632 653876456 683448154 58472569 405875397 327419373 282087862 306518750 422507539 880184320 573103578 619397546 326877520 919063669 944988147 183145435 135368899 144301272 838014675 264950624 245107830 455419551 520155821 827017071 411621678 696069308 805218822 111762942 955268930 378155226 915004832 40562883 887471196 96102658 613479094 47967727 75084105 166651218 309389872 412391185 563071849 583284733 168920394 163200316 976711796 591815047 361192728 456686287 599893534 901843648 451053575 721581998 397908718 966214416 837671622 690993194 49489826 164116333 137638401 578485435 975469379 756309224 421824562 607215842 835996560 765838653 513409399 963736343 457578104 614956587 536981518 263699316 178229895 985165056 601663734 776190755 500488957 986918282 669404377 310363195 211310749 277546376 224379777 28006632 76354102 497261168 888372921 41394811 969500291 48176247 598956571 799681444 869531609 597439601 871827294 598145644 635032112 693926898 718627889 198166586 991986353 856971809 189913281 6632076 756516595 931702906 78032825 355522963 391301518 905405231 797238591 513029638 510738102 393120348 70719475 387035917 296568244 147004078 721452507 890686487 778792004 197367223 253957048 887825477 865964265 750016431 826412140 300471449 651824279 202723421 644826871 135149084 307092059 467484507 638335259 805128122 696052756 52308275 169363538 829504197 555436434 444640454 671901522 206247974 322854515 750262044 70927086 861731562 468029232 462919821 414846430 91068583 7522495 527646464 763112514 643167979 814415608 563344431 878618651 605702669 806722893 157121057 343375757 517150689 584944393 566965089 232135150 649778201 331026577 701818635 464272217 746359253 562968533 368987907 480184906 539589646 713655726 618206226 280184399 745995265 328301349 251375190 312221994 744053743 616944636 671916156 576221705 632507063 98005475 544950201 297874493 511848719 466539376 931710745 992939796 306690689 527299215 620056221 852450457 375061285 781676036 977881865 810726328 824438956 425577883 942376534 906316548 803823132 895980376 373646964 727452457 991975115 879541964 673918476 207418069 466690594 724409815 756356254 701133595 778275985 958981991 184537824 853237406 943677948 956146062 969688228 986873760 296942802 481471316 917011931 748634313 865758248 431228868 352291881 485076960 927409497 567492664 826245482 702100850 839412633 609575725 699037501 911162172 929888346 100144760 457027905 877132683 60188492 756012350 650421665 790969270 202641778 182279400 270324591 553066201 298155268 738016683 408073570 664633844 241593071 791439598 402119287 636031711 737852600 453373285 656568771 961696773 770934017 933382002 65074374 393044213 772899253 220626261 389859881 329829420 508020095 146508839 308815209 322835925 601008134 465626786 198921348 926166771 650496195 369806001 847325977 316765746 385085150 894798981 809803306 824957785 696854536 364161272 560662977 139437876 304065422 76251119 551999912 334868937 253865818 379573463 208017176 956797528 869733095 539558077 681478767 997866592 66546782 379862137 354956166 193369862 640746004 981303276 32139273 96780159 493675645 515091981 853965501 61639402 105796026 14150476 83150464 677440834 82735463 734665479 6298754 829195592 791878173 61526236 221913408 390941 887732105 590231529 403149505 723672415 389881689 973568825 198553503 644593808 492765275 981288592 671550600 310597111 310671525 589797823 37488390 810817224 209933814 445605715 281934542 363465767 461474760 895677004 648045266 564758669 917835561 62713527 78161034 970645196 72993413 641537486 230824445 633997780 547802612 630441746 520259619 681580337 628392895 745309476 4431803 8841934 335175626 111124056 324805023 562468106 414412396 463587934 939981242 947948504 757410566 560098480 582211120 649356520 933674660 662715380 550892714 913019176 490371512 288870603 374368857 126881508 517945460 111357484 966083933 732439003 184063619 557773469 433003946 65136511 652858878 107998519 743260751 166589818 832542713 17929948 199551036 317703895 459672304 43920616 274934438 62626133 406323185 275718865 911834157 445465135 190902862 830447171 822400901 242311834 991863971 906966615 598328006 353010114 776283810 108571670 130572514 531224582 486797716 786894737 249144490 880381421 512154320 493060595 833258263 62734228 498459076 416909744 421969260 789578032 515184764 994390029 879923221 458604087 378905489 806316313 223195089 874404594 29302037 433327278 691963259 608560978 627150595 272814687 639114869 626095186 581804871 517305280 865323086 490955999 488431287 13286610 542102132 705896912 345170066 634673408 183870531 997145591 34109375 425946332 353972913 612230626 496433823 698298386 48184779 810459488 653371599 61639835 616892395 607380600 422533661 576101104 787186423 13690181 860172826 691429429 207297896 687188469 61281750 931861908 642802761 838110210 917320189 672883500 115008052 911036332 588201841 74545616 71421517 106392868 764426525 583086437 608697734 608355427 506758355 955195542 535282710 399960752 549696740 166339213 411079820 462346841 538818748 76738622 776993942 99569852 458140533 241731469 319393290 54749222 696967463 513789661 860522689 600399470 862724371 76425819 364065022 946887017 991601112 298285627 278890928 745120239 14260223 212006809 532455850 487316364 755145592 532185509 656868968 400492910 271922607 612799534 406141188 713335852 566322794 784756050 437197373 458481985 682206707 525167376 558795405 780545888 845355352 288306908 673988260 843644049 722198240 333576425 182347873 180981965 737714900 578507800 765810826 381746050 362210425 489205150 448295483 760723872 798484328 443274567 450290562 464144248 48780658 874992717 242710033 458021054 876720726 551061151 890906087 273132124 338404457 775073601 876566045 798986032 186880059 105017955 861871412 484237010 618778581 247475594 190176382 953698351 720469269 720010625 630802615 958546644 669714900 66906325 581663373 218025849 8650660 618455894 684568829 657888524 388358106 3471540 232985198 370792114 710313712 133693326 892759914 873927255 56554145 467072587 251619791 527661381 994981656 276320144 590228468 570088952 377235130 237646573 771852869 802122127 482110823 826588347 545373484 796725012 783242457 807411229 899549681 936193086 480247752 518176683 52538538 204698559 959876547 290676535 850022580 184983729 560986640 348060730 608177024 456489133 962367476 145148919 794349714 186147823 680721263 445407619 872392489 784111622 421088002 469158563 981985682 888905654 570677980 904228616 390580796 422656371 29779444 948519206 396993548 771778761 81506519 386005470 201957830 894218895 739611901 293584754 885756870 352226796 224745489 874378525 460854325 7820267 769175171 6774391 74947543 978330346 712866470 91436887 248020427 221157999 234082619 565284777 852844969 213618502 878574690 44957569 525682568 590746588 939546488 58481183 839330318 567476430 830031171 36783548 138174977 709224977 434665759 417379765 68446187 75429956 888433092 764576214 971523105 69230749 968191825 336672539 14767808 579187586 547356431 208450745 203148083 753596332 679954724 913113606 319437316 154907462 494667076 613202697 131450997 56080340 598440264 37167941 948510716 421772389 364499366 92540958 924356913 837942344 132610102 509290256 550986458 343715839 158509109 394620737 576283018 668802060 939557714 235601721 743399031 365356077 926087615 443956334 958097939 737944349 227031141 122418152 659931749 386254872 193360382 933114212 937737693 545334330 18602368 389381961 582608098 359777384 318101641 895830798 551899879 33642209 748561228 266083925 874017622 593739515 250141358 323981968 796603439 564802333 610501172 357329128 435363564 436739027 547172866 958043875 411052037 219662552 83094967 213819445 291300794 641336529 471774583 347209623 458511599 347096455 271297888 379308523 667730003 86924492 833401786 263067237 414883869 104083632 612348080 71952772 1960717 315548771 427260268 1996720 632600866 569162484 786937492 337954157 418016463 64803456 361032613 126685650 185293320 270596114 615542836 30643096 384377950 242568111 305443643 348154069 299747383 882778910 250627788 987349159 583496756 256800598 670432020 409912713 652544034 463918341 71565946 328451529 33457861 668175621 294664677 548387216 756366097 512253895 661690431 328807655 346817830 55264738 799280468 350155369 175116952 980778539 881890460 586524875 257985465 272231013 245227828 3399310 987632551 347244834 241368711 875815600 552656161 83362032 404914995 694734966 930161033 378994543 24987186 908395649 797058851 854746931 528420370 530198599 238769574 576847385 763525768 193611281 639394365 382704837 416586196 316649253 648273519 440082424 976132275 725306882 167044601 555716940 349710601 329420532 96310310 681046215 747262523 586056777 747035696 785378752 574624038 632235250 125413851 508272913 496536686 519443625 943537015 143029392 634580324 281923063 697856781 508195637 294578274 538324327 430703090 48946295 245148292 419772723 527248649 19811456 372888474 508106563 204450694 902185553 973885163 590316161 807714669 849809454 957348068 125463202 485419582 110533166 902573531 893761188 716541226 508181958 277407778 630089957 612369388 660033824 388987272 891154776 383285649 750901542 686098457 401052605 636239163 146467214 922936414 229646057 420590402 225432073 435044730 785817364 921221109 918340905 594561891 305005379 398447698 9982683 511435022 701144252 521050253 428543537 302851411 257803117 998837199 767685214 331087773 140790767 129044594 292932440 496468631 920286470 687361465 266940247 432803492 898964890 609873669 504710290 733315429 511283717 680551698 88068480 606141269 791794460 676244677 788004649 824920166 836928727 850198618 329965908 490442839 59041150 258334846 552574008 613301974 545029540 63470242 207209173 670181675 670875005 516055287 604473890 906549360 995476973 927185298 84610615 474459518 860088002 762991709 359101773 162988913 332532413 390075195 608419779 936861853 237384284 568892263 322555341 927456310 196651074 632914134 789388760 516824970 79158547 895521444 223836317 806551664 543029061 667162555 953335337 452317582 309325947 987561943 207016513 59751172 628525713 541148073 170940952 683274976 103464131 654913862 728470665 676707915 429259581 773253546 509154887 389967822 571464687 650353252 650495299 954709537 638551239 667873042 314654473 614043064 36779871 240819423 388220289 135515204 40933498 705818141 469791598 384655698 454769930 46141329 886258522 532371777 505226093 956959333 77468793 449779539 130117530 220674590 78003124 260114440 346173965 763859806 117736665 94177216 497139441 977982951 587778753 805347059 894057047 219554113 949120690 488060153 721950500 114772911 871660750 972990870 504012636 837064458 334227295 859349704 632449570 778675829 12689258 841835591 42840598 899760115 541901341 126255832 233194047 763451681 550476901 260656040 657918347 26907099 572185184 274905656 114751028 19865531 672547920 288522155 316276771 20458029 129310553 137651909 709782945 615070693 536697546 38112688 809277136 376720196 628755823 172756689 967148127 351252946 747188841 497604932 101910737 132868637 701512308 180141952 395362690 315106963 908615357 411551192 997258577 914034750 639840901 41139202 100238262 510891624 38974383 69805762 592943908 789803265 807609849 380625436 502996127 181512848 230218540 563733009 224193366 495620937 918024306 555270093 253540657 406470619 397354912 170641239 924626046 386807284 775081760 64290396 817511768 647109248 540836697 858643141 400545325 68119831 483543540 514481724 927371611 388297168 634883576 640550540 851274960 293238713 521068031 354706722 206329456 706026041 103251512 748535479 615109050 1706231 714500176 616302881 580761352 511509231 483069885 224651478 865413066 998921020 749241956 913989342 887668729 120827538 280055960 906441548 771595784 775490911 867240803 820561108 618041399 695393122 266771017 146804543 867494950 433414030 448004552 553634239 213296019 117880768 505012510 111149419 72966819 446070678 316098947 579854503 818587040 482091876 862899305 102772315 937969968 717838622 7039930 886340387 331019950 399384621 757309025 477040160 35471251 185215617 227862684 370951244 948091248 544704817 591517858 454430782 717435904 202619806 251506264 256824774 279673902 349597681 923399918 667156921 741933671 890098090 490552602 852625403 298147382 64414594 781187240 578452788 13280677 258904662 671585 810264560 40944998 116256669 254367781 37924849 375322077 519288676 307840761 769207817 927324949 420303597 953784402 948423631 116654173 728446530 134917843 682952048 5050583 788433293 898117870 70245275 702133655 619510388 324159737 454566807 535841306 560493616 723706966 396272197 951651829 509378666 141470886 451167875 561937342 901916368 997183017 955992007 485309084 990076533 253211257 7498268 910364009 391115835 885326502 282664943 687720653 46674525 297401800 502932710 876568130 695345308 211111640 398130233 377161120 647958222 867022851 168355706 832660345 404601014 249099069 456394063 745076778 304460351 525381538 734654533 951078419 21143644 815431609 15973783 642476342 462572192 139994272 677254361 959031658 936421575 653005451 455018843 346468357 264512172 926819512 563161612 720621527 469067153 887507011 595007527 617510553 570675100 92498397 465051847 606810807 38678748 236294642 910068718 952315976 305738404 351966685 104016629 899129603 928616806 3609312 33597818 776918583 295077171 585206369 394195257 791312801 548884026 681600128 921623157 712777935 299146125 752685811 446462720 507058095 662049323 312227936 482016023 672263543 433593486 806887006 668975823 272863707 953822584 824262993 647923132 370820319 15209797 528755649 957228131 452604075 500819206 722799193 622454752 478585498 947913866 854036021 928734477 962262839 819588588 150719423 244975583 706167198 548089519 175400217 765888263 850352958 512705498 225764736 486088920 940874575 961926852 630062503 385189865 476962979 934117692 459524268 515652144 148093773 869086362 191702588 535639957 232364084 887839332 236538960 374596930 753389629 753770550 67689906 108566154 541102241 20108567 50144873 323203009 120257778 677776242 370030071 207485858 385843487 133916371 706777584 949751976 380284367 895692481 630571245 936693740 838189185 301746545 355289939 947341599 301722911 630323418 466520140 83627455 238750560 983367369 20593203 396992053 814401552 104723631 329717227 714258313 914820620 807925282 246288634 166315879 816021961 938108358 867348808 797006467 475544112 262802970 629732782 845437144 396612528 385083173 600003955 189827337 460164778 930461814 770224351 727463061 617008444 387291793 107702927 145422179 410446345 586728575 156232573 678550908 868221512 114735237 740215550 377029395 692986027 317267887 524741026 404667410 541672582 734209066 486082396 431261897 841602610 852435619 17608618 539931789 935486098 964130176 162373019 866494872 580802482 875705956 168525778 270463192 625817209 316749044 745836483 369512505 179090114 785793601 232145648 209775060 651141535 172389852 656173749 744639362 855328310 778156174 102538070 326486435 455095214 322436038 13310194 560381183 705504386 164718802 722709588 830551480 34548160 518013981 240915579 307665062 912196308 207450683 76423384 65861014 855818938 561070807 610073825 533143405 826845669 90759923 884508014 342292742 363960389 227929149 772263765 241955500 526317121 572427666 678363589 565704098 605588984 277236692 626170753 457870293 902605871 432231579 721818164 203218439 330913617 9636319 561740297 88457240 583974697 367446319 238116253 963737718 360701780 813390017 640408382 393609805 774431951 308692631 11182015 826268767 576893580 935191586 407203184 214293130 213724142 73748619 923440575 86268999 172180688 12958202 127426668 609391600 766172592 948492058 316872988 155762678 438737016 196181931 978068852 531529833 499870556 979808190 57863412 14698613 828564585 486075328 268884844 982168362 748536446 139808367 640824906 331462598 550920595 239756384 705364769 423382919 7394230 135695837 857513028 529189611 314659553 470720213 318991819 856976300 386175003 246756569 752191075 84802002 776005437 861277592 68374174 183933039 278217301 296885529 738427160 956737339 831042985 780884807 848389208 237032183 237461129 653276965 482890140 484150781 24849082 936280387 736502389 16584984 554857205 290221069 414707896 521217160 748818136 738181041 497962406 815818442 466972976 80677804 706804012 710710007 386979071 742217134 939519187 174651208 797803953 179540057 974754004 266003116 344565998 849779276 259001690 734770498 542663821 592731905 377482601 796657795 167888781 306997750 47223254 278068873 623493764 143311156 391828524 983347900 953103728 824500790 83895732 21464542 533986741 558495143 137161980 940856659 761193524 68486647 248681168 262958264 873894681 157566691 49007032 622957725 818709773 298299914 194430844 441417451 14382354 813583454 469632703 255882691 211735314 322075550 632885455 157398637 653225661 835229375 602412075 670452007 539156204 824060391 973169390 444145037 756963083 901488783 292573867 721912733 307252866 809662766 693761128 545437275 55804284 408803769 21543681 360594961 601316366 263717761 125657949 790577883 799909541 156018793 48067549 787941485 480058547 406636334 716854797 942569534 678922225 540161896 602289554 826276157 270024780 784267673 694039688 886978098 859768430 188986022 991170386 139517380 726726773 948340770 129167229 959657932 690431733 424235550 5510569 68652839 88564262 106938156 729532094 708345377 886220302 671076703 949414811 512833333 492478098 760179646 52103489 560578178 653748959 166012678 962367385 443562787 629113272 58117968 399502952 265302041 541849644 270115428 36307196 206311697 982826687 708585139 103618064 345798772 226373795 831875123 558553513 892368196 969206516 408287777 538534899 954693692 347643411 261661406 384571246 466651218 880062017 581374844 870452182 413401774 336345182 601420358 918953132 550222148 337028678 565593968 183681419 839398942 528856264 475114378 874935814 841861013 710813864 92771311 331805063 270758820 446340629 653726824 75678265 941896831 767652461 50119838 705990395 129543134 140214990 142944429 934025036 545123041 206826381 893647551 621085963 211876921 947141459 163814575 15619411 987883106 713974198 62617496 879227358 761927982 446189718 369061329 479632842 981989959 343596001 23658381 205934846 778507646 561525039 998106794 838541807 347290248 59518463 455608184 643209852 633015311 835444738 936912232 16794502 707946384 404050721 705817905 368827494 381049615 237325797 97729195 968484630 683036143 140096273 461216923 488633275 490904812 774975195 970399216 525602223

7919 7267
767210108 785170571 907960280 70063859 932909313 98037441 292661509 739089273 701124724 263645792 525397252 276320283 445187544 810978101 281088838 548611391 322606711 690996202 45841705 172541840 729137969 508019682 221629885 767429037 698354592 954371606 530996503 735295007 786292139 454669139 763669976 937653671 800323583 965989995 744361693 883283742 766480403 91032987 976731076 975805346 532746241 358067011 295061143 481281418 256892944 512768197 667812511 299078164 657069447 768057874 157936717 905884535 114577209 613741767 57342970 502606332 657612805 806130823 719049285 709070482 4688566 990627775 223090231 329016665 15435072 351217245 608077743 824610659 77299356 63885552 918804918 682994294 272421461 980931261 637582462 165906348 59112161 889849738 367919929 858910162 974988308 460567601 114009757 106859131 126556686 830822246 840837856 160227 712597735 504241430 283368768 672792868 533324265 429716985 619417795 247132264 212241878 558830198 788458017 610541376 16466675 322064182 418894715 391184070 36906142 91562633 799695396 719408974 237212916 598092035 999864052 129625436 53516549 837728841 971782344 296864156 221552334 775141876 456692365 95235811 291725000 857899725 202980932 104201993 600896725 426365650 23026295 979337340 746883837 694166602 259971483 682911426 372312291 566193167 69451278 428227157 4337510 485261896 510959038 169662438 296276298 447568037 114298744 250880023 723623683 989156718 923153024 118972115 479017566 527266284 956276441 45281863 309040983 601247055 69397654 600663880 579805203 336985695 211445319 539613010 208563266 961500874 578158482 560803664 145869712 109235549 8458124 37693934 979344059 199333818 785669125 889017910 945024998 368849482 703663311 401217755 705048400 310532797 854433427 923631068 334166599 594006359 941708996 905754706 77317846 518584079 862187459 522806798 83357034 279445209 628821922 119072512 184660020 25483307 800960361 255675094 792966498 359897827 439054022 761672056 470891869 438379482 832609680 671149933 420663673 302750216 852130531 743447826 866006266 87432694 68948272 918883189 524650753 932112571 246487769 684130847 706124345 207341615 240256738 120463719 322978858 74768372 800534804 452553004 93549462 753935478 106415309 580236848 99933306 270385775 766122732 570017261 959294749 691633792 970384724 537120472 563495201 270014911 831644439 381367503 375702156 900759355 869378433 546972337 297671546 14975707 340706068 420249361 847124648 492491639 986603802 773741560 776809426 44688912 648040667 819757435 69909133 540681405 724824295 477669783 884575474 635070728 897191422 827992498 64698739 873473059 275391206 569171390 181005491 224867599 846036607 274137039 362387099 240196339 167622829 297273376 120008254 453668404 566986749 161835717 734157119 146556581 866365196 526521417 803037907 316273612 747220619 889488724 452516332 426924916 241359246 692952585 610933059 704527852 593747797 710645168 490012133 798604554 893647528 861510942 188133559 846776747 791920691 721770474 517049448 408486214 25986466 886620054 196136097 483930390 678877158 748733978 422732662 682017248 654370927 112250451 118174807 109583220 677810052 864804062 994329062 756807320 513844690 422281492 586181665 227197674 449454154 938657263 946474614 940407325 616392523 243971482 730952162 882936286 46110866 768005782 546050351 952783041 746331481 744892049 824437058 580152426 426853971 579740411 511966955 702784991 184676459 702970097 373720642 478594307 430274828 941220343 482793261 828298374 931414913 503902462 353488919 282572285 780834973 557661525 126327003 315669226 398761703 654184725 887801257 423953541 62261074 416569924 431624412 915016592 144440193 366789397 373214162 438023350 672637422 211100928 107699543 96436175 304863148 820123144 331376138 211182278 883964889 262172801 147454801 42745605 745654567 635968259 158531252 550860734 801009000 381282500 312238681 163693312 316030016 558048437 531137936 532352926 334564222 557846223 808498092 453722554 280129491 559307506 449952808 301844019 298679807 145459821 907232216 208404727 204704010 672840580 39418043 145280833 272945672 292255690 941417217 823857934 514137295 717484865 678051836 371600928 745977421 308700221 728247643 188225006 458850763 298121572 972889914 271599150 790704775 922602463 330820075 317385212 760862919 812041279 841529848 401018498 303277326 719046962 351567095 664857604 854114767 6319288 688117715 391368965 546519452 976132272 401182033 765315019 955372916 369062750 744143290 484729659 262896833 127315810 198253711 718320170 735270685 33123816 555532974 202566973 60153807 426671195 44262792 923994728 8025765 593362094 948191275 231127332 643057994 337053372 981664690 786680126 571605176 49360285 738415204 114757588 377672616 238394162 1260968 166554987 316105950 138908809 84066055 413928013 658218599 9169065 1827286 55569611 486587341 821991337 502188380 803717219 53597348 973620111 980071300 851165397 107971596 541542026 403272872 77386936 39950765 275195119 568385897 352877887 646115012 502929849 380561378 614638152 856776695 870609986 564355949 5361300 658679984 497781774 149015443 710763116 697220948 478000550 247194427 861825129 54960211 833406933 391231452 972056040 438160226 38333555 267900252 420335681 691228544 97493433 890590477 78166129 971961012 434829843 925024141 143227280 389267964 365038851 232626469 188181465 44030865 20944985 820856073 155317853 633606450 809788292 348071197 775217174 713293570 567303914 690982553 388169914 831934288 346905574 869349122 878571669 397685198 813835355 47213942 106325115 898725781 370327101 22563893 72227527 449920217 610407771 126339723 295069403 172795045 651241834 17096151 213120679 618392426 411665672 102049459 754781271 900417340 992307001 21383862 821197326 76165381 784114353 659825707 186819252 730023583 783829211 643958252 445699521 922703461 577799007 795391757 174585528 64188311 239559874 782751472 444725881 141622204 59169682 277285348 679136489 886326527 524297548 687469315 950390221 763263105 509696053 14817625 318280736 388058815 186270297 169443340 904519412 276200194 337519105 963474313 381019507 544627142 28762367 78980822 96970180 658952714 730360376 353013998 376697356 181503696 429053107 938119834 498506111 730878052 971257772 9818253 60785943 772188496 995728148 160673213 50139469 610625869 159267807 963883598 426632427 54120691 203420286 197754945 944077349 760214096 83484715 490054791 502621858 894391944 999316159 621801669 139046989 370994210 756169611 757869885 714401912 881512702 330550095 794518456 583783270 777819896 742190379 731717360 807065849 817932884 436326089 514159236 8697425 320195672 848208619 96614506 829793192 124411632 504330132 684791044 979316468 220160393 25461356 307343920 24260209 133665354 374680688 201698517 489217962 648760929 436302957 327226170 291341103 846369392 926154352 663070988 767855377 356905624 875495814 72232519 847812850 343697642 527513518 400400878 393888192 580260471 536819821 244245961 143005130 75951533 667769453 261454021 778836358 186694242 898548558 488672262 444146305 805264906 663769722 627715102 296766154 17471543 518539867 534040145 595245353 522059592 79402174 875344034 363079257 379598062 624944694 438585787 38381334 564673263 179235848 58609055 610364390 340624166 485321911 482893511 303199605 806224784 93316364 584420597 138076982 797010860 855809093 498389737 373018313 190591087 657275982 162982428 807082563 400920411 780865743 766417703 944503596 749662924 369382179 863085790 986255141 791200118 917820953 562032073 409845938 165009323 118193414 244208626 404942518 397274403 973441118 932356406 401269873 765206887 221940004 980748180 636412863 613401859 398761842 888414677 944777655 418143798 341443011 619869995 994471095 91623780 315395281 305007782 152513076 382238498 953298639 323857859 296942765 467305038 72230845 256763211 996269887 702175883 920646022 862950112 912005622 727176649 659923642 431758946 968661973 554896123 857616611 357505527 94383065 409966848 327474826 600838865 95115332 879401807 748042615 628088242 182737999 855310501 404609786 468489632 298297995 366479594 323915980 722810240 930963300 484818703 591450348 712477426 118473717 633600279 921285205 396060957 907450101 475669621 81932673 51122352 641239304 326600759 440553187 720164972 576004119 248743686 827632125 143940869 461825454 9314890 831296834 185252795 868537112 306865252 840895585 302615015 735392824 961952807 180710161 281857768 60964937 922420421 122792144 1769405 92567416 819163148 843520829 756079938 455639352 111256582 942521769 243973640 162873087 165968452 878571257 270312970 758335071 466195124 118563257 74299616 507249040 975733149 381439988 132844172 415334650 141063441 625740295 766860110 599815244 897899148 197812778 333089092 813518503 300681964 933593606 1214496 642999387 224095410 979080445 846588128 372179094 54639864 410034537 336944631 534204290 768096908 156250850 627536341 550301110 609827551 214934844 640006567 809028307 618250324 591054631 760371394 74744704 744848565 567884223 510236101 891280494 612066591 681406540 954618694 837890376 651603173 704985096 576994280 370687326 24458989 861905639 622268086 848007417 50146545 977527404 232459638 601078184 672069183 798140143 248621080 214101775 279704667 569613666 256452429 869962802 169170230 991709257 970613679 928871467 730110472 315412367 734814630 665190306 896754557 754835136 541486005 73458571 638419247 400635000 201679835 172870160 47065792 383159809 643580133 742797349 61610712 938937052 243777554 906236001 589056613 753430091 629719210 102679950 577392559 175449940 179657526 855332952 393009011 243907615 25375882 415293530 246015381 744966768 944120875 988077396 862092888 681802926 460313594 488844611 609374021 606543679 318614421 773685608 202715686 963292132 795399389 575126406 914524199 332621182 466846118 684823336 282408488 315247234 378789792 136130551 86761389 997075960 692732965 169301561 872111645 735237233 589345218 688105982 354552777 109669894 985979827 357695662 162465994 573147886 971695263 633243845 944718483 483939750 618658603 160216434 496528059 205581319 491692648 247593601 335658628 989131036 615035698 169989686 912631227 724521009 577717744 656191148 723306254 174833884 405346773 239023641 228865572 662429193 142124393 509791024 886172763 22977858 433532465 114001231 573658437 687410208 901792554 722774262 575804392 319552055 358485490 489222608 547707836 458036696 319344964 942107943 755484867 503405047 125492866 405251142 964266021 664201963 886235500 517172811 571990077 598046548 61655798 765784125 224208221 443622908 529448779 157543619 463958914 343506548 938937117 863175888 537120940 345965854 879158099 365074708 21000903 314176400 125074286 628779366 989225725 856336713 710137579 659044948 862138642 458028724 318985282 381019365 199431528 555113056 198104827 320576413 264277142 366179772 885708545 665140257 560905216 324412279 409057601 235714164 193068088 116687080 140741800 917710538 352750953 759039198 623757299 282531359 816396857 750512609 171255024 824174339 226656213 165489298 586322359 766680492 573906915 542564867 846874475 303327399 24019085 746469443 46388833 498267988 509822654 636951245 708259898 247809009 784732257 770491840 293982754 402701349 53948670 910176403 743831380 245873493 328092427 389217591 37648441 487026607 339941410 588567585 711047362 483339848 932730806 866656896 209983840 874364721 176740273 398537805 329648594 160659766 127571164 649550909 571368311 662420958 660815514 534677943 881367611 31545511 291930328 96811385 314406751 626754645 467640966 994984904 290888302 37142454 957447443 397572570 112492829 87659732 86014519 815169425 604921875 997719430 527086857 991719716 739445946 288759876 635003395 727198623 264894971 880166497 610724452 174183156 132009446 339439897 66112195 452084312 947080135 897419545 430335732 476707395 586767492 623601356 4247915 621236616 306344117 883412512 716290341 879719319 639997927 46818357 399423007 877511161 354236125 366286034 522568897 741277340 8137795 619626055 438600290 207172325 81501528 506909451 605879450 44923122 773538551 308757973 619988436 422651979 697413913 147181160 450450492 934082003 861535937 651385765 781254599 513175620 869933596 728929970 147651684 385906781 262315981 409840623 911161907 205995802 18373222 658239354 436302322 830119434 12122775 858293674 763050114 740830895 64003708 253623198 510080929 815302094 384104985 415877779 875030478 455593657 884690718 131161764 718591018 281644477 763298282 892309155 875292131 676040780 120159208 891801437 262971613 115576427 123825213 207539579 177070229 658870912 247857110 725673745 657223420 138441268 748204708 880509325 619620284 203281107 927408048 545718206 901424650 630876787 773369901 956573348 155585403 818477847 376451042 860017799 930162157 664198065 703684040 820583600 280019785 910924589 592939371 93383495 765897813 730439259 18673593 174987324 836361782 482475732 674134853 294302705 452611036 365046328 58060233 880273317 451675157 662407694 967043757 139734932 888544324 931599327 740530573 840659328 131915462 979793001 104843012 720363873 138426722 911563841 699350657 482613626 579882315 112945826 863128620 116401711 383635677 6375922 657079419 856701657 554752667 8495499 765562752 377387666 627315473 747251724 261511332 59085403 316099949 827873072 110295849 811791975 679570264 757890697 866363899 877009493 917061439 966698923 671243946 736130866 574651474 238055928 673019035 372551902 306405321 399480758 815006292 473329185 818535947 612562732 588672649 564925468 566567258 963757072 773585833 764206797 681714973 504686589 141952069 115024068 124486992 359478538 101613223 883658518 380293061 370921098 996294873 495270010 398475987 719434846 460964604 9810001 134098664 118929383 32828792 490994157 776460933 950907465 71971501 794270646 998416118 613950752 787431954 152446484 67159572 89081715 210867824 656153541 891042116 943091025 903131204 783521161 639919570 821053547 449067529 580780721 557893373 134768456 386040156 867764354 567509508 322360919 513493521 18365342 290246484 330309079 692981197 809815593 29389300 955012938 156492823 59740485 655602298 356123510 42187097 527743751 692641694 169822723 124983779 231619925 350474507 538219444 815897971 539904281 468637582 62567309 198018036 586373856 285283963 560145846 405204755 336001923 612392164 909072431 674100386 346646843 77436515 670623995 923764310 528547646 919976723 679842894 437807817 577663462 938816494 925818334 333855666 719867623 268466905 778619565 871330103 511027225 796376708 309194582 235460453 396298949 877019796 116062695 63687532 165506625 145073740 999700933 528463923 961735974 613782199 924836842 799309827 448816314 784353355 421689186 448976644 841904625 412214564 392961193 103809113 336181522 554578219 97010785 253639376 155604363 907265485 538629387 618495101 852895554 332161724 726104441 450609010 836508709 149524820 879914162 650834032 339356990 37143956 560431502 880354026 585254992 425015588 359144692 519042121 87089545 915781172 978621499 971083410 129536279 442505871 123437241 433092630 252499466 5914529 932292442 785528934 796141642 416320109 403838202 606748303 910953238 605880993 312063830 178260206 505113896 832647944 388071002 557046194 384738857 736099662 143820545 128914504 666078439 565136827 595100653 866981711 566286322 555595564 470969224 992150962 159168484 905762509 659388884 159384969 186038999 23587434 154692651 746100681 749956898 991963802 767740705 253414485 916046140 333070951 331737148 585967002 987200003 402437783 693961867 605777926 865915463 960614385 5010649 761994447 683044834 65690394 754944223 494407308 199184852 279411359 836521824 870213239 490859036 237924408 776172897 948856430 304939694 755423805 281317627 735863398 929558866 300405913 193241338 647069172 757916429 182287600 436602676 825408075 544824267 288773685 981673242 242347502 591888821 950237156 36164885 145410353 10841837 692162757 956308853 160593721 54419806 855728709 538312176 717745308 100252147 796181863 197070718 221248570 429309763 240077813 506526656 89992732 770197350 14518685 506701158 473178838 458410392 853656464 558147703 838969684 794273033 770763917 524308963 708013687 587051024 509662626 934316929 49661696 481028027 422720029 322422163 392457423 913634522 694246839 731062765 207240585 97507144 929776254 48694151 341518680 96843311 985758055 259822148 970201914 326810015 578168019 167346253 468786830 335940450 12564612 12511366 915137542 515665403 454093670 712210346 281562531 344986919 837824910 183930025 576987477 428738877 708436730 291187897 684936996 322390830 631478475 135318170 239845233 424144380 495556180 199796113 693583302 474432587 959943540 515886441 462303295 572307648 834178656 117144244 117482677 415817598 61636090 922212140 302109633 496384800 373728751 771633415 695252184 37152548 742698176 276878909 628980827 663490373 17814374 93102538 391462747 775058924 731376394 542987559 688471987 743128291 879381530 462351073 54012602 950634382 49641081 820868060 58932051 196329541 338707118 498611830 727063115 304857981 544663730 111419921 191940569 386663802 34774650 445808529 700848975 325937025 728126027 741825902 444623519 454863000 268385371 518888217 199947887 539445477 36063095 611677410 369175356 851456294 304489370 613673596 650006725 100000917 195599876 303831137 396359250 823429068 282837245 584337275 396296702 23961169 42110819 893516406 797415197 817590849 566426247 450369083 512867580 299811814 684472974 971244741 319864139 450129556 121602730 978294877 766684111 450986117 422903150 212283399 176308111 107104078 238227603 615727612 799587539 362329448 301691360 780032363 929614078 467406402 682961616 57055501 196257237 652650044 706505704 952770644 901554143 539156552 3439793 299801259 941423314 222035495 698564640 839362375 108399235 204197363 546059027 235237299 170711484 627050815 839211819 303070776 892482610 792147372 11338848 787925793 646214824 237355126 356485124 144622109 429251126 300736460 579557874 309759480 236328702 785429921 370015190 905726807 31044313 78467026 761903607 702266421 47210734 797950021 97234623 289957135 712305999 651015717 632050439 87097876 227786576 128536586 988572315 391673152 800374372 341150263 408682631 70437053 197653786 287335111 988248080 927313359 904087642 628502658 503972762 625313400 37699051 314847126 262787208 896898671 327949951 65378068 208813595 205848623 899198038 915526407 71311300 94222054 440800063 266517806 885528610 745529218 898425803 617544642 811442774 205502551 531511939 497612067 743205375 151757926 116420599 934662866 463195793 533557150 228155947 702535530 471837321 424330517 806221047 679545192 411904456 716670621 439347166 846512891 452146257 540961269 350687520 675677680 476943274 477129108 731105613 342713443 515361804 244272820 899663288 300668056 759231039 401626834 634633157 3080673 527542864 604350135 325125868 622021814 152891286 425788087 114952695 288405683 113297205 156952266 986821454 432463119 314339343 371369347 590825346 44811509 17409587 970920614 476006117 104360770 650746095 814979719 7830230 885568980 880201891 831862103 177317988 933160947 375385439 281829045 343250959 784802625 494549778 183921836 248761628 452071633 42912834 57793115 949590412 685977161 558842406 180243026 166669551 20584504 303758364 998931047 81833410 335809711 914040132 684508774 260208953 774653790 651661755 774535202 411001401 690982837 424259688 796901354 460688512 866954044 338485741 269400018 648880043 75077073 274219005 541875013 201377637 762070881 554672275 74620664 292313597 192816927 926951051 309810056 869184160 364227824 701830554 385283919 378722421 393014272 743650936 551179636 22886906 576127942 82493182 334926657 742063694 821616822 161283321 578215862 874442281 301444972 677723934 420683458 290727727 996244937 766844137 796335335 122828695 567196972 689124117 541817291 69105346 527633897 990305505 999118285 705234692 978018035 659213193 301575075 473392325 778143193 980137102 832688158 829928672 981136307 71614277 290734350 720307487 213895907 618349277 501827326 399820032 553655365 633462253 911473412 70648292 82926026 31187580 800766356 903650933 318624795 523296262 540598524 510158111 262303838 596959411 610721473 463958413 385009927 577223049 462175657 688292857 886440211 831366976 587891312 947934680 680621323 182721062 320095244 329298809 56257693 27798051 38629073 342617293 201909544 316727456 670364280 924927238 745626546 497351041 142106014 675181814 251872454 331134056 138595537 744582895 503122646 354408780 856791768 425908084 301075849 382322824 708307340 953626187 598008217 457506124 703110315 218272253 435499681 7342078 140805519 17266651 29426386 975908381 921761679 541120215 610428818 602492252 475961696 393982424 218035037 249877578 99030061 524918288 28645290 961757184 929498745 552213822 87347130 917727550 130426873 810877360 50261222 772579561 374798344 637116656 847517510 771814783 958950589 88258908 391586980 473470734 40451385 248741322 821379613 535340737 981279239 742868084 972199383 816197919 228442416 28048965 86618485 408083012 207311504 570448559 619625869 485859739 612512828 389318506 498879399 649694311 955744947 125652461 292387969 573688688 220414181 405270527 322477685 227748088 955649140 166858172 476448251 599868194 999189514 996210992 47808201 280462167 96663677 978739924 521794852 700439423 301287867 996340093 182118089 346344998 246058879 999867399 977560477 74769861 857625855 495138686 759902910 520151907 702554571 611132933 587465927 226049821 685766641 3746095 576716968 886801001 365051386 767314321 314584864 698118692 567288947 427730903 720708929 984624779 352705273 739629396 23494761 944620371 683362052 941562069 540083102 911288053 313876132 222072960 203348106 62182856 697261835 919922738 407406013 611330143 204583021 527763850 575790429 99901815 863370072 659946367 510610012 959200911 978075384 715940775 895001317 121198941 65254431 522339803 672710365 372724327 864009325 81341806 836806776 720581614 117761839 388458579 316892073 570311441 962490871 128366663 499650891 544617977 355559032 323338152 588838448 906698000 673248051 292198810 122737163 73845077 693615660 20271736 775338905 968891907 609472305 30925829 129066853 261759292 205336718 469837404 312230687 224261245 84087281 216440132 911520983 345198789 905154626 522761814 146795967 252031460 419390755 634915578 541726618 407718616 97058089 78341747 536415944 194746227 526598369 535898291 81148994 312264533 836035648 407842089 515025897 71882592 300708597 230125731 832804822 61768102 355753112 112097293 380057075 473440252 576703491 90228516 688337386 115004936 604327894 305316847 441816696 561835193 166889580 364341668 446530893 592420067 159056626 348323396 663853731 187024109 460786468 793310117 939788567 585545089 208820552 805957851 143556747 294052116 530044820 41269481 343095855 387474276 427804299 630085307 193394172 397349313 730388931 450691241 556414047 149612725 459885430 215797372 63914684 832399226 901514458 318070139 883001006 885943623 774447247 446444891 112301832 16733692 662932104 466986631 175650852 948354234 789074381 63195194 192652330 299104296 854859418 54511630 848876154 8654346 929937089 821944019 912689554 676196943 188825393 164820032 371199850 363992356 706580531 22404604 178403708 603678690 136974262 41460012 825959619 654067276 220899871 95979874 355896916 250823404 490620512 855225892 204387201 25758261 527720000 916208485 416759045 442473496 908404978 409053 875267568 114219449 72195398 958430370 659836105 288598701 995086087 177766630 190671743 60687935 493793035 525905642 784604595 571643194 826834810 852733131 31556984 171584331 965098320 391688117 451299320 709848643 567844976 515881364 43196586 60297605 540559806 146200037 447728032 262247249 640219176 929550853 583118900 89470950 903347907 77133281 629149173 672300549 936605198 936714657 517999979 444232498 628489057 381617998 820952636 242648158 90874916 516440878 863458998 94707701 818316442 771337520 60581709 366955124 810085986 918340450 763716042 889821196 11074505 813790925 560199458 889297300 930047774 237162324 688542803 940230205 303979319 484685986 208171160 397928775 58060980 267472854 652127226 58543996 663794947 112934215 588217537 593930502 4514123 465639061 594908802 955388014 869624815 316829333 448314764 952334424 202367947 19862020 897960061 129489801 156279090 561853631 315380076 998573111 673087601 381673685 771335201 583627523 201697234 648583408 504841397 550548348 63343524 708642610 203378891 670276506 3612414 913860832 740673212 798737207 685251916 85143383 757682723 726495527 852653525 795530725 160054786 185358762 849415843 763181367 423689611 123594258 375112682 116508161 699940995 570267145 911326222 870656354 770262462 514584251 584606921 843372539 732313847 533387283 625520798 183525006 290905057 536259562 885875629 935083846 813004277 55525403 404093713 895762178 844858432 423206795 513052082 716778183 548247059 554626064 137765824 914723180 172850047 435061372 472323150 400525854 406763761 130442798 840623053 645093819 823827851 409259840 790882899 750415239 875975027 909443213 437215686 327971023 177206857 632587917 170210087 804853934 784580320 976257706 174174851 989802001 443802424 965554863 644610937 146724150 317476496 732025497 859631974 715513661 771294929 62820491 40441582 203133027 960958343 215955771 883786851 778223742 899117102 30766799 833244320 421433473 13045975 794422720 503549082 11418576 787533299 970867905 497468470 23711314 36317748 475474689 604264984 408181612 930551301 864685040 507163954 595412207 982936357 250916674 146669153 351496656 514241451 282561438 912417051 401301508 684443239 422009818 222517462 941475280 775656423 396842145 128897940 512978328 138658038 292235910 361830035 151991414 202576739 374346276 278494477 84263348 507480389 852718622 489688755 12600742 328058170 562735687 552286316 455503576 582681985 555528456 554302115 806039607 115566557 811214456 744281638 443128992 431578373 696636904 567472966 181491660 213090472 415394055 101111287 166841594 544055620 755188443 851308956 461045701 462527279 895935438 256792879 434809209 755135994 976848376 889595191 654234653 202468495 34162309 518021223 986036269 352611594 184458604 435181030 888530845 232816260 803409344 132382519 266275940 687199833 76033986 50822225 213474487 158608931 48662995 641360228 942350203 875885727 840442981 709287812 439542000 606790783 391682969 104928485 800000169 186736809 291425219 999944082 532254795 442877460 892898044 64654858 620090733 490574230 607414469 876919009 980486111 2148454 402821769 659241578 304587807 24729559 959853657 724045543 470405039 668529494 596308404 519229324 836949448 575524000 57277702 488107624 821981270 715464271 179066333 55390356 284066066 227044130 829304046 786364513 535385943 958127044 129374117 56148852 712537012 843144513 255571348 767636812 448477480 814071324 727722880 880670215 5235969 632443251 267675292 551304880 888545189 468589222 374597568 607646939 664972656 832999464 678037424 431207208 319737718 626184929 991117689 75494547 745707112 521354288 231103430 375806573 126978131 363618080 930846013 487521010 994056407 107970319 13298013 31822692 695346087 106398477 787383766 933969745 633576449 793299700 564970671 390527756 116734932 771547102 628706689 214219238 537816635 86183463 730888652 138815974 647883934 355974348 62971526 722109302 733091882 670341232 131464692 401514154 404694628 405675989 819722531 500861270 713051224 393020564 218610504 176442283 989317680 120478939 667822258 663009369 938626402 709245821 970280321 945194767 966199977 691450714 375281915 690570280 538107518 901973683 56622746 687702342 868444635 346482869 688720382 341604800 342326496 354798540 954255888 365037557 76401706 703054943 440903219 953170129 826172758 722851387 470543936 501256607 394073908 676884988 566476176 885511107 596014940 742221856 196955873 727827016 436638130 660474747 168230246 170939091 438843888 908760285 861067092 296024119 893187360 872105312 119360056 516633836 699427223 136702662 644559750 934995569 482746317 300885926 806542026 509138121 856175686 676862166 284100336 144076790 127718930 73221803 313069258 14223596 210124290 585141966 92463269 157373151 186966271 480751126 302107945 745681036 904241505 867345350 643219903 498364619 581872687 132671725 490721033 51593939 855860537 17000460 354872898 610867199 586185343 517370173 283812268 805802027 697148116 56308811 489591361 592296069 147441514 897746699 47018204 816450739 168505226 217789635 164287783 87763011 510763605 798762917 596916779 631134703 582145685 556548323 523623661 399929924 777810415 736436791 240895928 66024636 592542688 771076605 501360393 615681895 355537995 412095905 368053767 639589203 674332911 902787838 531042296 966477267 264138025 908859394 12958062 154554691 224257470 371563169 557960977 725090101 605449364 555420928 512048792 489920322 396932599 103006825 27591545 477565232 95474850 465390631 268194118 439692678 549181796 96046048 686088658 430676039 798366259 815963299 288238879 882824267 408466179 837245581 810051737 606433432 169710579 37986389 151096259 320102204 996674917 950520339 410031466 980496569 626009611 982047536 11564574 399508692 458049994 614703547 740701590 752290550 466077188 239400539 698657376 800314468 627702851 578604952 532036303 24412476 921362095 407406869 631572672 730776913 561935378 369958797 820638462 716082173 103832827 481800390 472942727 499770332 930066017 996871863 369403741 908177210 917054508 629270783 606560287 938237345 695794475 59875262 248033823 412940248 727419420 432824634 147268011 98498863 324363862 15781351 698010721 817245902 109144399 727762875 863257471 708902567 899978715 839958351 529941615 955153478 578964555 390852706 339788511 242983140 706516409 175409961 900658158 928644172 471056145 500718648 952035724 221518601 259256145 653876454 71405465 468440553 555476239 413659137 770216192 320003116 892250436 642610969 686640972 215476950 754588994 90696163 678948289 558656672 931104911 669453403 540237858 480062106 30994734 523508924 374932494 236733157 250311462 423984482 235178614 121038207 108755121 4420687 915220837 12039427 234954228 242006244 607113181 328994276 452470156 48387566 247096711 333371795 158046315 475505528 689235798 897249187 273655864 824322349 788501782 164314172 534805392 285342412 970977255 26678356 419941207 463467760 429375599 66617516 708502879 215113991 709093518 856419656 478432378 577130440 982990708 179380097 375110682 997370562 193813924 329802348 285988290 528825195 778188242 427031768 736197892 998333424 513383715 447487305 724873929 983696838 363882759 272589086 140040321 99131020 606404946 995644616 271991413 408508516 212656094 688636333 884166973 576940992 358588701 53290536 525825922 212154108 92950342 310248549 295063367 583066264 120799406 571493865 422117247 293241782 483465728 849638354 964988472 96844346 182243036 450131716 141301513 201959451 527322510 582636184 567870223 617070492 623527885 442508441 719390896 757993329 380474703 463635958 309871759 898628760 729541473 921447237 868872451 490241251 136742420 82020273 617496161 69734082 4475383 790054054 402021403 69373190 731425239 147490262 561977503 493934572 874333445 598420475 395811723 825531853 421183168 731061227 220502355 557735400 630444331 513483477 145191185 573380112 506878047 524443723 272421528 982261421 306212577 633367588 484780289 308572399 47942164 499937531 795500967 844709619 556336559 270261809 904020423 569785884 90674601 885591206 234081269 213002478 505535553 91288589 838988535 288747653 212466655 651598464 469342493 338042171 159753841 39572699 917379803 196072703 679427193 650826944 419893569 20323211 354686566 278398667 608221121 110226039 147673860 497770188 889669494 381455313 118697221 284779813 674237819 38796953 902123011 115056698 415751142 37650558 673827877 951655225 234329135 643873845 923802912 65811314 984746178 67716352 710407681 769479779 587270557 508249299 726663446 296022721 664429951 292697655 31347469 897143881 927828789 213627821 878508661 590919428 377160732 32515294 969721397 342635680 318948655 79695719 985881161 696149894 964741432 124970132 405581246 120439262 394274044 770443911 945248496 658431080 400399717 195611680 41874371 201086897 971750242 556549270 801598094 301073865 655549650 725703643 637537837 255997030 456225504 524007021 478739651 952398105 110090957 93913738 342199554 859695327 377062405 344091521 694676706 442008072 84403559 953452517 311414827 701226061 811230029 500307247 35872195 893179832 699205877 720785250 131110244 728591799 315319677 373675079 524540475 84218922 805718591 348877890 59943559 274789592 797939439 942227623 968386143 92273318 543514050 336249786 272066652 257640273 290264679 784092061 14820714 915398501 98656781 40236066 967354036 146634614 325615877 941198686 32406070 84435891 712068009 427066630 680554958 889354012 946407426 672999863 397116636 2905986 397229532 10361864 206761794 753050841 161026644 553705190 532067041 848897206 328335829 793611959 574817172 548258815 222825867 380402557 340672989 464074537 674552663 225503632 463713506 462441399 672435899 177527439 605306511 741918451 238098025 264876104 353249758 247249821 576748348 733480371 98505501 62617624 510120969 401358771 639605207 768484267 834591226 794254355 114960361 372758847 834728422 671262124 996435023 456401839 799961865 304569303 273216519 576169858 446295473 643467201 47494833 95244151 645089434 516038155 132889542 483852848 397698551 482458352 182988056 470809762 9397769 354577318 639274401 916724864 701133112 741537927 953775451 289516752 50623420 442622912 215317976 894490208 754547136 928419992 269004489 833543844 763706323 580488139 349911463 156154499 888045595 190662619 392885478 676659527 454380925 366084238 536047534 572421758 658365801 458302562 657134559 225715435 518997369 457696244 672339780 175775160 677573377 198664790 96689442 572505619 756793165 935159788 216603920 261473827 200030856 657188769 284527921 409265596 31183805 877405956 255441147 311489936 4211456 590977541 986114039 491144118 156482799 922191722 678684307 206834704 277517959 497939406 247505689 640059172 162492288 498535315 437327038 964097618 781591129 505566212 459353168 529878974 199480239 515112689 300584876 868590113 601719254 880494015 338267793 892044441 7401866 799475945 951304465 120366081 582845107 920596616 852802755 724574127 927622776 358347571 421480363 66625490 992031745 403018090 979476832 623458220 967960285 902345283 427413345 492848971 237845199 653905409 40944054 755225750 203199305 110668694 997244466 259174320 530118545 140191771 704562739 392326422 795656881 614378227 996116151 420032616 10083847 200186231 561008576 535315890 653299797 783789035 820837745 617094858 965585494 449861855 45118994 100681242 355563599 871478788 932701493 883838818 183950870 199515012 326499620 588478722 448963882 684167235 154123956 502094455 545332694 631416685 95575794 137439413 904139167 235491571 474660916 799813142 524544571 26819334 622776809 26092667 548926110 544604139 138901107 520508277 516190705 546666090 777277198 289343739 376898940 396690152 332361112 328672280 667007320 127526195 56927481 953116870 299606611 288519465 832398574 789261235 578172531 925572575 78714532 190962492 366125656 125300437 411148783 950476721 122191790 408925355 614578465 304361534 205337790 765321120 148086759 171772878 293389406 891247762 396426228 624223028 641410229 461761324 345557340 417740323 710103902 99187479 703451575 992424735 472814308 748813688 842009454 164016897 419040673 564247847 437833134 757735472 454625163 206205519 639532144 254158562 118228645 486696577 62594373 741722796 381556972 105435619 791867968 746381770 322720590 529955171 520200389 924558700 756595787 676320594 557692563 334322351 702404108 276156283 433303209 111349739 792043382 919737296 955480819 400124060 830023901 47388326 147191469 368515136 235345330 387501524 257484715 15493487 723267384 960385400 89191858 282139524 381007249 770224159 852518632 629551199 371947997 833102937 577150844 389512877 14291700 356821647 997619264 663631084 998534863 850649973 102873783 109471706 275139158 625073483 344120787 709805321 143359286 146335126 994404540 247598940 769138916 692286303 821494047 981929703 931670888 930622742 39942591 494887061 784798064 763779913 911486143 246716887 984682158 160441296 156877803 58410812 63251906 347813709 438114973 759109292 826106256 810430588 283352375 104524214 75260199 276884157 202712828 665449380 687092552 273335803 958998152 364097137 747948278 910822202 957004752 202382640 805082392 260132718 842250618 447965255 413598923 325786073 590315361 623376916 218809370 681483174 199782321 342352161 418029245 663971962 296677114 517019586 948981672 259088921 224569866 53644125 211323178 684025509 682680036 117457549 930221889 191455984 803763034 579720144 385774853 559054953 809281550 420796134 40428528 679622723 762803285 8282956 434873595 32071814 49375390 335258609 304392805 428063638 183120857 897268921 398118799 989670627 415894773 52126143 346600239 883224035 754726687 755476488 278849029 602667023 378249041 909867442 937992975 259424573 846156388 730270948 152268277 148438005 326431893 41424835 761810844 610176281 916828936 435448344 578527720 894401404 207298205 264986109 48257382 754546933 387005208 924913102 701391876 323508496 263854074 307995928 776197910 20811836 289939077 908160646 548044211 39027074 45958126 520263374 672397077 653238027 3600888 343138577 917240395 794488602 138527544 827470495 629302368 456394612 784041927 84089632 682435359 37215384 634346895 74532649 485615262 922349834 840665465 937486660 800886636 936816032 240553192 867418351 48357076 639961275 877620131 251163534 29375392 613563757 762745915 856703284 560303891 403100711 887809210 848567585 727346801 72524620 526208626 460585782 566318816 511953573 131377916 157252640 27194511 669317750 817840886 408895661 135395992 99140721 637562557 90009287 933195587 326243575 851261441 599437436 737969662 115875738 143067049 72797415 128353329 115900055 865294088 238356487 170034904 42938236 398328706 663821771 889780836 427191238 1186164 656539411 413529471 665873968 955516187 332455600 506645787 6337053 432226108 523908514 447447904 457570262 822294830 167185480 660593895 541501883 777876434 59002411 677976630 105638337 10952635 22950202 209282590 962778079 486313307 541531945 84489863 41207098 416977071 880905845 98653240 377333348 404465201 120323472 613558196 509271813 529217355 754858238 582011217 288608686 228757777 991623699 433392834 894033325 695843743 67829244 353117470 500763581 972250070 301756453 182203164 839538 220342940 167180627 713229520 339451317 232762817 527364580 670412223 591228506 589923271 578634480 954657863 23473336 302811143 103905694 713246101 678753458 101525118 246864280 932654305 921283878 432218088 776028704 761000934 181861665 442501587 771394818 514821594 978488623 148444468 236725410 688924476 33031357 320387907 225887248 51664311 419472287 207595675 908834926 176266375 440458115 735532191 878424108 689760102 146671693 4677159 140477436 999682637 407980418 972227788 108497461 536880354 246059500 362764134 862719609 227838678 161683059 829074922 294071575 353398563 951855655 162132969 975351490 318771594 391360157 527218835 49527868 938996935 378296157 95305327 194464253 920562788 78827806 351109157 703159976 259911524 707937991 203147676 327072172 579174780 424542901 117017497 949864102 653794883 196969917 927084316 954964217 823440201 132165028 73074930 713315493 336309417 946829986 97891612 74201797 243111244 943176383 853061002 364850651 785999698 874452981 527862618 911758153 588815614 349381242 786226834 2687729 655693223 96260633 253334966 705178600 436026605 583013200 519582190 587211028 553562176 679513249 996484884 984843979 972363342 535285222 831240790 51114832 956731579 539486968 928783086 335600979 239004421 487802545 259677245 350160672 348218934 614969382 624681742 448826359 61721680 865922456 753806531 327176375 532012336 428398370 274749060 614799301 385353434 844018262 440509158 71337246 818967261 576526592 833683773 868705074 854132072 302649330 108555590 324050754 459645640 904481931 836326993 896434384 623490826 871583221 598543162 458382260 933844954 256568866 915354721 887615647 400168680 970745802 749065582 51901309 272454550 292514399 304566005 875150460 162519910 542608869 55411336 46260807 422606348 517067168 414369540 148045846 683228125 552987055 194384624 282666463 332401957 674264618 992150180 446395347 319847088 836370484 79998579 845372489 533566339 186153290 331117751 923045068 120337219 7390994 781124238 589726857 568203059 830379990 910375361 400018773 860451121 885453466 861121158 113733192 429878053 511645780 66041968 773293715 221944661 779400063 226459715 517170748 24939325 584012214 818742460 617901336 407294158 408413981 395448335 488769419 75460841 461326666 319706778 453760096 304305666 628707364 599788384 780109891 576824866 683626742 102087221 878289047 765903684 66459669 542061379 58986388 107947067 532935469 936504447 268246095 356382107 785923862 859682589 416789144 934409119 767888962 831891328 610804185 304324629 508915950 127755526 295824308 548621160 424250975 397782527 751007615 689940315 923271706 752631886 234603005 492888354 611806015 985744278 23478704 640475607 19013113 499678738 301014655 376708020 51180057 21727276 397205287 391607271 248951489 845900926 89006594 448540349 185050287 593047547 133704819 360352389 31543366 233006455 872724640 823435979 544899850 466878332 385397541 482642121 835223792 451155088 351991790 538361708 810661825 729833559 432254718 182934652 660718593 250373897 583563404 555657980 32443468 197411765 233078986 537963834 426390480 805654758 955472460 458657335 119262552 223724537 920505406 746556752 663693724 90295886 98696865 149032263 506856263 30134363 15373277 595515670 116843857 74980264 360858062 712691947 124819065 596645846 731562328 861043925 972147954 939349663 903057728 160901365 212939478 223513018 298562508 194499980 585773566 553826724 95079398 686670940 592603149 924170099 785425356 642189652 662952225 126641459 855018596 988897213 917485659 763171745 81968843 954323049 428634641 729921179 859993014 590399391 202884213 279503004 929271812 205788893 364290652 316896818 318256826 148604106 359227284 195424137 431076746 190552981 974776756 106077550 707543083 819908245 663990612 407938522 96669133 308781438 828919692 432523810 537421795 799340664 804808716 641042370 43041700 831851631 500748441 462560687 494484679 629267906 899848955 653313153 784089982 498572496 609210747 965720081 862258692 201896206 506095381 15945031 592114097 309360145 673432246 318979520 314252772 906906137 36251493 106669574 551753630 339406005 624299269 963144279 274897019 636468122 558014946 593047806 733681903 780574561 313658093 891739121 726929277 751400582 491023941 725016236 92318572 521407679 7174786 69781586 339791100 12760435 467217716 812311710 51364957 853012840 781691939 29959497 716366695 403684126 373271599 446462699 404926361 738013991 142809654 682174549 394674717 976156064 219770177 984762505 589519941 536980906 722984843 831291797 519791294 843567466 165209027 541146436 519006140 366976618 2344323 955093266 101381353 274286736 933891746 400234227 122334291 852394886 629982370 367690382 519325429 674088402 227772562 315522424 265013885 871796526 247086485 354914735 893562327 350135028 257351276 805549790 774117696 855519154 12735326 808421001 985449672 237544514 538536653 686043391 785252569 671545071 927579419 271695528 404089258 965284265 664789894 356542718 677224496 732598210 653536658 255234558 916620236 402438805 607214561 294075281 58315950 590339851 335856269 879550263 535880524 527751676 740736041 423545683 6549983 129577759 840846342 887429749 189740189 473272119 238679923 336811538 255185474 140797729 452063039 787263404 36631752 545139358 947694307 684573765 812166826 220830791 851016320 392582119 624822659 105174775 65558708 741691593 297793601 282137215 396311264 994906459 128861138 780780485 796801064 184646366 230389677 251115209 362665769 867085558 55961566 209254846 797793765 989896267 278648315 999369797 251551408 36617513 680946327 479451222 993525089 396104476 291912169 4401876 680929014 948213826 9205197 19082134 919562702 936859856 475260664 43818337 516508703 838693111 294853754 730764506 941163757 232059874 82075990 482625231 419293358 98641417 9779371 686464431 786392960 285904611 703713414 799734602 612434313 965658455 955073507 558177354 55503727 971024123 631769897 452615014 638808313 589510288 717851079 637939819 134357693 788526364 382270147 232473120 825873229 587025870 617558480 221637839 641993870 825661825 132088092 948659665 897179090 496821133 231385135 919226042 624764807 385267543 135128930 876153598 425172662 277562426 592619090 641452417 676979397 176602223 777957315 554790692 798583092 706464340 568506901 162554974 942838389 31965813 360741490 797216706 594766953 890534981 360551645 570024023 628847441 86306997 296991553 966323244 70960957 814550815 543442955 504377838 378326404 929338397 122708989 43625490 851496440 894486457 792819045 474502437 149752142 138159155 943510728 350628869 550768902 179787673 116749524 709553718 58017889 852426518 571855920 910322801 511619124 321223623 22524019 980063375 40175306 708006069 690594503 465768632 256710412 888963725 651945861 724619781 317117408 89928229 437268248 364610402 467496157 484059826 970856532 991608821 759078499 661608257 265015875 162470004 701943962 157625771 576322726 890762579 642840303 807725681 55202487 781322539 246380212 751962688 995875795 412107521 338407118 589574033 594640218 114750585 164355527 574375937 382684551 866394447 416022158 205017756 577561409 467977583 688037900 470920824 306371177 619575094 518386078 817090902 215142295 598204640 10563384 438467663 3625625 51749027 679988085 888681730 339270987 955578916 850846091 745608569 179207570 627861109 320072618 738183815 928113498 191859510 816785880 148339047 795339500 341123767 658456487 623130167 988733324 103609127 271023197 538495318 860859605 340781974 922696653 777382942 489760206 809426752 165832444 446881848 463649074 506829599 250530696 324222991 420463416 629277479 170286168 5943061 153445083 691596061 367106478 140760968 312405208 121155370 97176337 421064019 746862080 890575723 341400590 787214064 345002333 641144319 763100964 219866746 448125666 643338157 395554084 4716005 722603998 863717285 532929867 954427141 801966208 697346229 200342901 78910092 407729702 559120217 167486207 244885090 431860541 234968412 171799698 958468205 884180730 463255065 922689789 125134552 137430807 556427368 634566521 824453358 942270255 561399987 38385035 835940029 314224269 379799392 234315803 151755409 192379742 455631597 630488217 988057261 671316611 910567387 19467203 199660934 147167528 127470745 499218410 763830913 970921537 539299229 192308653 210517675 515216161 590853756 876535170 755881155 636003083 217630086 854540657 502248760 96069219 224382984 508012371 543304089 227354126 636905805 959982781 895864890 762349781 637119264 376176168 512808567 394082096 265995538 882126876 602847809 351625512 278075198 934765074 416089808 534593956 531641820 589861996 408743039 810940526 642438498 823701876 879631447 214302610 664780528 105141844 858857667 292255994 246791886 335160277 337553925 641884715 373743079 218886317 48305670 946784979 295613989 842776666 874721543 610758045 788516646 643610038 135791255 319817948 125195769 944048013 126304451 243390057 864599931 813127398 499241511 760695561 278360572 543709767 711521921 429869999 672302489 696639579 378782738 626597705 392211671 525309472 88956308 566384371 49503469 29156894 583112697 890060225 482301077 733727335 946481170 863536209 967066027 166297512 474698984 202972058 244249260 369053533 92396783 929492582 346535534 394480378 209149649 973354467 311765809 650443547 587594950 792533088 84104201 393918216 884891459 791684635 420606596 460026421 213784918 975713738 384097440 30221995 685592888 628233312 14855936 505194267 682392987 273231449 839902117 341765029 294008771 616035034 305756421 942661926 533597215 462795768 435583221 582699756 796639321 733332832 437196112 434329679 315398606 227549494 228363524 8809764 323336626 804522804 499931844 116255137 372359778 303551684 138391981 453925182 80276722 746293531 750598986 387182844 63676755 150699975 308874557 566237104 396098754 22316361 838208066 524494829 213395614 776783909 984567677 560420611 465659817 134987911 585536530 390938664 671638587 307480909 742000370 794814575 352256270 770450452 462673094 721637393 587507390 244383129 462945711 699543099 762998637 769263777 943998222 244103286 5758330 573605220 105365538 7384464 858303408 904458570 64880505 281174417 864014527 540649664 214193565 163951090 95512616 8116020 285989589 354011159 767538881 685574268 394994569 443615227 601151551 78287777 859225873 907236074 820058740 684496467 406849670 303855275 766617598 119873497 586701796 547648102 194937473 455391212 234366725 924815802 631558442 815110761 914698703 959721811 152183047 325125573 130456481 545605223 976159740 860818045 512137139 876005253 729899338 653739574 569685193 271039714 264659989 885848559 598291256 875587508 388344185 123471502 399125129 459300684 810105418 632231979 132141275 417884982 830929858 152971407 432018608 125476384 645180590 422176157 91370865 521207617 182648933 148051722 866850858 342641045 493743727 697683319 564228933 537603329 46111574 83122156 533160078 487423183 679443066 4074315 128954988 454693759 29880622 268533386 48311482 545636875 667334271 150924695 573523544 511774764 235375834 486378285 989130080 588379205 199120222 272689717 532742713 505002450 129609145 407250326 499242709 81515070 875793329 523016075 295217061 247824529 164163110 933464788 801436713 808866865 705262187 83211755 487912888 902974489 778838984 338126675 905829439 48999698 806232252 29381812 898587583 472292777 921847900 87480797 203394660 822613278 731112351 327155519 501536298 168799784 291920606 417274830 917050739 77787333 25237267 893336661 937858655 102258117 784653151 161532013 293533421 820820095 405066345 51606206 704738476 33765146 393970315 397934273 67949502 242779743 680356407 167848095 966740634 687500040 22691571 436174074 939130957 161451934 935743895 208015224 43880426 419648885 392809359 807676604 861582304 257718740 736162296 843954938 154297312 276339112 610684311 846645537 357085406 652988263 501430795 700760183 659411246 409271823 637787753 123486231 233174406 259371449 445058510 106000552 778922035 874624969 60317295 644807121 413304969 871072259 938115500 169024083 604471592 200911827 561414699 495874139 412689773 362122902 628695823 644073792 324018459 143932350 552532106 921084652 473613162 966523696 190237923 81269744 343295632 253916615 956198852 599461786 491736169 401619039 989147589 275237922 135097350 23752241 706664329 324312891 393341538 803855278 713185840 793560577 552517715 218083404 415075163 533866799 377178393 537750202 153037411 628748248 850200079 205022708 81326101 493349189 6061818 334817949 878277313 607220980 793843127 582515239 764423987 148981671 844237465 928777984 255444819 324019008 34528464 674477543 793294388 940458245 763406926 331932297 489747992 888583443 935610109 344185931 762824251 303046983 449433486 810945651 620762223 587588367 125635732 392789813 329643334 4913423 690977134 152725827 551935250 973633265 92025070 458476312 673041844 27100129 385492054 329882580 588710284 354659040 718711246 96610427 242897299 233746889 63115014 940145444 405141397 905199797 744024153 477287714 500480312 11664297 8616231 88721267 760089896 450428825 18777656 976870559 334996740 656598273 659381368 977787106 701379925 93620019 377587142 203513140 704911491 370394464 611541203 800102838 525375624 561858854 99889186 564250856 791514504 501828687 373521597 770407881 854732715 623751869 253914716 370674684 684817380 95918053 870604917 951446019 4786190 308516415 713167035 656423667 393206929 225678328 609772566 630223366 331241964 392281819 455456028 860071308 815370655 195081093 70380842 149787757 61188008 330562445 690569408 951590756 582714384 14832190 615794232 288696777 917979660 249468023 607914971 116908582 891401774 479331654 322537540 398761106 814720996 672162468 884538172 102119976 112381266 649859631 111669440 404348605 983220721 717193704 10043892 788621277 209644994 848967875 475035974 315369553 195827119 545346278 784119481 332200698 466065112 762622248 818938944 390286374 218410045 37019481 418538572 707481315 218823041 349485355 34457942 78135325 497639635 698276997 123069756 499770444 108668814 593983358 633381658 936595260 625768734 689461544 409567796 446719266 140795825 218542404 328513028 253260335 496399822 392105594 702355479 106497911 20726811 773736847 399821357 965493336 858467078 735271675 964966634 158353179 954674030 174636005 916390217 686725904 145784624 2300331 266590399 250790774 436243960 422540933 252419867 924112137 260795053 943059678 603954850 578491117 67379724 361953959 157962491 492816086 813606823 306588301 936823638 541569495 51525440 214070753 993850992 483042997 342639673 53648737 635689808 920783676 598522624 864400679 791723557 750398223 43396141 753340997 707266997 831769710 394906811 83119592 581018268 442113383 192263890 56770210 469615747 943623300 976760612 24995130 313410897 606560276 413168624 368134946 176773944 445003011 195056138 163771002 281947269 963281268 550991772 974711798 857268968 324325319 913779230 874169190 785029787 404441422 693310009 613503675 450961082 686481937 120322275 402790084 571107809 501279734 882782766 957037432 597606724 137961486 720230929 654570459 621062650 763007489 828089880 855490346 871810551 461002526 954752170 299009038 381715922 809578198 95164907 414323636 839315417 960155695 668855728 146387461 328000677 848886919 261719380 743716144 60246481 845456954 502658780 6174881 849269500 324147660 512568315 409809000 249159282 132208195 44989607 304768311 129734404 113922350 617355681 88906191 343771718 462300185 111368225 984739800 188897434 355157560 405702875 347149745 495024140 576154670 878654851 822246658 860353845 692115403 291801505 958823512 808255343 746960134 928585858 108279199 738912588 446976066 990489064 797346328 421306386 329945693 4550608 129486742 27019017 882830856 799680018 983296538 591979369 603313926 613557524 202198887 924802802 841112695 756914662 450575692 486545306 263086804 90161954 795335992 71967348 380223356 624966195 477717841 615796220 707481428 192616076 650201233 733817476 183542559 177516059 260012849 391778913 453960925 546944714 641732579 266321431 4008087 481254511 758248263 515659553 979317093 785332297 496484627 443906068 615719271 931016404 449701744 44147395 741764137 34038716 696354450 48265510 70336430 993321476 90755469 345793600 486021933 881274096 591630488 969086509 621823110 374500438 362907439 181083287 279082480 13765801 474397522 861346747 714249193 637775117 431263032 752094223 830571699 332947063 305704293 878620210 610554986 990445005 550687104 369860375 5340654 667376650 313354025 417456727 817854193 754689600 417438582 361314158 639874763 425349697 666142647 505040666 520384466 774564730 52521472 697870578 252013430 883909954 587422899 42007472 603611018 584484787 677345736 24865581 598199749 218192172 841687635 957446438 695748732 913925274 319683127 956530197 417146526 375657716 673663120 698450340 636741853 352328926 305188885 126472924 563976129 451248512 300005115 354215223 971844631 190418015 396187895 300342741 304840817 708723617 83970743 944952150 983164536 780273408 989705222 153703163 904559295 367452396 94423706 413098597 233338552 947706589 992845477 142674325 885245680 3893769 587142691 143957119 95461340 40388237 533281050 516478328 846720677 394003427 576043819 918523815 24631007 412518138 702694262 822843901 988596213 288588888 727861508 211546476 76109680 694379158 276897854 631424210 105030722 599149290 674498944 331593606 159678361 81442604 802278952 115692304 586879586 387281190 730941402 563301936 571171593 608349244 261610441 88774842 561102067 695899709 997362512 504657485 340461214 63472348 123258292 462953334 519442077 554286258 507828842 753689568 854253493 602681398 42911795 386810806 617738596 690836588 121072787 290371302 672136738 329143301 847782832 113447235 382662020 859439998 984306434 71148795 186195729 137455874 269515433 25136497 187836001 993253443 64063824 886605166 403546866 511793499 214389435 875810119 285274617 282956439 130527915 132672950 365028367 444968709 333896178 575618884 763902636 625252668 427428477 974463117 521905537 270666434 517152202 791622223 855274367 895031668 132922981 116765751 348770647 743113225 333641401 803257726 214815745 936274200 426883582 405046782 471483590 512051959 607246376 509636293 763384242 887071906 737764384 728010168 421260504 779183998 288053146 169315815 409224396 165067801 930279470 895042076 766896185 681320514 414677977 253712243 699373629 773317481 581436524 700085239 429637308 692401545 53595310 352958047 709264553 59044517 610581898 958860920 137601437 615158698 575611223 709783174 321549252 828105840 225623562 712461924 826071913 783670004 454115804 857192848 907335696 439485036 53979956 92351608 200701621 622052240 940572062 909437699 366765571 117074344 581389200 187337668 160288420 401423234 718338039 465292495 459082208 633747660 6489512 290021233 786655620 415896389 812190620 884314831 755482036 186305670 298410759 851671456 206611818 95484082 601963090 306397718 694905370 568395066 288399174 258581329 535107199 922677081 515801427 809338321 400771367 918797705 734478154 532228061 987374901 780325117 282049901 788119433 406474266 27021318 878148774 24284262 394784751 654907696 221491394 920949004 196333298 813121648 271353870 303729614 985370709 701708916 856919116 207383369 728898718 735516312 167233073 254008295 536915080 979557175 35228705 63930941 75172989 290950305 843521280 312096606 195333171 213564523 878473830 870137988 753726949 528348444 889429841 671582161 38166205 831596503 594458752 434613333 114661901 728612574 372783483 968701015 986497165 317329533 350360970 864457345 963371679 789879456 845098026 707057468 302992359 927328788 967494285 884275072 478440279 230202659 4020578 880553703 580214415 236673290 715134849 603366964 78548574 20085372 128761644 547522473 349173791 905066185 782669716 926008024 961010246 519524840 278859858 726887002 144596663 874540986 895981173 367202463 428611747 820349409 553333382 872090468 187494556 468669575 177701001 488346927 942511526 910833643 836828589 43858335 157261860 500878937 967132379 366563182 301217237 441117540 760723094 778510578 820395597 581048549 692420722 870680842 63184169 522629686 458415680 14917353 548620764 537008432 261828210 575130729 475501910 143831357 276751003 100020567 774986872 109031358 642427588 875809288 48541546 875165454 200250826 259369692 757087686 212047901 939819635 746105091 230996660 136396710 683331203 203548030 931342746 778208274 387287716 817866583 567410380 388158073 986086224 938348261 828572143 1356307 888191818 723196402 165281737 743608569 644470292 288577883 291772105 319523971 423797640 202257095 802084294 587398392 935406961 410484451 442332203 575637693 431036876 285579246 746605547 996191938 129469906 743833062 637584727 402088444 815738875 329320822 440668982 429071715 380115541 602670128 304436352 234443704 315569880 308204762 131312730 164729034 32921670 663707805 80335557 622064450 253378818 884147420 244341851 747407011 455847165 246984571 164036867 352134435 740121911 230952117 622170344 382368490 948741308 428007245 929692998 641602217 698346901 585821902 105285354 703902119 18350964 481873539 497064379 603425642 681917430 933778550 891602418 929192220 266983502 464686914 318270128 925132788 538336512 476875358 234059784 380823581 771199102 100610314 481259238 189017725 72768299 527622401 794520557 352547244 764004951 719442821 936671941 246148542 18649150 544832451 224725818 970300319 358477434 807786858 595625083 937243780 418329333 840605290 973776945 549038686 678099919 160461434 921598954 481594209 41158860 524020576 732303957 814855614 500001359 553801250 191897311 257616257 851880858 933832426 468993040 956988631 448832469 618044260 413719757 154892797 40323137 161204502 282990403 85729997 484836411 184105506 560228520 593603966 909760756 336014640 188427881 344220972 286300570 884649180 75291534 973781776 376977565 53154932 897141482 571276376 765050928 603099135 484322889 930871777 965864911 705188314 749930736 943476955 307508874 997473590 902966629 715349699 745395346 872762601 599796009 972027284 196239057 760378249 727122014 913549071 186878930 501109540 665041820 402485161 572501781 577708349 229490996 554071413 935054052 694906532 95834851 74394565 462061500 197928666 290909583 754655679 560184518 536448913 761674412 541472691 768640675 205234317 302554341 269971338 66234844 193890081 988383667 989503873 18767159 711315083 800768048 482743912 68024477 480507594 877484628 396919355 171853225 484699161 321612780 573991264 89749577 305495523 358599783 208251846 70833577 128501134 255110051 339569198 336821002 58055325 665318684 286212779 377554821 962830335 839934013 620221335 88679142 634995740 116661112 558679236 342746666 814983818 468351281 666026546 109937279 865559925 992386957 135544863 214165962 827885229 482870334 434908079 114263550 685903639 22699642 888501472 993923878 994980251 780014669 668032169 290228509 937568818 604717573 984776044 906829419 113182002 592072694 520926296 30581614 320244036 552896451 466989531 771801656 285916923 715324058 270754290 667756552 804153444 588747634 375803560 591280335 576336438 569765126 168750247 71758032 918036511 545264538 712478299 883100752 519937943 319876035 249804192 604191511 729733036 35478797 745358550 34176141 468200154 528172135 830307167 365556921 887611247 799506767 942078002 822008099 575402428 915038786 54797850 604158118 537832551 986838291 412352621 999805878 912087192 47400949 970098331 659601606 935902726 267522231 17831494 895858674 61380593 737888671 98768594 716048578 577018641 680026406 70646347 897897619 87441859 513136298 240257520 74348631 633597281 397458102 586423266 608379707 622302921 956408929 225596404 890794505 577274997 810916666 656365463 715068443 285106379 155247106 910924036 37318201 790674993 186537186 577241569 903263005 291902873 712920400 971727312 37007529 263055678 107788209 807175494 46825076 17217053 313722020 189710540 967102050 665019065 341877196 781744204 78144362 984712382 538575753 991762588 180100732 454795445 261412246 466286409 887558045 867212830 76370373 556528486 571519325 893164902 451026248 694583195 85136893 520401373 178580158 386155011 647052445 554139466 811814581 107772659 12886879 9812679 666058307 155580708 45443089 587991705 766908179 587869222 166306642 105932447 805472333 977245279 285404388 541640720 752552276 466769493 565527296 159193671 124021564 187916161 781460773 298467651 783093870 116351847 462327300 717629714 845768700 910376764 5078222 563324163 95289323 195026344 868538483 9506923 636236067 350871792 87790053 147261638 46292803 853748332 995523912 508193793 291089040 6741756 810264204 1644256 682008839 286516439 217331530 932950527 735729187 902701144 481151659 778897433 964160263 918239047 276689861 568499949 724247754 581711155 384073658 388015738 586607520 472856105 374318988 71693718 812882711 784178637 227468327 293214749 994414216 276084096 628673209 263745817 91424968 931869374 872948661 697548818 701610854 182248075 437119773 872156532 259040865 851189766 358958633 455219764 820707140 32069950 494205682 924916385 819752916 878129551 122349572 232112114 349067080 111637660 845639031 857234122 459137684 30065384 918928065 768518971 382786314 342212055 838876904 610964224 971167082 83560535 915132549 303848532 833840472 98413338 393671388 340000696 105668524 971091305 903827661 64089860 5456919 955531760 692520558 256082914 662406475 709561321 918674136 282339089 743942394 893587484 120355935 873494974 165777405 642621122 853136415 869542737 488584541 559836409 248818601 895301901 399703876 244282128 474021797 723494160 164682686 274727136 445167978 541911065 733599441 236578643 737335003 127779039 27147021 930149001 949860299 587992930 563807606 910992091 24280867 210130231 866475592 919154729 950889284 144386311 97622110 983548247 694692138 385370999 943585177 654257103 42270523 838465385 191259131 288763827 429672307 812913284 789731821 428535181 666873254 440652783 521008689 32890119 315322616 528608202 600251498 118292419 935657894 845742185 688294989 215359260 72484876 86192170 946350249 774298969 627443922 568253596 884882390 53522165 737158171 362477851 229130848 487790598 599945108 322859352 380685522 813501410 409960415 416411577 184932825 258251594 832034577 66203262 565738285 861929056 436744454 19496476 923582877 866159443 64135090 226449937 709132604 745294258 972809325 293292827 58807439 395649401 114989232 319565776 147034789 501701882 410276912 857014037 797090212 891469579 780872194 369151047 314798090 663713630 311900423 794999089 6254759 372815201 238993085 421405363 984332211 563519663 128715192 212012082 908465338 705901579 780570180 120435200 24662099 887763748 225982174 464703058 888302137 442209117 625201716 168266992 419943428 369932770 653722365 613897075 741029693 58069985 167378602 30191346 723627646 746546946 327430512 323426270 801665005 856332479 507895629 274343507 843649448 776047459 889772134 817472733 234165256 789967514 983129263 249989202 992385944 702671816 539991384 634029003 205010725 973412053 626045408 816953150 161013217 187130142 389986986 752852006 89206847 918959435 827846640 41353341 623453386 123314136 714034756 778348602 220639127 937270522 503095161 42635983 847786074 814219031 424993315 188036699 358932535 55835464 149219330 833262725 810740179 320044556 157884893 730976095 832435032 858919602 966688141 596884834 344512503 490103052 930220779 326101522 121907764 41230883 395059175 4602638 146300659 239435617 299568141 193942177 311233489 632460203 146426664 475341928 324393948 35022458 175833684 811286735 301993318 435900785 912605440 408261702 39329269 946145766 27767815 123168648 151732413 271218098 167645232 581348683 373637660 492923299 180510123 56035111 391095733 207044426 670263509 886509214 256951006 135150157 623145472 287249015 167157835 894628329 76662342 277659527 399442914 942929828 36540101 378484302 982031385 883726832 130151533 119283530 770218033 431590524 447338781 731485156 382872380 840282282 50551375 42012600 742422621 634389146 527368378 367197601 369191299 369350923 753047399 63115856 877371249 637474746 831374273 570359751 724374459 298978793 861237798 509956416 860355841 103291274 885197562 53663905 731854484 200406859 72846367 195863148 130306041 70662087 88547892 938470109 635514330 37068731 121680237 457313269 241987432 521319321 100038742 695692700 636356249 544168051 257805464 763597281 502620636 919064162 611462459 544527041 500893626 797935493 804712057 637023796 617599081 923098793 321232421 940094583 106573190 615908298 709344002 554807040 485304523 871202610 296926757 775411698 457247994 314922464 358015774 208837914 305297757 100002719 78438811 802027690 732250146 653561082 799234876 564697342 302496581 412897406 565059437 755932611 104841670 527882187 178641415 587854503 774164477 129049786 899328919 493646564 114572841 401557377 492660697 45113740 757824764 23196298 915495182 439681333 15171261 682313307 258067248 814135396 192877045 305253464 141328454 743655686 382460213 890354427 350227602 629453418 805824673 736783225 397038854 452403846 60316834 999667382 574235549 310598861 805085554 739916711 19873177 625394525 412647675 88980249 20304608 649162740 430036831 820229120 301760014 956240174 366200073 91351224 179483101 502478566 803906336 596388113 684677165 107086305 279626441 909420868 653873697 346914262 871615311 6666753 847093266 9839062 437206458 379114253 667426417 525704387 806428787 913502495 563366957 634008037 211587891 399771310 396527115 300879529 653207493 475824290 306752397 971455591 502337588 797068269 565957325 294663523 915462130 993940096 411090594 222748397 743206660 428700335 672056780 307447159 158758209 378036916 775094766 71885520 538534014 829304639 783437400 255232270 110662347 558787239 72496301 612077733 614945589 410076101 415955217 841840977 637979215 374339013 978725135 306136108 99346894 603372548 144184185 122178836 454071047 80694669 589272834 37643955 409159221 859007577 102523828 177811977 608023666 597585369 692065257 849693516 122558114 873251733 854128008 739332938 662255565 795131204 602541942 846271987 630102311 421243095 44641135 437027553 425197101 631391462 650310660 852782894 665256800 914175353 173033252 284635680 428509201 143382760 848201022 757710166 903904925 503596986 482014077 567074404 850962782 624348327 328551027 245315775 215286927 176641738 918611437 617835306 6642982 247773007 820649300 980806341 765943620 741347320 868774366 636096321 941090721 834932968 846535791 177518403 418031755 837378954 559381832 608323828 700239596 466926906 390103123 469058874 611525030 108267430 825600143 251018203 943096703 391683122 260569581 481273841 693950891 456206754 844060675 582041484 167504638 399334384 402456122 273474229 827062151 772574129 426256287 535309794 850060334 170330242 554583505 316414510 226705250 263153765 162934228 770818444 92242282 46308367 515360132 849178409 121600479 465007634 818419978 163749372 710274624 313104730 584841325 949891595 709536001 736201281 658155965 964614030 329890504 395935846 40826634 163790990 53040336 346098650 854956534 825683416 368193931 475395233 380126899 626573715 878045587 85731445 241584565 888155204 754926276 346276503 695157132 913145097 828939560 26313026 400500340 749027597 757948572 159821169 966253380 157466098 995806659 563863233 231826535 237287105 566746093 268029203 694524166 627060447 605928319 178763600 745728533 272822171 829142878 334780360 633015512 895470328 70682910 231575880 845340095 83211348 32297573 547820586 85200826 505169835 879095469 434949237 783725708 347383276 90463974 538103703 885340547 240464740 271148485 584612520 435958886 963339479 666007051 25819984 774305701 306386792 908422410 268582961 221438700 203446115 546710820 907427029 299432662 411979186 874796060 572833174 880030251 973624406 104096617 903371761 67279853 432549311 787050415 487381584 115669335 552754315 183383177 673936562 895224814 534698577 943823145 93427066 895487643 182154269 533310783 9049135 154188376 686883155 907772423 76301772 290919550 842979184 628916761 860334980 808247028 610867750 360167503 819106472 515036421 168793516 291481766 726523315 541888829 599582832 273817244 600034853 466314447 169144716 661288054 346384298 93498320 926606350 682936310 568591608 447051329 54397127 964069344 814907546 596423462 60449858 915307286 555753658 716511740 222103108 778315829 142691238 685132749 960067900 675331170 173720809 227136480 821274395 357625180 194235019 737446399 190943748 620283028 704591697 969344103 342109265 25204110 542624615 513095018 380671931 5312254 388878943 978941804 226671652 834198201 674236703 36719618 410951870 873952200 2129615 206152453 835674883 999080323 4148530 795878694 51205256 891486858 382230571 880662345 447957577 97836761 301818666 406747045 549717864 7036692 46042170 402763284 817946777 312694509 605213110 834259463 774640672 598684258 686415864 848463069 309955065 375495989 732085440 319524701 810676917 249551387 907763161 762224091 61796610 46784532 419068191 70482774 930551293 606120898 830705303 700329029 217700558 701466244 94048373 143981804 574746736 528646413 302848300 117599663 646900099 981948894 973753623 318178920 577832898 508352787 199069052 160440716 652317774 973406645 643869910 26402816 605155841 722404987 393854406 66889249 97950323 501599303 878005441 982084491 249870927 407680011 451311757 463420530 742835070 547182470 556971061 117728041 382658417 561187617 449654918 197455745 42144810 88395983 784680096 676583120 572716350 716437230 385712056 387381895 511476661 684266966 683043411 295292919 616910386 949482866 9228412 884578768 36131111 989073609 416356609 730387008 981543004 566919502 11469246 618399311 136755217 290761138 27462530 711526417 206335580 32512396 795608119 895423405 447906707 457031934 652175274 684433748 293947876 411547207 33500206 885730611 917908996 64888287 933505449 535571052 917210208 527709696 413527219 595964590 800284739 460272867 527083995 559780489 563793811 842657666 509738303 867671572 726359069 358306229 669374002 87167651 302159138 532560879 240039504 57476387 34275188 320171427 219837691 807878163 434402802 292994353 329697481 631859098 804135254 505924933 174051696 916057031 428827281 321499255 56836308 587980769 202155172 195583337 54831691 17151656 363306939 189866875 59487964 104502092 91800370 702848608 257898421 94332899 116595739 778602789 604569026 14079407 732804372 204220180 168821601 602540583 382728191 632513832 383949662 517997396 291130361 18926762 16496194 817870241 440505924 455824566 435705448 304649613 593514266 177818961 427461440 917939240 878032920 456206421 515506478 985729700 963311924 379464381 587250218 894318172 461091516 736438830 415436454 667925511 948751294 190817361 737986331 260522555 63214630 760132622 994975116 640691526 375992606 663113031 80185361 26040940 832007211 389118511 767585825 102243144 846264767 261235235 455727445 792196112 264059110 660074990 234324513 998980463 535763070 333769147 308075591 886023962 762873817 679086780 856504354 672012624 985900982 602004533 205059630 265041928 633413693 811257181 826350660 683163433 221485015 590154088 382758970 549883616 28811397 975331071 220418733 419344610 795752703 839047764 451308796 92121190 529875884 14413617 818111754 725183688 323097335 266151946 663355587 531120575 484019423 529611918 403715587 470855122 391187493 833995042 660672037 306902650 696956439 89057729 79419536 239289047 799671644 45989920 106704387 660351081 962067400 980535093 610511208 809928336 32597157 999188974 819873977 898931570 473369039 513022593 414683258 713795227 515308634 41571989 147619186 302289772 939483620 284956627 944674579 287663429 311658918 234875545 669022440 93217471 408214407 343820981 746930673 199944679 412928517 987146923 957945093 620022445 172066005 82401719 795515768 728059205 951156047 148065002 775699849 773487370 7174723 484258648 989016035 310956475 598202116 932579776 810329002 648307050 574185237 438948102 432183183 701656909 799145010 408551073 747566492 109196243 966308066 790080634 107678808 300543321 968689173 312856719 340674385 805384229 405858055 915774097 137712069 637697581 39184753 76544771 243654508 251929702 61449335 708844364 548148677 140793561 668094070 733072393 687331914 338589594 839582728 70122812 667706898 924767932 144823691 386315840 82721569 674449569 764498342 237059666 252796311 288189659 980197650 342026600 688940620 256145324 531184456 554460575 798846095 22117744 99803307 408101369 796468675 151588049 877197330 181664098 152266745 194733437 634682260 229737570 49554316 586626220 248140888 791515430 989037222 606671940 546976336 533515877 835972043 622902008 388785520 622597163 270990081 613370947 626298858 396915625 321857231 682460164 99968483 565859639 749254666 749898624 382706583 245368285 438081696 480935713 580619774 267809954 315913517 300739318 154589710 121174473 527951424 500189976 145117517 533704214 698483104 143919555 159217121 394608633 434485314 618692409 228816344 745870280 453625192 772420186 914218690 2187091 330292698 299584810 422028838 163376275 802294939 429579954 538634986 7247125 913003806 180306403 412653609 396992402 717738112 554077902 665556533 432444803 794070944 589238541 556744969 564591841 151402001 721215636 763945551 457907212 26721162 879142565 554139357 152359850 163785581 649711608 261671151 310129713 654281166 30805237 10239604 407559739 851654841 837114258 752544728 491213509 745533771 165505473 750397368 588957920 497563286 187758397 422268567 154107379 874488095 917129253 770938715 196289554 207705733 557805363 876793936 114444745 137916040 204450742 562703336 36227982 945600322 97424096 969483675 496438027 726700847 943623390 643879312 504499010 93563041 561826805 778926435 410321017 158230210 868034994 617565125 124636700 314154816 868158856 828254180 307416875 428060991 368651092 105117701 129526393 717743890 303897116 869818534 54309032 891944053 643227594 911471212 23592255 89899248 779123837 199247576 358501345 615444591 943423909 457382473 159690313 264171818 487887602 398684054 902177682 689834714 481353396 902076208 256234197 239046021 689031585 647055728 536675435 702309868 989886609 493894165 29009999 244241532 199566634 43445976 620298865 602135708 54064422 177335172 434247589 399029246 947927210 630038454 601537774 598746992 588491517 197487947 88816389 811270417 117406002 595971539 143332937 739662864 826033595 541547520 710316711 465245316 31039136 922769848 646371912 311998583 622681268 877757885 229927215 977160408 612079937 75535725 271749826 983415331 400521011 314686811 932749064 875264966 916723303 303966951 265552038 151849161 306379899 144909858 456275036 603119697 729920551 923709978 338260271 170378361 17608855 473825809 470808925 532231926 910934041 804323336 22478908 346964452 458774655 39766589 99815191 538398695 773039670 197914753 103814591 548562778 503910235 895210629 100016470 592359876 954795322 887416620 577716856 111260693 877734218 211151967 69271728 138896673 952485770 22064217 579795345 463818935 898344641 331689712 985560738 28115257 770489464 8593036 656543506 639224467 823612698 497799964 505893854 199722715 258678883 1436663 382924539 333054674 861294840 299857993 475725159 382629427 868288333 172802387 672007389 855453019 334294995 325906796 489928325 879228076 157379317 422768245 824536589 885977391 191905137 562605697 266649412 107684664 488258090 523142455 819905376 1538503 863080143 440490001 389644932 619455831 687257866 248418063 404922720 817443070 432501423 368787621 183672720 552068470 730193275 66049637 808814852 12010817 983930221 554534906 204332800 449726209 529613796 867869585 491368905 700214319 45377536 401099353 499524923 815070358 626817758 916820785 479931454 25416608 523444753 412174053 939107223 665122888

9479 4515
647210092 266051115 529969146 968224922 648177818 298442813 662713305 168947602 573925013 586302575 610298732 751866134 754195815 647441633 720075761 107663589 353959286 683725009 840833350 257082221 140455774 32006203 996483445 986103583 758562330 858986043 183952644 140741039 594731207 793797559 907714813 563406554 81878078 85160368 99703755 210916243 80571951 397702669 856342298 105905935 56676675 719507965 171402648 748787138 136405898 81314239 572071646 844215795 714720412 882728085 483173728 834547093 315641145 821896381 859582131 919419221 92816335 682199910 480848430 534757700 80321139 779596822 177355085 416897565 682575362 125633306 400076783 316286201 106857553 86283529 739284007 796483772 445425400 937008855 685464330 373590309 399541374 685566249 611804125 323618714 15779477 419347933 611805287 552270068 211129570 502615163 988097607 543625556 467565553 615924840 660762260 175556484 683981673 259389962 612635423 396538497 72370633 742168372 513040858 318557002 692038174 554879176 249488575 499578396 190331839 950596803 197468574 279850147 651842426 166598838 793988748 713410391 430736975 190485905 346847826 573919053 455610595 874919987 4920692 5259845 72519477 822511432 975707421 735981944 659784761 249609533 578797715 128841767 559981801 614756895 25665135 195441032 878320070 105174474 13210361 326369172 316782085 345228213 619516598 930670934 248245715 308268791 860312556 682163777 966774273 254089720 456884920 403723861 731003201 537166038 12465357 490581704 78400481 688164076 995875944 361165673 516230946 94411081 946688006 43451360 802127125 949450320 217724051 985982602 511517312 291713549 9913541 56146066 810711266 190869872 541148285 581293903 726184666 996745751 110706142 797845868 889840916 308277276 802100252 747047956 416324167 751802885 929017660 829588244 940529263 498269224 853652455 771337983 657856231 964855096 906736986 585254518 276490920 861849429 797410183 980745357 535310649 720512324 72742842 453185211 716919832 126038944 380156256 329924388 297872119 89845559 546437316 360368462 236398791 378462793 810217626 267246283 71589369 511021216 867098524 497641939 340063762 47083825 20746544 545550972 159790532 18545520 416765192 424756988 41264587 707474249 113352556 885516053 352640068 834441048 523173274 462919018 608900984 795234384 449575319 116986707 13121873 58380000 340677358 632058694 297865357 509030104 768930618 49193285 593986917 308118813 182408167 857399779 782601191 301280231 438491236 972753885 416776713 30884967 395569726 571440969 78241101 155314771 43176800 324361786 274683428 485883000 153013874 545661529 538490229 921275866 247333783 528110479 880398636 886196047 917913185 480816673 427893666 222527523 215789771 804621675 695479394 273577194 777587945 431840952 543588664 928538264 525728886 339521681 670109191 311264046 802119734 593615533 420716139 388217871 646777588 903110393 887218810 830823465 819374090 389884622 950906588 536942224 538414783 637422667 830858405 328601956 113020501 526814545 705594474 345239255 307063106 324924243 436691642 194860512 984651414 683861841 165378861 673149207 877461504 954137661 260478412 555439957 781259669 671906045 91435660 937947272 99531183 928087348 981409904 276856151 863111678 29727038 482554478 767475052 467478328 200399067 241506392 557280672 316325577 643189833 639448936 826612082 996996381 830466172 10692145 9279733 943477132 316098952 261010345 102361731 363129116 837776685 293831347 726071554 106744340 259039265 498213280 248987264 54269769 718066990 35647417 156450030 927695752 698626850 812844769 547727601 202845684 265795180 485772795 38315902 844612485 392143759 227640339 11381358 20503159 35044032 534118273 366217308 730907089 906059969 789799537 461377093 233625363 930136731 459026890 149929216 647266459 13859145 143738945 25400798 714605801 316153361 376623308 293916766 930180027 308157514 269239849 126310147 658954654 79535119 251535035 399494070 18992266 672654208 829643504 924271556 956157559 486920976 443798502 598130368 958343421 549361577 741606340 994841635 772270952 642625538 888760217 198523627 955169071 147818516 983139054 25590679 907926152 900469415 64558958 30050454 746339373 826909253 309059069 410147546 852656995 872109686 63698747 708040713 7261294 888853321 730262070 768314391 476238875 589714112 409169112 420281330 847027032 275869354 376794199 327460355 919678733 148702071 181637643 468868748 133884037 83177449 365428765 654248061 31608041 924785938 231525545 874492015 54464337 964919108 156205553 235130569 860475832 248213790 556104055 251854235 364797570 230912598 435716302 306839230 941618292 476108449 69064643 740040478 260102842 526392885 185369530 655852894 493201344 211938571 952083123 745282750 956649965 798593180 85613519 665877107 779724327 236738995 587957407 187385597 108804840 811004282 193425715 931532122 696373098 983950012 153310930 618291954 333524596 193010804 679387706 469317509 413214807 384876865 707452888 216495263 766897517 185987020 780620402 472204692 77477455 391427722 777202826 722614898 717376290 625234098 111640358 363505466 904182674 977110757 692919739 144412629 514674434 732814270 486247716 774517246 80382422 792845346 263047397 660860896 678116200 165585828 194497634 184319261 117205425 947353029 505910098 180904490 426810617 56282018 914409846 727371259 82022910 396947814 956496937 770898202 713485263 103055799 203468957 67503090 507473731 441926855 291412369 695785265 505015965 626774013 856392970 942847140 546973073 825731116 860827360 458727420 444472490 926685303 742317752 792623607 338682578 573703244 657771498 413638952 223820808 524421224 564214609 184413993 635149907 331518873 229848206 95989778 438060811 613586349 256487852 971073547 530420486 818160678 296218796 956344936 9055100 596707946 971025778 66879374 771253497 592604698 474033060 326608063 945934309 873224104 473264435 514606133 521354216 896667975 174837308 486508808 985267593 503965097 718737800 329652677 38729058 605850874 783999281 791326701 920265635 307449593 72632094 379525125 257708547 662854582 885722336 709598992 743555117 576734324 939060990 971683234 758706555 240666324 104538443 19733700 668426754 444255225 503284289 94543080 369068022 324870594 835918853 213340980 752567158 806971613 64831010 940176512 229518792 319251215 58078501 504466465 895575506 625231602 467416207 562858143 740874901 541821240 842384593 320377372 956062388 213694811 863189181 397489821 566499510 525733565 13742767 913636418 594455999 730240898 396987162 335317549 692728762 764558058 482513820 967092664 887474086 350564330 364197077 860431435 437783049 877243246 578211035 797520567 683577863 583834809 412341764 70758924 657222175 793091740 672030622 327551399 497285256 52801065 400471252 798461499 759342295 4980756 784438264 51230049 205757225 194119105 449869584 414991097 481713060 494787289 139624135 177253548 376195173 254025620 285528298 679284755 609436996 178466963 18715206 772901967 708516633 960213507 916448438 361817123 716701958 969465425 257275520 601032145 36184620 466788096 742052285 275908998 9806892 439567820 977245759 844517718 153091530 340196052 394585447 512194990 721606322 391774891 844726985 63386874 121021373 928192789 252005404 92251578 819980529 903298696 769478959 611030672 596469775 729006526 649793955 476120774 813628941 374267830 903812220 274376951 515761259 894023329 833494438 930376069 161760474 276455879 80079715 526647392 280191736 414507176 977283303 142259996 520279316 879445060 311517082 311573706 725653966 115604635 720370990 447210964 116318351 640897356 125197454 423703932 952489171 999044926 93122396 279425553 950279379 159946830 220581080 837199559 658099641 732264494 388855970 371688652 328277375 640912006 667743264 766955162 446524586 772645561 285782604 41388518 354839498 254783383 292184333 128607913 463986285 136925576 186165296 818745211 480431110 598318398 20162247 196897065 638961455 499850712 74987616 637167674 920708040 116723391 833945090 196740611 694809631 138769549 5086682 325930148 192097080 647898472 480092808 692777885 652084270 895299003 993104444 667662364 610179518 125631433 945056433 785002387 500509795 497894011 416214567 717712455 57657466 226139177 118266795 55753734 839755450 400687722 323106166 462182221 558678473 112977289 827627261 601722281 116837247 409993350 563834475 515962276 81601752 83787910 428771398 757588134 447030339 505092412 883861133 782019686 587494992 446227384 642355540 870503241 590893187 537972488 713444980 746196252 438078734 120411083 818859616 871886802 229591655 171515696 504094111 313930044 436810700 281597819 275291722 330393326 66355905 603311249 514933671 285293749 778644145 622413271 83268931 626420906 193424432 404812177 400174072 205271858 136439497 348775405 978566081 840245735 679243800 790371969 880324686 383813591 973697269 879498705 295757511 928182142 842469356 972774420 970521772 52446704 183130611 110402022 382409437 67340022 742008144 940889424 488954700 252801328 788259128 158669191 342589035 132592552 936129373 447512311 283030219 132745838 82603507 602563921 915073908 316760300 340828387 894778119 302399492 140297548 59260952 756617013 373505342 979359027 182326003 94347234 222276044 991970309 844238542 330476058 16552281 377448783 210368945 891904615 763872506 653954423 721374947 335217530 872931844 13384162 180460540 329394123 483113094 880634769 404002049 380578100 475121789 984262754 105468360 458693482 480589183 744701067 40993919 905336684 566880783 246062493 688077348 621970468 820794520 504883814 294331024 612494940 972278746 665898708 276312868 934206878 411817240 744061706 426479494 907452269 788911759 548515172 464685830 537757394 852978761 316016692 180772430 88963222 414360047 732303552 381648606 49653582 698475892 964814590 475275054 587283705 618324094 892279960 573108072 736409876 168006866 144639671 794297805 836996713 174680134 509264212 332675361 814429472 354383406 171126613 295874461 832749354 498723817 869059233 885705752 108284345 605038786 650087663 743025124 924387812 249595626 960709515 33460202 348867383 299165075 942212432 35638619 295150514 195517732 110077552 173190780 621163979 162181582 57917842 909414920 748179428 682036357 459573303 406383020 947080131 358110432 731784672 797734822 250765422 820683780 566692652 378925955 853734828 347376936 239049687 237689200 548923646 93599404 618534079 399623414 57757169 577547493 621184194 660377276 909525772 895136670 100390209 454032829 445300439 820684854 73197338 425282370 18805901 776850955 321939720 724815231 483157521 433248461 673463023 583907894 591692970 525579732 294250892 549850073 23799135 95168936 130289440 804023727 252467663 661776405 88519102 505826727 827919094 950983872 266254287 955511932 75370502 705882778 528044076 934950767 267658907 540095846 848718777 573368529 606015319 414109016 415541941 176364150 221537916 33314845 190263988 541431782 346902401 602523973 847019579 763478737 194140441 107184528 735039539 206167560 243749593 764393744 559486989 107041215 678720769 293168369 51529370 898519571 160319828 859803957 696180484 203633393 839475992 749866847 883346308 128684308 906718211 721211825 733239165 273768884 195629941 123101993 495147176 113030001 79673258 9330035 850187429 688492571 58355876 89655765 481146797 745457532 437285284 53326518 525787396 828795260 672827510 999607929 341126655 920124594 911956079 692573639 513197826 679881405 658768518 831962454 74641347 786447190 833933165 550785911 124334486 693471818 348144608 286758484 638627197 594428937 259658486 870010032 414628406 748177284 106957497 745093067 511298179 587194854 550219704 689775109 902360471 342206635 574472335 570432626 684269718 409258815 97295652 604801574 288126918 696838032 915256723 214907353 858847449 46515921 65503880 894811316 412593412 170515327 997535876 111960459 302994529 823251741 982788429 308911667 132545312 338574957 344510162 840747276 639698966 40338410 843558403 603158845 798612172 468948382 854314714 610107364 437529972 828240614 893506613 726796450 991861461 711901061 296929476 803253663 299036726 204239901 778935031 70983727 166641209 93264492 16932815 183955846 508794592 707511623 127534200 733751718 543693801 589964765 36401188 919409952 941401169 258449203 369718457 755377560 991447100 557214097 421203673 346221660 619470287 47378476 593118258 915981827 399889738 244614515 622642685 851796578 361096388 951217546 713215445 3311749 919866000 721979872 879852438 760924410 132192795 204722049 607201054 799521258 783662356 713983515 371204630 221361092 104417994 405743729 64386093 29614302 940999212 966067211 683562202 961049107 758974791 188409498 392258457 10675327 895039511 516858761 488755152 487512125 893884106 253266523 118456361 319908429 361446008 676013881 491731916 626405454 75735314 571163382 995374828 838435433 120756158 72730791 464929136 207887551 405543687 315288520 764482758 446869946 939263734 801291884 427101024 201452145 926137103 815909471 788407212 732279403 527082009 238887816 100436174 984968032 623001691 19479177 964113762 185892374 557610091 149943101 863522813 724358180 978810871 513776156 806856721 692771071 511996646 528021373 542967122 763273117 601238277 450364448 238770153 323371809 661191117 298181037 491528005 7415983 554017206 699709481 703129545 996168937 528883744 456237073 872158815 231137227 964847716 362477296 469547963 628767549 603102510 747124034 8313913 998636889 356639460 989135367 625840442 178209294 818133706 383909887 625595680 838811161 544868791 357285703 227533797 724588189 445985993 809948293 423277499 701162996 59075769 556144408 197168265 50948324 142452089 765357575 895460873 598560307 936646226 179327163 108885639 977606844 846372712 687752091 7803799 356046924 278821970 39481489 20740247 719080623 41227734 718251660 727231271 80561179 798876705 559165093 512200708 32637412 479246009 295735368 644310561 116583351 349953821 522980615 311124921 711167310 930311614 539649569 578003085 923066402 998201984 777357359 667302505 758011271 164125543 143982304 637545616 987131332 873688472 661829772 472604494 354670734 731839771 154208250 837193103 240542879 796802620 59829357 914032737 709855655 913598319 520887495 968315183 570438470 477108360 458698759 842307599 524031806 40546014 187017223 905751896 954011482 17349775 625793006 532326892 713720703 166676264 783349680 474000338 327535936 427787315 244769485 792096594 307568399 79926775 418318297 945164089 941863265 360093645 83430986 362141977 484399669 628482991 589566345 213268810 412535448 382809437 683785553 594659747 916350570 370175758 772443564 772421741 313400758 896853408 304851711 640271768 410307057 262692555 326211732 100339933 991637995 597459271 797843127 224668287 596762012 607266711 377436398 752859025 563461958 297375390 49425691 176188240 35081861 623129494 113041421 111945645 338096444 872800977 325658601 300395714 971882363 308494574 723593200 373061006 86968978 925965250 437760859 78762075 249270298 353750584 612083256 177344208 726400786 84610749 884857516 978730231 578452259 972143599 279995176 210534995 820739783 185187124 149508631 875233837 112640851 388973842 114756042 212921076 487177982 706534596 363884991 574328609 110886229 679017730 314473774 105492229 574787228 122532704 22434096 473448089 601763886 130552905 291275076 16626259 896668565 230212349 52413400 218595860 672279808 655845260 366691075 986133617 187485105 468040543 695415669 957600133 489745501 78775642 933738535 263064216 320615339 825853192 213335066 823929617 328950516 765893789 889942804 665536110 888071156 853097122 164117233 156190894 422302819 673970443 120127861 762313105 75807447 395973880 871170400 305007349 854070373 198091337 845733380 658788418 116550623 639458784 588370427 432065927 465870967 693544925 311713491 158375532 250660545 58606740 718825172 862536424 831725026 647651900 826805741 683641118 620752527 340845951 10895615 534277966 220392059 647650486 622699699 833488293 3051683 333116107 970692111 98440931 119473013 761976661 173017805 183410907 139733902 867487539 296152323 523097680 684816718 307272714 647686778 707334062 728808832 657014406 49460929 55199669 145679219 113641111 210155476 943617820 357607596 684302366 122421674 21479208 251460905 778322671 102313012 924985318 673474834 841870744 214609876 339226283 6606814 651436984 306733356 310586103 280688154 838021677 182905084 407308300 128539635 776871370 773512764 104071608 747448785 14239237 198135258 850135351 88253937 13116366 355992959 803657080 908440598 234492791 75033646 401584279 274860279 157910978 68204457 879590215 629787947 534277822 572643483 444334538 835572309 99279748 185072798 368879642 19629109 624345608 28798219 586723798 200063270 773654389 964384783 772579471 487922954 367795638 634409402 948208276 324298158 715771683 501754560 577573980 946204206 277282287 241769479 537455221 598808876 607717028 290299171 201285402 830346328 301048396 896525554 223236360 68863872 64478216 254330777 570910672 141369726 887400305 617480726 207995499 275191926 561457029 787426006 208334886 520409288 565952936 664030264 178157737 801936827 356942758 552225620 810037005 973495832 872393491 506176887 624315376 312971520 5779334 892125178 467814967 873474233 359889951 299926574 144802508 576450787 992810573 994932836 906634263 811123190 556360442 856415808 133517110 53738183 14733738 142021657 180674501 997135950 335352717 409617961 486935699 218916704 938299140 30233622 833191004 995313557 797815057 19285380 831801538 518756839 400701517 792463533 121227128 698209108 813215277 46923331 115884324 765463208 390709699 328567784 959534720 464870685 420833123 857700367 354418594 278114936 412401759 334045721 855992603 534392564 554187515 904847789 931355359 583622331 291358353 365135397 666355198 237385471 718127968 495424486 605818139 227870066 484104450 847427470 107905429 94338119 999259067 153032240 316089104 919851292 339296660 739472985 245575320 228825167 139247720 488811650 199140194 613538820 531790451 225856226 991028312 147168829 596185179 515383710 126330644 437873779 674141857 473774799 176064368 646162118 311914638 480989871 512188233 41378245 577750331 343774133 572052698 982762033 263549078 829413841 995683642 819921700 173861282 107005349 769473136 554339672 294957601 171713831 361185810 145630189 531985137 846690923 633280528 803391870 42684157 205349715 360517809 185669499 405757407 740855000 730605897 30936221 55063869 357252594 796111738 157582338 430198253 324680488 418503679 748605981 731473310 131561158 461787425 954181853 745535470 697245673 735038878 51265455 433776283 833161415 962218393 974771696 4383698 950523519 158694670 817637369 931054263 703946094 522416864 159439220 118676803 416989401 660865660 627789193 308994060 626752064 164181467 262723739 868384093 525726340 243026285 243458553 17646559 513629431 706268529 781635276 695125012 501958332 221101538 358912641 398568866 656632838 660348101 721551453 949268064 625071692 793382227 517127071 920441337 31954112 143985364 718377855 949498348 915823833 564797547 237904231 36957558 877933075 157247646 38954665 129190151 27219702 284133853 231973218 133409749 785174570 539911539 49161932 528242713 625036629 726916266 266136780 852419019 772162660 476662150 823470579 242029563 653536280 966643970 211319284 113892490 717464782 699522053 626803745 432120119 439855080 586209201 656180872 201020722 818802544 734649429 141986872 288047989 506580290 481621899 632416126 194212647 203825728 762343933 857059796 787049241 222302075 680635111 615918689 17282571 961880144 948120846 988597588 18690862 486469249 551844301 238740289 998958806 54255142 965381949 591029242 222548646 755625627 515023381 257998960 109760067 709120776 813682779 144620646 475432610 107161503 629958292 331718274 285915624 835380411 358940423 781927443 28185726 939357923 361839379 596720436 630116603 462672192 491101001 278256709 803425621 996357371 485098673 254478652 325779466 756171197 422931339 414994541 833721287 47991620 83574290 25592843 645487755 648119684 925482867 628339663 350595498 652115081 687234497 278027829 994439142 238481055 390290184 800289822 659616544 772617040 8270042 659100933 190892471 454813000 433964210 486884211 620007920 82856830 27498011 799538218 495765407 585042017 601051793 157608101 647686586 887701652 276559055 561518306 608699704 502925708 500877730 116384540 730287005 121190669 753223118 38122229 423319010 953334681 374264513 122510428 151069230 855267170 279622665 68111632 50517974 198033471 582137307 914459899 160968293 719512853 717418511 871903723 992809635 273565095 904676898 483360402 314435213 33666936 99040087 316396076 302891288 571360917 545310570 731843862 998811318 452686751 718767968 53937495 543963821 397222439 346421308 668159933 28202164 24372205 976263768 13464958 613373104 995478715 827368385 745776260 948122597 77619366 122301676 750023150 990043532 187293574 274939279 588647770 809421828 461291919 776507808 18796484 657210557 527737679 875713250 118865070 982719160 120109057 475443926 197937557 368678607 974456250 396559490 769783780 915128276 896897094 883096323 344547244 61004413 92230995 393585203 524814239 299384696 317391932 599643086 542083359 86243954 631639081 199785823 612235741 669690250 263936447 405830641 890333075 884509189 454822580 483162614 52293185 877869462 587385925 790356674 720428499 473514494 993365698 775755322 786120183 764577282 426303491 936660205 499371708 346735108 136019514 301665583 505520434 163050491 633349859 442303713 182337934 49608621 568164484 900345899 961063370 709711691 975554501 307954506 381525382 741047287 645735414 433714189 991268324 103618034 451941723 983821279 894150437 749392614 510446113 799897976 2894260 3595022 352868868 839154344 893510404 689162616 150180443 472180549 766438639 500776412 683751411 34819517 131062304 461432153 519923487 12985941 926314423 372444570 502252885 304109665 455073423 386699450 193081580 476895658 560524885 786369878 857913341 400310725 778100981 410340381 957267604 418853158 178705115 76432748 209792279 679129713 282422650 524594581 754186230 879768408 936774128 335034074 884869802 859165986 411626147 141760666 696409384 390233836 334395743 859286169 691169214 678526486 127890796 526151008 158631173 858552466 142842678 367850330 652795490 960537603 495167011 749478925 346349180 179858971 564190804 116375727 338952590 13712661 325772767 368451838 322092445 93801736 624410257 307908667 267871088 805213237 603352665 174317866 111602891 24398428 23691936 337720954 221610919 402633612 2789992 529464987 615428570 427459596 313583842 843204314 398950735 155252443 779611840 19709831 387158715 962157048 951422366 155409637 652021426 772454696 604077496 464583142 243140609 448865411 539168980 237849681 630716555 777779929 293211646 320883250 648282390 581223961 463722086 180441983 888564996 809357991 215362416 559946817 12709311 634488524 919670079 293325349 867392442 407052768 620559161 951113496 396570989 266600324 930350647 910983077 287986789 287815303 940071479 850178672 535624179 4671940 70630428 209819895 746964292 45725671 399403621 7048633 634871421 511759853 602669715 587693333 799833835 170921923 54608339 126619566 746559796 487339742 553042646 687029331 272539608 418878450 609815629 608217659 476535403 342817247 598101853 412967677 219618757 19049939 496654009 930556708 853049008 441196478 912114977 505852032 314692033 804775174 313947040 41464622 424616407 909206129 88236231 148026872 467529982 715104565 588332957 939078734 998273735 42571444 706467136 55973930 472399916 650742413 250096597 859053430 836166259 679142877 386099646 414825770 132985801 912279643 319968056 979111019 437177362 778771281 707134837 4947924 501390259 959850012 877882703 271862473 296855948 213844196 871947015 189354239 764452564 163818851 572346189 544272520 203193951 914633594 902493852 317499994 895895277 348052121 466499013 552399910 408804396 771321587 335140430 283772560 668275671 893747307 920218673 777889713 171440771 394508279 82155727 476249432 216071649 181269279 389889419 176316957 275358204 301419289 156453451 595468012 84231139 366642628 549540229 759661454 34773721 24223599 402817157 285630822 230889797 975869042 431683406 256924132 727085774 108471682 193747059 418576691 866523501 749545372 916574856 115146233 110384100 219413992 125197970 362700151 339739542 413815835 818892689 861186559 528072275 338440600 81866729 166442212 173943748 394650598 543341724 348058812 359460629 10071948 493977540 265478991 714673314 738327754 907739091 298964400 64172098 473554228 697520525 243364213 536557939 123902209 417813295 86472499 273876631 33190577 373060589 721451890 683027107 513127785 550103276 803773360 511119667 447733914 894272229 929896701 548546078 976348711 343637352 435149793 801211342 156034434 928618699 560221518 324659300 961233631 419259803 657904131 15228337 854152484 444813505 523364816 339811269 387286718 183083037 631991680 363164124 649914352 80829360 934750958 719739705 40514222 708736749 162280429 116552161 616289543 675562256 540264416 229591782 974563643 452640960 337903768 244394424 320127531 617112308 65485738 38533050 83658666 494091024 583330582 105512728 143046072 26972367 443015573 752389687 986204056 344207697 258733922 989282789 695153488 615814199 603225749 555369561 838944994 107564074 468430932 181318227 916820042 174316791 386432675 50991192 149029655 34727801 466848218 798840725 277136182 424062952 557812368 967855378 926798464 17652593 922843446 473485265 608017437 453847707 504328045 57780429 746380673 302300805 189639863 599495717 273246124 177224847 604461223 81995886 241187175 392318759 248500957 648774907 63732237 825138630 68047908 919531509 299263168 483500182 627545612 21092183 225083133 455493161 112781113 511025735 994519941 531843516 415535295 407032402 82882198 593648095 605720905 188267861 223940484 835117195 652185960 847139919 77864328 422177256 516240010 674990919 834674053 138776417 882455004 28636845 637229032 498738020 180321486 553961483 976779560 202956899 738453553 459696214 669802636 20926447 27560749 534438971 458375620 172043245 43507903 764099069 262246098 435691679 569530370 784990890 304455856 918030888 331916254 630219462 759429762 326354366 614977112 442838243 624312482 324271946 992758082 136653697 761440916 401047874 553164866 627770266 740685304 656820275 211253416 390878118 852796849 750446601 437964098 745537389 19319234 114347723 507693987 848511165 437357021 876326873 684342497 401007712 135896728 93320128 119627717 544050063 118260805 767101034 21776907 232378410 225252592 518447152 661129497 447752942 827201580 396951599 803276501 995009170 965721519 945067801 268594704 953382443 38802471 120327686 346731409 327742854 918257104 222677408 667973070 459837055 761595448 635123551 691079331 208334074 177840268 561314420 858609114 571800994 807582203 127260837 621242718 667365355 61700541 815719707 914646358 919020002 389838758 438048414 754434675 642622122 912017722 131470268 292066094 706097014 786662698 810872645 10429253 794478631 724264207 804941472 519098217 915868068 346379385 890141426 799555808 435968423 508427417 139452642 142933250 582378928 634785990 415986290 727508945 517840053 641537977 368080881 748251257 814476520 991891622 493525857 436501791 864074922 956274968 106615953 341902806 760871060 8127338 950621516 43749104 761385101 373771049 780407716 719368771 554097090 667438518 200489336 661588886 618738083 859851898 490943582 346944032 614981545 664645614 548468855 506296110 695810040 472048663 906350487 649999466 393133171 867724246 838362749 666336042 195558445 497117338 723719873 60877120 456107404 863452141 839656593 344131708 581053492 238826289 576759401 865504824 34044483 919762199 210384118 952441123 292595995 34341367 341012140 232277188 218597249 840292455 814509364 809757077 631802664 537483554 446745845 94966334 645707502 29697867 496082138 555967842 356651613 432518343 448181375 110352634 106856705 380196062 426438106 7986973 781804316 524314771 539451075 106734163 147873401 817745350 241416506 82688551 577136258 330584350 966076726 822111225 806320723 599556671 990731274 453845815 166850695 174812569 761698588 255838091 868118425 432200323 35271161 41829018 853096279 158270349 443875644 653161910 914920276 953459236 347461538 987642350 151268276 238602865 314572232 860920601 30561652 706927089 890130275 62830111 884872003 509848884 505278197 776530267 676470657 825789746 738334627 380475201 59395265 854850317 396094001 824542130 729071012 976867615 530981841 926235257 341690928 445651419 241989924 339562801 986305472 886229216 376859389 863089123 624526096 13305463 119330631 745995809 759695541 293046643 292441537 855264155 730177931 681730215 446663351 493986635 570587148 529895937 854783092 214144758 345952932 257689086 828505466 612728548 460825189 281379316 418047284 446028936 792542254 773220475 389028512 18153953 310934238 859174273 407951251 730833002 885191300 718724390 757670674 232136572 579332476 616985018 84887563 881697932 42096466 667832989 671556002 541123175 439830011 726036391 461190017 877529468 131950548 265319041 773419130 335802762 226260322 926930305 749970106 217404422 758228982 886492961 823426982 609821473 50108360 566600010 90261762 809938257 617323351 167305063 392468590 119790872 958479046 438375903 210347878 305847848 235326212 531768977 464644843 101501478 139280207 565990476 782863049 665499217 835311198 122683428 292043436 452305507 317566594 497715852 987774823 329121070 811571819 633402454 687627079 516918148 349672781 856862996 216973989 107814049 174727352 685953947 271365886 696392498 215195537 549025156 944891976 644066631 937936374 964954387 325256770 971727940 614548038 848025797 886986691 107932056 706685120 110814659 158203660 290860217 158993811 377978010 621807337 658374842 68607479 558648939 169751032 117770293 490741905 314988523 572541073 350952340 685779025 555182400 40759053 918136913 13979915 756625336 869250590 704531777 311282095 635695933 738537927 665184324 445671193 764765224 898105531 279596984 909093043 827559239 54889727 519323078 841108931 690864351 575878282 713488236 53221310 478179284 377550843 743643258 32603217 401092739 884117796 151964455 780128147 947931023 173036159 785822422 657500703 980586573 178128281 425159631 654310566 571845618 627089791 556657418 759966366 431068959 35922453 469740128 174185839 817252923 36534565 582745724 102878792 140476814 148904976 383857938 551490462 904500440 554974372 586624356 973123321 654245738 660342856 305190952 967395621 142018239 133883430 675905022 259358524 521697782 759574341 949450759 981321117 876598725 78707490 35147622 961181317 882180471 904029743 125912640 245815246 795256758 267170309 148067196 81369971 905185751 450450920 751868126 768693297 243520197 952930317 334605774 179899560 124664044 534494951 585437609 563304909 873296734 899957976 796587052 644859357 628100781 636087633 378251033 54968450 169589439 424012407 183829047 56839976 523099392 711629696 372442657 782852099 776760833 465931329 289556494 15029446 425210718 709894207 565868253 451590055 88168687 393485684 756021516 435538878 632753820 269669227 422346560 106907653 145977856 665858900 509624451 635296836 861415618 182918282 739075084 136959293 263431362 724461605 463534317 947902298 195706820 78875339 285466793 770309819 634827485 692540921 538914536 961035321 17203678 611061536 773511814 483173493 216582740 23040330 696685061 150917339 719096069 91882236 917602935 889752355 819796710 825788948 862131444 146537647 83960541 810106924 370919036 719809898 250408899 341108465 995949636 605230636 342402330 276233154 864255516 444564947 79183291 571584594 463307470 418670144 830300178 367489724 323025561 514495342 794264544 667311246 792929871 173861179 321711476 175285343 962299838 657191183 302825750 885567361 18467941 56404280 402311934 855819925 256062468 243036824 493565577 158834661 766268171 870906146 485946714 702926977 333162345 657645439 241841074 352659784 937691425 24622110 302729371 108413292 434583462 379861598 910908098 138482683 343408286 402813466 417922704 161271509 288980130 275543937 755308479 391121170 231151342 8333599 465496814 954851334 693917944 256493349 660547236 209171299 475704187 909237630 184125497 638416531 73086519 572515483 535362127 499577987 643130391 678842444 342967878 130429230 187390655 985471260 438461215 357656440 467145712 459798739 856175936 705871089 74113075 430130942 67225583 597507943 573224612 724592705 372182160 816262895 752146236 109975433 409315561 553121562 390394657 589154686 635627452 507414001 945951867 92349681 816868838 525910057 320074277 966290314 693549621 630199817 46627252 920270125 331971051 499959667 205519008 642785265 578343280 391786654 738175960 758385927 953340073 76939165 717836698 120637319 37301530 296778040 770316445 593022046 520338187 206613954 366270186 364029557 538291763 23348777 275488956 746320115 589172427 351751592 290209716 380379561 650673886 155830536 414388885 479497103 709380573 507890403 594383669 811296509 944728134 233166135 989702998 118064624 820370655 227121916 118198032 87037441 780420295 573188005 486847224 41403179 746585360 727339238 934955426 971355437 969724484 845155780 373653756 787851439 858894446 125943492 166934454 838554231 984595000 467106764 83514241 991989452 744429689 365867258 374591670 99524035 214265024 448882015 516541551 963625410 241837962 557631637 296173009 338945984 414712449 12660197 595959734 326035188 319900070 66104180 88092593 978935643 333343605 482055402 833491477 123402605 435881298 627522257 987046432 996589352 766063760 413628999 440097134 455170872 488450619 72075699 525429609 920321332 41387499 735512296 652684850 78526519 463243772 461242082 602738639 188399592 766171207 254970663 242781371 603845640 350838976 837378607 560890293 56268067 695612666 655757277 238073537 533040141 440376489 891611430 9614919 213277843 65238156 883424298 548869863 815893480 377714663 650621651 720092872 580239709 597046236 377877501 297206231 424371997 797994942 622794596 742878861 104863431 338796940 655302500 553550616 352675112 320216500 883774048 383364448 261951900 939799617 554375993 192192238 983757054 773636531 296804804 541590375 126612291 97175806 359128551 550000064 746428341 60282175 967426510 59831883 630961449 448209767 925014054 343249261 71517103 394775596 735954839 445655769 249793784 61848998 268302616 739193167 211121184 918745905 270811300 788547621 731696100 737682299 345425170 924001170 124436672 911862034 440342614 246422349 567544636 147554233 512401089 234306383 828704103 474261113 649746688 649691184 930514992 32224338 614598705 297248906 504458037 175981257 726479502 442557409 47328082 370452041 16629051 615982451 329344631 816871808 371497499 207306653 845467728 908182670 197350624 525523045 643123111 858466863 667006674 331229957 566043732 583747215 99806949 157900530 242502416 807996707 924758883 416759272 494340338 525959844 15250877 402138707 971094728 901225016 551295242 763669944 197560277 541122590 238476214 938597462 707139078 509547109 70997862 3844700 680413652 908451448 761882993 537709163 554425022 453284717 450758679 719928277 161089047 498462732 424828751 166702027 426955969 638309599 29977285 975787687 465059208 66094738 1651134 514142492 407821676 616624023 712955744 302267926 912954574 151221510 361643611 853206627 357321844 84497007 277178264 113414782 104446681 830903619 214907093 395178942 727288446 81547832 426219261 447783188 291459431 534361316 861095757 110249646 723736267 672787609 1608836 335070211 344131863 939021058 648979250 731462793 923564961 869780411 432969232 891113082 239776568 188370680 327437490 923865595 610836249 928297211 917175581 264675707 826414851 716787112 96729301 922250275 648567832 806934209 981988610 250962110 561683938 854981812 766426577 145185252 171710377 311533557 658993091 330886723 130127382 214830932 981296014 337515645 787509380 662813476 175787642 892694192 580238163 86662081 789399536 296545889 224750437 592435680 528033301 455292458 845137685 277400182 637669085 408987492 838120837 627847117 238048064 42477288 447403061 272931491 785429193 281734925 422475678 978190337 3205684 430619885 729580287 156502908 994289315 508333194 528327823 32063794 700437702 990142485 152566739 347943588 285251164 781304351 805651361 895173301 636801888 348969068 613839723 58007632 981798495 390537996 142144053 32450710 801780613 497751448 623336940 496042987 304102992 727848303 489565629 258288919 952590440 67292421 444704721 883928921 72786110 247479454 61983386 12715148 833387796 175700231 276704943 248482094 635830353 959969683 496392380 210832387 720847109 747034109 754290712 779602779 137841549 632667432 134484876 639595109 182097198 908059684 958228620 660541365 555815522 915385097 974222058 857741251 40558525 622510880 781791358 512359966 293459241 909277116 388181654 250222291 193569188 15889527 784865653 464290678 168204520 993396800 768803848 4802617 169339436 707895557 822323203 439801704 156667699 381111266 769913840 297070863 712196755 122016966 539091766 207516463 367538799 642079871 126539062 263267572 234657782 657095348 577729258 274530480 536439093 675029213 974650161 479661176 687554052 649808036 657263596 477419765 20484825 273448994 938137216 528366356 221620830 765678758 78873355 410254602 455444302 823913730 63446867 333827784 171645744 932076552 936272752 433031921 159597255 302755141 715804114 258061889 552563961 383447107 758014426 641731325 983583387 758846972 808567152 352915556 883273785 923023760 347204019 732770841 769941164 260235959 892902205 955887 797253309 991814435 76097111 635364926 147378223 924843479 643620 755909064 2401047 510180896 527857952 461055229 799014900 437395846 533206731 393316718 61378457 11306695 237539708 532948559 269767529 969198874 473522306 988754730 829036845 284982113 793138052 446091245 855153182 952741099 899146147 125359606 87435866 174929325 369574671 653460727 345614250 169675309 873440746 561919405 651827717 933453030 697295869 812131000 391254180 454576755 354158030 420695720 537188663 922267987 468724732 930668576 598886252 72639304 202148540 369141659 114290686 636722389 498734608 856546465 76490856 354866723 385919960 989033897 908583153 775836432 918687662 695687671 241380144 676105645 814350437 710858238 844164212 881209654 199496751 385979533 317736056 107969554 280590537 642237112 594048844 935833979 847937590 958227773 131176546 199685815 621868124 16126948 31704397 953138182 245218571 568703329 144363622 715828745 643720045 883700121 883736124 279503493 502544510 789367408 781380743 662884132 610164770 935429547 426618940 325381785 621661267 444364194 923238355 473402329 33478219 99609252 706468719 949711680 184413235 970456458 336395542 105449660 620156016 821442450 948721771 433675098 783823403 90668660 239529101 807221587 705203623 447650112 929116053 939262589 499860010 768257441 787742704 203883222 372889702 156280938 154788269 829261988 918117549 425821910 757621684 284346942 725875728 108558411 362480876 916310328 568625335 880612118 207688599 318768263 568429385 436520863 434333127 160696190 851995294 24759194 60524051 870768186 525618662 685050504 685280448 173744984 350492642 679417110 749179552 458013341 637698119 531149996 680737837 150124785 52961413 888916284 898579423 782345268 97529686 538797583 168637011 790593752 131788655 184210670 293479032 923668459 27455934 339658386 536439064 95564208 46635234 284302283 260349594 464772605 807146292 536784909 536725061 471854311 187180935 679635181 187089336 826989487 155457158 658337469 398680876 808664548 157790403 811860072 828709199 952920557 954834471 695274977 293428681 554991153 568903238 698318696 328117398 610868516 209196715 174608384 725827978 660328320 984199953 139422422 771857485 488626413 887550059 36024033 998702034 190550691 990782869 344792898 134736580 934803630 731663516 962052966 985477479 254872002 924422802 957076385 107810825 501167624 61796781 759029088 644618726 33432279 506831659 577435155 236424121 72231786 418469713 30375554 723756103 155933477 923950872 333666650 865894583 178186916 77774971 313972069 391847898 296600164 425353476 199331328 375148519 212116039 895742705 4865606 849451786 583959042 474754083 822377478 600142537 77169080 665547544 204279760 223726579 942403338 997139388 844143610 543904145 116508196 415809773 502448890 711363872 388718925 953116006 656178710 537728885 577058121 961722845 988027934 397607931 832860677 791588271 686429501 854398576 965621401 609472216 960760354 545152937 745443983 613543638 885719321 531294555 225014689 873718331 466034556 549901176 112809613 437163460 831676291 592325940 877258966 948641879 670672062 932359466 122453286 836721841 212834264 137994558 513603682 306655350 588825517 209622312 998638553 337007945 251744077 353708421 99477209 196918148 829951975 980806356 870320956 744840360 702636780 862696264 965708410 467231478 836071834 769524346 804710673 785146047 677816060 686033485 953483762 951103360 218759862 971624626 772533706 568293449 510134869 272614831 359182499 995149238 16575279 513035222 692281530 51106993 592322552 547203463 339958062 595323622 889754037 214955656 768661988 454069534 260600639 365388349 127577534 211935049 45395817 849380785 114437816 288553964 181247200 771828947 701285884 681628094 540451863 550851520 623151439 64813461 69932017 672140359 69495123 64567262 639709606 47013661 64908334 339901685 735307145 423106165 955749912 966673681 335441573 517537823 292618456 647673388 768836924 363259965 14510795 804892107 422689331 339859645 695379935 626179120 892089632 896506268 269110561 556936540 216192993 523528644 311988372 683288331 738396522 880923102 145368196 2159568 911156421 516507432 726861205 462100688 608470535 587985002 43837983 750529744 868747355 52721035 733248306 222948605 25259026 833288366 423863071 169046283 538438101 22255575 942319580 105307621 691293664 297650093 649557991 336763679 980283420 3561882 562148311 198984457 693520143 360689995 538229441 775759455 191427101 61913892 427804411 967747208 311916143 342525130 149962161 619302492 140695905 503974799 732482760 544422643 736990721 953969956 385999637 670974244 794923464 749349608 268372891 394155851 721845186 348755781 863189990 856096653 440511786 74370979 16657356 805023781 814901050 142298209 365533086 804131783 120548373 391780763 983860173 24151654 267184260 92473685 961970224 6841858 279967714 695233868 521121768 991388874 910379876 97660969 736117662 838293382 245745865 696394897 991608442 608649955 731600004 481298331 250513091 441182330 436193291 75744303 575945410 137904695 35675521 146451823 344224989 951614888 675239845 81204966 990739832 917498758 670610225 320048292 921559144 904030941 656075587 370936374 697750897 414098915 500556915 110741500 603794482 370953578 308938337 760728992 637961839 800923632 709104133 209301028 924182519 318878778 752625574 168353484 964463791 564075508 780903370 513459210 338752205 393904481 658709657 793473109 236189972 177316957 583730693 821466159 467011266 629243436 92479823 166390332 896985447 46518145 111930350 5075809 201803110 227756460 439678700 302723120 881587481 160429093 931151217 539820145 571125124 739521483 521074961 43308777 545982555 557097496 819537202 709504675 893693626 855467715 377763084 713611869 812008409 399054208 406793156 480606428 879401353 282405787 30002267 720716575 413705681 487498988 410255754 92100221 834916979 359226513 173634644 393768299 537330275 642274659 304445830 482411232 306991468 101244720 320438102 91639021 562780710 358909397 351781891 350432581 663212695 639069253 714032069 285615464 565464599 296182840 661655552 347684557 394838676 183786699 555605607 343301087 474848394 407215246 413878556 431100574 419606948 917659958 685227001 631393717 705056525 261418838 644973331 478073483 241704284 239081413 889370050 874633365 87589366 747869339 453807901 872686667 9797108 365710687 501123961 822195393 768416739 150171123 252003013 945369476 97325528 732043782 711881885 940238170 193775507 294546623 428086229 453584445 75269082 237485811 27940673 248735030 990442399 577829129 59552622 670994842 993398706 244399906 780465301 284468995 811297075 285128750 49327984 49617239 979947905 9364301 139314612 100625855 891419264 876308342 529381754 718379159 728368558 989321393 922031025 784164585 789458059 215083922 798729168 932580134 571668525 153188894 664633147 517062631 943348196 83086193 977181670 757916840 804660394 833389529 276215369 915514120 776021758 667361975 70782099 664379357 84337370 263078083 514811554 633518801 576021306 769673122 833681613 162003107 110768343 270341003 310194719 330491213 255793619 762713894 130947135 469261540 482695835 155246671 961592182 840769179 653582018 674017511 473815697 557080166 349009147 501424921 512891629 539926661 828893185 92712729 985512200 422203646 852015440 894325105 909247276 126540691 593578499 2721753 473945023 100093055 492282564 129344852 96627202 133868368 357343846 97671503 246673326 560885779 693894114 937533518 509720707 928832037 669281892 78192711 161737908 518314678 622067339 63833550 293527875 81575596 586865386 368641092 725567243 448247079 565658523 913892557 955355888 304961166 971516561 570897465 852686831 432738484 471897262 560935855 991876160 440447794 12849545 132212285 696068650 787536176 158247841 707596276 818763774 726975282 22784809 845540316 878918653 424253653 990072213 591337975 429303425 573820321 919486045 51361392 112934439 349847104 593645141 769355341 275627757 370232096 231198065 628044461 644653701 359687974 744563216 41494721 331064380 29357921 645783330 4008964 763737719 495055564 584922810 550979042 171708527 629950164 33565226 971796346 943681608 845976249 245079727 953755185 8835779 359336103 404410308 408039745 913266640 597741661 740016666 861987988 721494595 295929669 382278620 875848493 37336887 53832982 328381116 804868413 564761012 467477159 466660420 487819858 970807792 421138657 517859987 804959925 524596350 668705953 817273283 432602033 716007590 473006571 752675842 50265745 250115768 481150226 319063146 676414200 87254993 56590587 311585176 870005604 56505114 765153429 923973330 6510011 687764352 322023396 722484271 330088845 541927081 149941667 99385882 914691839 362717267 896345329 367702317 976244368 584171733 353239016 351845990 666359917 127143953 344351797 626271371 960127569 645040656 527769240 625896699 875472938 88691790 696629524 132111069 905249483 967497675 588988229 101014204 919534100 388506383 928490545 998279047 615743894 667225897 4541167 484226731 553759895 710332247 344104885 405602929 683970191 346749277 334393456 376965808 345050053 76984171 730769034 720724026 388037324 296437662 45774201 464723558 466110793 629538250 150858269 870014479 700687986 109451508 758939553 581407454 665232652 495135179 695203990 570432355 286348212 600786387 427806550 806043588 105134963 865845288 496803247 618591916 897901973 109323162 191731771 7598354 739883155 765376124 101476459 312927516 766791175 502335162 126152571 881583759 343096314 429573191 68527650 33691090 669399912 483171583 977252673 141817153 476287629 734673282 436297904 504460601 386576468 629886803 485545936 792252434 11838537 874041849 845419609 107752697 644455776 24220027 88426444 899117658 204804762 907778634 622309086 46031479 905290487 923549201 158835012 977600616 923550601 230588351 337715568 823376893 959954185 265103390 399222464 729155280 677920134 38560087 294919492 634244314 455582083 577597534 254223659 834718379 162936916 309525798 969608463 116875273 495993928 270419446 747086164 850894677 715132119 909631049 281234951 810186571 560864782 925635312 606960237 334742933 277799830 108860831 692068038 348221212 368204924 418546730 981866895 609384005 157222023 941144274 839322958 131778909 260612387 47091908 27718982 114316064 130987018 425862283 344648218 866672170 840825384 201411939 14854476 881730913 45147121 523482600 897260479 218455521 65768942 116020596 144637563 953385972 841148785 988959427 779274567 96020134 793615052 298968255 467711857 820320614 60561832 496416857 143633381 825989773 969265472 156149504 537896444 619224115 197931748 407785263 671828369 520770812 425394357 360991460 979300925 962751211 210863891 892321542 612056474 751108363 564317716 282878134 469427215 614683704 519668962 881460319 516490003 410243022 140320704 693729899 957083782 622802927 883013164 432790955 696774354 455473337 369169316 325244366 165809261 850548261 494138451 453372557 678435513 941449744 877274936 538810637 181399443 125448157 324461929 471712908 270370727 203720103 604955051 169217083 23327768 41246063 997046472 425757314 595221380 874177987 654547680 475173022 687549378 691731011 856525308 764836578 47203713 582728500 630396723 191263556 320225351 430873708 105366298 163963228 745177824 565076585 526092590 243736965 474122459 302414377 210076733 955006458 982120166 119728454 188915538 855526655 603039033 966834439 218288190 281163071 11999461 882264815 328968440 117024877 42099681 424213285 797521734 259919770 852873413 724456180 934474815 251128833 145665764 711962425 792835321 913926542 283139371 403124974 22746260 998543031 102951519 990123825 156507585 903917479 476608269 744332807 795520578 150608257 750623435 372009282 878490187 334294837 707128747 500053011 617927323 57122882 915394283 927513130 844182069 776879164 838089485 507441744 498238334 799939731 928485814 949502257 925991295 205545207 855900199 287677946 10393580 21227226 824671983 974553973 371022660 494565576 222836070 757152499 811726692 413370746 861498231 166396979 261674669 10786293 222769223 853710860 849933205 290186647 755090846 259993468 752822617 833536498 957758933 83243847 703851176 788001846 188336717 41811131 892444041 883134615 108019177 737179248 534117617 507605031 165338875 153089796 652366037 192581490 348278782 9074904 657825420 817408099 475604625 354874908 36889546 393239791 731482313 422756877 80331249 346007307 394981600 324853198 933626729 889339476 98975911 548378630 722252459 76029985 342589887 496377250 737478316 748818312 258221758 29074381 906746479 178145974 644702827 771358936 665773519 266446740 926452257 289407451 336416447 106476627 107660537 887582470 260928982 257875521 698592036 593745007 778974913 122817047 999483107 295503059 599275298 456292008 993292581 36493903 803126239 226164186 1629110 890929591 765436522 45609435 405005306 917029368 731177755 230586376 662716444 125570408 197451146 588758983 395531252 48415500 630113713 108935469 353576785 566532446 213577644 174594819 872366554 392712591 199822736 586477045 665582911 672096046 747890190 77126696 55864281 308127050 769189182 246035993 141194568 253771865 269240826 855273790 751410274 787522361 820450381 471625872 174322231 543764252 973968953 842568073 645440813 337973586 403068647 772606261 561775684 332192889 995111751 212333170 790833682 999981249 798615995 51707845 133105609 456800846 544474943 780648533 24456416 660713236 212974616 575093277 762450138 576837931 165290980 194103089 288690555 810954711 377930466 531870754 404537680 695766281 185547739 151482755 731423615 280652649 637326295 709630308 782606517 596459888 357255029 451920206 15791983 928743467 24374387 131486160 850566309 620253066 480747811 807605191 245371505 806665472 64828839 546069658 865446609 743731888 32512375 459129852 175897134 102963833 671835075 115974080 127877487 428365385 443698364 157192440 310045684 125126619 824362131 453882241 822825055 448053653 93540742 711132996 608811670 366947835 357134353 132201036 900525529 862202072 679673122 256842217 850194974 638995023 579606941 277504691 869021187 243711404 300847952 551292493 522892850 226632659 337705248 291655635 332777735 479348142 35530399 452330186 827890194 270271119 6917642 331756391 782127549 150958470 867495925 49067071 758568566 770465093 683608451 160690246 87306071 384461336 987114588 222541417 621888412 702468187 700365092 768226644 292371358 844288306 996037594 808716136 348511882 713226601 617996695 237665822 104922027 565856280 820185737 504767230 381311039 315152078 754316939 353344486 529873835 29155623 5439704 392716192 925860717 933481499 663447039 188214597 490924298 124530869 735283785 351104576 900464796 153971790 647967176 787344900 689726829 919246067 44962598 425207674 307979235 266074873 438338621 128321912 919501423 285775062 148542493 35907393 726991141 25143969 159561865 963675525 697202249 765965296 268964005 369823203 757075301 744323985 470650478 145622441 105023153 994548518 126904907 653814297 524296735 426792871 878147329 560021128 772156501 881888149 401174221 286965583 20003224 172182652 242543262 228910070 929774197 692505282 234899887 671267508 508090038 582092755 668742619 198947532 30394742 384223916 990152383 47486990 671003816 340657892 479062326 853443216 804487333 808158244 255204060 8819566 587374323 448458235 295664995 435661552 749847435 805092734 306139006 263790296 92456119 818074492 513375690 657091506 426547288 761289172 627146129 653566194 83087107 796585166 426754360 651110334 184819288 429196195 519158365 643705590 422083813 516722843 420677711 476475878 195246181 430992158 883662277 762757681 665360277 253955347 427302419 740821105 462675730 228669480 40626069 749287892 972252384 430014817 119180056 492636724 332916342 539196202 789123507 747408815 650440288 32257816 177152091 796473451 65681249 495525010 213003 203648617 902908233 168531324 995329554 13368375 595428557 522199359 448713991 498982211 85492440 949935378 408626902 91472868 192765343 906459543 287683190 664002535 899430068 99016456 143174342 562661336 93721866 93988342 784918087 441348530 879921626 481215975 513814704 310585611 723892814 389090162 140752332 258454097 422747749 518961284 943240359 749583579 345491188 74408171 446603226 821581983 536754370 754787995 798881156 471999214 273825504 198998024 307513307 204363710 285300576 672564965 922343161 88417780 678094082 727723108 647217150 860746986 537354783 335142700 779821421 273609273 890855277 54128664 3867157 787795052 518973791 300162464 899361301 950450456 999048975 126519760 901502738 47424173 584093859 644602172 876348152 63571830 811553540 650109809 279860244 108628553 471111828 324349520 567944827 139564685 766202230 956755852 320788585 34318750 940350087 711839606 328312367 747791627 709916149 562426178 306773894 835478474 337160696 372103166 539833949 852260377 682796947 80572146 162151364 461697523 582355460 634180260 745814629 279186842 45385811 632449490 310805971 652459580 33338370 989623345 605556509 139378029 159845591 697401771 832271796 525823490 511453428 117560006 622955558 511083103 750127199 396576328 121983112 302434441 314073394 29687172 966955276 995580114 885497777 801389756 650486550 558581441 467326890 284580186 730848208 304311173 498814324 627851127 471722893 640848943 831333262 361446881 133422187 573959251 513216697 557171428 532997588 375815585 837657317 924322611 564426754 522439704 604278682 5363069 916229659 629913953 787204132 338912706 729016708 448418788 918736043 282552926 316293480 604770519 876076751 454754154 815677264 399704721 16803616 112892816 907075450 315902778 170855292 894935417 363745490 448978901 909858632 662084073 533812831 317695689 684863047 985491578 150332051 224339571 305238632 288285663 823769737 533754762 646811601 8618472 208107831 657822999 597921990 42698935 313984361 856991747 119269766 131705422 452695997 253154339 309977084 120386177 456294117 769221651 554067764 306099721 958581641 737524306 176479092 433578980 241605479 116717241 751871586 713264354 870991453 298868339 220686173 863746614 996695055 731488767 202250703 410715885 541785728 379977312 970234691 573367383 275463401 426662818 986896566 906298383 618377245 635181991 866993180 886027141 922386291 89023565 748184607 17136877 436787342 106268658 681056617 567081320 612834859 862140426 372327933 11779551 313542537 250366361 656304032 285415136 792241184 888954392 672215275 922473291 167940262 897772645 28993262 352319014 339546450 75773030 956852222 616699252 991185806 55830945 542224368 251668119 714028491 98913234 978227699 596087227 635381524 711585727 516730941 317351232 430652236 856263724 893926205 137069206 300419173 991094179 798385944 358524082 494200511 942613311 618379695 894159629 449452466 760549607 367506014 723862028 60020621 748364073 386868905 5188108 656594025 909671988 118756912 498028866 387061558 729965710 884327492 891573022 812536272 967562520 399319536 311365285 800748789 212224555 775960368 886154599 732574029 585850282 230028405 103821909 348749599 836625389 574440858 305572553 268084541 519423367 160805216 316456734 646179850 844615492 704044386 583853961 805872906 289868923 167020017 91125442 209775424 605146405 59298819 4406784 601207895 986430225 629027315 274513156 7937629 232429746 458575305 404680598 813250644 30059949 328327794 481926394 554619301 640996700 973365091 468137696 41630914 793087443 710030224 791736506 206019694 160875065 578713936 491597557 720596956 964603735 350929013 656262699 259065693 9688581 295605922 216476791 965182884 547120907 319968820 544850840 986224728 680663451 905026000 515466495 652271772 301724174 719863288 286567668 139207251 764826199 136355949 354908882 820640967 37059855 316424773 461902877 130891846 172213019 141224077 900198897 140378990 7258237 5845958 393055894 341021139 450268339 844655075 794684929 332421949 663651298 262682530 780679567 511472158 938206725 690023048 312019198 181799797 684957405 135533901 118144427 21790405 219468778 201231134 722450895 89677343 814211616 792187618 586535330 818585532 846580863 349520438 545159114 95076585 763429856 312667781 798752400 994601619 382795790 963293833 415882124 964330145 534004116 797481635 48922161 661190938 526172843 894495576 894439282 421701600 407563226 612873202 509313958 336635310 913312182 539044164 887589354 414608810 604264505 645537490 436127479 913881382 873000305 984002267 840388239 508516690 838715843 732021279 403550127 400732216 901239986 384686342 293812652 154768382 225651737 57730686 767700319 768404050 247059725 932842007 773501450 159408880 969910116 280663479 680055702 313223253 272630255 941363561 534914824 211550314 642308373 302502114 436344681 778676212 215572804 883262120 607963154 135357364 905948955 332559037 379962213 569586725 328891972 529869258 834561994 371447797 903113631 101602380 506079479 470433927 284436331 678229995 615744218 557812423 918976269 90829374 413218391 416844801 386550947 819548673 598573368 526551020 92714609 805750933 341614417 295983139 996823242 102097598 402158809 449877793 588809923 401245408 674312360 379601940 477892519 947958216 512568831 114259241 317548901 470402813 15936963 400200862 703020245 124608922 799893891 99435457 781608808 490842716 541017443 826781727 871495267 988195194 347833663 66727469 450519939 230646496 216843371 807827530 184142885 284262905 706761134 703231361 421469037 219332684 595535860 123570780 602720786 957382038 800852195 894783534 36648194 842205223 38830313 747765004 584383031 500741892 228990436 510609269 92091719 84168654 837944012 206357411 552316275 669780551 122716905 324351164 509974494 101219986 817983092 255684878 34605235 871618614 858335278 90594254 663257463 771984514 340145550 258696464 301278396 107789301 313418297 363730949 886049102 422293458 747294516 370095675 663418640 665791904 232191615 710960934 5448260 730465577 135357523 384420892 241638760 87145548 608757589 111712722 902147677 43938224 879796277 864566939 840094451 729068471 57614173 388001304 751352407 222268405 277965390 489542452 338752464 368918527 513268643 671254401 997003202 247278607 432278652 428727202 203223445 734168863 842402944 520208232 170835470 710249023 716508762 739002739 103216061 662128260 868278073 955259030 666250151 537737820 384262828 167437371 582517867 950525793 976877417 780669292 802541522 123342521 658889052 95583814 651924430 809189001 638509120 265267511 198627844 815877771 234826553 355217433 768010367 658318690 458737738 612042704 998069019 883375346 558706500 184096755 188696501 666293484 604282051 427128088 429171599 288237877 732453532 971967492 714849883 342689439 460380836 915130711 223458181 939609202 439999445 838532630 548710091 582535462 466666907 28114312 685659772 989784866 861829779 304345340 342428669 887505259 326024268 149267886 477435245 347400437 905825116 478599452 67205110 246844168 9698497 905748789 386662428 863105144 659646363 519938467 204126100 351557846 152677356 248285584 584724361 76546584 206264963 682464315 546554926 177313840 846807918 50965989 100582458 37444763 679470038 538107053 403869900 59145103 785256627 284413667 595668117 557898858 973555998 706670279 795610715 939899288 736164784 182989230 826857145 406242845 665482659 474878981 123886739 732500122 300067023 701880401 360848608 187755024 447546395 432973429 494526850 665157512 383123781 497506003 723843372 203487219 199450293 778530683 963546161 619012781 225083640 534694987 677721909 50624783 30833551 110388653 434853869 212719941 147149287 777426533 796940212 979123116 863830711 696643509 558875647 483916608 389846903 680677015 235446946 291222645 277506380 552090531 101151083 816032378 545074850 223498155 949558377 1965589 251610405 725931533 836838870 555219664 911568806 789476374 462336071 771190667 710490782 558723464 45969181 25375565 537516376 464404770 202511441 824848260 850059945 982800031 934213210 28958471 848711746 278600237 39971553 106274541 704361798 802551061 42284173 88810226 289067602 976032286 307501886 82781189 813938264 888104727 385261543 602121316 461653907 307504826 431800542 737998267 2493194 570550678 892429205 926523318 329200466 934199954 95235690 708412077 132520599 203968152 254201424 976785998 542194243 711733717 604030881 585477939 467845768 43592182 843871559 464845597 894191054 967984257 139412397 17710139 674726099 861477190 552195340 683630472 410475023 450403760 890320044 903604084 879739427 296948655 211107168 785434733 572698796 500438522 423928165 265845183 23839168 900144261 730255314 815781604 977935355 197368328 609675696 93541877 878805790 663648919 36242549 363229552 815343991 208826922 900736602 786860679 509992662 179348265 836013666 317655767 577485032 284959546 829895463 730164899 24927722 111132929 952227488 320040667 674308475 513355571 912012886 302636008 662604655 429561250 587898480 167785573 602026935 495655581 908872833 56357349 316575938 633283665 831537147 82098980 692333493 937344882 943702015 695786920 968833188 36704773 882121754 481900064 214205613 438332890 334798028 41701748 9938976 275773555 713197623 567905259 384921109 844257031 77590019 86967690 892974555 532883998 570662487 972470595 512031176 532272688 468785939 668165341 505868153 964013729 668498235 241945786 534157943 624538208 62328949 426082763 66941515 509704896 264693273 916533897 436561927 168502470 229626715 462430867 226269550 42922055 109249328 627864710 158697603 318057219 971901351 885368559 932182102 792980739 958340886 22086654 712889958 148931964 342347059 808910476 458046949 166076803 792665168 892293072 363663033 788605962 687264923 707617309 372537069 637161205 628043148 713847413 989110351 388687215 350148640 103525582 330442083 118453127 310069959 269014601 41443622 292350165 810318943 611151195 842799529 243760001 237334723 143517725 783783550 968777533 253994626 225965872 975471934 854744451 165217504 573420670 346374738 56911170 759878064 460862457 590168352 400689773 157690336 864122849 642580326 875147010 992411882 118782762 326701820 721705857 34072012 632422329 719240509 178866753 997862497 621856319 943491362 579189417 480241923 545998439 46600746 179157972 315023133 563455177 994024939 63639973 220444396 55490639 144198206 487463198 618618807 604800278 868325081 437659527 393128141 87042754 781872437 799085017 319120517 337733439 943387987 824162880 531810172 33138485 197934202 530850454 718375689 734524265 886556837 244083486 287539793 449631748 231209838 535470223 317557301 930069444 548315140 919434361 173014167 915978984 925968145 494762265 601595752 162287341 208545770 277350380 747175716 997717379 204125487 180193447 161196652 300458829 282393727 213045636 961862287 812447485 67954046 880567307 60804278 354482081 409201926 356119131 666978697 394428311 46140915 782189375 40075845 370255043 149978091 54546494 936136287 254875656 418210584 853622825 556345254 652926920 394097189 18309693 562104156 635339913 60723745 231050647 139116468 715414736 281070665 226295779 634729825 995860620 507731037 205241577 134314772 113008561 345787413 350245080 727310330 575777116 497011073 562791151 344157695 252745895 540534762 63393295 317389178 624030337 690605707 703519085 75425808 887137910 5519253 711121159 547090171 910543904 513135402 754779116 473081999 367787105 93503094 553431199 88411595 549526291 585327623 919221348 301205814 879997344 279372295 803246016 19040691 588272194 836966432 27283865 921223886 248704592 784915080 485845211 316860091 696897492 506971401 150836582 208719325 873584660 561235113 807998241 436731497 152378040 252600871 520210663 665223541 702575958 708058930 460689975 646109045 667777297 42275083 256332303 17570299 272151009 894655339 294229652 407862150 819565226 566638130 209890049 619987040 829294357 214886715 875791693 379165030 424371482 730421755 714877229 540111845 929032185 832667592 322577148 587608835 78934604 302512920 322687595 365464132 227129610 121815690 197176094 905025646 818559403 751512545 499757680 904578472 366427241 42524164 705123291 232745296 206984652 667417824 359167538 895819117 138579175 4841282 586023349 796571768 653710652 80579790 534208793 978826203 872227785 145163443 569013417 912541239 860074970 225741561 365645293 40226537 400725744 382306336 399747308 193500126 981045757 701810570 30752150 227800895 954065292 647529051 802351299 30969292 214475792 664767480 333566354 798173336 520753517 169717692 829822275 969714751 850901615 170238696 348718017 685197781 886335439 256922026 509646494 237255405 453415953 535465369 339740317 878368060 520742289 101107741 197715030 561991488 171448766 493457956 260443024 295176754 411667437 436155436 849268374 930461193 554649813 214608911 240230487 639202423 365848435 352085808 331465414 953241843 641325640 797003248 441399310 303588692 30067036 598440788 362261217 844178367 298886507 215009310 567682564 948178052 167362640 807175157 236851253 492249920 773898463 963136296 808572998 228494361 451007662 140386974 517756286 454692345 58232572 715602955 165452962 745016508 8421894 525085801 90314168 926419604 998659869 2400815 187609801 355436725 300160339 197207604 181039233 254326686 517074997 879885927 504325075 557183512 245197764 214371082 243026521 435861661 395598802 812022412 18952732 859478743 764943928 816008344 659994559 21900635 64569565 51463523 438765652 924928572 292200811 4145117 940755843 740781278 703830050 790660614 704040071 190220664 736650296 678240235 792761537 721016001 242420748 252056230 883217315 295795349 50752826 556879635 362678841 831330382 755468386 403831798 829028790 912943032 261473453 976500125 729857585 818649905 641866266 705602576 710161115 808885889 976674638 311812350 699587452 163128524 595096065 720373584 10733357 472226757 683670888 481418019 438420217 786213969 326857285 51191588 19642169 286476284 181881769 911326221 542207005 211990729 416448474 224788702 368014141 800203235 969133082 258136396 180555353 133697986 278645985 918054592 682414745 636679725 641893243 391411282 378110446 963021454 616882162 552810814 457329970 94107308 461328488 360328937 795154708 307771658 43816630 105227437 190754822 275771611 47755847 336611213 798908485 736365645 543245238 41112115 573437295 281907836 407513999 289056933 506698010 293353807 898699377 491068678 443455166 944071324 276581848 792942730 696082857 886880561 712262527 971618328 870306776 223135208 955837324 479872681 347259597 208426382 865367029 370330070 829730287 864104329 398582225 756483993 980881823 147317997 205305904 814955351 638770428 408243975 484436396 976667232 207547075 237018230 203351956 795080660 672385947 613673627 375440166 129716619 641824381 648823386 121530018 129851292 363556446 741164699 302544774 860719847 54528485 633800728 776657075 676293104 351203843 467237759 406460091 852030415 554836566 823534555 525807583 356696073 925672018 542933169 974067117 377297529 717544880 660771478 506507432 638328358 100043384 668984708 182965643 393594469 46133013 124919922 111167147 792440585 39796081 764481681 330847960 332973169 723682029 965922890 924715262 72823929 249595784 20785063 256103006 894588756 372131667 185001531 129012346 633504077 958778867 109053471 220147987 489371993 255503351 573985572 301551245 959755410 410267636 570723060 376683435 206145160 697528544 873854254 336145941 634999566 580487508 262700170 318232746 152492149 180797007 400467138 568036437 108329116 387155622 480605068 813500564 767389536 429286646 42506661 646900790 926541367 334944404 227061840 373314582 380594394 234400430 976965480 717926130 17472875 648597782 999231724 618146815 716959694 843849867 535376886 562988787 806057000 784433194 291631192 885419808 393908581 461977109 305030723 547362745 57900534 217642741 608840077 128532014 810819117 19327449 819039088 193811990 546316623 617530737 588988933 320684653 267756118 265917619 841014604 146475719 356408725 603572512 730574764 927556858 787608199 806373540 180773554 41541500 750527124 641445782 862646519 988073881 193667680 481685047 920842696 594120225 282868729 247715012 955611021 932475789 330310889 505704045 536145897 618826794 912789069 284193009 223856393 22136856 621151335 930133427 384321241 758147759 936296561 854516871 376402158 380760432 44759686 894388390 548754401 219655145 365247828 427456216 741569895 636623325 409938110 233055419 293532611 129898062 931576157 781078822 134846838 666010710 481412247 17826777 327289379 935131362 149761386 692168950 562181949 788254080 373938618 824440735 694260687 789699212 613725597 455621844 581323072 356268772 10127667 616723525 833857721 464552899 962956706 780741467 590339608 827709070 300396387 494868560 594227982 101136634 191720309 617505553 153961029 647572969 160492359 730273816 328714118 998971425 218696402 265132468 566572116 424667769 407958061 256132771 406857109 627375909 531317831 291540554 754869455 701990977 396823190 794429622 789895774 792518733 438686497 724592147 431424249 522387492 392258774 173396330 763222020 74006042 976598499 339702585 756697137 923872577 685090653 430091142 813806595 155669806 912232446 115154722 803856093 807278577 546844853 744182991 776162059 689265399 20234000 581231042 39625265 783681868 104375890 8211714 168081030 633930621 573314712 617851911 899924609 322636408 581231508 755512447 243063775 812994010 106001973 367863886 938047197 429947907 379952363 725939008 521640603 819448799 423662928 475712980 874621830 996561481 843977830 741375344 977629286 27282770 440395363 435810011 254171478 672188009 909037209 652385978 601360301 754740321 101148664 225050041 305417178 322423500 75468090 36851488 302438455 772549634 331166291 920250537 204536180 491836983 998529957 700605166 596329131 936567473 139109995 744347235 797529095 901061294 515084878 314749771 441689119 525802586 302913232 577776962 930398246 356107725 266944484 685742252 201188846 786264198 770413253 668135848 155313894 158283503 425769417 321012374 101000631 678800502 831853843 603317888 609294351 973899691 247376211 144258105 593358039 869342038 93943727 206913235 527074795 404111129 677930847 235005652 331205915 403813248 191269668 944370945 966385971 373162330 793965581 721110327 774671590 212617751 43477985 105179189 637485840 689159830 840620838 710118821 177505098 926085130 336816147 151003440 165958766 463187281 637848772 729735430 371329830 356817810 336447838 632065800 956107705 83568609 157688486 229931817 256794687 911445822 768231750 339392484 455464937 729656473 398949437 496579532 244149765 364737967 911996986 766084379 130028116 658920714 345666222 99242538 156596607 180565085 488002828 345665983 279533958 272522995 356644332 929467188 463914623 42564498 575071139 581822839 594211812 90522331 526715797 136594304 174079786 185858384 113791615 631558989 95596496 583849185 789872515 647704007 565474881 920961669 673496578 251536969 124276237 457857911 865275873 637666599 515159583 154288753 986113113 552641090 183493045 4853523 397491039 999883322 485843902 977390641 348692471 958264203 163114974 563007821 236674400 729589460 963168513 755839597 100455884 813830706 520204878 328159580 255862972 342804078 355731413 910105365 656058117 259307386 797565107 316194813 711692398 601601767 409530921 223762813 222590822 236831116 508464351 793231808 920089772 695842728 628351370 594411278 82984116 945952314 569002869 416998147 887233854 326885199 391563207 310044710 463219909 548684814 818100495 222142022 347764307 409218012 940998065 589239733 864289634 680756809 126875652 235360382 769409706 2360275 903670684 258677133 499725689 530249415 29514401 306724820 350415592 532927038 979018107 513457838 849008960 62469260 524604616 812099962 737685901 138421466 918907457 491812704 672442103 832676271 711308065 903434260 665037054 924501100 567383475 273455828 557157161 190973043 651137953 508758603 718413275 382583406 310530356 162079608 305996596 975258371 244457948 764554302 132355569 144725966 649987925 51571224 308612378 492185615 436485664 405606067 95791337 36510245 901056063 36498941 202119256 470521576 67092042 477130857 295477925 643542663 48285375 494713122 887284894 455445621 665747414 682928531 617790201 315616750 460564900 471709632 733677150 691977434 889001012 3141715 168090644 850717773 716246105 546695839 282835049 527989948 791118381 935782352 822448673 458861690 451393903 944632721 283852150 203388296 709423898 630352158 193670104 837442655 770606841 181431557 230468516 872910776 573828556 609921474 573952667 799181311 534262370 258265965 578472958 57905196 207023469 744967882 49959748 947094372 138186461 753952604 446626344 379459818 230341075 390175781 572515378 195207517 925477572 155006148 67818874 643395891 763975560 641532050 387187637 919598499 864100320 638111360 505467387 429789262 78801936 792182058 310641952 917652310 234639016 241422773 963008679 863959187 326202770 449479154 369234021 692155079 420727493 594474501 389242074 501892950 779764763 462899077 521047080 861440288 41691459 750065571 861058671 442963802 151356077 453066077 261885262 446205270 9391444 535502905 423479406 616201354 809523255 864506734 645908904 779528296 969738987 747150179 398542572 622776927 935920411 796812144 877322209 857417603 853654787 644699247 642830937 282441028 166797287 645736069 259205535 738026357 705562757 632231615 382906009 71934619 935857994 143075255 300070541 899837815 946072837 48281515 228054716 123771544 432490834 594021129 66429942 728721077 968673735 835709193 766463065 943477818 215160967 169493686 156952381 265193526 209506098 506040790 273293086 255308423 774353338 470215360 552806883 677258650 43662823 991585685 862620474 266621875 382388431 255319587 429928380 251730698 529926443 586043198 50915566 450631553 291085287 782392549 483455588 345773121 688579298 340831380 79347476 622898132 952065876 942393503 607576634 735786872 479725296 851044040 287476813 261307908 981067799 145851075 654024962 648844336 2268347 719090450 515573362 789878116 774673319 769951669 243931433 965532470 764561100 169727363 954213195 249400728 89981243 632812405 632574325 517915254 243052567 682671810 219775284 110416401 37097198 778609454 974306896 260065780 941863109 245287260 878980494 544062338 123380404 386220898 795092269 836367079 197223743 692409659 790958630 606362448 799621013 723651039 701927132 8195775 50256911 780439672 692749805 409452324 787255683 252328557 124382276 499258871 311434301 6889901 452446739 527049519 115809081 310391557 309516594 329264495 549579139 405786556 954660582 761649032 348794905 195480768 49042443 150947401 510943595 129408378 852248033 801912321 203114444 427800319 696761357 996433949 884509252 172898270 936308924 303091927 137595433 952465032 357589346 95749138 830635957 938978317 425382988 424241000 59224159 441613976 645078701 359429239 316440943 646984015 631524094 572166581 179055503 603613669 508017275 832633247 932598893 42094904 111725470 376197923 216102220 309275504 486442896 861098456 120406597 959212959 430081182 676973267 919851332 772300385 909544791 926695457 122739518 483432074 588314399 138838806 79844172 175492309 848562001 762533649 999230966 136764735 991687891 424512180 796186975 901979618 240463430 954691702 314507818 419214409 302818991 340622121 489154695 43199991 902933623 337255978 282663428 663642015 146014483 988578129 527751994 76056197 576397712 243176846 422679717 86870679 137150049 340073337 696166516 60800388 916037374 431931927 170118921 816892145 603385772 161957568 266952179 467483476 908037185 614940405 725162552 288952044 429971907 831185873 255519563 700330178 468345970 769279414 694408551 841698789 10832046 409017323 616270974 35109830 121566983 443839510 923288263 691690822 166827304 159967611 665680367 802706203 617872335 410388750 162825164 408703960 978578542 329253319 378525248 757492325 310015475 254594566 28906132 615506359 880358988 66668466 616925511 490015020 65646183 192102471 214270004 288399636 533013929 704645637 381111818 711710472 493031482 713574910 29202972 849770223 715920637 979493091 268133083 616243303 21591691 523189110 521095126 364274706 252111837 580353656 120734361 365875823 632064901 495742107 166411823 143622383 195836591 864439541 316143202 196929341 439799899 193095926 317396851 665167423 762271392 113707091 218339662 643503081 372384491 1316602 865897760 670025771 614780310 653862086 461560918 910418517 477288487 229048346 681087538 929517858 147557063 589682324 698750475 978766028 894488071 321909901 757561741 682861135 148794498 964122235 227272645 240909173 177675100 449280261 850850671 532936875 158306648 795527328 564759451 615474949 696236470 257404103 510852822 773723248 920777914 398620930 307412147 784614475 453953822 582974103 674765653 572754432 207375921 556964097 652713882 42982283 475290721 937857489 275355327 325650213 663854915 430964795 50148107 285566368 361427822 227330100 300874550 113974773 556919039 737100408 93491280 743558333 845933150 679246447 984913123 935280703 763412031 284456233 406563788 565270212 647072286 781949970 376174111 235036365 428314766 113567694 143734626 524723025 954702198 97580391 144369430 222652078 616047135 625831261 318428124 309175196 642929903 256427561 950301385 818968247 59850801 211996231 317801607 244833414 248663635 805691373 819364173 857064717 697972663 154148913 919712257 907972291 801020476 646586068 163931538 992103982 979432545 498076672 587432595 539950175 253208786 908868710 42200554 767904100 733201041 700553138 62848587 249981418 779222150 193938721 904311776 114831585 553029231 4854084 990218085 40817537 660552847 743414608 387992859 858946089 112604582 385624760 804210499 251145681 281237334 297022312 208229405 987474887 907174479 70174720 839615108 219509401 432759148 647400197 874478178 465818905 7811094 828292981 366258504 550007693 978221891 311056921 105021178 151643067 36610895 597385994 524743363 586524609 19141766 735392230 555338903 157498159 172386127 133302076 98759370 272895519 619078672 346460163 621454837 570807516 774341273 904229313 907012997 489747070 813082127 431100448 773900189 539289758 394752064 580019130 15138280 416658543 611103487 431036919 715503924 36016769 748294468 976224419 445662449 804911113 23821432 936214177 798964560 651976451 611700821 481708599 566937694 94669034 409666494 614749736 202684504 159997464 508936288 881499498 575198404 905939898 223968390 636596976 102536726 124876041 170229564 207548724 666612670 67838908 981590261 544457204 135247401 831216914 194550465 314017403 174562372 444050322 776751923 476650333 992262034 571532852 994516436 130953651 477529227 11173371 95836062 923399236 251404498 963482164 616551794 333868310 174714159 868866563 543336853 215687774 144599031 213267891 47854761 265626174 89007542 646268136 230998581 854892935 782123115 141493872 714809209 465746520 588387257 833797847 538981406 464327746 42508932 429242419 28331960 751949503 93441749 431130566 430954647 562542518 154906455 997119216 308588913 891666340 605304533 834470309 937645416 103680703 25303399 212216632 71470160 626499571 745036347 333444144 999045707 175092985 14267038 809683785 764993906 725834970 820995207 309683627 721516374 478642731 868332234 607509935 396408967 399327303 61006323 976069138 899756765 928183122 684585615 125565898 869990351 638922538 300614420 793077320 368793949 306903797 425095336 334931247 441188928 189106257 627109086 511374075 452592602 261699234 584767043 293001423 114693782 235698370 19882043 102910694 114397474 188179535 767063576 566747313 215993697 243447656 446832013 184233911 433605618 403765664 22616053 931255139 777433166 836781757 374427552 327971808 389851767 640825085 805508243 940123213 485819290 580875146 464354442 270103241 471537283 706223199 726388340 806648265 122531793 512345223 904337854 644145838 541244582 467119309 442683697 297312193 550636732 853700089 394064775 851642551 223445407 998913373 96532386 551444673 607509823 150238647 432746476 897229048 594253183 599682916 519266513 772007439 477617853 742522072 89968018 450181250 712903421 662341505 942040661 114870436 834027235 957913057 291083664 132716921 561081371 527956318 18250157 549437913 136630789 774161484 219725803 948370376 75271467 403195710 638277420 124202413 351690059 341567354 942106311 911322388 388936613 20834555 246181850 766386560 510749818 253380830 870162130 857325319 978110510 244523974 860491906 289924705 837810420 197313208 207336878 808375408 53394288 756776131 687280254 434653946 58134972 594724581 544785684 814633438 81948864 36427987 309442221 316463260 796213897 116283248 553527928 71335576 850710759 18823154 873238678 915162989 634343443 221295485 847099112 924903444 247186577 997601839 189815987 980872141 60254289 414722 992596133 625755495 374902590 275888586 418240270 933751591 866605265 661461259 612066642 929429691 949563021 539286471 403496396 684870447 525776628 951377854 155648962 652072746 283601963 739497963 693071527 292397158 214466784 854595550 299575266 701970918 616725951 567747122 18043721 673304208 809384347 559787366 434674768 312912211 469095396 829174238 177330994 347058013 428937937 100573204 28839037 405519742 196020570 974011115 78303573 749624194 575432665 820765752 251189665 763266111 272598196 668317850 831296745 531960386 686978869 43574859 108368868 682718995 711355465 279618311 740421043 24715060 741237980 95035005 416666311 613354614 975045672 730166142 944744757 892002493 27174079 331228916 241482902 759970033 845534961 314819101 902614501 429282405 429670618 986667095 212945404 393547026 811752902 329002111 334808630 392329057 909665568 813401507 568275572 464620767 799403510 982707468 340458315 129218186 566014075 805651035 177661816 927900946 611716742 659675856 687036323 628452847 664724899 687786209 785083826 408194237 891619494 228667058 512877488 755468498 738767673 598178928 81317569 379397227 248783835 998137014 674228742 626129823 562081 644150591 771929862 770304731 475711183 193661768 153110019 628675373 641768972 206992931 473219801 532657220 722128066 530094351 946633854 981552797 354086647 495567016 261577711 783593829 791136043 425510468 341050933 553116119 32356080 914812344 544919790 485302441 288043471 747929199 42584577 226009798 340952436 87207043 100258000 75426781 445538105 507527703 841733070 171414809 49780184 893630200 591453623 515533132 89690176 621857489 962366110 829710596 28097938 968315486 515198590 812909683 68004871 982962856 213007171 442182427 963031021 681141068 369115036 738198019 439967075 84888946 169262445 602572012 691573605 666189602 244729357 526784488 632510151 280429737 38813380 737133776 404908287 965256414 948458707 728969997 129061757 600037807 262606628 755824199 676279520 174114705 905936720 304003254 101064989 804353700 897641374 447978910 565925706 673660347 814155081 157520590 856897970 210161978 240641086 730077566 742931136 853579271 723363107 646922351 778265645 783652999 48854075 359342544 716479233 90515734 519453667 657668138 647531562 510720079 53607550 230502012 250123922 445125352 872877686 399225733 751960758 306604040 834334927 873958721 522542643 295902416 153736753 850307206 324650826 913061199 524680804 455933316 106755379 294487856 62734205 379993369 847084220 517588935 14206522 436622344 270108366 394459057 398874588 251229570 664602206 353417573 732488442 312754600 337892746 928959799 337317594 621669627 715404973 366114780 597012605 724851813 253016070 177886360 93727244 352169534 960459680 300252531 393385038 119305943 221523699 15445116 621181549 992425731 119420778 757012506 85671652 859213014 390251511 602798174 334260318 186658101 354693708 27224516 118791334 51901923 47871056 803393198 33953515 733853064 580189470 144412213 495745968 181844455 289975971 816995644 549805072 340887452 630350156 567304826 22432715 281518204 48823458 385270210 225912360 633326168 829509353 572021971 563684160 928466188 323287459 8133865 984603908 621693858 553847405 141663593 70398160 618493438 832097328 192385654 726122689 615141421 907522250 246631555 957208427 157940121 649087974 885477302 984520596 947609997 307493770 518955676 572455997 233075406 634015588 361540698 360532369 485612730 585019674 754061573 675912360 986045305 503613697 567283992 812560947 834612070 484420318 178191620 844428019 112777416 612951202 797950497 565102491 949989283 90747132 119442504 444331313 447814625 96949985 692187719 853616286 764192126 784135234 688501788 757228811 349612967 571037296 954595717 235698562 608739195 27174736 283933571 257720331 560182616 539334747 245242333 121692998 9018764 132298500 69882780 614250210 579109673 368075152 736105526 191935670 17804281 962917693 586687834 333054570 607403085 245885771 579815311 682323341 966648804 898050403 761713083 631394594 168862633 405730255 869635406 582482708 352682486 358980042 393778021 312063095 769313240 81259884 520581629 161953106 471430266 365347346 600486640 986810229 878534427 353883469 825542961 861274809 490778359 272345610 483757324 849521616 624314873 857521168 421117743 852411596 17716431 868945876 378134235 268735361 653744632 803108135 368600223 857772531 412617081 264640786 815299076 721230381 383189171 766753184 539879509 619163785 792652247 321182618 256140645 28498436 327179056 836811386 711497780 901043779 690591382 868961232 584920684 395654170 788350703 646179019 545980898 947166302 341161807 456624293 873372536 599283410 869936151 572021003 446249755 179251747 721763693 373222639 403006218 1022023 517932793 193558890 620049515 143142803 485324104 448249654 88983341 307481134 366252761 360517208 172013488 413948434 565128816 228178470 802773671 67266855 211553608 377411805 486796301 342257506 855413061 920284178 440509584 48655758 246548200 967306729 108710202 756815129 193884187 39986238 551195549 177220017 230312378 658763295 905873325 261556485 351725876 310503783 285558688 318367143 588924740 428825283 300563798 29991380 327812211 639960194 345028203 298349004 252386808 767032945 527512760 113836230 535454619 444115728 280904751 187757703 94057780 162306814 548442145 519888039 385948063 619509404 918314581 591778687 813689179 393390114 882885423 299745882 727212346 611552986 177802309 118508078 297605012 358814806 103141977 953147866 59015670 496335565 4824314 762259360 436242329 875247502 768524381 324960784 212376775 814991053 111791422 794623193 968309197 61667789 783495629 279192980 649076191 987430210 8504167 560811813 75541619 204557668 285046168 252175239 349348042 91775184 388492712 821831229 888794984 298930405 725916766 432783918 123877120 18309235 972168756 459212207 816265868 162850105 335044430 690630965 596070414 770178444 320404073 613876623 157992053 380263565 606705656 257785050 807875309 753208334 785447498 508049734 86255572 188567528 579856279 33777769 411670471 682952556 251464272 547407506 815641983 620070599 736989569 760165940 740206364 509452185 217797279 402701348 107050029 792746609 793523287 204880946 167818193 329230720 658629413 927575007 780316077 485326910 398751938 565712237 406171841 988815442 495708112 19485363 125023240 866074111 471647358 695979138 207015461 759708269 789603384 739148682 481713201 962067077 102121941 694133436 187540295 420664367 354493290 788890154 770760319 216357147 252663494 230404270 162905422 4066237 22458171 244622169 811539251 211173582 418242384 556312694 958818037 134581572 552640395 219916965 81039903 533427381 414156517 476106077 226891774 581794128 860644419 179318308 1904484 981627424 746426251 59508357 149493133 877089703 91043885 852215956 160775172 109458794 316239670 831080620 474167750 417297910 824433702 333036464 975695006 552056441 765625526 144334149 753778485 400613155 48735199 464788686 154283371 583475597 616576456 156096072 271857807 483513397 150861681 76354493 405159871 74481851 508321900 990395843 693784512 658306414 238863327 972120603 977839014 644217237 460422930 605693406 206710241 840993742 859427208 784258775 53328771 967237338 100472872 133910386 85577547 101332784 496811974 250312716 487220452 247618948 994888957 513906955 499860197 180820064 840578976 733469167 951978258 876501096 425273867 280106371 297685859 477222629 27305818 782806465 415949645 541553814 342845750 653611150 157896361 396944811 565763842 206564353 643425012 504753272 695552924 615573741 471553088 922689775 52050716 829343911 30190168 518035946 75709751 576610014 3718379 471466849 813728151 750436963 858923454 291857040 279268744 769467216 802566228 380582000 853702762 592810287 603841705 498060808 10553523 900857099 964649600 970071098 81937538 942903151 168992618 275000586 250172180 53689585 145219546 180745563 304318102 787244573 203511060 702067487 876108407 588113782 883086268 796970557 125534252 564461709 843641661 900961622 840574272 459176758 867197261 773721996 136573058 267744493 763488653 49871894 694127860 378151085 351067183 678151126 615037887 319754433 233516789 628800137 822538921 272730049 681136197 125033619 261196753 399584785 5177892 885846083 321948947 526897129 235251174 135620245 93813677 530487190 595195400 524716116 246426209 556829289 755268057 631561451 192763746 553504578 534986518 97353483 200037799 815200110 573915877 365079169 387743231 606246408 820048625 631706836 53250075 759603909 242768877 591313213 52548971 760533936 967754432 708310640 681491021 560339181 273755729 708577338 45158342 214369612 92819215 570734144 367994999 10989624 776879450 115971186 424080068 770286583 209837273 631766120 992896418 775879959 30633249 410986364 66651179 489724400 563204567 403772897 787145240 746072194 948711832 262457140 806560153 351277959 537448185 385330961 768546161 16995801 919197235 469563150 170498395 330183611 267665790 886095600 606282885 334653008 313800809 616907354 46879808 518481986 595049862 380733107 541711216 390549306 685155239 168610150 648633258 233515727 846830890 67731651 6347994 889995982 746364146 639088777 239381909 837671102 765907115 358626096 312047143 578227500 615119894 785325285 863420508 50882998 984056973 952050830 971187210 628566756 802247623 678615553 733249889 702456236 214650058 199828616 871537333 911265336 937179124 124881008 484767659 736179943 538226519 992028272 375668738 114134753 904391048 141057185 93876483 857396290 775299817 973961183 939081216 902772477 871458688 727813902 800589005 654193558 435502351 426850905 625421362 272563346 719464656 801453914 44047463 22293589 524169475 792428486 313920770 738075125 497386055 217403850 916854926 833383268 363949048 372905596 94478339 970543234 907905835 242839316 239951574 685905696 632574570 113208892 163553478 402114443 379012356 620557290 2970600 350487916 795801976 136440047 833956294 553406241 895767003 527044630 713048337 522435201 787051989 67240776 771040575 734436899 990826835 266195161 154110455 993282194 867126558 204863137 547431370 300959400 257392851 685517360 578912376 323901554 850766669 640889499 206881388 872284378 598492230 995737007 177957373 821652884 889662121 162480901 209872543 180760466 428419348 150989544 496520659 694896359 312179798 118622785 763110374 871815082 173256669 768983757 625873372 335012410 760931269 478032143 596983350 450024337 744077301 211043760 776427026 128614416 565229952 987568271 492400401 738117734 254349458 559993922 231891166 408805575 722765672 221713298 193481170 450807170 850528741 113797437 745154190 998004375 229715852 53120268 847396948 99310980 704899757 399858160 565900417 450949793 301927217 94117480 420369207 235664906 425286469 941256333 125498773 889038416 755518983 348884276 593949437 904205788 14864513 729423437 635309766 107640272 634752775 852117464 780209131 600082389 615201760 93994754 189926674 646285700 355772031 95407515 97220366 884762066 566411636 105069294 424803087 237306953 8730894 694525592 122513518 809985318 823665851 306143043 330241527 324386371 194347592 339784330 489506624 131893912 778453625 23832846 350957079 233867719 118923906 459822246 920485222 709712700 560935323 153406217 5974599 360394615 847721471 975687085 511290240 297371193 408048604 421562660 68679252 754934979 58861651 613983784 155869586 456805609 646840674 911693811 863425891 802820228 312304928 273133029 388631308 171008010 378807250 75650036 183515590 237892044 36390353 37350190 300566645 738362362 491463983 370832305 764829784 103763760 677441854 689379527 576642250 117641222 86139578 991008837 228168394 862579032 312575055 581705905 83093187 993961887 133984298 880716112 556869122 783084815 66721451 462698220 210540475 49684546 339225836 884612578 436942344 194144547 694687327 916245293 262716119
