19

10 35
1 3
6 1
8 3
9 4
5 8
2 6
2 3
5 4
1 7
4 3
7 3
1 8
5 0
8 9
9 1
6 7
7 5
6 8
8 2
7 4
5 2
0 1
4 6
4 0
6 0
6 3
4 2
3 9
6 9
7 0
7 2
9 0
9 7
0 3
2 9

15 90
6 5
13 9
14 4
13 5
1 7
1 0
3 10
3 7
1 9
7 0
3 9
4 6
6 14
7 14
3 4
14 13
7 6
6 13
12 4
12 14
4 0
9 10
8 1
5 7
12 9
13 11
1 11
13 8
5 1
7 12
12 2
8 3
7 4
11 0
7 11
12 10
10 2
4 2
0 6
5 11
8 5
14 3
8 9
14 11
10 11
10 13
12 13
14 8
11 3
10 1
5 12
14 9
9 7
4 10
0 10
10 5
10 14
3 12
11 6
13 2
8 7
13 7
8 12
4 9
8 4
12 6
1 6
5 3
0 13
2 6
9 0
3 1
14 0
6 10
9 11
5 14
7 2
8 2
2 11
12 11
14 2
0 8
5 0
13 4
13 3
5 9
9 2
2 0
1 12
1 13

25 100
6 7
1 2
8 24
21 17
5 17
22 6
19 10
6 14
4 15
11 15
3 18
6 10
14 5
19 20
8 0
11 19
2 22
23 21
5 6
10 23
5 19
8 18
23 22
21 8
20 11
8 19
15 2
1 9
11 24
19 24
8 6
1 23
18 12
18 17
19 23
3 19
9 18
6 2
13 20
5 2
7 4
14 3
0 14
4 20
23 16
19 15
21 19
22 5
0 5
2 12
3 1
12 14
18 24
12 7
12 10
1 14
18 22
8 12
18 4
1 20
5 15
11 1
20 0
1 6
20 6
1 16
14 15
9 17
4 21
9 20
4 12
0 4
24 22
18 13
14 9
19 1
23 17
5 24
20 10
11 16
18 15
13 23
23 8
4 19
4 3
15 12
23 18
7 8
8 1
5 21
17 1
7 20
2 0
16 9
7 14
23 9
7 2
14 21
14 24
13 3

40 600
22 30
4 2
19 0
25 39
24 11
8 27
10 12
13 8
11 0
7 34
26 22
1 8
30 19
2 32
26 6
24 29
21 13
36 22
29 28
1 14
9 11
20 38
24 2
38 22
30 39
38 32
4 22
2 3
10 34
5 34
30 33
29 23
16 1
22 18
18 3
0 25
20 13
4 14
38 30
5 28
4 7
2 14
31 20
37 25
38 39
6 22
14 21
33 39
1 13
16 8
33 3
26 16
14 19
27 39
29 0
28 33
0 37
11 38
4 16
15 39
0 33
31 38
4 30
31 4
20 2
36 25
27 15
1 12
9 26
12 3
23 31
1 37
28 12
25 8
15 7
8 6
21 0
17 20
36 15
7 27
33 19
32 16
10 25
35 7
29 21
39 22
7 25
6 27
7 24
16 6
26 17
2 17
16 33
17 12
36 29
12 29
7 23
31 10
37 24
38 28
21 39
35 12
25 6
35 6
17 1
10 8
21 26
5 32
32 21
23 10
23 11
2 6
4 19
33 18
9 0
18 32
30 3
16 22
29 25
34 11
18 10
27 19
10 4
37 14
38 16
35 26
27 0
34 36
35 28
13 3
1 19
34 20
37 32
29 22
20 3
32 35
33 1
0 39
1 25
24 3
22 13
17 0
3 1
8 0
10 35
11 16
15 37
7 2
35 4
6 31
6 12
39 24
12 4
6 18
9 20
12 15
34 28
11 20
9 35
0 18
36 19
11 27
5 21
32 17
0 30
39 3
11 26
37 34
13 37
24 26
2 39
5 36
13 29
32 13
20 8
20 37
10 6
13 16
3 0
34 9
10 14
28 17
23 37
12 34
38 19
9 37
11 37
27 4
30 25
35 15
19 17
5 9
3 17
32 20
9 4
37 18
24 10
39 5
36 39
15 34
15 14
15 11
9 33
12 22
31 24
31 17
30 20
7 39
29 32
32 0
29 26
28 32
17 15
28 7
9 38
11 2
17 25
30 24
11 17
36 17
29 1
1 2
36 23
36 26
9 39
21 11
26 39
13 7
0 28
13 36
8 4
0 7
21 17
34 1
0 13
9 22
21 2
17 27
20 26
20 22
0 20
25 14
36 2
14 18
20 35
18 26
37 3
14 32
37 5
12 9
8 30
21 4
8 7
37 39
21 3
26 4
15 38
4 32
15 26
1 18
11 30
39 18
38 23
28 23
14 29
8 35
0 23
12 14
31 21
2 35
36 3
22 32
13 38
18 4
35 36
11 14
15 19
29 15
2 15
37 12
3 34
20 14
29 4
20 39
32 12
16 36
13 30
31 30
7 26
30 15
8 33
19 3
32 30
23 30
23 2
12 13
31 18
34 22
13 33
8 31
29 19
37 16
29 31
24 6
37 22
14 36
19 16
32 23
9 16
25 28
18 21
18 36
5 24
1 35
10 13
24 28
20 29
16 3
30 14
8 26
20 28
14 22
28 13
25 27
36 21
2 28
38 6
38 1
13 31
13 14
12 36
5 35
30 12
11 31
35 23
1 11
19 18
25 13
34 33
3 15
19 13
15 5
5 29
32 10
0 1
31 14
27 29
21 20
3 14
5 11
2 26
6 19
16 18
39 4
17 37
32 27
15 23
10 11
29 37
26 13
37 19
27 38
2 37
27 2
20 7
18 12
31 25
26 12
16 27
23 14
34 8
13 17
14 8
37 30
0 10
35 21
15 21
31 19
2 34
29 16
7 37
28 4
15 25
13 39
18 27
18 25
22 7
8 36
6 20
32 34
23 17
5 8
4 3
18 35
25 35
3 9
19 35
23 19
4 23
29 39
25 26
0 14
9 18
7 30
28 22
28 26
7 33
12 19
11 28
14 17
32 39
31 27
36 27
18 15
29 38
36 38
23 12
19 34
26 3
28 36
14 27
28 15
20 25
10 36
10 17
16 0
22 0
38 4
11 22
32 8
35 13
11 18
26 32
6 39
33 23
33 36
16 12
23 20
17 18
14 33
1 15
5 38
34 13
30 34
31 16
25 3
8 21
22 3
0 34
24 18
9 17
6 34
35 0
18 13
30 9
4 24
1 36
33 37
12 31
19 39
14 6
23 16
11 4
9 13
9 21
11 6
24 20
1 22
29 3
29 9
26 1
19 20
24 21
25 19
27 30
5 16
19 24
22 25
25 32
35 38
4 13
5 26
15 32
35 3
32 9
15 16
2 12
19 21
9 1
3 7
23 22
11 13
17 30
26 27
23 3
38 8
16 21
9 28
29 35
15 24
7 38
2 19
33 24
38 33
31 28
10 26
8 12
37 21
35 33
15 8
15 0
3 10
10 30
22 15
5 14
18 29
20 18
7 5
39 34
30 28
26 0
28 6
5 19
33 21
24 9
15 6
33 15
17 7
15 9
24 27
34 21
27 22
11 25
13 27
37 36
19 11
15 20
39 35
22 10
17 8
10 15
39 12
29 34
10 29
1 39
2 10
2 22
29 11
39 8
37 6
1 7
7 10
34 18
20 5
31 35
4 17
2 8
39 31
19 22
24 17
7 36
30 26
26 38
24 14
12 24
32 36
5 3
8 29
31 15
26 19
35 11
34 17
1 4
26 14
16 39
25 4
28 21
2 13
33 2
1 28
2 31
7 29
36 20
0 31
21 25
38 18
29 30
6 36
13 23
38 17
10 39
33 11
14 34
14 39
23 34
37 27
10 33
25 12
33 4
31 22

50 100
5 45
40 35
12 22
17 39
3 44
42 18
30 8
33 8
19 31
45 7
31 42
10 12
0 32
37 23
10 18
47 41
6 38
39 41
27 42
41 14
34 44
10 34
49 37
31 33
27 44
35 46
38 29
37 44
19 34
20 36
13 5
0 20
24 40
7 48
44 14
49 20
39 18
29 33
1 12
45 17
14 2
40 23
12 44
33 18
19 0
25 15
25 6
48 43
15 21
4 7
5 34
19 18
3 48
17 22
22 6
15 36
48 31
36 35
28 45
12 25
17 14
21 23
26 49
38 33
11 22
24 7
25 32
45 24
27 1
21 3
36 25
3 17
13 6
1 22
13 7
28 35
46 29
29 12
32 39
5 4
1 38
36 28
47 18
24 32
26 23
23 45
46 33
4 38
2 47
29 8
47 46
6 29
4 15
30 19
10 35
39 3
37 8
45 42
16 2
0 15

50 100
31 26
1 20
36 37
4 45
35 43
44 38
15 35
47 9
2 21
32 23
30 24
24 40
41 13
23 17
12 2
46 1
18 16
21 46
34 10
3 47
31 18
19 33
15 48
42 12
21 36
13 7
6 29
24 4
41 47
2 11
41 22
12 14
38 26
5 29
28 41
17 35
6 45
37 13
2 7
38 43
34 8
26 36
19 21
18 38
36 20
46 28
49 46
34 30
25 44
47 11
31 46
29 33
31 41
28 3
17 45
7 28
38 20
19 10
12 36
4 21
1 31
38 21
37 24
17 40
15 18
49 33
6 31
21 1
49 43
4 1
13 40
20 0
26 27
34 1
38 42
28 18
32 14
27 13
20 7
9 44
40 30
0 19
29 39
22 34
35 32
1 27
20 5
34 15
20 2
26 34
35 20
8 28
16 48
12 11
44 0
42 32
13 36
37 14
13 18
41 45

50 1000
24 1
12 31
9 18
17 19
30 48
45 44
48 42
0 40
5 4
46 42
1 43
21 27
33 13
37 25
37 45
0 15
43 31
5 34
34 43
1 34
4 45
29 44
43 45
29 36
1 48
49 20
12 36
46 16
19 18
37 47
23 17
43 17
7 16
35 42
46 4
47 4
22 15
29 20
15 2
10 28
28 6
39 49
14 23
4 27
30 8
15 33
45 41
23 24
2 46
6 20
31 14
9 40
46 27
8 35
34 26
0 16
22 41
39 29
6 25
10 33
5 0
14 47
32 36
46 8
48 18
20 18
39 28
41 35
37 11
12 18
28 48
46 48
43 48
29 40
39 2
17 26
39 34
40 2
34 49
32 23
23 0
19 14
21 44
38 36
16 28
39 45
45 16
39 7
6 23
20 44
9 7
15 11
5 32
15 37
16 33
5 35
11 49
41 14
41 48
7 20
24 14
46 0
32 38
36 44
1 40
42 4
31 13
43 16
25 26
44 35
35 20
3 24
43 32
45 42
15 21
1 12
9 19
14 48
10 18
30 3
37 42
44 3
35 18
8 18
16 22
37 33
3 28
26 21
4 2
20 43
8 25
3 6
33 35
21 1
0 35
39 25
29 19
34 27
21 38
3 27
7 6
15 14
6 27
6 21
31 42
23 18
42 1
12 0
37 43
19 11
40 32
10 49
2 17
48 44
29 45
38 6
25 44
46 39
45 24
15 17
37 27
25 28
38 11
24 43
46 7
11 39
25 46
7 15
35 19
0 22
16 48
21 30
19 21
37 30
36 43
12 8
30 34
45 47
22 45
41 36
29 33
32 6
25 48
13 11
13 12
42 30
48 40
21 18
15 30
24 29
27 15
29 21
42 41
28 47
3 40
37 28
22 14
21 41
49 19
7 22
17 27
11 45
22 34
25 3
7 2
15 5
47 22
5 10
46 34
47 20
12 40
47 6
11 34
47 0
24 19
3 17
24 17
27 47
33 21
40 7
43 6
43 41
26 9
23 9
13 30
30 7
13 37
37 10
32 4
27 23
34 25
30 46
43 23
8 11
31 20
31 26
45 25
47 21
9 48
47 29
46 38
28 0
49 12
31 36
22 31
5 45
31 38
35 25
12 44
17 13
15 12
35 11
6 30
38 44
31 21
38 48
42 8
42 12
46 23
38 28
26 12
37 44
36 17
11 17
14 46
2 20
10 32
4 34
26 35
16 39
28 34
44 30
32 35
25 1
13 23
5 16
3 16
6 44
44 43
22 29
31 46
27 18
35 39
34 16
21 22
5 29
43 25
43 15
42 36
39 31
49 1
45 7
38 12
22 44
4 43
11 44
41 26
21 34
49 4
17 42
31 33
46 33
2 14
2 22
13 0
32 21
5 41
31 49
5 17
14 4
33 42
26 18
35 1
41 20
10 30
32 11
22 32
2 1
2 27
34 37
31 24
16 15
47 3
20 19
18 47
34 31
0 41
4 28
27 7
6 35
3 18
36 16
3 2
29 32
43 7
49 26
49 5
24 41
23 10
28 31
0 37
10 1
26 11
36 3
38 43
40 10
34 38
11 20
13 35
6 31
43 22
29 46
17 34
40 25
13 2
29 7
0 17
24 25
30 39
19 48
27 32
2 35
29 13
11 40
16 17
5 23
19 3
46 3
46 12
47 9
41 47
31 8
9 29
31 2
45 49
5 18
42 29
0 26
46 45
0 44
33 2
5 25
18 40
25 10
25 36
3 22
25 15
28 8
10 0
9 21
16 1
44 8
23 15
46 9
48 36
17 14
0 7
28 29
28 41
38 20
3 5
17 28
32 15
15 48
14 29
37 36
44 10
12 16
0 36
23 48
9 17
38 27
42 22
49 40
12 32
46 18
45 19
37 18
26 20
4 41
12 3
14 0
32 2
18 43
19 44
26 3
48 47
30 35
32 20
14 11
33 3
41 3
40 15
0 24
25 38
12 9
18 17
49 42
9 30
43 11
6 45
21 11
15 9
43 30
42 21
30 16
24 27
33 32
1 18
2 19
38 10
38 24
26 22
3 31
16 42
32 13
34 48
46 47
1 33
29 49
16 32
46 19
20 36
9 25
38 35
2 45
2 44
5 24
16 21
30 14
46 20
12 37
33 19
34 44
39 13
35 16
28 19
45 28
15 10
34 15
49 0
12 25
38 4
12 7
10 11
39 27
39 24
14 40
13 15
44 47
19 47
39 4
38 15
28 49
26 47
31 40
46 10
40 6
18 11
29 6
17 31
36 9
1 15
23 40
28 18
48 13
48 31
33 39
10 42
16 24
6 48
9 24
7 38
18 7
9 39
35 24
36 7
44 16
3 8
25 49
22 28
14 36
10 48
1 31
42 3
25 16
48 49
48 37
48 29
3 15
42 15
41 32
10 14
9 11
8 15
28 12
23 33
18 15
22 18
2 12
26 19
28 7
34 13
0 45
40 27
30 36
47 36
49 13
26 28
35 14
44 17
42 39
5 28
5 2
40 41
16 37
21 17
45 18
29 18
21 46
49 43
5 43
32 0
19 30
33 44
24 4
4 22
9 44
31 10
27 49
7 11
22 48
14 25
40 37
18 44
39 12
24 11
7 17
44 31
18 32
5 6
0 6
26 45
11 0
44 39
34 29
33 28
46 35
23 28
35 49
24 40
1 29
2 16
12 47
33 0
26 16
1 9
32 49
14 13
40 22
11 5
36 24
3 14
47 7
4 17
7 25
9 45
13 25
18 41
13 1
5 9
45 10
9 6
10 6
27 8
1 8
20 45
25 0
47 24
41 37
27 31
27 28
7 24
47 33
19 39
32 24
2 47
47 31
13 19
27 1
24 18
4 12
40 16
42 5
16 14
48 11
43 14
40 35
27 19
47 42
43 10
14 27
36 28
26 24
41 6
8 37
25 2
46 22
17 25
5 36
9 42
11 36
26 43
13 8
39 21
40 46
21 49
12 23
49 8
32 26
32 47
13 9
5 47
14 37
31 7
18 38
38 0
40 39
19 40
21 35
48 7
44 32
49 46
15 24
33 41
49 9
46 6
40 36
27 20
46 44
38 49
35 22
18 0
27 25
20 22
21 12
48 21
12 14
27 22
42 40
44 5
4 25
23 35
36 45
6 24
23 36
30 0
0 43
28 14
12 19
24 46
29 37
29 27
36 22
0 27
10 17
18 33
22 10
7 32
41 34
31 32
1 46
38 9
43 29
30 4
44 26
7 33
9 16
27 16
20 9
31 19
36 39
47 13
12 30
17 32
28 46
18 2
2 23
11 23
24 48
38 22
13 27
23 8
49 6
17 48
24 49
16 20
17 30
39 17
35 9
6 26
32 39
1 6
12 24
29 0
16 23
11 47
49 36
35 28
8 2
8 17
41 39
44 41
45 32
7 19
5 48
12 20
48 33
15 4
33 20
45 17
8 36
4 40
34 9
14 7
22 12
43 3
7 42
16 6
4 23
48 32
30 47
23 47
2 49
18 4
4 16
44 49
5 8
5 7
18 13
33 36
45 34
10 36
1 3
1 37
40 43
41 25
30 49
20 30
9 3
4 19
28 32
31 16
29 31
7 4
29 38
16 8
39 6
29 35
41 8
28 21
34 12
12 17
19 0
4 33
15 36
23 42
34 35
0 9
45 30
35 36
41 11
45 1
42 44
11 30
32 46
35 27
26 8
40 28
41 19
38 16
18 31
39 5
22 11
35 17
20 39
37 3
18 34
38 47
13 20
45 38
24 30
41 27
26 46
5 37
23 21
35 15
3 38
35 43
31 0
1 28
46 36
25 33
39 1
16 10
1 32
22 9
41 7
49 17
15 6
21 36
28 2
39 3
18 6
13 21
9 8
23 3
17 47
36 27
42 19
47 25
8 19
16 19
4 35
1 20
9 37
4 8
40 20
3 35
41 30
47 40
10 29
47 39
30 28
6 2
32 42
42 20
42 25
20 3
15 44
25 21
14 9
5 46
30 5
19 15
12 35
36 34
2 9
9 10
11 16
19 5
23 39
11 6
2 11
1 47
17 1
39 18
2 10
8 10
37 49
5 38
8 14
48 0
38 8
30 18
13 36
29 41
47 15
5 1
19 34
7 13
49 14
4 1
10 12
46 41
20 37
8 47
39 8
20 28
10 47
32 37
45 12
32 14
14 1
37 26
20 23
24 42
38 19
17 6
10 27
20 25
35 48
33 11
15 39
29 16
17 41
40 5
34 20
22 13
29 8
47 35
26 10
19 37
23 34
0 3
22 49
48 39
21 0
14 34
6 34
16 49
43 2
25 32
32 9
23 49
38 42
40 30
42 13
2 37
7 26
3 11
1 38
23 44
45 48
33 40
35 45
42 43
29 30
17 46
1 0
14 26
45 23
15 41
7 8
31 11
14 38
30 26
26 15
4 26
3 21
23 1
7 10
37 7
23 38
19 43
36 18
25 29
33 8
30 38
21 45
20 24
49 47
19 10
37 39
46 43
0 39
21 20
11 29
23 22
37 35

50 500
46 18
22 10
44 29
28 3
21 42
6 20
19 27
30 0
12 13
47 40
28 23
32 14
4 46
8 10
38 49
14 30
28 13
35 17
13 48
14 2
43 45
20 12
12 37
38 43
48 46
32 40
47 6
31 46
2 38
32 26
42 38
45 1
46 41
16 33
24 11
26 31
31 32
19 5
32 21
29 34
8 39
33 6
45 34
34 36
1 39
31 27
25 12
24 4
19 37
9 22
41 43
37 7
22 31
9 45
9 32
36 16
5 44
36 0
27 0
17 49
22 36
32 44
8 13
1 34
9 47
42 25
42 40
40 15
13 7
40 27
43 7
24 9
25 30
19 17
26 2
38 32
19 36
12 27
48 44
11 25
14 25
22 3
38 35
3 37
35 27
6 22
29 4
38 17
25 34
40 30
0 34
30 45
38 26
34 22
17 41
20 8
29 41
19 30
19 42
1 17
23 21
5 23
34 39
11 10
6 40
17 30
38 14
31 10
1 41
15 5
41 32
32 48
23 3
39 13
39 9
48 36
0 19
12 48
17 18
5 1
23 49
40 16
2 31
33 42
4 2
36 14
0 33
49 24
46 45
37 35
0 12
2 11
1 42
1 48
0 37
27 36
30 37
16 35
36 17
19 21
7 46
42 28
29 32
15 41
41 22
9 12
48 4
22 18
39 3
22 24
39 23
15 7
28 45
8 29
8 46
41 33
8 35
2 37
0 9
16 1
23 36
48 11
21 31
39 25
39 49
45 42
6 44
46 24
23 24
18 23
28 21
3 30
14 12
27 41
47 43
25 20
37 13
5 2
40 48
33 21
0 39
18 30
47 49
28 33
2 22
11 45
47 13
32 11
43 11
45 33
13 40
16 26
36 31
21 11
31 25
33 39
3 9
48 31
48 0
7 14
18 20
33 1
29 26
31 24
38 30
41 47
27 38
23 48
14 29
8 22
34 6
41 31
13 18
3 40
35 12
11 38
14 31
38 45
28 19
9 13
10 13
4 43
0 22
12 36
4 35
2 21
11 15
0 8
39 11
21 8
17 0
33 18
26 45
20 2
25 45
39 5
35 20
2 29
11 30
15 10
22 33
41 5
33 48
23 17
22 23
2 19
22 19
10 46
11 47
26 28
34 15
16 4
33 47
26 44
1 24
29 33
2 23
40 17
2 0
27 14
7 42
27 44
31 8
29 21
31 40
48 29
37 36
34 16
10 36
9 28
42 6
37 29
7 48
12 29
41 23
25 5
8 12
22 11
41 13
30 6
48 9
19 43
0 5
5 17
29 49
38 23
39 37
21 30
41 4
28 8
6 26
47 30
20 46
0 13
42 46
24 13
0 6
48 8
47 16
30 2
35 13
3 41
37 24
24 29
36 5
19 20
6 27
6 5
12 40
20 42
48 14
6 15
11 42
3 46
13 38
2 15
6 1
41 35
2 16
5 49
42 48
10 33
38 34
23 20
14 33
37 16
47 4
43 40
6 12
34 31
2 48
27 5
7 1
10 49
39 29
33 17
30 4
25 29
49 35
1 21
28 12
27 24
26 10
11 5
7 9
27 47
22 42
21 25
27 13
25 6
7 4
40 38
48 10
19 32
31 7
25 13
46 35
5 31
12 32
22 45
4 45
45 47
25 19
26 1
11 14
3 47
25 9
46 13
14 8
20 49
1 8
20 28
14 47
28 43
20 37
1 14
42 9
0 44
5 26
34 30
47 35
7 3
15 49
35 2
17 42
26 43
15 17
36 4
42 24
39 16
29 13
49 36
35 42
39 7
15 20
6 7
24 26
16 15
14 16
14 35
35 24
5 9
11 36
44 43
29 38
37 23
25 40
15 36
48 28
5 34
47 20
23 10
0 40
45 20
28 27
42 16
28 18
1 4
16 38
20 33
42 49
11 0
2 7
16 22
20 29
17 29
22 39
1 10
6 2
27 4
5 47
33 49
12 10
4 44
25 41
24 36
2 17
48 6
27 45
36 6
42 47
8 9
4 40
0 20
14 45
40 22
28 46
41 30
49 30
13 44
4 26
27 46
12 18
26 15
46 1
5 21
3 26
30 43
38 4
31 16
46 16
40 21
41 0
7 22
21 41
39 6
2 33
26 7
12 38
0 35
36 7
3 13
20 3
22 12
28 38
42 39
32 5
7 8
20 40
29 45
12 33
12 42
10 30
30 7
7 20
14 6
0 38
32 39
37 42
19 41
22 15
8 6
19 13
2 47
44 24
41 45
46 19
7 18
8 11
13 20

300 1500
14 291
115 173
244 55
271 128
130 162
214 186
157 278
108 231
58 32
147 136
30 157
33 289
14 107
157 201
116 250
193 297
112 210
17 86
272 28
115 88
157 188
193 87
171 189
143 251
212 155
278 113
33 151
293 122
264 89
16 237
217 193
295 171
220 118
21 116
75 81
246 66
133 183
81 17
269 256
29 72
76 142
47 183
44 265
284 96
126 271
44 25
231 74
276 13
71 50
176 296
95 24
298 170
201 167
275 166
14 298
61 240
125 232
200 7
227 52
145 49
19 199
220 171
260 170
69 164
260 86
202 228
189 49
291 57
109 190
131 271
273 183
19 70
118 19
14 146
292 63
182 157
153 171
250 122
70 173
119 264
7 76
217 244
147 132
147 9
122 96
173 220
26 284
238 87
131 95
231 13
289 184
267 265
215 287
128 210
16 116
199 130
193 183
94 252
291 23
75 264
211 218
64 216
91 61
261 262
183 186
130 44
203 157
232 249
227 209
157 166
256 229
103 165
100 120
175 173
12 140
153 95
91 38
31 203
48 57
107 22
214 277
112 54
148 61
215 195
103 60
246 159
248 105
122 178
184 239
255 175
240 132
101 95
188 123
231 254
9 279
209 219
53 246
32 237
275 277
55 4
168 104
258 72
170 235
51 141
8 55
264 133
52 232
196 103
145 230
212 193
40 72
264 246
293 15
280 218
143 186
67 76
150 162
35 138
127 215
96 228
270 19
220 12
52 17
196 1
52 174
190 123
268 56
267 281
198 48
72 20
142 21
146 43
15 155
90 54
222 217
235 274
154 98
214 32
218 299
57 98
266 43
99 39
240 9
41 169
48 119
15 147
199 70
16 86
58 60
255 27
254 144
264 165
160 79
220 223
291 233
54 267
224 57
280 198
109 290
58 3
79 81
124 98
81 6
257 297
85 44
202 45
63 17
134 165
200 213
241 235
273 110
16 236
246 214
268 194
37 45
0 167
183 8
125 128
92 243
41 189
140 34
94 134
158 106
185 187
235 182
154 285
196 110
107 218
299 148
174 162
134 32
175 16
62 188
199 252
297 284
115 87
111 60
259 190
233 102
60 289
100 22
290 130
64 73
135 244
132 78
279 108
173 266
123 88
272 18
148 262
170 197
85 86
146 252
283 67
233 261
112 104
240 296
171 121
214 111
168 149
298 254
252 103
270 177
24 120
131 205
200 226
266 246
190 130
222 299
230 61
124 222
135 277
218 182
265 89
108 180
182 204
269 244
204 291
267 137
218 225
228 38
246 290
279 58
241 106
62 83
145 255
205 243
249 138
32 84
28 279
239 59
36 170
98 84
287 232
133 227
268 245
91 150
48 53
110 79
158 246
56 248
245 237
6 214
240 186
240 112
135 31
240 268
3 275
224 107
108 65
0 178
81 118
275 142
47 231
219 137
298 183
279 12
13 279
187 280
100 197
29 39
267 109
68 298
288 217
131 49
32 28
57 100
106 110
192 295
175 151
293 67
269 99
246 48
53 260
25 133
218 59
241 244
42 71
116 233
259 237
49 40
152 132
108 40
62 155
172 41
87 156
43 53
5 32
13 143
259 27
58 182
77 253
98 208
167 262
87 77
235 162
22 172
37 89
234 188
52 296
155 202
223 153
48 101
258 213
73 139
54 175
291 123
160 26
298 89
24 136
62 74
194 218
292 251
200 242
88 194
156 83
157 22
99 170
192 189
153 54
132 20
146 123
64 291
89 148
123 3
189 174
227 262
267 128
54 194
244 97
282 263
144 239
144 22
181 299
192 85
15 124
235 229
51 71
104 102
252 59
289 56
2 64
179 2
54 268
108 17
267 162
263 28
52 176
267 132
134 90
62 204
40 178
272 131
216 50
205 86
294 257
147 291
165 292
245 63
283 252
129 262
144 176
220 278
150 112
183 33
164 105
255 78
147 26
252 60
184 264
140 162
91 212
168 169
263 116
105 249
150 39
130 214
103 161
38 115
156 45
18 209
54 232
97 21
286 126
295 241
233 67
216 41
20 86
273 165
111 205
78 15
94 64
167 256
105 273
28 61
199 188
116 85
41 155
74 81
223 75
132 28
228 296
67 98
156 277
128 99
261 200
85 284
296 294
188 219
262 126
186 78
213 144
256 19
165 74
220 110
140 160
254 107
75 267
181 126
225 2
169 60
290 189
64 152
126 29
294 254
90 149
256 63
45 123
206 202
180 53
50 291
231 4
167 170
170 196
97 15
54 264
104 283
94 11
169 48
44 105
129 238
221 145
16 8
106 193
115 71
15 90
38 69
80 104
190 174
133 242
223 47
266 175
279 114
133 74
43 213
137 239
72 266
91 282
273 10
261 74
176 71
143 66
138 6
35 15
238 270
0 198
114 7
213 250
280 171
181 140
90 212
97 199
175 115
1 37
141 39
103 200
117 289
5 165
205 30
32 68
153 169
70 90
113 97
262 100
133 119
131 37
56 158
254 179
168 294
131 159
217 161
176 89
92 269
238 265
193 240
178 253
90 195
19 32
172 67
142 73
154 203
66 142
233 28
242 237
51 123
145 95
4 206
48 157
134 281
116 81
92 206
7 140
154 19
159 152
232 162
162 3
22 170
231 142
196 94
72 140
288 290
67 249
200 290
6 59
143 299
5 287
99 270
92 22
251 87
282 38
287 268
198 241
182 265
75 235
57 217
109 74
186 181
242 257
291 105
160 80
253 264
186 40
5 104
175 145
45 139
248 266
47 246
254 55
67 99
175 77
110 230
133 112
75 78
235 57
21 149
18 149
284 128
150 16
84 295
145 9
217 34
214 147
2 26
200 5
56 200
282 121
143 67
231 9
76 61
93 109
178 196
9 195
250 238
156 86
260 257
102 168
138 78
81 136
221 36
84 42
82 271
221 171
122 148
254 274
47 182
78 32
16 270
123 178
106 89
59 216
207 105
141 211
31 121
174 32
119 229
226 265
14 124
257 114
151 54
193 202
76 278
158 287
232 128
113 212
231 288
82 293
241 32
131 39
94 155
227 20
174 90
297 198
268 207
221 44
109 148
134 46
79 258
157 110
12 2
7 154
126 257
139 190
165 42
110 198
88 163
67 28
283 274
135 21
294 267
200 46
62 186
184 30
129 295
262 61
283 239
156 65
262 279
264 168
256 7
185 71
112 110
218 155
145 179
145 209
141 239
284 246
247 127
33 168
222 250
3 214
268 106
80 242
63 169
252 295
165 185
89 98
15 209
256 6
289 133
54 205
174 93
21 2
84 297
74 17
295 37
4 178
174 27
126 70
296 78
246 55
170 184
64 134
161 9
3 19
279 291
165 113
97 40
35 173
189 291
253 58
9 165
276 262
134 154
181 38
47 21
245 152
211 210
267 28
154 77
26 252
49 21
12 43
85 281
270 264
155 21
128 195
115 211
37 154
29 75
193 85
181 286
181 73
250 120
283 30
250 178
233 246
297 2
15 194
15 259
83 195
3 157
37 242
277 131
11 177
282 199
157 95
98 271
237 218
104 105
112 228
38 96
297 129
149 63
176 166
284 113
115 27
242 157
97 261
268 254
275 171
142 174
155 276
144 286
128 155
292 49
92 125
34 193
180 130
35 90
139 290
149 125
57 153
191 214
258 159
105 49
161 298
156 223
226 7
30 207
130 219
298 1
96 216
96 157
295 180
46 295
122 158
268 257
85 221
89 241
43 199
26 158
209 48
49 17
296 140
224 207
46 160
169 88
44 110
286 92
43 62
263 64
92 133
261 241
45 267
36 289
255 90
208 242
146 139
244 290
17 207
198 215
95 202
177 130
162 105
33 171
66 82
122 208
1 152
255 264
0 169
154 151
233 110
24 259
253 288
272 132
154 149
34 131
196 256
7 43
244 149
109 169
134 204
204 68
247 15
176 266
77 10
135 173
156 181
183 172
52 15
121 27
257 66
40 125
113 248
3 192
220 179
104 202
77 128
232 294
66 55
293 44
178 28
2 20
179 174
293 132
43 193
20 170
248 145
104 164
34 133
112 103
129 128
264 169
195 31
22 266
194 39
77 124
267 253
275 102
135 93
150 234
57 294
201 50
189 184
84 77
156 36
198 33
217 200
266 239
196 174
144 148
290 88
89 95
125 6
214 115
33 272
126 104
124 239
134 192
67 246
157 194
68 265
98 195
65 1
43 97
130 96
21 199
195 244
227 79
138 178
203 268
296 188
2 214
203 176
142 6
106 51
9 36
116 152
226 130
121 290
69 258
29 285
125 104
43 284
157 104
251 266
180 54
152 119
110 289
247 113
68 200
28 191
246 236
283 213
112 17
91 175
66 269
178 147
259 217
61 159
238 68
9 30
146 223
238 253
180 269
238 181
218 113
200 230
285 141
30 10
70 240
189 265
25 165
117 213
111 47
165 70
96 55
68 230
129 244
10 128
287 261
90 17
285 90
120 101
121 212
191 86
207 109
30 203
182 121
179 94
47 170
226 102
84 270
30 185
209 255
91 262
218 289
247 252
245 284
183 163
32 146
39 227
186 108
15 175
63 284
122 216
291 20
237 25
42 274
210 121
294 197
69 209
243 270
242 132
221 185
83 21
6 262
7 73
99 216
260 13
149 271
152 298
94 20
57 131
81 201
109 79
156 224
82 97
265 237
256 54
144 49
0 177
206 204
13 141
296 31
261 169
38 145
278 259
69 215
211 293
295 209
250 83
30 277
151 184
236 218
259 9
126 74
286 35
119 22
181 8
226 289
173 90
194 246
56 10
173 76
278 142
130 128
263 67
137 221
90 83
11 277
220 49
68 133
274 68
94 258
137 26
71 13
28 115
99 217
110 5
60 242
18 134
115 119
8 46
75 243
133 266
69 82
32 249
152 181
294 275
193 271
285 82
78 133
167 111
87 29
74 201
260 236
49 26
245 140
62 270
50 87
21 271
39 137
193 57
250 132
33 206
9 31
80 204
90 196
127 49
219 178
139 42
3 22
119 241
254 253
210 14
196 96
105 161
134 251
67 56
292 4
240 189
92 52
193 278
219 106
168 259
103 43
70 223
42 111
250 94
43 192
103 134
80 129
290 53
227 31
67 237
142 60
176 82
272 148
193 95
100 281
130 299
212 147
180 271
298 277
258 117
18 174
19 162
204 128
226 56
21 42
170 168
92 209
297 299
186 98
108 76
122 74
14 126
103 254
83 119
291 113
86 261
117 107
294 117
221 56
279 141
157 292
212 21
3 231
99 172
226 0
4 212
45 146
185 192
51 34
64 81
250 166
143 126
189 57
213 271
5 230
217 149
142 39
57 222
130 186
127 225
127 76
185 47
67 199
125 91
156 186
240 56
25 112
241 158
261 257
68 215
103 89
31 196
120 36
115 151
222 260
204 170
232 149
265 145
252 51
177 73
252 58
194 52
132 31
264 36
202 102
173 48
183 127
119 20
43 83
290 239
198 105
123 47
86 45
297 151
64 79
152 111
190 278
21 197
233 226
196 171
183 241
277 53
213 188
268 68
68 127
156 73
187 100
28 42
232 216
299 194
143 64
298 11
159 119
121 226
184 201
59 131
100 126
287 283
143 50
220 2
269 217
77 58
155 104
152 58
100 245
190 213
46 154
170 83
90 104
225 229
147 31
54 182
59 91
132 83
213 30
3 130
221 251
131 146
264 21
80 103
216 200
63 207
51 294
209 190
42 91
239 240
108 132
122 131
250 77
212 146
39 18
121 193
173 225
184 281
89 6
222 138
231 149
269 245
206 248
92 42
285 91
33 71
110 48
54 152
20 40
23 184
143 117
79 231
291 120
156 80
22 32
19 31
212 172
73 282
183 264
63 241
46 228
165 66
22 244
166 24
52 255
256 266
267 288
191 103
273 67
9 288
260 171
197 20
258 32
212 62
114 138
57 117
37 229
128 165
203 262
32 39
131 270
225 75
43 167
70 30
77 226
227 144
111 209
111 192
241 182
238 278
146 167
215 53
12 265
296 230
152 20
240 53
204 61
33 11
282 94
136 56
234 38
273 59
139 27
87 286
199 214
72 33
65 182
2 71
116 239
201 248
275 131
91 32
79 82
194 66
34 106
167 108
9 282
262 92
27 297
192 281
238 71
210 76
69 261
137 82
147 115
88 1
245 149
115 24
7 99
111 24
247 67
257 134
81 203
103 91
221 62
43 205
255 39
79 96
66 213
62 267
13 40
93 36
135 7
153 280
133 174
27 142
104 92
164 121
182 193
76 122
255 149
4 136
220 64
182 8
156 253
189 193
261 161
36 112
115 256
298 92
124 277
291 275
64 164
255 85
48 62
162 114
247 18
134 24
250 156
86 8
174 215
229 41
11 296
230 174
18 73
77 136
167 22
223 283
197 137
278 15
45 133
144 225
242 286
149 279
8 264
227 72
103 150
179 169
293 214
297 54
262 205
25 17
62 129
174 262
45 38
122 132
82 18
178 187
271 270
35 28
134 183
251 219
68 154
259 42
36 83
233 186
160 55
70 5
168 112
6 260
111 22
231 148
212 17
76 25
33 274
284 172
96 68
38 208
272 155
97 84
111 276
83 227
143 15
226 74
155 243
211 72
41 1
272 106
84 47
197 140
172 226
290 213
52 169
253 263
152 76
22 138
153 66
289 166
270 249
132 208
128 19
153 256
208 68
67 153
173 154
1 89
249 7
209 59
47 189
12 148
221 143
63 107
81 152
242 33
227 7
196 150
23 28
116 206
47 205
177 167
25 158
11 196
4 100
193 197
66 292
75 260
88 293
172 201

300 3000
120 200
103 41
142 250
156 76
47 272
70 42
46 297
95 80
153 161
281 192
144 163
85 158
105 230
185 262
198 220
66 211
92 121
49 9
103 83
208 35
159 207
214 286
268 247
197 162
51 59
290 194
167 154
269 202
222 30
247 110
181 296
16 103
26 229
198 118
125 179
51 44
151 4
190 163
107 88
289 33
297 267
139 68
138 200
124 42
59 71
143 284
155 183
207 28
249 268
17 191
167 183
219 26
93 210
286 116
92 65
103 27
251 196
263 66
81 46
138 212
254 229
238 1
253 212
59 5
82 141
112 110
87 278
67 137
52 259
113 167
225 194
219 124
153 24
131 104
14 272
123 180
195 191
176 293
247 74
243 126
46 290
151 279
289 141
224 64
31 269
102 245
54 208
91 217
243 147
259 125
104 99
121 150
176 233
219 274
272 110
193 4
27 42
125 107
98 108
34 76
10 114
262 276
263 212
224 206
48 80
149 134
255 93
191 219
86 260
238 227
278 269
119 68
240 273
88 15
110 293
285 85
297 186
218 191
7 230
108 134
22 243
144 85
285 178
168 6
103 105
111 25
17 230
67 210
261 146
162 72
286 148
174 151
68 3
294 52
44 213
34 206
24 287
82 124
85 225
232 284
258 182
51 105
155 229
272 286
158 275
19 219
182 249
61 289
233 74
44 206
22 265
283 79
29 244
25 33
281 180
157 286
78 66
69 210
121 89
281 219
143 277
291 284
32 28
234 287
215 187
194 103
112 63
133 82
176 77
248 117
253 293
249 194
10 263
140 181
135 83
146 219
194 257
98 16
24 239
241 93
298 132
226 223
230 264
225 153
41 256
228 73
73 270
50 220
104 258
94 93
48 10
247 166
104 115
141 153
10 210
217 238
107 281
135 294
149 123
82 64
49 129
217 266
182 200
225 18
190 276
175 225
160 273
199 52
266 62
67 155
143 111
223 152
2 30
161 188
220 130
130 216
44 182
67 30
189 142
148 169
119 266
281 223
13 266
121 205
204 251
92 55
20 57
35 94
165 189
73 252
218 25
236 137
292 82
57 235
121 232
148 259
13 287
98 32
194 20
299 249
58 291
133 77
47 41
100 184
209 97
149 187
104 257
76 194
222 182
174 112
146 113
17 52
243 145
86 154
223 257
185 120
89 278
178 170
95 103
177 52
197 249
239 270
223 275
156 278
54 133
96 175
20 268
84 146
140 191
73 234
71 239
51 169
287 45
182 83
6 23
52 158
217 103
130 123
248 189
58 203
38 79
286 261
267 69
285 120
224 292
24 68
161 238
255 161
131 234
208 201
129 225
281 69
57 127
121 268
40 190
51 287
238 151
45 270
139 81
56 105
285 51
23 141
72 110
79 118
131 283
252 290
126 156
260 298
214 81
110 249
112 246
256 81
114 126
150 286
45 293
266 6
97 145
288 67
230 130
186 114
259 186
162 8
28 34
274 80
269 268
145 141
292 269
114 218
74 21
98 142
71 285
282 128
55 104
85 133
92 58
118 67
246 26
195 173
222 103
6 244
68 211
95 254
124 62
236 247
26 200
42 187
101 8
93 109
13 53
208 148
78 221
40 5
212 226
99 296
15 0
159 169
79 221
238 88
21 194
108 90
160 163
146 163
59 174
102 258
4 284
235 183
255 206
157 199
92 221
189 76
231 121
260 118
45 235
244 157
26 6
48 90
194 151
146 132
271 51
81 6
50 261
196 246
246 105
60 16
34 245
126 294
35 237
279 176
19 215
142 215
45 154
17 263
30 133
256 135
78 116
288 87
129 118
136 37
156 1
115 296
150 140
23 116
105 34
166 178
77 157
200 103
179 207
287 119
146 206
210 170
276 275
32 182
12 26
18 4
63 180
27 62
251 107
195 174
21 86
54 200
192 146
116 88
289 91
125 183
229 297
148 99
103 197
287 90
17 28
97 239
174 26
187 154
58 76
155 133
266 247
0 228
46 92
273 169
284 85
224 169
5 10
185 28
197 56
109 90
256 109
79 208
282 13
140 166
88 81
12 85
2 104
32 215
261 90
79 248
146 29
258 142
6 65
8 210
249 266
23 155
50 11
177 174
73 90
86 249
273 67
242 229
62 132
47 81
146 126
273 298
176 282
81 145
213 269
47 167
198 69
286 236
298 108
291 116
177 221
183 99
130 232
44 212
62 31
281 77
110 281
235 252
16 259
9 8
139 31
245 59
275 259
218 284
129 257
57 277
127 66
252 208
175 200
258 97
91 21
107 62
188 172
292 100
136 203
260 289
68 272
259 193
242 74
159 265
16 96
81 244
131 152
83 95
223 120
239 7
184 203
191 215
123 117
26 249
122 99
26 11
179 127
21 152
263 231
212 6
255 69
27 298
75 17
188 180
95 221
47 233
101 71
283 32
33 242
131 174
13 63
250 291
61 26
104 101
3 238
184 15
37 91
228 89
202 67
25 222
4 107
268 203
195 123
190 166
214 219
150 32
175 281
121 107
86 94
289 282
236 226
156 233
46 250
180 169
78 182
262 272
93 296
282 186
140 276
93 208
85 139
19 59
146 194
109 75
68 209
263 286
44 142
9 102
187 233
280 266
69 242
192 11
33 127
153 13
22 42
8 232
158 84
167 192
224 254
83 245
231 19
20 287
151 84
293 270
282 181
238 205
262 277
144 133
34 15
248 130
95 50
215 280
152 116
168 85
54 44
297 0
32 116
6 8
215 60
277 192
245 31
281 108
109 265
128 1
215 196
139 62
273 237
147 269
256 5
253 33
213 82
165 49
60 273
147 76
79 113
244 104
112 117
40 169
103 176
65 57
142 257
125 161
256 267
137 94
257 219
179 193
299 202
166 60
15 10
42 226
226 184
53 77
241 15
51 53
146 156
296 242
199 261
46 111
285 259
41 90
189 296
4 253
33 203
41 254
15 142
90 130
239 53
175 260
270 25
230 114
89 273
153 277
43 187
287 112
176 118
284 260
41 0
244 136
83 202
281 292
162 252
166 59
247 133
127 214
111 151
74 143
38 92
36 164
87 41
152 150
192 297
236 219
95 141
48 0
50 210
21 22
272 242
148 104
131 197
263 168
295 202
247 287
179 243
81 259
207 52
133 231
245 222
46 209
144 251
277 237
16 298
221 236
222 283
110 42
285 1
181 244
16 260
209 207
178 114
122 106
190 228
141 11
174 58
83 263
206 121
268 182
240 12
60 138
88 6
70 164
203 297
242 54
37 35
110 104
8 21
147 110
31 22
8 159
244 57
173 17
243 285
5 146
8 295
80 88
102 25
100 75
6 183
98 252
156 40
96 294
148 165
173 154
35 157
172 32
258 134
76 199
230 80
21 184
149 121
44 285
265 98
45 195
131 114
45 140
33 44
86 279
255 162
58 39
58 52
13 59
224 194
17 222
276 164
50 230
36 246
105 186
98 37
283 40
240 69
79 108
130 12
132 292
294 169
271 127
223 128
33 66
159 87
291 88
127 213
63 106
230 52
194 171
219 10
122 1
284 24
169 56
138 238
143 9
159 19
230 13
56 136
218 13
29 156
90 251
202 226
33 106
208 156
38 18
229 145
34 276
289 48
260 166
155 81
156 41
204 280
38 214
45 65
200 106
113 16
123 155
86 192
212 230
209 1
180 27
295 178
68 207
65 28
151 88
128 108
293 209
17 104
144 140
80 239
129 18
250 265
263 144
0 89
6 257
139 286
197 281
291 111
102 233
134 178
241 6
111 176
123 276
104 143
130 41
83 156
41 61
79 190
119 246
77 116
104 288
197 132
245 92
182 102
170 7
29 275
33 227
102 290
126 26
193 37
70 256
115 58
227 162
261 213
285 66
50 194
193 25
119 153
71 207
134 200
181 40
198 289
150 244
140 217
138 117
193 6
41 122
59 173
130 280
38 159
167 281
120 289
250 62
55 162
124 214
218 0
209 163
291 112
33 78
33 98
122 268
159 238
9 293
275 258
25 27
120 148
141 76
201 122
99 83
105 126
13 272
163 206
78 156
206 91
11 220
24 70
187 153
298 183
184 109
108 3
140 220
239 41
140 104
195 36
44 158
143 19
191 25
274 296
113 137
72 95
235 283
126 229
50 257
52 135
109 235
227 97
120 290
61 122
157 249
158 50
95 70
236 153
157 162
208 11
160 153
239 129
118 221
241 225
142 121
77 2
96 17
27 5
145 262
278 131
237 80
132 29
291 102
40 167
83 212
206 286
105 210
35 141
175 257
126 139
205 3
19 74
17 122
161 183
270 276
102 243
19 177
153 106
2 14
158 211
278 291
108 264
205 139
273 238
175 183
105 261
43 169
48 237
184 91
37 224
297 190
90 122
269 137
54 4
220 168
279 209
172 140
175 94
273 119
295 229
160 137
298 229
231 194
243 284
30 70
66 93
253 167
202 88
111 98
295 10
127 22
62 234
198 267
89 23
130 66
72 51
262 273
146 216
179 184
177 230
287 245
193 105
160 38
42 199
288 181
72 258
18 32
113 202
185 293
279 106
164 37
46 205
3 18
195 16
135 22
73 109
109 146
0 244
1 11
24 154
256 19
265 52
7 143
220 139
279 214
210 158
19 112
283 290
171 261
144 75
159 88
130 51
130 121
130 291
213 286
93 31
204 45
134 70
85 137
283 140
258 185
201 255
45 43
240 203
120 87
180 200
66 36
108 43
246 181
38 267
48 235
203 178
225 23
132 89
227 17
7 35
116 283
250 286
47 137
132 15
29 85
202 154
2 15
10 242
173 19
134 164
0 117
242 288
139 234
246 144
63 206
27 160
22 150
149 129
258 151
220 84
158 94
280 14
225 210
234 114
181 218
220 230
97 151
105 88
115 141
129 140
105 286
254 210
224 287
265 229
196 47
88 178
159 101
30 33
173 167
34 133
64 30
174 28
140 146
209 225
12 63
156 199
298 56
213 262
5 35
268 213
241 116
12 36
250 225
74 137
95 55
25 226
21 45
266 279
44 210
144 290
79 171
194 140
208 49
283 239
251 267
13 43
178 140
119 106
98 152
188 215
112 188
159 113
200 108
267 110
74 100
30 277
206 150
225 79
111 84
202 203
12 27
295 131
90 116
266 96
99 5
151 81
220 267
140 44
256 205
37 208
200 133
269 258
126 223
214 232
257 98
259 56
105 1
68 115
66 291
112 274
51 3
280 168
136 266
167 74
57 87
244 261
261 160
275 164
193 265
132 188
137 151
9 166
156 226
256 226
183 211
86 93
184 17
80 70
112 46
194 243
274 263
142 48
48 96
183 176
291 282
136 207
176 168
49 233
241 279
130 105
92 296
123 63
256 22
299 43
287 117
270 215
238 89
140 168
17 119
272 97
79 164
138 189
114 203
155 289
194 282
124 18
77 50
86 31
25 168
194 271
216 116
92 26
288 37
225 270
128 257
175 141
164 34
181 247
187 1
228 108
114 251
26 128
223 218
263 2
257 202
163 265
167 127
80 140
15 145
34 35
115 190
37 18
202 219
252 72
152 13
41 153
135 197
106 155
35 151
169 11
184 283
296 271
246 142
78 97
43 134
237 165
276 91
1 49
169 84
107 29
257 259
240 288
7 212
230 226
246 272
4 251
30 77
119 173
209 206
279 29
181 110
249 111
40 286
15 80
275 274
118 108
101 135
130 170
245 75
221 32
261 61
217 132
114 95
128 131
154 144
177 206
132 91
56 116
55 144
132 275
209 232
8 109
216 189
245 227
126 113
4 234
274 48
255 167
58 110
62 137
293 159
266 152
272 205
147 90
241 255
126 282
270 96
271 144
90 27
69 113
142 87
229 102
78 45
135 248
152 43
206 98
229 153
138 255
266 27
201 146
21 83
207 262
49 229
169 47
112 185
241 45
235 156
224 84
93 220
208 184
220 292
112 129
92 177
178 11
59 161
98 196
282 76
283 36
64 85
285 284
103 265
7 215
97 260
43 292
246 122
185 138
233 153
214 184
226 39
267 61
255 16
128 20
235 82
279 96
133 116
98 270
125 137
56 24
247 94
33 248
2 159
290 209
104 111
168 218
140 269
258 222
259 238
174 279
54 246
30 150
282 1
112 191
20 273
16 127
65 168
76 253
237 208
275 30
170 36
62 200
8 252
201 0
68 135
258 75
54 141
258 167
269 203
288 257
71 196
183 238
16 243
100 2
118 240
215 90
55 262
262 15
88 136
236 205
281 239
113 152
273 278
136 147
248 253
44 156
191 233
281 79
19 156
228 76
48 215
203 170
201 61
60 21
20 210
159 83
112 44
156 38
91 255
91 244
214 172
205 292
78 207
97 154
140 46
108 28
77 60
170 10
178 207
80 139
136 299
214 197
178 0
166 266
99 261
243 248
129 37
39 137
295 54
250 64
243 114
251 147
176 271
53 147
62 156
13 237
184 67
222 255
161 257
260 273
57 162
14 86
30 213
9 129
277 181
84 153
203 154
103 290
199 285
28 250
274 107
226 126
204 157
175 186
215 81
275 178
94 121
272 66
30 141
221 154
272 95
205 25
25 298
203 115
15 224
0 126
243 212
34 36
155 118
278 95
30 201
101 283
161 288
35 299
191 256
298 72
124 148
71 95
144 110
52 277
71 159
274 196
196 159
132 120
5 183
91 156
184 68
240 72
151 162
118 183
48 61
170 211
58 16
185 245
111 102
218 293
26 224
66 41
163 27
6 239
55 50
68 9
116 85
23 18
131 58
22 293
295 161
51 229
138 33
212 143
35 126
47 284
192 46
100 247
62 166
218 267
297 138
201 221
263 30
253 95
102 119
44 152
69 266
239 243
109 81
93 15
205 203
243 32
179 194
235 216
19 192
17 115
118 157
28 211
264 260
252 53
17 149
55 233
5 222
156 118
2 93
246 199
262 124
275 272
28 46
110 7
182 52
157 209
163 70
253 202
280 25
59 154
295 156
68 267
92 132
70 4
56 297
127 269
265 240
185 98
206 64
198 21
255 32
270 133
84 267
272 52
160 5
217 287
221 55
85 253
45 263
27 100
256 199
183 113
213 252
7 284
274 41
126 90
181 280
19 213
270 234
157 19
49 30
126 104
135 91
64 17
102 255
8 149
122 46
103 230
162 143
109 23
19 128
16 214
27 157
99 134
163 258
214 48
192 28
176 289
195 15
35 206
96 274
92 207
284 296
16 268
224 137
64 294
90 276
148 167
245 45
204 155
230 150
133 184
227 269
115 289
102 37
198 57
16 266
133 63
245 255
250 20
243 59
62 280
187 53
71 135
130 187
281 225
295 66
75 297
26 287
45 39
234 171
144 5
74 174
169 223
71 92
141 248
202 20
104 67
33 72
5 0
291 82
165 299
254 107
123 6
96 36
244 86
255 187
136 223
82 106
36 136
1 271
277 126
128 249
293 101
119 4
234 84
243 286
263 120
82 251
248 160
240 111
150 231
223 55
288 31
102 57
181 235
137 147
283 265
169 158
293 228
80 12
201 205
16 273
88 38
102 28
236 36
27 98
86 66
254 279
141 9
170 97
152 45
160 230
72 46
264 282
25 157
163 23
89 219
246 175
3 147
179 43
268 33
196 170
201 160
214 185
185 137
63 283
74 14
284 239
206 241
133 86
255 61
232 21
124 52
214 229
92 141
202 297
202 293
70 127
295 138
296 113
178 175
124 91
181 202
257 41
228 99
140 83
22 279
59 297
73 284
293 213
265 179
264 281
235 266
201 2
224 95
237 129
272 126
283 66
181 91
166 47
9 278
258 187
68 270
96 20
10 108
230 227
95 96
73 165
112 73
51 194
138 81
100 154
164 82
31 257
209 4
155 65
256 62
292 266
18 288
131 36
252 120
217 281
169 201
119 241
150 290
27 24
45 92
30 193
103 241
38 222
233 202
142 3
213 174
172 76
226 164
27 32
263 207
117 109
37 145
185 233
34 100
249 270
11 20
200 94
203 264
222 264
237 49
29 93
120 32
298 92
238 132
40 231
67 260
148 58
194 122
231 147
64 0
38 249
109 38
3 94
259 200
214 68
176 134
109 53
227 196
11 0
30 47
79 61
92 22
240 71
288 148
23 55
157 103
251 249
19 278
123 5
52 154
250 168
230 99
284 184
187 222
79 122
175 119
158 160
14 6
118 229
293 226
101 179
281 65
82 283
5 109
229 142
265 125
85 20
280 117
34 262
49 190
51 211
147 43
8 148
239 250
76 218
240 291
97 56
270 145
79 181
120 149
34 42
220 155
88 120
269 156
175 184
64 254
50 264
72 151
74 128
233 266
59 157
2 134
199 136
203 228
16 134
203 233
86 194
43 99
217 41
204 154
63 179
13 148
22 2
116 176
169 61
62 195
194 217
128 23
26 96
236 64
60 234
108 52
35 82
246 153
210 246
288 17
208 19
36 46
13 171
176 149
4 128
163 6
193 229
141 134
138 119
108 48
214 98
271 257
101 125
163 176
221 280
57 282
58 264
250 228
33 75
26 159
240 262
59 275
241 34
34 90
193 148
220 240
173 164
129 290
246 284
24 124
114 260
212 34
236 109
228 196
50 213
145 0
261 270
219 290
206 95
153 159
134 9
54 77
131 126
58 95
155 247
72 277
200 164
0 68
117 44
75 180
126 175
22 280
44 205
215 263
220 17
37 251
27 169
138 130
294 137
145 140
102 78
7 145
99 242
153 249
253 32
207 247
219 144
215 168
120 86
79 272
47 162
105 114
222 239
155 278
168 12
189 69
251 7
285 43
269 27
267 57
51 152
70 11
100 99
251 26
295 35
213 61
166 124
138 150
183 22
103 8
290 65
98 267
0 203
1 134
281 109
221 290
208 272
119 180
284 211
43 222
28 33
245 122
26 139
71 82
2 107
9 108
233 28
39 166
285 62
291 40
1 191
205 193
282 151
139 177
71 275
200 288
111 152
162 60
78 85
128 207
123 205
176 171
213 288
187 206
263 264
157 273
94 298
86 41
237 224
229 144
209 0
268 198
219 140
166 164
7 19
92 3
31 258
247 209
94 50
135 156
178 257
220 78
63 285
50 208
198 258
220 58
168 20
225 0
204 101
213 15
41 34
16 189
13 231
198 232
294 261
217 237
110 237
0 128
106 30
44 168
127 225
182 202
97 164
246 157
113 232
97 133
2 63
221 34
281 63
247 235
222 196
82 252
140 89
58 144
181 163
80 268
198 273
105 13
219 129
36 105
260 36
221 161
7 46
26 195
205 114
17 24
126 147
126 18
225 204
58 113
45 144
234 9
205 31
122 147
115 128
15 258
155 158
291 83
285 35
119 75
66 90
183 222
284 28
274 151
299 4
74 132
206 184
252 15
138 214
167 298
191 205
86 190
177 120
266 182
75 139
54 9
72 22
257 99
175 93
136 181
223 219
36 197
70 74
242 82
146 6
113 122
22 56
213 9
284 253
290 68
292 70
203 30
148 209
40 53
87 221
147 32
104 150
246 101
289 229
202 207
232 167
232 180
289 266
129 8
173 136
172 69
76 46
230 139
281 273
245 143
288 42
45 131
38 270
45 142
216 243
146 203
131 188
257 78
170 241
159 109
191 250
229 231
274 110
206 119
65 282
93 79
161 119
73 169
87 210
49 18
55 231
223 47
26 108
20 282
17 257
176 236
178 63
50 17
39 63
260 30
280 267
188 20
228 242
104 6
241 124
291 207
133 146
221 117
31 41
112 204
179 126
94 264
298 258
149 64
211 202
60 297
154 117
119 18
293 171
93 10
298 200
111 246
232 166
98 140
108 197
126 286
281 227
220 114
173 221
61 140
139 228
94 221
157 28
148 146
18 136
248 201
283 120
66 280
63 100
23 277
209 70
254 265
263 298
245 10
276 223
201 23
99 192
93 253
80 67
254 266
270 27
87 213
137 235
216 255
164 274
246 6
218 177
141 215
25 142
71 195
211 166
162 32
3 1
40 161
103 74
32 164
61 152
217 135
95 273
238 172
206 230
165 77
175 20
136 118
106 6
285 68
47 107
55 201
132 70
245 5
268 139
39 145
64 47
67 132
113 248
159 214
234 129
223 187
290 94
88 162
135 20
8 196
159 185
259 241
104 276
47 258
121 13
204 158
181 137
246 285
290 184
66 153
153 172
295 173
107 195
277 260
67 47
285 181
173 253
62 275
129 189
242 262
40 125
245 169
157 37
164 178
256 80
287 35
49 192
165 50
122 22
204 165
289 144
87 103
233 210
73 21
169 101
145 102
280 261
251 119
17 259
295 158
199 168
143 259
52 96
144 68
196 283
75 295
118 142
14 132
95 87
287 156
236 250
31 44
257 74
238 54
45 74
59 244
31 189
140 203
164 43
299 211
230 1
100 291
26 293
41 62
250 158
181 21
268 153
13 78
169 217
80 167
124 258
186 236
257 165
50 245
106 68
134 18
62 19
55 69
226 129
135 118
111 7
48 249
198 277
105 267
193 297
0 16
64 180
17 138
3 56
117 89
52 148
9 13
99 194
62 86
200 117
242 256
116 48
122 236
218 14
85 191
197 222
184 236
170 168
231 271
299 208
31 84
14 193
14 159
65 188
5 89
296 178
257 215
37 245
188 273
25 38
49 276
108 40
292 96
241 27
36 298
67 102
65 52
123 107
19 21
4 103
26 43
142 227
156 200
179 106
254 227
196 266
89 274
230 33
70 172
211 259
49 199
238 18
196 207
5 65
162 201
81 184
199 281
241 102
33 88
264 136
10 96
268 233
271 297
232 17
157 258
221 91
107 252
12 76
193 268
239 31
225 42
202 212
179 257
46 134
98 269
223 255
130 287
113 292
210 138
271 14
101 170
14 237
241 245
218 71
10 287
40 292
98 49
143 103
73 247
123 245
189 35
121 253
142 28
118 296
113 161
19 56
156 244
230 277
190 284
289 43
186 228
191 283
291 294
193 206
94 105
77 103
69 257
33 141
21 161
234 6
129 41
177 222
75 236
43 274
121 229
84 159
252 101
48 37
176 104
100 257
98 59
161 271
209 72
215 6
216 283
4 289
74 33
168 289
179 261
63 267
89 60
247 93
11 18
53 205
161 115
13 66
185 3
44 58
242 19
267 262
276 8
128 36
95 274
234 61
56 55
149 136
235 93
232 253
4 26
189 224
189 101
236 201
168 261
264 276
206 175
207 174
169 240
0 130
76 56
144 86
110 176
123 51
76 265
80 299
160 228
70 284
129 177
230 190
50 104
259 273
163 1
63 98
244 220
298 250
66 133
61 121
228 167
246 95
229 65
0 186
163 131
65 181
76 106
123 213
84 229
233 252
202 103
263 5
208 128
210 250
12 206
166 94
11 237
34 244
87 161
95 61
197 148
74 99
288 201
64 162
172 283
138 266
119 130
44 8
223 113
219 212
40 82
50 100
93 200
212 11
146 160
222 246
248 82
268 128
14 188
144 78
104 283
206 85
193 26
192 184
149 28
252 113
126 235
200 112
252 105
4 60
104 42
105 128
222 94
125 52
190 236
241 243
81 51
188 238
234 209
211 272
216 127
133 188
61 246
246 215
102 266
32 259
140 271
265 34
209 226
175 87
189 81
171 12
268 226
185 244
11 161
139 45
114 93
15 185
44 126
189 74
0 197
136 86
141 81
36 132
81 196
229 98
234 50
13 151
264 100
41 52
97 291
249 190
113 220
215 42
235 1
222 276
228 49
41 191
153 123
69 134
106 290
109 151
9 29
14 297
8 146
62 136
247 282
218 72
285 152
283 146
41 165
270 83
287 76
158 27
58 64
135 142
83 142
43 135
143 214
28 120
114 193
178 274
191 9
37 16
66 247
103 45
276 58
63 171
220 149
253 185
8 200
93 70
165 201
195 103
261 245
78 299
201 280
277 271
287 133
121 204
120 90
110 283
199 117
205 24
23 11
10 285
185 140
231 158
190 9
263 37
221 162
187 205
193 125
258 35
150 202
129 196
280 206
289 265
150 183
254 97
133 252
24 104
195 193
16 30
61 226
8 256
254 68
18 92
118 88
99 7
292 151
152 85
8 50
148 162
282 268
78 254
292 197
215 256
270 36
258 88
243 256
187 251
179 247
31 218
268 54
26 75
71 118
242 208
43 50
78 105
265 143
96 237
186 98
128 57
130 128
230 243
242 258
242 164
236 31
220 282
110 173
277 265
117 164
167 202
4 113
79 196
75 217
16 187
71 74
295 81
156 93
129 173
219 242
58 288
1 172
92 113
19 104
49 299
255 101
38 201
116 51
21 299
64 29
292 23
16 202
255 281
207 17
52 174
263 84
60 40
286 146
145 66
258 283
116 142
185 72
248 260
27 181
76 270
188 275
157 92
81 272
109 289
1 210
179 150
239 200
166 251
159 204
289 190
180 241
271 25
170 121
57 238
38 95
131 47
213 163
108 168
50 134
168 13
63 238
204 213
281 67
55 180
287 87
74 63
120 273
270 189
184 200
164 174
18 21
190 242
246 145
39 210
164 246
43 247
224 204
133 226
161 37
273 186
143 147
219 59
135 265
139 276
277 54
233 211
177 60
113 29
187 140
257 293
132 269
19 217
175 201
136 133
35 240
174 72
165 179
44 111
43 29
255 8
58 200
277 122
210 150
44 88
100 271
64 158
112 37
67 34
263 272
194 261
172 189
67 297
24 222
224 154
5 158
256 106
70 221
28 277
243 17
39 261
195 230
164 191
270 46
179 137
237 144
34 95
150 151
169 248
71 154
20 2
200 22
157 267
293 254
49 130
2 294
249 193
250 131
129 240
118 282
209 196
63 298
205 61
205 32
198 242
98 26
49 176
284 252
242 53
122 59
282 214
198 68
48 58
123 197
298 80
166 77
52 35
181 210
172 290
99 30
151 152
147 201
234 111
160 132
143 258
32 82
294 243
11 46
216 280
293 73
263 277
141 236
144 131
77 124
115 159
111 47
197 164
229 19
52 27
298 78
152 251
112 39
66 30
208 61
237 111
27 286
29 255
89 84
293 166
279 238
60 285
228 224
42 62
55 157
87 207
39 5
66 62
199 218
30 41
252 71
261 215
202 38
250 193
139 189
6 190
82 125
63 114
93 14
4 196
287 150
172 86
30 143
138 80
165 30
138 44
208 23
181 76
265 286
161 102
39 193
166 78
238 107
124 14
174 290
272 183
75 134
20 83
44 135
296 156
40 21
58 60
89 198
48 175
266 275
254 182
247 283
185 108
34 181
28 79
56 227
239 298
231 38
83 185
211 163
238 59
260 99
235 294
67 233
16 203
186 198
91 213
88 82
233 175
147 54
128 63
158 243
243 42
119 179
42 294
242 27
91 43
141 55
197 276
213 137
51 122
233 179
284 9
106 268
16 183
181 123
53 89
163 83
257 180
24 288
276 107
127 2
45 205
242 136
113 48
292 154
50 123
20 91
51 17
205 263
111 157
155 169
12 117
63 294
78 110
271 267
146 90
246 9
113 212
107 284
10 16
169 188
132 281
28 148
95 252
247 144
246 233
290 1
88 84
299 58
47 217
71 48
83 273
149 153
250 43

300 900
104 186
259 189
272 163
168 148
247 122
95 11
24 215
47 256
246 51
164 141
86 147
240 207
196 41
196 209
158 163
119 74
126 16
192 107
224 107
146 180
58 34
72 36
48 253
172 5
14 281
169 182
69 31
231 56
259 182
183 62
16 201
242 276
45 243
45 102
177 58
251 45
204 187
237 294
7 16
189 201
241 283
95 276
188 105
101 181
150 143
234 203
106 62
15 231
254 240
278 32
211 282
22 236
173 38
40 243
105 220
233 62
179 81
209 277
32 226
279 242
202 239
129 142
84 239
8 0
288 101
20 2
219 268
286 280
291 253
136 164
157 168
251 168
149 164
130 87
293 119
277 155
282 100
201 71
46 266
180 295
225 196
5 131
39 155
240 154
153 272
189 249
62 95
199 129
167 40
38 6
138 233
294 225
77 140
88 294
21 264
64 171
68 282
68 224
177 246
98 72
74 91
180 195
85 297
145 83
56 237
110 39
186 166
277 175
120 40
59 158
85 120
277 287
154 79
239 144
210 271
63 148
87 9
237 54
129 121
10 111
0 38
226 267
140 191
172 10
205 7
269 188
245 118
189 46
197 21
278 90
16 115
23 0
5 58
235 39
111 2
184 209
121 85
213 116
7 35
145 255
14 192
37 147
66 213
67 154
166 167
31 262
298 47
67 237
47 186
278 279
26 288
152 41
88 266
169 242
11 56
35 94
226 152
245 210
174 216
2 243
85 166
112 55
88 216
29 211
62 132
219 245
103 8
105 221
59 37
211 277
242 209
38 230
158 3
57 86
243 88
4 152
161 196
243 245
19 96
63 66
44 40
285 35
50 80
278 107
121 1
198 152
247 174
238 218
83 205
274 56
48 25
31 261
176 107
5 50
235 52
22 233
9 3
212 89
83 262
55 158
228 100
45 260
294 239
14 100
98 135
122 264
42 75
85 232
159 176
289 263
170 279
112 94
259 226
31 295
90 215
291 190
190 3
252 61
251 78
18 198
141 96
1 270
178 224
176 229
58 297
112 90
260 12
214 284
253 126
218 31
85 219
138 189
118 124
163 198
74 260
31 209
49 8
271 278
50 102
90 77
277 79
135 120
82 230
293 42
150 207
23 98
277 67
61 103
62 260
3 256
12 249
164 205
148 224
53 257
144 191
100 164
236 92
258 225
46 79
257 182
145 97
164 33
177 292
81 65
201 256
225 46
235 176
170 267
92 172
261 2
275 285
236 33
188 20
161 170
230 217
113 106
56 169
236 131
273 4
263 271
187 276
26 150
209 204
80 14
206 285
139 281
135 1
81 181
131 92
162 276
95 146
278 245
183 98
71 222
178 186
77 74
7 69
88 218
76 14
61 151
173 116
52 76
42 84
59 38
205 179
71 241
161 1
55 240
289 197
251 182
21 90
258 62
136 262
107 89
25 178
238 17
100 215
289 279
104 37
27 37
23 97
294 173
99 272
185 139
149 11
144 12
209 220
151 226
32 214
23 104
190 207
10 297
10 170
15 104
233 295
66 170
179 287
177 104
49 266
146 37
109 32
239 279
106 171
46 18
193 198
35 31
161 130
261 15
92 200
118 208
73 217
26 223
141 2
22 260
91 31
7 149
15 245
291 178
194 181
42 92
9 174
85 229
103 223
33 131
126 149
77 213
98 140
104 121
204 127
38 283
183 2
168 145
85 226
282 5
261 240
19 151
245 105
51 203
157 152
210 90
172 208
254 59
283 184
74 165
223 94
63 174
113 150
184 74
9 92
100 94
156 72
155 244
126 1
235 231
67 19
196 287
83 296
42 172
297 15
259 89
136 120
135 103
75 136
182 160
0 209
78 168
174 23
289 192
299 268
193 242
176 51
122 279
177 268
3 89
119 178
296 151
94 121
113 196
86 236
177 36
198 14
156 240
247 189
103 133
153 125
6 54
247 202
195 88
58 86
195 174
246 127
195 20
277 35
16 174
94 164
103 75
269 163
90 20
109 112
240 224
242 104
31 101
187 255
32 65
49 220
15 156
114 125
112 292
158 39
210 77
244 53
49 109
140 3
296 15
218 215
80 295
72 0
52 21
228 289
88 192
103 216
10 219
13 97
170 59
14 5
299 56
272 201
158 254
265 184
93 250
39 48
36 39
117 228
55 134
291 59
121 224
235 12
38 296
238 175
112 44
119 183
191 156
262 112
33 208
46 82
187 286
111 256
209 59
249 283
31 254
140 278
54 178
181 264
41 111
190 82
32 293
121 137
200 27
41 159
84 11
104 204
234 197
121 36
112 230
280 163
109 174
66 189
204 188
199 115
206 278
45 182
272 185
236 141
159 107
54 21
257 151
164 68
96 288
18 159
184 38
166 4
281 242
118 55
214 117
111 103
225 110
12 99
168 109
64 76
242 224
294 71
101 203
222 233
118 212
111 96
284 232
27 88
58 39
213 289
59 154
152 12
109 165
256 197
122 241
147 58
250 295
256 77
276 141
49 76
25 122
62 267
247 229
13 10
231 151
128 87
135 81
147 41
239 125
170 168
24 222
28 134
57 79
192 33
72 8
295 166
113 225
195 108
242 145
20 290
222 64
228 30
192 122
235 50
15 223
156 224
159 279
225 27
276 113
81 96
110 212
274 64
95 284
230 272
93 290
8 54
149 18
221 200
87 209
251 128
89 276
86 103
0 42
41 145
245 0
293 67
13 239
107 9
2 216
181 133
163 255
35 248
152 101
267 86
139 64
38 43
103 76
124 48
131 268
212 117
105 213
189 39
104 39
167 87
214 38
52 242
96 115
155 191
81 171
103 206
59 32
69 262
134 267
34 232
182 43
8 198
286 262
149 55
284 172
156 297
247 132
93 33
284 155
283 220
148 254
112 118
100 243
72 7
170 120
153 55
114 31
71 167
184 198
24 263
158 147
134 29
47 213
223 70
88 110
248 144
166 264
217 259
275 163
289 34
166 206
228 85
119 194
134 107
105 237
172 155
108 218
86 0
296 19
84 63
212 40
20 176
240 51
55 296
223 216
80 27
62 65
71 261
27 144
165 149
296 196
196 201
117 127
65 233
27 103
239 120
63 86
239 17
244 251
145 272
288 104
295 242
135 121
60 260
4 111
242 210
143 145
25 281
47 209
30 117
159 267
290 175
165 204
289 121
44 25
60 40
277 114
240 49
96 241
107 123
166 29
183 50
85 116
82 163
250 286
48 254
299 17
13 163
81 82
105 173
197 229
99 121
280 231
138 240
73 275
218 42
59 150
170 26
245 117
158 114
171 239
231 60
120 204
34 159
291 63
117 237
235 18
244 109
36 67
140 63
2 297
35 240
95 24
298 39
131 60
258 163
79 194
98 128
233 156
258 271
212 190
181 167
181 30
276 35
169 24
3 184
20 277
275 64
60 39
0 90
177 212
167 129
265 256
260 294
294 219
132 78
265 141
43 104
276 52
260 53
45 262
220 182
62 72
202 80
142 219
241 271
128 60
84 38
99 188
0 215
217 252
14 176
115 183
199 85
221 100
170 82
281 5
225 8
49 198
285 159
97 12
138 231
241 284
44 15
184 252
127 46
77 67
5 234
278 154
295 43
6 140
242 131
91 41
43 87
227 169
248 239
163 169
169 156
106 26
228 146
268 139
256 63
280 92
211 196
37 111
290 9
231 189
204 211
276 231
287 223
102 258
214 115
266 26
81 114
197 295
163 172
32 12
31 170
240 59
149 263
89 58
61 9
27 252
2 86
259 148
272 97
70 187
127 257
189 200
226 70
134 174
165 125
30 50
117 45
140 296
141 204
232 293
201 241
210 160
100 255
202 261
124 296
299 240
79 96
37 200
214 139
165 30
39 40
187 1
1 84
34 222
3 60
146 267
202 192
69 23
292 276
122 64
256 33
2 258
55 200
159 186
279 139
181 249
145 190
195 122
278 75
113 188
129 22
209 159
108 26
237 9
167 206
134 95
131 265
220 223
278 163
78 111
258 36
122 252
9 205
183 39
9 187
235 274
91 0
246 194
288 199
21 268
286 54
298 54
92 23
223 201
226 86
103 144
44 188
101 299
44 215
73 35

1500 3000
1187 1222
126 1070
431 1419
1397 1479
775 413
757 1341
991 334
1172 557
241 645
619 1205
358 139
1206 149
479 1135
164 923
360 211
26 967
1072 1178
959 68
1035 860
1472 544
513 1282
655 1497
752 1149
146 670
1196 307
1128 879
24 902
276 1124
991 329
94 170
1354 51
687 1293
702 898
363 110
290 1392
1447 434
1044 308
501 490
83 1457
990 396
1460 1349
175 589
797 1471
1174 267
515 292
1027 1029
620 972
966 495
809 73
547 347
1005 1257
827 97
688 946
270 1246
1195 336
476 636
855 202
1123 197
940 52
397 1158
72 699
576 103
128 884
411 208
665 277
693 1228
583 1318
84 294
643 1094
1147 929
3 227
1082 292
377 990
1305 879
1155 429
239 949
448 686
173 562
1053 1489
102 1191
951 497
229 147
229 482
1038 1358
492 387
276 375
283 985
657 1409
1431 74
297 1436
1334 429
689 142
1280 1160
1413 851
834 411
514 2
1274 897
330 602
711 829
14 215
885 317
1269 651
1092 1231
384 1148
338 206
375 516
876 1108
447 1148
927 914
1255 681
277 996
1237 53
1094 842
74 679
1225 869
990 875
1180 1125
1071 211
1323 601
493 1215
285 513
1164 355
1245 216
1276 800
805 1009
210 1101
689 590
578 779
523 563
1336 77
1058 176
650 1175
180 106
243 211
1122 1041
19 372
157 568
1094 218
37 669
178 482
58 1043
342 800
127 1101
598 322
2 417
833 1238
1403 8
426 1075
442 572
303 947
225 557
830 571
189 1389
253 1407
805 855
399 1261
1270 472
101 828
566 585
546 153
17 193
173 575
1458 817
628 1165
1404 134
562 762
640 1260
310 1098
24 314
722 613
1300 1003
12 974
366 597
314 1180
453 874
17 617
779 774
615 1374
900 236
1264 138
98 679
637 119
342 1269
372 1453
178 485
89 236
37 408
432 230
1244 618
1277 184
190 1233
1105 745
932 863
210 1435
743 131
436 634
290 77
1173 1099
967 1103
1030 1153
960 978
1335 592
726 685
445 1257
399 1380
387 320
764 1206
1156 1187
39 1243
398 1266
752 616
114 953
1408 1111
1407 9
1372 1227
1392 1088
844 1495
1021 1379
1006 342
446 1349
215 183
990 357
838 84
831 378
22 17
1374 118
573 653
1045 1192
290 1444
1398 446
509 453
928 278
1326 457
88 952
1023 1447
446 128
694 894
53 278
1187 822
1279 556
522 223
1254 483
1335 363
509 980
1112 256
174 892
1376 373
1447 204
1146 1111
489 1236
502 40
129 627
1287 1066
1070 635
81 922
797 1119
214 781
633 944
424 582
1220 620
410 598
36 195
765 1213
869 345
607 761
1489 849
81 1494
737 728
493 674
834 1305
274 640
271 925
380 456
64 654
342 1458
1216 224
131 424
727 692
1367 488
738 846
617 1067
1455 277
19 1034
499 42
1286 283
1493 1330
413 454
706 284
503 1131
1179 1332
408 176
827 965
880 19
403 1135
1185 638
1238 617
1387 246
1303 1046
982 89
1142 914
1076 501
107 342
1181 50
1220 771
584 792
13 986
1281 1102
1330 180
799 1474
23 1479
598 1324
136 1434
239 53
414 1440
980 772
1022 434
1367 638
503 525
1299 408
527 1052
1295 533
122 444
1311 1412
1302 1281
1006 270
204 824
795 1261
562 1079
432 343
751 895
725 1213
829 912
973 1334
139 893
1077 409
578 936
353 402
953 273
623 836
949 347
514 562
741 234
688 100
1197 1069
191 521
1261 22
1245 452
1340 1358
600 288
360 1220
102 1462
679 938
267 675
425 940
915 984
718 710
610 910
277 252
1147 732
1122 963
194 1065
569 775
1027 480
1412 787
836 869
311 678
27 638
78 48
323 614
1212 562
175 435
918 619
200 1391
1067 1224
326 1451
616 1274
1123 281
316 759
651 295
40 1196
88 143
312 89
457 1177
483 182
466 551
822 11
1097 357
1186 853
1239 694
349 156
865 350
321 145
368 574
1397 59
1455 964
949 188
988 721
1036 997
901 1298
12 1129
738 939
795 626
441 1457
1352 1184
1273 1426
1135 1464
908 1443
1061 1283
1111 349
766 129
295 1237
974 253
719 830
1489 838
198 1250
173 166
457 534
210 699
913 1110
687 246
970 1328
670 422
847 795
732 523
977 795
1485 204
1019 1372
1287 241
771 1276
1181 745
1078 1322
119 386
697 301
1155 954
439 418
528 830
949 459
1256 1200
1091 1463
527 604
21 753
1424 1093
329 310
1167 77
584 1350
97 660
745 669
539 471
1172 365
926 92
1155 1265
242 833
756 1313
161 1389
1188 187
1360 1028
1106 819
398 306
38 326
802 249
96 1178
1051 430
108 935
193 1074
1365 260
1079 442
1290 297
1473 866
109 1208
812 328
1358 1056
170 720
312 1286
851 357
221 97
488 428
26 1166
839 977
617 887
106 1052
1414 935
916 973
413 80
83 1417
450 379
597 390
1471 1085
794 482
1193 845
172 274
1368 1357
879 517
1157 856
489 1271
364 399
623 220
1459 823
1479 1013
157 554
1111 1384
928 1466
1298 998
148 553
631 219
119 1269
974 316
1469 1303
264 848
1277 947
1308 497
1262 1223
1306 904
474 1342
1285 1196
967 452
923 470
351 1352
68 1175
1290 127
1121 742
1334 288
609 36
1160 382
1155 1363
1494 255
279 123
105 687
685 1472
118 282
532 921
537 74
70 1256
1360 1077
1470 915
172 890
762 313
684 310
1364 1146
1029 996
903 178
790 599
484 952
467 631
1197 3
24 450
70 82
321 1339
809 703
1380 250
1381 743
373 1302
640 632
1027 465
1131 1209
1311 196
1241 355
237 10
518 981
1447 417
67 782
1340 1422
651 1415
922 741
1333 832
448 1302
576 463
532 4
501 278
1282 1154
89 456
355 778
1383 722
1129 91
1202 566
473 1415
1430 985
324 1359
946 1369
614 103
626 719
243 37
1189 385
9 723
1096 162
484 797
526 255
480 584
175 1246
373 1431
1445 281
1231 523
1112 856
1179 1000
410 1162
14 1088
1426 385
104 238
1055 394
40 1322
986 7
804 1386
999 42
254 1006
885 779
439 544
1426 1495
471 394
95 1092
970 758
1008 760
554 761
1270 1473
107 936
32 1488
661 1278
1001 593
1011 310
81 1486
1130 1077
1357 141
1212 256
56 767
1063 44
1088 1389
280 979
1039 943
1384 1300
1032 372
844 940
860 1471
236 810
455 1282
46 868
359 638
993 56
618 985
696 927
1302 340
852 730
663 492
513 889
335 1240
1060 19
881 1088
611 517
690 43
1356 935
1190 630
119 1256
519 141
242 1349
402 1359
566 223
294 153
1288 854
56 287
219 1316
639 852
304 777
729 1322
1401 1087
704 202
584 440
412 448
525 905
485 53
371 318
1393 1293
1163 968
80 1293
580 1253
1047 1370
1157 768
1240 163
958 619
1363 1305
1455 314
85 595
1447 1272
1210 1301
1075 958
1118 1003
599 1384
456 635
1462 963
921 1305
561 1286
793 513
129 998
1417 852
20 1081
7 1044
720 675
1242 1289
335 56
407 948
1162 466
1492 409
509 38
629 765
1385 111
1243 1204
109 308
432 910
585 751
700 865
957 147
974 34
717 1283
1305 1208
985 1307
365 1200
835 801
1203 825
1100 1345
557 1267
1199 764
376 1431
1042 856
123 1359
1424 237
673 115
501 35
1130 311
116 683
1374 1291
533 745
1428 864
801 1254
1250 823
1278 287
851 330
167 209
1191 470
208 791
405 1021
403 1256
1049 1334
297 1163
118 1264
1201 699
1457 1394
1036 400
1175 303
143 1261
118 1215
782 506
618 1257
1368 1047
1146 344
164 1151
615 653
17 1029
1191 479
550 1069
489 41
178 1033
1044 1196
837 1015
1015 210
533 1473
391 44
1214 662
211 1100
766 467
276 46
262 1146
868 229
408 1309
874 1114
966 583
196 1163
498 800
562 502
1456 1263
1344 1282
1475 1432
325 957
1320 137
306 327
1332 865
904 360
923 332
1427 441
438 1133
196 71
236 1444
680 1480
1160 1411
879 1237
956 1403
1125 583
52 1230
506 1435
804 708
710 483
760 297
1018 1115
841 1262
1318 1311
1011 861
606 1319
146 1471
1492 1182
1465 814
847 255
1041 225
1406 943
903 926
1110 585
702 451
892 302
1131 1169
1012 143
278 636
1457 1078
23 226
437 1471
321 685
647 728
728 1037
637 1263
1277 1415
673 1094
944 1254
599 133
873 358
727 892
955 369
1483 161
1218 690
427 112
864 541
897 553
1099 1254
1098 355
1481 1492
546 315
1282 991
1263 351
1095 1192
508 943
539 139
1218 717
311 816
1228 268
672 730
1142 28
1162 1250
684 337
21 81
1452 1416
962 934
512 274
139 1280
456 1030
617 1098
1295 141
1152 1477
980 1296
1435 575
487 1266
521 880
1105 495
325 347
1167 484
337 1390
1269 1254
424 621
1334 666
224 1272
595 760
1381 1293
152 1317
1459 181
580 1377
1398 221
1146 295
613 336
966 893
507 853
923 171
919 526
232 396
412 856
1271 544
57 1086
1367 348
1028 453
668 56
1034 1126
135 68
1161 1027
1136 1068
1161 1359
937 1333
1339 582
206 1221
1474 511
906 933
245 1479
1016 950
1239 1328
424 903
461 393
1308 950
1067 556
304 345
1118 919
136 493
282 1378
861 541
291 99
1298 927
717 733
1481 775
1259 1151
1348 448
286 368
790 1375
530 760
50 56
99 1491
97 166
233 204
325 490
1034 1270
338 209
483 977
1453 202
675 980
201 192
1206 250
470 1196
659 898
919 622
243 411
1347 371
840 1400
610 257
865 293
339 507
1278 122
937 280
489 798
649 662
1043 1422
835 1321
846 9
1486 234
55 1187
1221 682
969 713
984 604
1383 1272
667 1484
213 796
1378 714
493 1097
1282 657
1396 510
1303 174
1464 1007
685 547
152 1002
338 811
26 443
772 927
1163 26
587 116
221 885
695 1386
58 677
1047 896
478 1328
588 416
736 1054
734 1252
159 869
329 392
757 1228
831 1022
580 965
1211 999
409 359
732 130
542 219
364 1230
1090 1311
456 43
195 1453
203 76
1423 1166
923 359
389 313
837 300
1495 534
597 1021
64 504
790 426
465 484
111 238
1065 1394
1373 243
1231 989
1134 388
543 640
1101 394
645 1065
1073 546
326 362
1150 798
524 1028
775 1329
228 14
31 1483
1184 711
428 654
1096 470
1018 1224
825 1180
1400 958
915 511
427 667
161 299
1049 137
52 739
1126 288
494 29
938 255
241 627
670 1364
533 776
289 1480
1106 1082
974 1205
889 744
279 1060
249 979
206 158
404 447
202 613
659 441
1039 1253
568 1065
634 472
427 576
214 158
382 491
291 341
988 994
420 1074
612 827
419 558
239 942
470 779
1286 756
316 1170
319 1181
82 407
1443 1298
1035 1433
1056 883
963 780
658 1056
527 1112
700 903
1185 1277
277 969
1364 1087
1090 412
1282 922
1011 376
427 143
632 1096
1102 18
895 70
1113 1218
420 1368
1456 1249
858 577
1457 959
1011 585
1460 772
47 88
1376 1009
378 817
1284 944
851 951
977 55
280 41
181 6
849 1187
1001 1310
813 236
1326 624
1331 206
171 802
7 436
707 6
1034 355
163 155
632 1148
1212 473
541 11
1408 676
1147 260
403 1177
1392 1400
1068 1246
1382 79
1092 885
712 131
670 1134
416 721
965 1075
944 1201
1257 357
600 1095
759 1219
121 1305
1429 515
209 19
41 685
1248 115
1008 1309
371 649
913 1232
1195 1489
1358 1436
1241 1301
1300 1281
948 1096
1269 1000
759 260
1140 1361
1299 1392
1438 1313
710 555
203 1369
275 372
151 877
1115 1066
408 866
654 114
237 232
1030 668
1238 263
796 1195
466 1418
11 919
1064 1320
751 951
1281 1461
243 83
388 1254
749 502
265 1374
927 382
853 830
192 35
790 1226
466 1004
328 922
841 389
415 1358
1090 763
999 1462
1000 820
316 1029
671 670
1133 1429
557 1193
847 975
337 291
1369 334
885 979
254 760
27 762
536 270
742 656
633 830
370 1381
189 1337
391 1310
982 344
429 339
353 772
600 548
1098 1252
444 1442
274 1439
1063 1171
1419 312
2 766
308 1283
789 878
361 1395
1219 554
1264 1002
388 218
726 843
388 553
1465 995
1213 1371
769 935
1347 326
404 187
783 1417
175 1481
278 178
934 855
1354 1002
469 1306
663 702
121 1060
390 832
1252 960
404 1305
1162 1003
503 1435
4 1397
367 697
207 1340
965 440
1093 145
1411 868
1283 1387
752 225
836 152
1130 912
1183 869
1461 167
731 1370
912 968
1224 361
587 1168
308 1473
923 527
728 774
68 536
484 1364
1152 1226
12 1235
723 1228
546 243
1377 228
1130 904
542 1257
966 710
59 769
1475 575
169 1464
1401 616
8 531
567 1161
1034 1134
932 1368
1477 348
59 7
653 78
875 332
269 1063
866 851
853 1057
1043 701
1493 7
323 474
376 1471
691 568
22 148
1313 921
376 604
7 665
1435 1072
418 925
1265 831
274 1176
620 449
484 388
193 863
956 207
479 106
256 56
1459 209
1070 170
524 153
1407 1154
1078 774
1130 1143
1324 1178
409 320
411 911
1226 260
638 529
557 717
260 213
1457 125
231 1121
610 860
148 843
385 164
357 591
639 236
444 309
192 309
1336 54
1363 195
1104 988
594 1181
1003 405
27 1182
89 1302
97 583
906 474
1061 773
548 1294
1333 1473
1274 1487
1404 490
399 462
503 1053
1419 456
654 390
1252 387
556 45
975 1035
656 610
741 1118
570 1416
857 24
53 1306
1343 1429
335 948
1245 897
1104 1145
344 1465
777 493
1146 871
1284 1445
1416 1269
774 1428
745 499
1143 1039
325 462
646 1105
405 135
1312 1475
1107 1391
92 1237
1378 1459
1394 1443
243 1132
459 5
1101 804
341 1234
809 454
74 734
166 594
578 817
1107 101
676 1434
179 79
399 46
466 912
862 85
1011 412
1073 1015
538 168
543 557
849 782
847 1292
1137 287
557 921
3 615
152 1158
560 159
333 1442
374 1110
148 76
303 1115
1240 807
388 1164
375 1293
61 65
830 598
1062 663
1437 1021
1368 676
443 1029
251 791
139 71
1074 646
52 1478
1282 588
234 674
1163 1263
526 1409
1305 657
1193 214
436 1245
718 185
1166 1069
677 503
755 742
1437 400
263 961
771 1317
1126 754
1442 869
746 1436
909 95
1054 1302
868 713
622 1289
242 499
659 881
1218 417
339 1069
677 804
544 536
651 706
1118 1339
682 259
750 812
5 1360
1036 496
366 655
820 894
1021 352
407 1104
1189 554
876 349
1483 1443
928 408
1196 668
1035 715
603 846
726 1273
280 1454
1143 1454
34 1199
1291 988
778 783
480 1455
942 284
491 815
1091 279
223 853
1141 625
980 1256
853 210
802 205
1093 133
1138 419
1078 284
1018 385
69 235
134 172
871 858
1125 556
600 364
851 203
5 803
1070 1100
245 1297
1229 792
1114 1386
551 588
593 1485
722 223
239 750
380 788
867 324
304 590
713 798
888 598
1319 1242
1312 1170
239 45
527 1355
1281 391
1182 622
704 203
1282 892
419 412
1048 336
29 1093
1364 760
1160 1267
884 1311
903 738
958 1030
81 517
1137 434
989 1394
841 82
126 1387
1347 25
740 1073
355 309
738 43
813 54
38 314
15 578
699 452
778 1111
227 1302
445 1450
638 987
738 984
16 1457
265 1369
1161 958
526 1105
936 390
676 1088
120 1221
899 1241
994 236
301 55
700 318
152 25
852 1382
1105 209
988 574
1021 675
733 249
402 675
417 219
427 633
692 1279
823 1313
387 496
584 1288
1288 1148
616 546
296 1067
680 1076
220 1251
419 127
939 334
183 1244
362 821
449 951
1193 167
27 1330
339 954
1265 902
1284 964
889 1168
225 359
1371 1454
1049 190
421 1246
155 820
1227 337
1334 755
862 451
1063 395
594 1115
437 525
538 685
1213 685
780 268
1485 535
947 773
1402 1307
1263 1042
475 910
561 120
429 1489
952 979
948 846
1439 130
345 1365
1253 1176
801 1185
499 923
736 1237
715 1047
778 89
1294 718
1284 1378
502 797
714 1288
248 1382
1116 123
575 140
523 1030
89 840
90 241
146 153
815 421
1037 1199
456 1063
1342 1147
1487 902
974 559
171 946
360 1107
76 438
731 322
672 1242
1029 755
527 963
1286 519
687 1327
255 73
1247 1132
1417 410
466 582
1186 1314
808 916
1159 444
449 909
1134 234
918 31
1308 769
489 1372
1286 563
1129 1483
39 1379
1019 748
388 160
1231 1212
492 101
1284 267
900 587
778 1141
660 503
686 1343
1211 1055
1040 41
680 601
50 1129
1145 1428
950 73
1279 314
1050 683
1225 1226
339 1088
221 684
1334 1162
781 1229
801 1464
303 85
920 982
1236 729
1192 1425
1237 1483
749 933
192 116
951 259
1376 977
694 552
821 706
273 187
362 1040
1452 961
1037 300
982 1055
662 1180
437 134
118 639
1140 529
1354 1291
1012 1062
1279 502
1007 403
702 289
1273 1443
873 411
43 1295
1288 743
1299 323
1406 839
50 524
742 673
1465 123
212 670
255 1144
92 1042
1289 440
1183 959
88 1170
1063 87
159 1113
59 927
867 506
371 1153
1136 28
657 11
236 144
1014 1492
809 179
497 603
688 95
1172 291
1412 151
542 191
902 633
181 941
1056 456
312 1176
1057 174
9 22
727 783
358 1249
135 55
458 288
982 1094
677 697
256 1015
1498 785
319 1331
960 60
402 1345
891 364
182 654
915 1433
1163 434
1182 578
407 1323
1181 134
495 136
132 464
435 308
267 233
1321 1149
253 1011
1213 723
82 687
1012 342
305 630
536 504
741 677
809 1233
1283 1386
805 562
1340 702
324 1296
962 1121
804 439
156 571
1396 1289
988 331
863 686
451 433
1470 885
436 195
868 334
571 166
480 1238
592 749
34 17
293 554
882 1132
150 1312
1056 651
1200 1064
1342 678
345 1071
151 1210
1378 704
1327 227
120 600
999 1362
140 622
350 956
904 1463
496 958
1027 720
438 1425
1448 1380
986 18
479 562
1068 459
1485 1308
613 1223
1382 737
189 1071
1253 394
424 317
669 409
981 134
443 1012
1483 330
1051 1333
912 996
688 681
731 537
90 1317
2 25
822 1168
920 1243
1037 11
1344 1376
382 8
488 379
165 1009
10 793
1136 973
232 721
1169 418
284 616
803 1378
770 1077
936 544
1173 1194
253 327
681 389
1135 834
1241 706
1117 804
741 649
1495 815
291 1145
603 896
990 1441
310 111
287 254
1300 1028
6 1223
1366 849
263 432
337 216
730 276
109 1336
158 25
121 1397
168 532
325 1051
1031 300
22 380
1086 1124
372 800
756 57
411 1126
305 1459
267 1443
127 190
320 722
51 194
526 893
288 1271
806 1195
1003 599
650 174
34 671
496 812
941 426
1490 768
419 594
447 218
194 1073
520 552
313 499
259 48
249 893
152 1164
469 267
772 1063
64 668
1160 1163
1054 395
321 622
750 968
456 660
666 134
376 115
818 88
616 666
648 477
1484 967
539 259
823 474
1110 290
1166 79
575 451
452 982
174 1326
286 161
359 1324
389 438
1449 1100
857 159
761 494
148 478
780 370
366 1431
1350 1395
166 301
275 1137
164 91
749 1478
660 458
1105 703
1044 156
1131 1253
634 249
1164 1420
1374 1454
651 835
613 801
146 1274
612 983
216 1214
553 1400
1280 1332
1222 40
1045 1182
973 1236
652 670
383 159
865 1251
871 1485
517 1376
289 275
952 900
1424 240
1435 1494
1029 835
855 765
418 687
421 424
1411 302
572 1351
348 221
113 1257
734 898
1211 755
1148 565
28 1455
276 132
227 1288
685 800
376 1038
905 774
930 1257
235 1238
984 837
1397 1116
636 1402
154 787
1427 1178
1040 1464
908 493
1038 307
988 186
1036 1273
150 1487
1291 992
1361 271
904 1179
638 20
357 1430
1062 665
309 555
100 1108
1264 201
654 776
732 41
1084 819
285 1394
579 1029
1195 1053
916 1174
171 191
373 101
1380 193
76 6
658 493
1069 704
44 541
50 497
957 179
1260 345
1233 603
1480 1350
1402 359
497 432
1136 118
1095 803
681 991
578 428
1404 225
1264 1382
138 544
1252 370
1350 119
1469 328
1038 801
538 971
976 134
524 445
1274 238
1296 1418
426 3
1085 192
1054 802
770 1065
586 794
1066 834
106 29
543 938
295 1439
896 783
127 1141
501 1212
1388 974
569 155
345 373
358 1331
561 925
717 488
266 665
417 431
1213 559
1473 254
700 1341
1363 253
208 1128
1241 819
399 1157
253 469
900 183
25 65
719 1272
591 1242
378 1356
222 1061
1023 390
803 1039
712 216
1479 363
1156 508
550 232
894 950
1398 1381
106 53
892 829
7 376
329 1018
397 904
971 759
252 781
507 946
43 1042
1131 966
1142 22
1462 1495
799 1027
514 366
1023 935
1273 921
711 472
778 731
323 39
294 675
74 621
371 667
1416 129
207 170
673 1458
343 163
44 1275
521 1457
1008 254
774 242
935 913
1355 1383
501 1464
361 1153
610 584
544 453
1391 1020
1354 1431
975 1087
548 1069
872 897
822 1111
1099 810
169 1214
1170 1423
1213 741
722 695
5 575
1297 1109
374 865
744 1089
201 736
603 710
180 786
328 347
1200 553
530 53
1213 899
1380 895
594 234
590 1402
2 583
1142 498
393 1402
149 319
1445 185
1183 279
286 963
638 658
290 352
238 1057
979 497
489 895
407 1224
136 830
1258 612
126 1191
113 564
1460 778
154 466
492 381
658 1035
682 1341
1022 1132
1416 1107
1421 1070
752 98
315 1406
1405 806
189 491
982 847
732 1139
245 361
869 1298
890 337
233 981
1239 697
975 999
1106 1263
853 103
654 198
1350 800
762 382
1348 1322
976 525
1392 479
77 341
34 225
1318 72
132 1278
4 739
1406 672
851 981
62 372
1252 212
1461 758
288 845
232 554
1152 81
1075 70
555 1483
386 99
1346 918
184 823
1435 586
806 1411
120 857
120 1367
1029 1399
213 1329
671 451
388 184
163 263
877 40
730 314
351 592
1236 941
1079 1072
917 1390
298 627
936 738
1442 610
832 627
388 910
809 1169
1420 103
867 1311
723 1160
255 192
1442 31
1022 1487
1051 1325
60 284
1344 535
813 154
759 42
1439 706
159 1311
323 381
1052 196
480 805
639 1093
176 482
966 698
1475 728
56 1077
337 805
251 732
978 245
1144 1351
1466 217
345 465
86 1134
1488 786
684 811
187 1056
369 964
632 518
829 1337
626 38
1100 1438
519 822
22 616
1236 1004
146 1468
365 684
336 1402
1171 217
1299 399
490 1061
159 99
911 914
32 1328
1076 746
974 182
1419 1378
833 654
586 1461
81 840
606 291
135 466
580 380
1400 1471
126 331
62 1336
1471 1439
1416 62
1233 1248
659 1027
758 370
927 849
1283 784
358 551
1417 91
453 1010
1392 1024
1370 155
1068 979
828 1328
320 985
101 125
1065 62
210 220
37 1143
1198 1381
108 201
1446 765
306 1089
395 592
678 1138
739 1038
982 1450
228 1081
1083 86
25 729
328 1259
1 602
1090 1008
404 424
191 1093
1297 568
973 799
795 244
563 918
780 744
852 401
80 671
1236 1025
42 203
53 1326
603 1149
1079 329
806 858
1483 430
1250 275
989 528
903 1463
45 21
722 878
745 574
124 1401
589 645
88 1375
579 977
193 936
591 1104
1129 853
711 812
389 743
151 1451
675 62
893 890
242 1418
702 743
792 1059
519 372
1466 843
728 1183
284 969
1063 1447
548 710
388 1101
766 845
459 297
384 438
796 162
31 1387
257 334
101 327
991 1470
103 62
663 1364
1292 136
567 439
1319 1257
113 922
571 974
680 1321
628 348
1053 658
140 553
603 1057
265 523
810 1109
971 1171
1209 1460
1345 855
631 1129
394 654
1289 1022
1015 591
15 588
1246 666
181 198
1318 889
452 34
1294 823
1482 1030
1186 992
808 489
544 1263
398 1071
1257 855
634 97
1199 611
723 1347
529 939
579 149
715 994
1443 603
1310 653
751 356
294 1177
1483 95
761 941
423 153
1110 857
689 513
1075 1271
903 1133
1051 1328
916 112
952 1482
566 552
683 479
606 336
98 776
653 1032
1305 1170
1048 297
1094 1148
53 1227
784 1201
1197 1481
282 604
502 53
1467 416
83 72
1187 1178
835 1005
446 1235
614 1366
1336 813
985 1291
1130 1086
773 1258
880 567
397 1321
372 698
1329 1375
889 1294
1361 1489
237 1385
1409 751
143 1371
675 65
434 380
445 559
388 96
1284 740
678 107
1457 813
593 188
1493 755
628 1309
1296 173
696 196
517 377
223 1002
317 118
1384 687
550 236
439 1157
483 440
1303 354
511 87
258 875
1148 226
1421 1263
1495 332
872 958
1018 796
1481 153
944 678
815 959
1455 276
1407 15
160 1441
668 438
1330 186
297 1337
840 636
1058 1091
1198 421
1072 4
438 1011
1293 406
35 1441
1183 902
628 802
1202 38
666 159
924 1118
726 1043
1009 193
1479 941
1270 1450
397 32
1001 1125
1394 557
869 72
982 866
429 760
1465 316
998 1330
161 362
1252 981
1046 1297
856 774
1156 1024
576 1004
563 1429
697 813
169 745
223 149
465 1424
254 1466
1225 95
134 1096
205 377
634 375
756 1177
456 773
1472 158
60 290
207 1261
1042 373
348 1465
1024 1238
1335 666
613 600
166 1393
325 1110
742 1052
1008 462
675 219
839 726
335 1133
1221 827
913 221
755 545
1060 794
299 233
575 432
46 1488
379 156
675 1305
130 1375
1193 1169
1431 993
348 1260
484 1234
1238 753
385 1176
401 90
843 293
770 437
1131 1243
106 253
1349 1317
328 352
1472 969
372 23
217 1467
548 638
509 1338
1015 1281
1087 1243
1483 1131
281 830
1363 36
1058 830
58 753
933 910
1414 278
160 283
1230 334
459 1307
711 677
611 1025
1046 1029
936 1258
1309 32
1485 1369
9 797
1208 477
498 985
698 1081
1055 382
197 1260
1037 418
872 3
310 492
115 1042
1274 1221
582 470
571 1170
1364 441
293 582
59 546
1354 1179
1375 657
235 954
1060 826
555 559
1185 710
677 510
503 128
676 816
1374 807
1472 1270
1492 567
894 237
1388 672
1114 795
88 196
1041 577
973 638
122 142
1196 702
1390 725
1445 910
419 773
944 222
963 247
392 974
1047 1201
563 294
924 400
556 1190
287 1166
1437 191
362 959
1325 1237
1007 177
1093 1479
1227 540
1489 1031
357 728
0 780
171 760
508 220
590 1490
441 846
1442 1418
75 218
20 1220
425 1469
0 204
546 967
60 1325
884 901
393 1287
1273 309
328 582
653 1199
1357 1212
559 955
1464 917
641 995
1139 240
1027 669
1314 758
410 1114
1400 225
1311 864
990 783
1474 1033
863 1481
1137 269
163 732
669 1106
293 738
908 1208
214 496
657 89
141 241
1020 1318
1121 300
412 165
1384 813
1177 174
1026 221
566 206
1307 951
967 930
244 138
990 1254
1495 875
965 1353
66 488
972 1191
535 674
304 78
988 909
203 510
613 368
1249 15
1074 1068
572 1074
1031 238
56 537
1258 1207
1358 821
247 126
1385 1304
169 1324
1024 919
740 383
161 1001
1200 541
454 536
1220 380
716 1420
249 1262
1245 967
35 1469
459 111
815 129
143 1496
286 892
1344 497
1449 245
165 566
683 93
1359 778
743 898
414 571
437 221
824 291
842 613
466 540
1408 770
628 1162
127 457
1142 398
749 1039
1351 897
84 1006
180 396
426 1316
1213 4
163 1114
1183 375
762 1008
859 1021
1192 924
1148 708
124 1190
615 772
373 469
1037 1397
1163 195
1255 231
558 46
168 1342
1476 1497
1331 451
43 797
417 671
784 1055
429 15
869 1420
1456 914
1265 295
899 715
457 1185
139 989
1134 699
291 51
1165 324
1253 62
450 1173
512 1188
1034 1389
1197 1172
614 1070
339 1014
1234 1425
1028 1023
427 999
566 53
438 594
756 580
353 764
1495 1229
76 164
1016 911
1469 688
1207 613
1049 866
344 627
899 677
766 1272
355 566
212 875
654 344
840 1242
1224 281
1236 1363
188 80
73 864
929 380
1279 566
441 1132
40 484
502 1154
488 628
1006 977
386 342
83 1198
297 1213
347 1259
24 1178
1308 543
784 1163
523 1492
59 934
35 720
79 675
67 886
950 1248
179 1395
955 494
545 48
425 1427
1482 1029
1429 465
364 167
1494 884
707 1297
789 154
423 645
1336 845
227 275
1341 258
189 575
690 1117
1370 113
905 866
677 1129
156 679
1452 534
922 1337
995 979
909 676
1396 1055
755 1197
1151 536
272 1353
266 499
921 380
239 151
999 614
1389 1057
452 770
889 969
462 617
1038 449
8 174
1200 206
468 755
1460 804
734 236
991 1481
570 729
614 830
300 723
590 13
488 1346
521 1175
4 624
1106 1441
330 1432
1098 211
981 165
677 1481
323 624
377 1162
656 706
1352 1452
0 706
925 734
835 1067
268 1019
1009 665
1106 1077
1489 847
328 1168
459 784
93 459
830 693
987 666
1004 129
1170 596
782 234
488 1166
1114 793
220 1174
480 542
288 1152
9 696
1005 1348
937 768
1350 222
467 667
585 816
877 51
477 290
405 1359
485 184
1426 1295
47 801
917 130
212 1469
1103 990
4 620
78 536
994 2
1217 393
103 761
1440 1454
1247 905
998 853
389 151
1491 338
804 1359
509 182
244 1309
212 696
1198 1487
567 221
1337 1168
1357 1347
1262 1486
566 611
979 194
1226 629
151 785
929 538
62 970
1337 537
362 370
1118 589
1034 1294
1228 1443
0 1358
1181 369
846 348
63 1003
1030 899
1409 405
976 505
229 739
432 943
915 684
1222 1220
113 372
409 813
53 1019
303 187
1199 881
131 838
116 361
854 798
135 293
1404 103
1023 327
284 236
1241 48
725 62
709 1439
869 1278
1336 809
286 348
714 540
638 173
283 570
905 826
31 21
1242 8
720 662
816 1401
1430 1347
264 445
1255 171
1289 729
140 365
132 54
1029 747
1154 108
1262 513
494 877
917 192
531 788
711 853
200 427
260 45
1200 1400
172 485
1101 270
1203 841
215 260
1404 1051
1377 668
261 165
1411 1275
1196 456
1263 376
117 1221
1447 342
189 1063
303 1108
925 426
776 123
874 254
1380 440
346 1352
200 1295
389 1460
1191 919
596 1368
1175 288
147 1432
459 155
619 385
521 409
1385 392
383 131
180 70

1500 3000
354 8
185 1331
626 721
124 973
1452 140
1225 622
690 21
419 237
123 606
460 192
1457 1294
263 924
1167 742
340 475
350 950
309 560
694 837
369 1265
1057 1224
1304 802
624 1129
276 960
900 792
1160 1448
617 307
1386 1348
850 768
685 792
630 1196
1218 522
301 8
1237 1241
953 1246
1049 1261
1421 1417
617 204
852 646
583 1464
1016 181
664 1103
1214 951
277 1033
1010 1076
420 163
694 741
850 1454
978 457
575 1336
772 1037
733 881
195 100
55 210
759 75
392 473
578 1329
217 1424
1110 836
1439 4
529 738
192 818
974 628
585 367
520 447
752 7
1065 95
621 564
1404 95
1417 345
848 1360
194 751
1262 1135
621 1391
808 950
936 1062
71 1090
425 804
625 21
1312 563
504 682
700 9
397 363
423 1393
51 432
663 398
1362 1011
51 422
23 1165
1427 972
1366 1368
1295 799
396 1056
1469 203
6 383
680 557
93 187
1357 825
633 63
621 571
169 440
904 1221
1387 138
1462 1465
386 274
571 356
449 1468
770 1463
719 872
1483 46
77 1070
355 732
1091 4
191 263
1219 148
1123 1457
331 1138
450 1102
1381 416
824 1329
369 53
484 1269
360 1035
1386 342
418 912
186 1011
241 1499
28 530
593 1410
989 315
1061 20
1019 1113
1422 805
42 896
730 622
154 1212
303 577
1154 1093
411 34
856 21
736 469
1401 369
338 1350
928 525
13 1195
578 457
1152 1446
1271 663
923 1261
388 560
703 1192
1293 33
228 769
1172 533
1487 1437
1347 821
18 195
169 717
1194 260
1477 89
1021 707
95 26
883 1337
1029 1335
1083 126
1032 1069
245 1072
381 375
224 1099
938 1218
279 1247
959 1085
1043 358
1071 1141
351 677
936 141
1486 1024
63 1385
1318 308
342 1380
511 115
94 68
1114 665
905 811
1236 1177
1195 311
39 1098
401 1011
1448 550
1292 1487
47 214
182 724
534 716
270 249
1297 429
1305 728
1152 729
1072 710
1071 200
1337 501
171 839
1170 107
1125 1271
820 965
1294 1204
198 998
988 548
1147 48
644 1407
400 816
1185 363
1053 1333
329 395
770 983
913 454
310 454
1127 77
1009 903
1183 1352
441 85
59 22
767 1286
509 1420
1314 1249
1451 408
413 876
1197 711
317 1089
633 1271
453 1077
493 1077
106 954
820 878
808 1028
904 562
178 99
422 653
716 1128
1001 249
356 872
708 634
737 556
301 599
1399 465
1048 1387
698 819
1299 555
1299 1463
1092 256
578 62
171 1053
145 1069
659 1173
145 426
366 1049
131 1260
1470 1434
1282 346
698 518
687 594
491 1066
1296 189
170 340
558 1405
595 1078
999 85
953 1260
365 885
240 1334
24 1075
257 1185
1284 1309
1111 6
1299 59
21 559
444 806
1453 190
226 1348
749 677
224 762
1363 329
1152 1432
217 891
1459 476
569 9
663 105
530 1010
1112 1028
555 1303
1028 441
708 1378
17 1401
51 1164
62 454
1457 1062
1159 47
71 1040
802 1124
1326 1139
242 1098
171 657
677 1475
504 345
698 136
511 1092
1426 685
1348 647
1361 1308
900 1417
1319 916
1016 52
239 342
73 820
1221 830
383 350
848 1299
1055 810
757 1058
497 329
998 289
415 273
1428 1433
274 422
848 333
324 1216
199 232
375 400
154 1103
408 1128
1181 325
934 260
484 1383
266 900
850 818
723 968
922 1219
885 980
1220 676
476 605
997 646
556 1425
882 1294
1207 1030
195 31
90 657
627 37
471 1011
1030 1490
544 1190
1268 218
999 401
1054 804
1098 828
1120 1236
897 617
622 1464
1085 470
1266 1097
620 1206
748 999
381 1115
190 1074
579 945
392 858
559 1006
862 616
706 848
502 1125
161 556
1448 389
1317 1331
849 548
644 966
700 530
1357 115
420 835
1215 1090
902 1288
539 304
885 1028
310 1260
893 137
862 326
813 725
652 729
531 1411
173 1440
1056 661
1055 1014
11 1300
336 1085
1183 1424
1017 335
972 775
556 692
945 893
296 1011
1423 1366
14 558
396 654
455 618
1285 231
484 339
98 343
587 152
1242 439
767 623
399 1374
316 929
862 936
532 336
530 1368
1210 231
346 1041
781 801
99 1399
1025 424
1080 1175
297 676
1194 650
853 1330
880 123
166 909
240 634
277 688
1019 566
152 914
897 537
662 931
498 834
729 232
666 962
1194 1233
816 81
816 289
544 1362
1157 1343
928 883
334 761
1089 377
789 917
700 176
1024 1201
149 1234
393 34
1372 38
896 1366
334 1007
1085 102
921 182
560 1114
709 279
274 1177
947 1412
823 1376
234 570
1147 1008
482 1146
248 632
1277 1308
1200 854
876 969
804 455
1105 1488
861 1205
471 54
1138 739
1357 1174
941 339
554 464
371 992
312 1088
1240 783
849 1080
202 813
1152 1138
1153 1203
228 1276
375 109
1151 384
454 620
1226 463
111 932
1268 950
1213 1228
1448 760
792 383
1028 970
727 401
371 852
617 951
143 62
1458 1106
746 251
153 387
1373 1419
952 917
649 844
505 754
27 329
327 514
818 494
1403 809
396 318
1387 980
950 928
996 960
1117 1091
160 1065
804 477
467 911
926 296
1141 1270
823 710
376 474
1049 315
1470 86
366 1368
892 38
1071 1440
587 262
1076 103
446 37
882 922
511 739
43 1089
1264 163
564 1223
1054 90
461 80
361 700
478 223
153 1286
1229 297
724 544
390 1036
255 525
771 679
1048 190
1241 1121
1301 298
925 314
819 1331
790 684
1119 544
1329 1217
28 45
577 625
1060 1207
765 565
468 934
416 1005
417 415
549 729
854 718
785 1465
757 466
996 464
442 795
644 1450
1168 869
789 749
1221 591
319 1072
1292 1373
4 1004
1254 846
506 1280
1341 1054
123 967
661 344
1184 308
339 1293
1348 424
1429 797
546 858
198 321
480 216
423 1342
297 379
1423 855
1165 238
461 1012
1329 1128
778 940
177 1190
794 1053
1331 1490
532 728
1087 844
962 636
1328 1200
409 1366
1470 1084
1302 1117
915 175
838 543
449 135
1342 749
82 1123
461 1217
1382 1148
456 507
219 959
564 691
802 618
204 1201
121 452
1017 1235
337 1263
556 1246
525 111
550 1452
775 148
269 1085
499 217
755 1214
1474 105
441 552
369 1357
585 942
1289 982
842 752
967 1199
140 510
254 892
1424 580
1265 296
335 784
265 1215
926 213
732 970
1243 475
412 612
1438 1336
1466 919
1442 381
148 851
402 1047
654 280
1445 97
349 1003
1253 580
419 119
109 1485
309 1317
738 1397
660 848
537 130
554 645
996 70
187 366
337 1037
1235 445
1221 737
258 130
857 830
732 1313
523 1336
963 1162
583 1390
1406 765
1159 877
1278 820
764 512
1049 460
1116 384
1145 731
763 789
1434 13
630 187
1260 882
460 509
1236 900
157 511
447 368
1326 1413
835 886
1155 926
234 1086
188 775
784 1246
574 769
98 35
285 342
111 223
292 986
243 1158
599 136
344 73
564 1272
1342 141
627 69
967 588
1244 1410
473 34
145 1138
625 1040
297 479
103 559
1491 1224
1350 12
1464 217
1472 1371
678 1457
669 827
318 618
1444 1336
968 662
1208 790
113 795
1365 1344
1180 9
1036 355
124 270
6 1086
1449 1484
26 1182
1263 1113
1420 376
461 366
1172 1060
1148 301
1180 1299
1083 1191
35 1058
324 1187
18 1192
282 766
637 1471
75 738
1096 1076
537 705
27 186
1216 1033
1275 1344
268 946
537 6
955 190
167 803
356 10
1270 354
184 534
1379 195
164 1303
954 502
837 986
752 534
148 746
1026 702
1296 281
838 848
953 42
378 601
960 1267
1005 990
110 982
75 81
98 541
664 375
1139 650
588 892
1229 314
302 1102
265 845
1372 424
1266 1072
1178 235
189 1088
1305 531
368 1366
343 1140
37 1365
1449 763
900 1277
1426 1475
342 1429
987 571
1407 619
478 379
1104 1357
768 1080
872 1458
953 406
957 750
538 920
408 240
705 570
586 1060
1341 830
1314 184
513 991
1075 446
175 1150
508 1401
1384 997
935 218
582 661
1240 675
1095 979
658 1430
572 487
615 941
47 419
464 743
669 631
498 1207
1261 1285
126 930
823 605
219 892
423 1055
1351 754
203 104
1430 262
812 1144
469 698
937 1255
308 1475
607 496
920 462
681 1300
305 803
1366 718
358 51
317 731
374 590
1126 312
1493 541
54 643
1491 653
71 124
407 542
905 1228
157 950
937 180
261 440
263 301
1350 1052
926 150
336 1153
1411 120
742 650
1090 1440
153 5
400 98
1038 866
826 1069
245 735
944 553
269 508
286 841
304 872
373 900
776 1089
255 366
180 356
1374 412
98 951
1337 495
228 800
1490 413
1176 1269
236 1405
700 616
789 509
17 1376
947 593
1202 1007
261 400
359 647
257 398
1214 336
876 46
1165 759
1047 254
278 926
784 671
568 1132
969 593
974 1463
1244 536
122 728
610 1280
615 472
352 1195
536 835
253 154
686 1013
1375 746
780 438
532 186
1168 788
218 1203
1386 987
85 991
677 1398
1486 1114
668 748
954 82
1309 510
880 1469
1379 1463
628 1128
1332 1277
267 807
841 868
1159 1228
38 391
1243 28
1368 251
470 1222
105 640
1337 831
922 394
848 1113
103 619
859 1409
1408 1307
1152 1284
529 409
991 1075
108 619
313 757
1325 768
736 512
894 562
185 848
1476 716
225 503
771 1118
32 109
248 716
62 107
892 119
66 681
1298 939
680 887
165 843
169 1312
316 331
77 1413
480 1108
1437 1223
285 92
7 860
1477 1496
1062 24
1304 10
196 269
348 884
503 183
499 761
1176 1367
457 1483
1003 1462
807 142
804 858
876 106
952 551
338 880
71 715
302 566
1372 739
85 1371
186 582
920 355
146 1238
745 86
1124 1072
90 234
666 16
336 1475
822 1468
1282 702
1475 639
386 461
555 618
340 1454
1228 925
270 705
1496 437
1103 418
412 579
1378 1242
1328 1496
313 1493
492 157
1374 403
373 396
1365 1141
727 719
619 279
1065 1412
1211 1222
1276 28
1437 684
429 1028
334 93
1102 547
569 226
417 740
774 116
208 415
671 1227
983 304
891 427
476 1224
1265 954
1160 909
561 526
745 878
375 173
222 1217
1105 1113
975 1289
1042 1301
230 527
1061 352
860 345
228 1273
245 1079
1042 778
323 2
802 1183
1229 1368
465 720
1393 270
107 606
1259 189
366 204
138 512
531 20
124 523
1265 318
633 318
1465 1302
313 68
445 776
29 646
532 667
613 1095
276 789
180 702
1395 1192
777 1210
753 467
1173 793
1208 870
1458 540
653 411
16 1212
726 26
1237 1141
915 715
1455 184
689 1494
476 771
27 100
577 286
84 499
1154 309
58 382
936 281
1080 188
217 569
125 530
1095 73
1229 566
487 509
914 238
814 821
1055 596
252 844
1042 835
612 246
5 863
391 241
805 1138
158 1342
664 1260
988 731
378 1264
1296 815
1360 156
1367 1183
1378 809
1224 713
164 1285
497 1371
484 804
964 1064
165 362
1173 608
506 1311
778 276
423 442
1337 477
1446 241
112 1474
124 94
90 565
1281 60
24 1052
454 12
779 477
342 1273
761 1095
369 556
1136 720
1214 240
389 943
1103 1495
314 715
233 114
845 811
886 1081
758 155
1029 432
1418 478
231 214
370 1140
1441 110
784 698
1004 1413
421 895
1255 545
103 1449
222 1163
828 1062
594 738
638 855
971 1255
1059 92
693 668
1415 844
666 644
618 315
723 35
1407 1406
272 326
419 1118
621 10
1256 129
23 1153
76 355
483 1084
84 732
249 707
290 923
234 760
508 561
1463 1492
912 533
1216 1332
377 65
52 492
1219 305
1101 677
160 364
1417 56
543 1036
5 364
268 1296
350 1355
412 1343
652 595
356 1033
350 683
1171 1298
1088 733
1486 214
733 1237
675 1459
861 10
774 898
1211 180
20 693
515 1432
184 572
1319 733
44 1465
1011 1431
31 1030
738 279
405 1087
1002 910
1441 471
762 692
725 900
1491 458
941 593
928 973
1190 320
891 433
220 1171
685 972
431 1285
912 1340
374 531
786 1245
1279 238
489 806
247 296
140 1159
1128 168
1002 879
1007 92
1365 1215
753 527
997 656
743 804
486 1387
314 627
270 1123
971 1298
126 335
38 373
1130 729
853 109
245 801
373 556
335 291
925 849
1130 245
1094 1313
1259 1138
450 1028
284 790
92 40
477 925
748 533
685 457
637 403
494 915
400 1347
735 663
371 879
1006 651
1172 328
633 110
1259 480
730 886
227 677
892 137
1318 792
57 1309
272 155
711 751
826 746
658 321
1127 370
1160 797
486 975
337 393
1309 271
491 1342
694 861
1124 139
723 690
161 24
524 198
688 30
1076 89
311 631
7 599
389 791
873 825
1259 351
72 322
913 1002
1454 112
15 1209
585 557
1337 922
1017 305
478 389
485 959
20 1027
811 389
944 1079
723 602
1375 971
1424 46
1044 137
1434 1481
964 1202
468 1463
86 1419
340 1002
917 87
898 374
553 163
358 232
509 199
1397 746
965 483
1413 1117
163 453
252 1127
179 392
1081 703
142 130
453 355
1286 747
981 1190
1017 1404
363 118
962 618
271 794
243 641
320 460
1406 514
909 95
1245 1476
964 992
1401 620
26 1283
11 292
763 369
1397 1092
1209 827
1400 809
1358 647
773 999
192 1362
1118 642
232 1074
663 478
125 1017
1138 1137
1222 667
1161 1179
1096 788
1026 378
533 694
321 124
599 1305
92 1170
643 249
1461 1161
102 632
172 1099
1330 284
274 706
458 1000
665 619
453 854
1145 156
1348 373
1355 657
578 73
973 1385
505 1250
890 1094
1377 1433
136 2
977 119
302 314
735 719
667 1301
569 936
1426 235
1390 1260
416 462
1028 344
247 534
352 1411
972 195
156 1082
457 10
1213 1348
216 387
1005 1175
1168 413
684 277
1161 1078
1241 1209
1078 1477
488 491
678 316
488 157
659 780
919 1082
925 156
1329 380
1400 836
1361 289
973 914
494 386
260 1226
875 402
262 320
272 1361
404 1219
972 963
1196 1042
1393 435
322 365
693 1042
996 549
233 358
711 1193
12 809
563 688
1019 1350
13 1337
778 1108
387 902
1383 804
1431 113
860 1054
1280 459
837 1104
1341 896
1376 1085
501 1444
106 823
1280 619
850 498
1396 782
1137 365
1130 659
723 1299
0 675
84 182
1038 483
1214 227
1180 74
1176 527
1327 1304
885 844
659 830
385 676
168 257
1192 340
976 330
742 751
1292 704
689 657
827 35
503 551
593 1147
904 1012
727 1080
772 833
935 1155
1083 930
1469 525
455 983
46 999
558 905
1054 768
1315 542
65 1144
899 1430
888 1424
1067 1231
80 848
1070 789
457 913
1231 107
554 714
847 376
776 631
137 88
1362 1227
707 210
744 1290
1081 699
1402 1259
1401 1489
416 454
495 666
196 146
786 1189
367 364
833 1480
571 1465
211 657
999 105
1335 762
1375 1298
1425 1115
944 924
808 941
565 464
215 569
289 511
506 689
704 287
971 95
475 1269
322 1176
1109 1033
1145 1376
214 616
1428 1353
386 94
895 1269
1479 1443
1253 655
739 926
1104 1249
43 1376
1393 1257
42 921
1356 832
379 926
406 1321
914 229
1423 519
389 632
804 876
404 1437
82 1244
1412 553
1262 115
1201 537
100 1476
881 1159
190 1476
337 1062
453 606
1342 1425
691 553
1449 313
1403 1121
690 234
1047 874
1302 1172
820 142
974 1241
276 802
806 961
960 897
1454 871
462 937
1446 885
194 1164
343 778
1168 140
318 334
855 701
554 1276
247 882
1163 974
1209 1437
744 1414
1436 451
769 522
133 797
1263 297
115 383
1407 791
569 1494
839 1070
876 1440
237 629
420 1216
840 1474
19 229
650 934
762 934
24 492
1445 751
1065 542
756 449
833 602
997 792
1448 700
1154 1254
716 233
1390 357
964 257
1238 1171
152 448
904 1433
416 727
899 319
658 10
147 1005
270 920
272 1033
447 292
711 1410
1342 617
1160 849
723 1246
732 53
182 981
1176 1348
1335 218
648 148
963 1450
583 1361
1276 431
1469 383
681 466
854 1157
830 635
1105 999
193 1285
1227 1027
1408 721
993 1335
1346 804
1 1372
1371 1198
128 195
703 772
107 26
1196 1158
916 1022
253 1160
66 1468
719 456
1086 1293
692 1338
385 230
685 900
254 233
764 645
208 510
664 1389
1276 1459
1221 120
635 140
1334 785
121 745
1229 1036
718 1245
1240 281
439 925
1353 1310
786 789
657 584
1219 122
609 1237
142 911
217 371
897 658
17 9
1337 1022
10 262
1239 405
299 1482
1429 153
1119 70
838 122
855 1449
142 1349
473 894
2 119
1059 1180
127 849
108 335
889 1087
1307 925
893 295
1230 932
997 1193
1054 457
570 1457
28 166
428 6
453 1180
793 685
502 412
483 46
501 808
463 1035
854 859
655 55
416 595
1443 1471
347 518
223 199
1244 1304
1326 482
149 58
934 1131
425 301
467 531
423 882
956 1109
1188 858
899 1374
1341 60
368 1291
168 1241
466 32
757 53
255 1151
873 21
1091 304
1306 414
613 751
1219 195
255 269
811 960
103 297
1163 1010
9 1050
71 708
398 426
272 103
930 144
595 874
920 129
149 1195
373 1344
234 571
1103 4
83 432
1465 131
896 447
1379 1425
1412 217
445 504
750 1186
274 77
665 1466
1265 462
1109 758
216 563
1083 475
124 802
1324 133
1192 348
851 874
111 860
1478 1138
176 1205
770 956
826 1157
1256 433
859 6
1121 285
855 826
826 935
637 654
1310 40
358 1149
658 1224
615 899
1389 429
227 822
1424 36
1118 1054
913 857
564 1214
430 1298
884 1337
1142 1196
952 97
611 364
256 320
118 420
1430 791
136 248
1122 1253
1315 707
92 557
669 1366
1129 953
882 655
568 821
867 227
461 375
1096 867
873 816
1015 1245
33 659
1445 102
228 428
1403 804
1187 1438
1412 924
713 350
871 1003
1272 37
136 821
241 1407
33 61
177 858
621 1037
756 1046
1381 210
1363 1133
1161 1410
1233 926
494 1277
1487 1051
1424 1082
154 1065
1435 624
985 1410
5 804
708 847
267 224
1036 615
258 419
1055 1419
508 947
450 214
1161 105
604 423
1407 1225
1194 701
22 592
1183 1146
1045 621
1202 1363
168 1462
1434 622
231 1130
958 68
225 1187
760 1106
949 99
702 1271
118 606
65 918
292 1390
1313 1317
1355 1034
371 1479
1286 213
1100 1294
1333 153
548 1357
1003 752
1103 1326
84 429
1454 780
1089 802
1178 524
1156 869
894 904
422 1233
705 659
1139 582
886 130
519 188
303 592
1325 508
65 1067
1040 1424
223 553
265 957
179 417
1277 32
102 1117
1365 240
1120 992
1218 1336
688 1447
410 511
172 1294
242 1066
86 573
1223 542
1233 1066
762 873
171 121
782 1343
333 1441
1130 1460
69 973
917 763
1013 1354
1045 727
1412 123
118 278
1190 1168
17 1263
88 839
964 1009
493 592
939 591
850 849
794 1140
1308 1092
1183 838
325 184
206 1395
631 96
1429 1236
1132 525
854 843
1297 1349
56 1261
348 1258
162 1461
532 234
904 401
603 505
1362 359
293 1374
1002 130
640 1209
1267 762
1112 265
512 1259
1315 839
919 393
883 209
157 1307
926 408
1224 584
1414 975
3 421
1260 1419
886 1062
214 826
84 827
343 1432
618 34
693 1487
1370 687
1114 728
1237 989
745 161
1321 791
38 1365
755 1138
410 21
191 1275
895 22
1243 1000
710 59
388 1272
5 657
767 129
537 100
29 201
1266 476
1454 283
374 868
33 387
1413 874
140 1097
1360 1113
900 308
716 800
529 261
1221 981
1112 1157
1166 126
503 1228
456 1323
1124 583
809 1491
1122 1481
975 625
763 719
225 505
191 120
1186 1383
67 384
876 1382
299 626
75 401
550 1491
926 866
1333 425
694 908
120 1197
1482 310
765 248
1210 218
1107 53
385 643
263 354
1407 181
1464 663
658 533
607 853
769 396
1012 1251
178 44
154 240
415 935
1032 718
431 753
730 1028
1153 1432
219 169
1437 735
909 326
282 548
499 1255
723 793
796 537
1157 97
1496 1450
282 971
574 996
985 1190
459 451
1131 1257
843 200
291 752
335 341
764 721
10 898
1336 401
1402 530
685 350
907 264
831 1123
10 929
61 996
929 1087
1187 1292
874 1472
1030 1021
48 1458
983 1284
932 126
1372 1118
786 1186
26 1162
1139 995
504 1390
163 377
7 488
1121 882
1219 15
1151 1119
1300 1229
531 1438
592 775
1237 929
224 1004
527 1399
1214 682
305 129
1174 295
982 971
686 240
184 284
1378 381
833 1459
365 1186
845 1428
328 1043
191 1344
765 15
83 14
958 995
56 349
920 427
1317 267
622 1279
950 1406
685 973
358 1371
1000 367
1285 1207
933 708
692 515
690 352
725 150
944 943
56 1122
533 556
437 645
1461 418
512 1384
787 1419
366 1048
503 42
287 580
899 245
692 1149
937 1421
1409 777
609 746
1245 215
535 389
302 1039
936 915
1384 118
1199 1450
583 582
1 704
11 1341
835 172
472 1031
799 912
983 379
1477 857
1055 1272
1414 426
293 861
910 282
1157 1226
483 1172
1173 999
416 517
242 188
946 1354
152 1074
487 895
921 1202
1128 623
666 367
982 1440
1413 463
1046 696
1340 240
1302 969
783 1069
406 460
618 324
268 698
538 1317
381 1324
1292 196
201 1048
874 824
20 1249
523 253
1477 459
320 731
772 1210
299 472
904 278
193 879
1176 19
899 722
346 843
1045 1218
326 845
1103 948
334 1052
801 675
1164 1061
1312 1184
1092 956
1477 1320
1120 214
1276 1439
398 1157
1115 1193
217 1027
1433 374
443 675
1151 1232
891 608
187 1166
505 669
321 1480
1388 126
44 214
1187 1331
1188 1308
558 743
56 466
1207 101
897 131
710 479
1415 984
276 1020
1081 394
881 1166
1031 1214
663 25
253 899
70 1439
600 331
1019 197
636 477
855 337
661 406
121 962
1090 1057
280 137
1078 552
67 831
923 1283
554 515
748 931
435 1240
541 423
37 1041
416 464
1090 734
1311 1186
68 1417
410 37
1253 337
737 1325
302 653
915 804
225 134
1267 194
448 709
322 110
534 1224
629 159
687 469
579 977
936 513
1384 15
614 1010
934 185
1137 1060
448 792
979 843
761 514
648 1346
710 92
444 1289
1413 385
1217 168
964 813
932 1278
1379 606
1172 355
643 551
562 381
1134 1258
1105 1226
1312 398
582 20
516 271
135 510
144 497
104 1263
1329 1277
867 1049
147 498
606 629
1082 552
108 168
325 851
1263 515
110 993
1374 456
118 1029
548 384
1424 728
1158 944
513 870
226 144
428 599
29 484
218 632
370 1193
796 547
529 153
673 512
1422 177
1248 211
1293 1394
931 717
174 927
1097 683
1348 667
406 1001
1012 1226
116 436
231 73
637 548
908 1451
735 151
213 728
1019 389
326 1408
1188 1343
1441 151
534 381
1411 1004
782 738
1181 564
278 1151
921 668
239 209
328 648
85 816
951 1272
1178 202
1475 701
159 371
139 41
342 1145
865 370
1133 1142
1165 198
1317 184
1093 927
791 1465
539 850
1280 873
357 1322
842 1220
834 809
1257 256
722 731
1198 794
959 1273
989 351
337 1349
1361 814
816 251
900 1423
774 40
298 1218
849 918
29 1403
585 1277
1054 1126
777 1242
1452 70
209 1399
625 1215
1158 1184
388 337
313 1091
343 1484
229 160
824 580
1055 1351
974 467
453 243
213 324
296 128
692 446
267 521
506 220
616 1229
1455 1196
88 890
204 1470
161 1405
426 837
923 242
100 1206
1277 1345
1042 642
703 726
689 1070
28 158
1359 1027
1093 658
297 258
248 1324
1004 672
198 125
649 1099
871 500
390 1450
172 394
176 1097
326 507
1466 251
540 616
1433 621
181 885
1372 903
1087 514
160 108
391 1315
1283 21
1068 678
746 560
564 1251
1252 188
645 644
1228 1248
60 1028
484 16
136 24
1480 882
618 247
1128 233
430 1340
858 1079
780 713
264 1443
406 412
519 81
755 791
107 74
602 431
935 1098
1017 971
131 1088
1096 1327
381 410
393 526
1298 596
5 1168
199 1277
483 1388
462 73
1188 1176
681 885
210 56
970 353
1318 494
832 1384
1219 1035
609 19
1125 998
235 1275
538 1201
926 716
1001 640
1231 6
1329 657
566 941
82 576
1063 1232
144 209
210 1087
214 508
872 1327
266 914
782 126
102 1353
812 338
1399 718
766 1343
1400 1331
842 5
1127 1295
363 1079
739 365
1068 154
18 259
833 1089
1063 486
901 587
794 566
1315 589
1198 436
730 340
1362 1348
1051 329
362 417
638 312
333 1291
1366 641
482 1073
623 813
39 1000
1393 751
543 262
579 27
959 295
993 868
832 0
659 19
1408 505
1323 42
122 828
1083 1129
1014 40
720 122
1311 1258
1256 735
261 593
840 152
921 1121
536 228
1275 219
412 386
672 1469
81 717
591 1349
795 987
204 902
681 165
296 680
414 1190
818 743
178 45
1430 467
1316 1085
872 232
10 961
1117 499
693 343
237 1266
263 852
1234 277
727 650
1422 190
15 1167
765 1010
573 978
1161 1143
725 284
738 1272
548 934
1490 492
527 659
845 825
1383 1259
29 616
360 378
150 1267
142 1337
1038 417
832 1345
212 157
1396 1069
673 1367
521 281
1046 428
769 1332
954 328
1434 1433
464 229
1159 1392
154 575
806 732
175 762
298 1138
528 778
529 1144
1110 709
484 93
110 1101
434 884
39 1152
593 386
485 853
248 1158
992 276
1344 407
154 881
385 1220
823 1101
627 1041
950 578
343 301
449 1039
1075 1212
885 207
273 460
744 604
660 99
1025 135
757 245
1179 835
231 418
676 915
529 1346
1314 812
71 1444
697 276
88 770
583 413
658 530
1221 851
463 984
380 587
153 623
217 330
1396 1277
477 427
805 723
1077 192
1019 19
919 976
433 1406
1368 1162
1287 1363
65 994
1118 647
875 1157
1448 694
391 856
157 686
76 1033
476 1087
679 736
209 833
1318 269
821 1490
253 465
824 1071
239 1471
1020 1422
108 358
1477 294
1193 1331
1096 1339
96 185
1010 326
811 753
1303 475
210 100
646 1084
1413 516
381 642
1217 1296
60 1052
1057 1115
1228 1263
976 468
1254 366
90 70
1456 395
181 1059
198 856
1497 89
756 1424
3 18
260 698
476 218
1022 724
600 19
281 1498
213 1150
908 519
258 1337
1497 1338
282 194
505 489
910 1356
657 538
1430 79
368 1175
305 822
771 1335
946 57
81 1451
690 864
1398 972
325 401
1296 772
1035 1293
537 1471
1286 766
671 122
284 86
243 361
1498 979
74 1114
1004 1110
523 1011
1395 1478
1247 164
373 1170
431 1201
801 502
868 1157
1321 1360
1280 550
555 98
1387 928
1450 892
490 22
184 449
1253 1237
1232 85
253 619
1214 98
655 499
406 1250
450 445
956 218
1424 228
1251 876
213 808
1278 162
588 641
819 735
855 1137
859 1476
240 599
834 1454
764 233
371 421
641 1368
370 1441
948 1137
829 1455
227 156
815 903
53 308
1316 220
1342 149
753 79
632 1397
844 1007
1468 162
960 1075
1211 1327
819 1124
1069 1305
823 719
887 138
732 844
483 398
627 151
1012 457
332 78
519 1055
1066 1403
695 757
1142 708
150 750
1495 1072
1111 670
901 1217
1264 682
483 1378
897 338
1389 1127
330 537
1488 1175
833 762
1375 1376
68 434
1445 1134
350 258
924 1437
1258 359
465 584
106 319
189 1494
590 1084
759 164
509 542
403 1227
649 289
807 289
141 1163
908 1336
1485 1025
205 911
41 421
623 1218
585 1058
595 720
940 30
879 19
1297 588
1048 497
547 25
398 23
916 1211
1397 126
1230 760
1378 1179
810 987
579 334
1467 27
801 1181
480 1156
48 1323
717 704
1451 1023
1064 421
1322 467
1286 919
1043 1352
686 1271
1430 1023
552 318
1248 668
1275 1483
629 361
1111 846
1285 25
1147 865
169 962
517 443
401 1145
1461 209
879 1158
337 450
393 1087
260 357
274 552
871 311
892 1259
148 634
50 336
822 1207
484 806
998 1397
1347 1447
1021 894
583 520
507 1431
1062 1245
1199 168
256 1474
385 1100
1117 160
701 1363
201 612
261 1349
313 83
1024 510
1228 578
771 1370
216 241
762 321
161 1122
1403 1143
1099 1121
334 975
309 347
1000 1393
205 379
74 932
888 100
176 204
1312 867
91 818
78 145
481 881
822 174
263 444
204 602
765 790
987 1082
559 2
1338 886
888 822
293 124
982 1436
1424 640
1162 1361
1327 520
658 54
1281 1270
101 1100
1465 1383
361 251
1106 727
738 220
669 657
47 260
1367 836
1122 1195
1194 22
1151 416
799 1383
1385 1305
304 125
128 179
813 1285
1284 150
237 1069
1238 1450
948 121
923 120
913 1437
1140 372
1019 1353
801 12
1279 613
821 700
292 1332
798 900
321 313
904 1449
49 930
861 575
318 1344
90 1167
1136 216
1025 392
519 1204
1181 143
333 1159
1104 700
496 1471
1384 1302
1082 683
1019 1034
290 1239
71 747
1349 267
61 656
166 130
829 400
813 1486
441 1300
1065 171
1137 345
883 636
1002 1352
1136 1319
1498 1102
1010 835
1112 1117
802 218
1402 1074
1158 715
1489 1173
987 556
1119 858
494 450
883 273
1340 822
1412 280
582 1416
600 1046
707 63
1048 1466
462 481
426 1406
321 616
1477 366
315 58
1280 353
1266 530
42 422
1386 126
648 288
314 181
1367 987
352 546
478 1130
1340 904
37 1359
1013 259
480 40
611 729
499 338
139 554
23 1181
1191 694
1413 1390
161 1339
965 216
626 1184
1314 1410
307 573
1272 1339
1233 829
383 235
1004 228
1172 824
161 40
741 1173
540 607
693 1451
742 1094
1012 1269
422 1302
1066 1002
1154 385
409 611
14 1309
503 565
181 375
764 355
1261 566
1076 781
660 369
61 374
466 313
466 1401
160 235
1406 394
1321 483
873 1418
628 90
1053 395
1060 1495
1373 281
247 306
305 274
1492 244
58 963
16 1050
691 707
1273 341
1402 67
1205 730
589 227
231 1174
1337 937
1208 500
1450 784
1076 1440
1185 1033
1020 359
517 311
1391 1230
457 970
1229 1299
919 984
651 1139
508 1305
1126 25
604 857
335 662
529 1152
620 73

500 3000
310 174
320 417
448 449
411 262
165 131
336 103
386 190
81 93
229 348
466 393
64 499
448 325
417 34
291 187
391 170
441 145
236 72
246 163
158 389
11 253
365 0
133 317
325 279
158 19
238 93
238 236
295 498
101 287
288 457
85 12
199 410
235 53
282 484
320 420
327 184
457 210
119 230
116 142
207 276
19 412
375 75
326 127
251 207
417 245
386 288
448 398
297 209
181 37
165 199
114 261
477 5
21 494
188 285
256 279
441 204
471 355
387 487
74 393
256 302
253 161
219 225
348 353
166 207
436 422
344 1
63 5
413 62
107 4
155 253
134 79
253 439
247 35
234 356
373 411
449 437
304 310
353 80
453 351
72 490
445 115
261 179
13 138
197 164
232 369
243 320
376 224
204 120
348 114
168 281
10 326
59 265
38 304
277 372
26 274
180 332
297 6
493 381
199 225
224 53
414 115
15 276
368 474
348 227
181 287
245 51
140 26
346 77
84 424
105 216
183 166
315 269
317 442
467 174
277 432
132 286
436 290
9 223
282 411
316 357
345 164
282 455
341 359
125 26
129 389
277 425
125 150
444 181
44 77
250 202
110 29
264 478
491 368
246 142
442 203
23 470
229 132
282 310
63 62
245 48
315 55
189 465
128 434
457 212
301 254
313 200
234 360
201 12
324 484
276 380
351 349
490 10
231 305
66 354
127 90
328 260
1 100
481 182
327 202
470 248
154 300
75 266
277 9
269 247
272 476
295 344
150 475
196 130
8 71
196 186
85 427
451 418
368 46
166 126
415 237
56 34
225 348
432 63
364 439
292 35
163 224
235 38
331 256
15 185
43 93
316 465
116 286
241 3
53 493
253 264
429 411
400 179
279 349
382 56
387 128
257 497
383 191
94 245
289 302
235 472
98 358
337 237
434 234
435 377
363 135
352 138
373 51
456 20
475 139
232 446
484 220
469 9
360 413
426 103
377 175
373 43
88 357
253 72
348 76
49 23
121 409
191 215
20 265
211 428
158 87
18 4
482 28
301 376
263 208
117 354
494 72
39 424
316 197
259 446
395 83
222 343
306 99
181 281
72 441
351 234
220 287
488 339
180 347
230 1
418 264
282 465
256 278
29 232
40 81
36 346
436 442
341 291
38 487
229 472
149 369
468 28
420 302
111 222
128 330
265 296
335 40
469 246
178 88
308 170
168 387
176 229
127 392
459 145
183 320
21 222
71 243
460 476
340 291
351 341
491 231
247 448
379 42
390 430
327 243
71 283
104 138
365 205
296 323
438 410
40 173
139 435
359 125
323 190
336 114
15 156
18 235
74 120
452 396
362 10
303 231
385 205
303 341
260 121
149 147
306 457
390 146
363 98
318 299
77 110
100 62
227 263
260 83
190 365
358 224
383 263
117 332
125 137
357 350
48 422
479 38
436 167
478 202
83 220
380 50
239 470
248 169
210 20
264 446
27 158
172 225
427 403
329 201
310 40
117 331
481 333
301 181
456 50
129 100
340 152
45 382
259 308
412 315
485 407
389 141
65 442
253 444
319 6
358 177
319 143
210 365
271 117
78 318
396 389
167 446
436 226
31 87
440 109
405 370
261 138
312 411
25 43
39 349
331 17
241 237
271 80
269 355
365 46
163 411
342 322
82 17
262 233
406 365
404 29
373 367
143 157
333 401
270 210
339 218
276 385
133 223
264 447
107 430
285 480
35 418
62 384
230 153
398 311
183 496
228 167
467 318
404 229
368 374
5 317
47 96
38 290
396 453
212 365
343 253
254 49
143 114
214 434
319 54
294 218
422 229
433 458
464 281
187 41
439 317
183 354
98 403
498 164
359 57
257 491
396 468
334 186
460 215
84 24
390 481
494 98
257 219
424 6
237 97
337 443
58 320
175 430
312 101
232 275
406 52
366 58
485 309
437 393
128 322
126 410
67 383
468 264
444 182
317 183
171 43
405 188
153 477
289 438
192 379
132 277
34 445
366 167
434 20
13 173
373 220
409 321
251 74
355 186
282 332
147 315
154 187
166 113
488 123
324 110
291 290
483 397
400 149
243 69
57 476
410 476
205 126
29 330
483 202
100 288
275 252
116 402
0 93
75 225
72 42
297 0
403 160
471 290
346 408
369 217
164 340
262 8
47 19
382 22
465 408
251 391
301 175
473 262
321 404
118 462
149 160
389 166
388 435
408 113
108 461
462 145
58 464
315 263
210 339
357 29
273 344
47 51
99 414
307 298
148 423
20 440
426 343
486 193
285 493
302 192
152 325
97 491
284 225
289 57
476 54
270 446
99 74
176 264
446 190
219 393
278 101
496 240
459 214
158 81
175 211
300 225
441 477
23 93
14 324
362 153
244 25
468 371
51 256
294 351
121 320
256 452
238 310
152 207
352 268
167 494
416 256
439 171
59 1
188 473
396 263
126 168
402 330
345 175
291 77
101 54
80 477
313 10
229 234
121 163
240 233
318 452
208 124
230 207
71 0
197 145
270 175
431 132
425 54
225 244
127 436
353 24
64 349
290 259
10 220
45 286
333 375
227 111
165 266
291 12
11 25
177 202
442 104
255 256
392 124
138 412
41 377
112 396
102 306
385 486
97 184
102 484
335 35
369 288
154 206
44 297
428 336
469 431
235 7
332 491
36 386
264 442
24 432
255 174
321 496
398 46
60 142
216 150
48 83
363 465
50 202
252 338
20 39
122 302
104 419
120 93
21 224
493 352
185 342
1 351
336 43
440 9
486 184
203 294
285 303
368 424
265 429
126 211
320 488
439 409
415 32
419 291
4 268
251 227
371 447
490 387
1 300
271 410
19 112
236 389
142 300
411 88
292 424
126 102
235 112
158 141
201 54
84 302
205 403
362 72
16 236
410 48
182 324
136 333
183 209
496 472
5 84
150 328
347 389
493 398
446 64
415 195
176 255
460 277
357 177
474 466
287 175
482 477
343 402
116 436
369 215
324 455
41 200
19 419
352 228
48 55
257 462
209 268
102 498
212 369
420 160
378 428
283 85
279 130
377 214
281 410
145 164
354 17
373 337
446 239
236 488
98 84
56 282
294 101
405 300
9 110
161 438
342 263
238 89
426 410
84 42
336 472
146 491
315 219
341 370
161 421
124 64
397 239
65 498
157 267
486 176
19 99
461 71
365 392
107 179
268 370
100 74
324 147
441 242
42 445
243 224
416 245
282 434
476 401
413 297
256 470
318 109
486 144
292 440
473 264
464 162
182 164
436 8
93 497
269 14
485 214
497 295
312 322
57 320
127 134
375 209
354 278
284 495
142 482
461 353
66 415
310 115
71 220
89 65
380 358
360 67
219 472
159 340
217 325
286 71
415 377
373 49
284 439
113 268
471 3
430 239
424 303
323 22
277 263
225 425
224 287
451 309
30 144
225 298
233 172
164 488
129 209
456 495
227 427
38 352
384 395
162 351
389 30
482 479
238 29
242 373
173 327
123 258
320 53
264 146
266 425
266 356
333 484
349 165
478 188
286 163
12 9
143 311
47 280
181 478
98 122
444 222
41 180
158 420
482 416
29 346
252 140
496 145
188 388
63 287
94 91
106 368
47 380
149 123
489 427
219 216
181 150
33 426
87 423
65 271
65 125
150 161
162 398
411 225
367 347
325 179
227 101
474 277
77 383
417 70
279 299
259 323
369 267
146 215
60 325
388 80
78 146
265 214
88 254
440 136
187 202
242 84
482 191
281 241
424 35
35 152
276 415
472 167
186 491
486 96
479 390
342 99
339 25
17 57
247 239
253 37
208 359
493 183
53 380
211 402
136 267
455 315
187 458
381 253
194 296
126 135
46 259
378 72
423 91
21 23
182 462
65 151
441 336
236 464
143 68
189 413
141 277
285 319
133 155
122 225
149 286
24 415
430 16
168 385
285 414
283 488
250 146
436 275
224 3
94 374
151 107
452 340
185 116
382 431
350 105
35 440
229 252
43 67
260 154
362 143
368 118
294 21
264 277
48 384
96 386
470 284
440 397
169 365
8 260
274 170
312 461
382 60
178 211
495 38
296 338
245 34
41 212
70 307
416 85
412 90
225 393
382 268
473 310
237 22
270 310
287 259
171 372
483 100
210 221
259 413
461 363
371 24
60 121
315 223
290 219
431 235
175 51
447 270
372 251
207 371
207 462
96 97
77 5
154 337
131 342
220 469
413 337
255 90
253 61
230 152
101 46
309 273
113 63
437 294
75 32
415 283
222 274
180 126
313 111
317 474
46 318
221 218
304 253
325 128
25 438
3 428
124 207
435 87
387 204
404 392
223 127
206 365
89 499
495 265
130 89
481 371
156 274
315 384
410 358
272 139
207 96
407 369
152 483
300 7
145 269
425 462
82 471
378 151
355 18
283 436
461 321
82 401
459 63
381 1
459 429
322 60
216 327
226 368
131 425
206 318
363 210
229 8
480 206
73 84
5 226
219 140
140 89
169 239
307 387
435 70
60 347
34 84
142 0
261 256
376 416
169 439
498 200
454 65
104 168
278 427
327 437
351 452
286 159
283 184
195 450
202 93
185 377
219 266
33 197
139 393
217 15
187 400
423 296
188 362
491 335
181 176
251 137
10 164
184 482
104 313
106 301
400 398
135 121
80 450
485 260
12 469
130 465
54 246
96 158
246 257
455 50
383 156
132 455
175 130
187 33
386 191
435 64
389 87
366 254
339 474
200 488
451 314
350 479
179 275
477 436
203 361
275 139
387 261
410 498
97 196
346 116
56 212
417 372
360 16
291 171
45 257
226 488
400 393
248 171
60 361
96 72
192 47
27 240
467 417
426 135
467 176
366 298
460 240
396 251
413 435
287 229
25 153
277 187
266 415
266 139
16 31
412 301
361 462
408 233
422 163
490 49
1 143
124 323
305 395
218 195
262 441
6 281
58 267
17 153
376 231
110 295
149 377
252 187
112 337
145 144
251 258
392 157
391 24
475 157
425 388
498 464
426 59
357 436
455 16
105 356
151 271
186 234
44 56
72 437
351 196
494 395
112 485
337 333
33 310
8 66
322 200
241 428
113 317
133 366
224 278
244 295
14 406
372 47
166 220
97 141
241 115
122 448
425 342
311 450
229 43
341 17
467 77
343 54
8 31
268 62
166 186
456 377
433 50
474 79
145 232
151 435
328 273
484 150
39 475
226 292
372 55
4 313
454 303
481 54
48 493
483 54
245 257
185 36
381 298
101 51
150 193
445 364
72 182
201 476
167 456
123 486
282 296
117 173
213 63
95 331
307 102
433 347
238 55
218 150
421 391
398 476
452 249
309 144
261 382
453 103
174 354
485 31
417 432
192 470
374 28
34 300
188 235
391 452
26 97
247 74
403 148
96 233
428 360
434 56
406 122
269 274
436 307
397 362
224 217
307 354
144 474
368 121
317 218
452 113
157 474
42 436
118 478
335 267
188 55
345 428
224 272
298 73
407 38
117 88
331 274
312 394
416 466
382 283
447 473
336 364
366 65
181 1
443 60
79 464
285 21
408 265
6 3
311 406
306 74
408 291
70 337
262 5
199 289
384 383
233 125
263 224
317 368
126 182
175 229
155 18
486 399
380 239
495 1
175 198
231 474
465 177
496 26
135 481
103 183
212 393
189 404
253 6
146 430
271 146
139 99
438 235
161 399
289 316
200 307
426 222
137 9
429 199
384 271
273 444
25 215
212 57
239 309
385 496
187 371
460 128
28 379
112 261
326 113
405 232
484 414
102 3
276 226
344 108
296 168
181 252
154 50
347 233
29 209
119 191
160 359
170 89
158 133
1 217
395 411
181 269
255 47
317 179
114 117
120 454
201 401
318 54
163 305
258 464
77 121
414 133
243 248
74 497
47 161
465 169
418 192
348 419
17 259
468 284
366 267
190 63
49 52
300 232
121 149
333 159
46 256
256 237
19 210
311 172
314 427
226 271
334 316
26 225
33 398
402 362
183 135
373 301
132 46
413 255
396 303
352 437
431 37
81 327
85 150
71 346
189 86
398 160
409 61
337 377
121 130
193 7
322 34
162 366
421 352
279 225
93 392
389 435
70 415
286 168
117 148
67 167
219 82
325 138
363 407
457 381
464 398
429 367
477 11
51 220
160 442
93 357
57 368
253 468
50 10
284 198
135 248
301 50
443 457
222 397
206 30
192 210
45 90
150 474
93 240
446 414
250 461
267 297
84 296
146 287
152 88
349 415
390 278
226 398
199 100
317 460
294 403
498 89
22 496
461 37
185 149
176 411
480 282
210 390
491 118
323 191
421 330
370 496
378 431
209 261
47 296
332 184
177 238
342 90
275 308
1 69
498 404
283 446
63 399
257 199
426 386
349 58
361 210
123 15
492 307
169 0
202 152
10 316
478 423
420 29
45 304
222 68
465 195
31 347
393 271
383 354
411 12
19 373
221 403
107 157
335 22
123 121
114 53
244 46
394 197
456 364
96 3
498 86
225 340
404 310
287 51
340 474
319 225
466 295
297 436
308 30
492 244
318 335
114 251
350 492
68 425
380 409
458 371
421 332
108 153
182 395
383 262
435 464
285 22
247 350
405 19
332 170
273 173
396 339
337 41
175 127
12 283
450 240
231 147
303 399
422 423
338 57
474 121
266 87
30 75
150 267
323 438
377 126
368 242
51 22
158 256
85 372
138 144
109 173
257 143
24 94
79 344
450 197
132 316
83 208
479 169
311 281
244 252
491 311
458 182
175 482
119 235
216 44
0 457
278 320
451 297
262 457
46 58
360 94
392 290
409 290
95 71
303 316
57 186
368 339
213 1
329 430
155 262
469 372
325 392
472 125
162 207
240 401
320 337
428 78
422 3
63 485
393 359
196 390
126 314
260 453
485 211
369 340
6 264
223 306
203 393
135 289
297 235
280 363
475 146
426 153
354 479
76 41
219 408
243 356
360 61
90 471
306 253
438 318
67 212
208 341
105 341
388 445
89 460
372 499
379 215
89 318
290 408
312 81
395 157
390 439
327 21
417 126
286 439
350 331
482 413
423 407
178 195
269 43
35 469
465 86
419 438
468 208
168 158
429 194
240 235
60 273
367 37
428 56
442 246
177 145
496 455
459 450
203 238
405 110
387 462
76 365
384 286
203 298
175 145
135 281
268 439
266 18
211 8
235 110
138 98
188 39
212 493
32 394
66 131
226 241
425 104
435 209
151 368
337 191
344 479
151 40
364 94
35 7
351 312
28 7
298 281
364 216
184 100
317 207
321 50
118 258
127 422
240 154
384 40
451 3
345 153
106 458
14 301
40 265
140 455
226 397
354 266
7 455
317 370
317 386
285 276
220 154
119 485
291 23
93 348
162 428
280 390
227 387
490 412
414 369
133 30
46 397
126 250
130 207
46 431
280 292
314 12
114 86
52 269
226 407
475 45
469 255
356 467
124 154
260 218
175 214
175 357
457 156
370 12
236 370
488 119
164 42
471 263
304 150
29 105
157 312
355 7
478 67
99 173
361 371
230 414
379 462
406 358
443 414
365 315
436 212
53 496
118 436
111 310
329 267
143 139
173 226
459 336
359 143
191 309
65 370
171 226
156 18
193 390
112 226
228 261
18 129
234 271
205 127
87 81
343 250
363 265
297 220
376 485
448 139
128 198
94 38
104 42
458 406
20 353
218 125
434 171
249 187
156 118
321 269
50 125
423 456
312 86
423 178
400 112
79 353
41 313
102 392
133 259
280 473
72 132
191 244
375 164
459 210
264 344
22 153
115 441
298 9
138 408
298 475
211 404
6 459
469 137
165 25
251 183
192 37
270 234
19 304
193 14
430 452
437 387
412 380
76 63
307 155
164 354
29 175
136 126
94 190
434 31
195 65
70 71
90 32
252 149
169 280
40 459
463 14
485 79
144 431
401 71
58 210
74 487
430 127
202 120
211 227
425 234
452 421
219 457
137 163
292 37
276 44
484 116
229 52
389 171
300 291
4 300
14 189
173 36
222 464
226 20
279 393
319 447
418 37
67 117
326 142
450 393
249 27
482 155
428 420
4 293
328 39
177 481
387 111
82 466
217 407
93 161
20 260
330 77
349 110
325 114
464 278
248 285
496 326
244 280
272 189
370 413
347 190
402 326
382 195
196 450
437 218
484 33
317 12
43 140
410 367
51 9
135 169
494 196
180 152
384 149
59 25
331 354
72 338
151 284
331 186
460 253
426 56
196 201
264 431
10 199
172 158
55 275
257 83
461 79
12 392
384 115
398 310
103 498
328 264
31 99
391 119
27 41
330 492
265 433
141 150
323 66
221 15
250 228
485 191
110 228
441 245
15 98
452 298
457 496
387 110
403 5
449 387
485 47
353 221
498 143
354 303
294 290
348 446
228 120
200 320
486 306
62 402
261 111
378 229
405 193
18 177
154 267
152 275
494 229
43 484
131 223
376 300
440 487
450 89
444 108
147 131
384 168
277 0
327 131
75 5
478 4
311 127
26 109
338 273
2 412
307 228
118 338
73 105
2 478
429 229
203 479
490 46
41 52
449 294
224 62
177 27
230 356
126 76
270 307
493 335
49 363
55 241
442 343
303 162
181 256
340 10
392 208
192 315
197 42
79 148
23 186
106 384
86 76
236 312
82 102
108 385
377 424
304 143
390 480
187 241
440 259
357 423
438 65
63 56
154 405
311 405
218 356
252 422
255 403
395 280
313 355
441 448
104 174
61 263
316 20
189 422
28 211
12 61
351 385
28 393
394 382
275 220
41 163
96 154
417 348
77 51
248 349
350 394
454 224
470 182
223 421
237 149
329 27
126 298
31 475
84 279
245 385
149 131
190 80
114 320
258 55
156 344
363 139
344 98
336 155
147 425
300 264
367 305
246 435
16 432
264 103
47 140
399 374
261 404
87 373
1 466
155 191
322 14
348 62
213 346
385 488
24 184
260 293
242 452
193 137
78 103
329 174
269 362
98 225
89 181
159 344
360 278
54 188
417 14
41 214
298 361
260 392
474 366
430 222
137 116
18 458
475 438
212 189
432 426
243 471
132 492
252 230
143 305
276 98
198 199
75 208
262 9
393 257
409 392
347 327
410 236
128 284
277 488
271 46
336 473
182 308
93 434
490 420
488 462
158 448
153 39
429 63
308 42
334 16
269 162
299 33
198 394
122 37
9 340
121 162
440 61
179 12
89 74
19 489
193 332
211 145
109 364
137 126
488 162
191 497
108 110
496 83
105 158
357 128
19 61
85 392
316 276
150 24
450 332
242 211
56 74
112 474
474 166
426 171
323 133
168 20
439 34
268 402
146 12
374 249
357 441
369 117
246 405
123 268
432 79
34 6
278 305
203 453
322 131
389 176
481 87
130 143
396 165
342 154
126 310
406 222
433 341
244 139
265 207
421 486
487 0
2 296
169 34
22 356
41 32
217 33
159 252
407 342
302 199
305 241
381 59
427 446
336 277
250 72
194 188
230 129
48 205
27 85
484 19
405 90
145 327
397 165
355 425
74 37
24 346
228 317
331 254
295 159
363 411
0 192
317 185
32 314
332 203
464 3
175 46
210 200
321 229
261 16
458 324
376 347
121 284
426 420
392 418
66 405
125 327
280 339
180 75
40 201
292 194
167 392
415 326
307 409
358 403
79 297
282 488
239 183
74 231
84 177
121 213
19 357
306 424
40 412
90 375
348 43
354 352
150 334
64 448
16 56
399 405
487 283
27 327
272 392
58 81
387 342
222 332
63 333
11 356
495 394
328 271
314 358
52 12
339 65
285 85
436 207
193 375
441 86
498 15
45 379
472 284
30 165
89 391
170 471
436 32
408 254
107 202
185 1
11 173
61 88
69 389
179 251
47 351
366 211
208 456
318 223
187 98
120 471
485 375
83 142
123 20
263 135
100 23
310 311
378 244
171 0
404 74
140 438
458 73
9 106
39 112
216 59
243 67
456 207
16 107
175 458
127 426
102 449
43 406
122 293
313 439
397 293
212 238
265 204
414 387
298 480
340 175
290 346
230 364
107 195
406 182
247 190
67 265
393 445
328 194
85 371
257 113
345 218
57 479
74 250
308 79
481 464
238 239
367 157
352 5
381 485
371 26
475 332
231 397
56 6
128 273
265 498
448 94
126 186
425 339
135 323
208 192
434 182
313 65
69 122
126 220
487 171
144 276
171 301
179 100
372 410
24 350
4 54
477 383
313 381
281 190
253 176
369 480
406 258
372 65
331 214
355 346
473 222
1 346
73 347
62 434
36 276
23 86
493 163
315 61
216 50
396 266
179 291
441 100
412 132
34 269
222 499
186 287
344 196
459 416
327 438
475 395
103 248
381 263
162 110
58 14
427 81
440 386
403 436
194 475
37 345
331 71
161 184
486 89
238 497
265 152
142 299
173 16
102 424
262 267
250 315
163 179
219 22
325 263
157 66
304 348
262 467
29 20
347 144
74 59
93 384
342 375
115 52
287 217
24 260
162 61
458 375
486 126
498 87
355 193
276 64
469 308
234 427
412 242
173 23
303 254
218 416
305 112
170 224
117 228
186 68
208 402
444 457
430 120
108 52
339 338
100 127
36 419
347 357
186 329
356 183
394 219
118 31
174 358
57 158
475 135
372 195
189 128
190 33
231 32
80 221
423 259
122 263
277 19
451 93
396 413
149 34
180 413
316 347
313 67
257 165
415 287
368 438
157 149
265 99
441 471
80 219
91 260
82 74
139 13
109 308
454 278
84 210
173 401
412 8
8 397
466 439
245 59
209 365
479 136
450 289
145 222
10 434
407 336
276 61
453 28
151 365
321 335
230 135
24 330
12 353
268 91
136 257
293 459
185 427
200 126
375 45
213 474
315 116
475 0
172 71
22 240
37 471
262 3
313 350
398 59
190 119
328 64
80 97
299 466
190 181
95 308
69 114
485 361
257 489
483 101
277 229
269 132
268 320
73 483
291 4
43 69
223 80
184 49
57 133
164 394
454 373
474 353
401 13
188 314
11 345
467 352
69 80
22 2
34 279
226 185
496 167
229 460
58 126
145 30
107 368
245 152
261 369
499 399
127 192
449 357
2 87
212 408
364 443
362 148
38 408
2 146
305 99
347 383
497 473
68 219
187 165
226 429
258 426
245 316
326 417
197 128
333 49
275 69
156 306
127 442
146 198
130 122
412 289
225 347
496 465
382 185
420 244
236 71
243 372
124 104
65 226
211 270
228 207
319 146
53 49
298 87
80 46
114 376
465 94
248 388
475 104
255 336
494 204
178 123
472 292
176 450
169 261
250 273
21 407
393 87
94 132
294 482
78 75
396 245
474 208
353 124
417 73
62 234
473 292
293 352
180 379
102 149
121 154
186 144
129 451
151 424
206 277
124 268
387 407
219 435
131 91
388 16
399 215
317 478
432 8
489 235
266 60
281 378
267 452
472 215
41 202
67 278
247 99
280 461
351 278
246 433
457 445
479 206
456 28
383 68
223 424
2 26
310 481
164 190
215 261
493 358
302 190
465 263
352 416
193 21
73 398
49 494
472 366
272 54
401 114
114 131
189 178
223 389
15 141
55 389
223 368
429 83
295 293
285 125
146 434
148 96
35 445
169 176
310 175
346 485
251 234
449 91
264 128
295 470
179 260
266 3
16 185
336 258
451 447
144 390
84 237
452 385
227 108
310 389
60 201
40 32
436 497
69 203
197 391
355 69
251 62
49 134
30 59
182 496
14 171
135 165
455 12
260 259
208 135
328 276
489 56
180 370
185 460
330 468
447 321
272 359
217 174
265 160
77 159
252 427
253 457
366 431
299 241
76 415
210 18
54 350
295 481
102 196
258 194
252 108
24 409
482 150
420 79
140 381
466 195
256 466
314 385
363 198
31 227
287 401
187 434
444 44
313 437
291 237
167 61
28 305
61 29
17 114
336 132
260 16
325 472
390 256
271 123
369 406
207 94
332 183
92 389
186 92
117 242
227 316
68 447
449 19
365 485
178 295
0 327
423 462
78 169
264 361
190 311
349 388
48 321
176 105
205 195
311 336
434 16
73 113
171 238
371 420
397 292
165 16
467 490
483 226
390 87
264 241
214 313
223 376
344 55
9 33
428 270
188 169
135 19
448 347
89 120
398 182
461 55
187 99
125 318
266 447
284 333
265 107
388 209
420 310
72 93
143 491
435 430
161 334
458 473
39 64
262 347
166 181
460 438
216 36
28 194
267 195
17 189
343 128
405 209
269 59
367 223
393 368
42 334
352 436
370 241
370 167
330 10
35 406
15 429
206 32
196 159
280 227
104 135
271 236
399 115
152 117
45 152
394 33
217 406
63 329
152 64
47 374
482 194
339 112
151 42
497 386
97 56
30 398
140 328
388 247
365 418
421 185
328 318
307 404
11 72
147 443
344 402
241 154
178 453
464 25
161 305
465 8
123 110
305 189
314 11
46 119
19 442
373 300
166 447
213 16
417 309
473 180
356 427
192 331
495 486
226 50
379 167
406 389
263 196
418 258
437 105
4 400
118 347
12 13
409 132
423 48
257 492
424 473
434 329
41 339
333 469
441 385
269 245
173 437
418 13
23 245
358 366
197 19
433 54
134 491
473 215
407 154
469 201
338 475
290 62
30 164
282 457
213 423
385 362
254 31
427 366
241 171
90 384
317 307
349 17
482 240
464 376
48 358
422 92
280 49
66 71
384 355
489 204
220 494
60 9
397 206
68 289
465 381
306 59
307 346
263 162
462 6
140 442
115 117
450 189
44 345
81 322
434 116
65 33
298 300
283 460
424 82
260 320
366 128
213 41
206 133
378 227
191 151
302 349
169 249
359 210
260 119
428 215
423 34
18 139
489 49
412 42
95 437
335 177
473 351
278 338
458 419
291 53
23 92
340 305
211 222
397 78
55 21
473 375
60 47
43 342
19 49
173 30
465 5
155 269
348 44
405 440
372 363
186 88
457 264
322 333
124 33
332 464
84 462
61 379
42 16
456 448
137 426
166 284
294 43
453 248
59 77
484 469
180 435
204 10
190 330
356 68
325 317
486 383
256 320
235 477
249 409
466 123
420 69
480 271
190 445
451 209
387 371
315 258
18 330
200 302
482 80
201 415
237 334
256 479
118 371
300 438
400 224
224 304
15 178
202 206
176 228
370 72
248 448
362 211
435 255
196 137
42 152
445 392
295 386
254 492
23 97
131 50
45 80
337 497
219 8
382 357
171 404
468 335
319 28
83 167
233 384
280 436
246 428
89 382
315 422
24 462
67 281
73 125
339 298
438 417
419 423
427 475
479 138
498 247
448 204
123 324
468 83
66 13
46 269
340 392
93 361
271 381
402 392
131 101
449 484
6 60
276 424
319 333
223 341
423 57
150 234
116 125
429 466
337 325
195 67
215 394
313 470
76 347
197 373
86 211
386 47
470 187
46 143
245 289
99 290
44 368
233 332
130 389
6 406
116 431
377 313
229 236
391 287
284 7
82 453
444 278
417 293
481 340
235 98
276 25
479 281
275 128
217 22
136 59
495 258
464 59
395 273
383 328
315 291
128 467
416 302
151 384
461 459
422 94

750 3000
501 354
247 365
505 520
272 196
734 168
11 45
560 324
345 686
507 382
367 630
658 271
504 212
478 310
274 23
225 231
60 421
274 82
526 115
569 266
692 49
421 532
587 342
569 124
212 162
91 326
26 531
464 662
678 1
183 660
471 303
400 249
364 268
276 93
273 746
567 684
336 362
476 497
641 147
594 336
705 253
332 176
107 623
24 685
458 31
417 595
129 738
165 14
710 352
578 604
701 299
68 620
737 253
368 314
47 306
159 292
236 741
202 727
513 493
177 494
104 554
156 368
394 124
22 301
355 570
551 94
303 165
472 214
544 177
376 699
101 740
357 427
570 2
690 214
532 428
516 433
42 368
74 271
378 597
0 718
584 622
49 325
308 295
346 47
638 650
459 353
348 318
723 92
130 693
482 273
672 433
248 234
557 342
301 116
142 276
332 23
375 225
372 474
477 55
352 170
434 436
726 672
737 637
244 205
241 530
617 245
456 374
360 229
68 485
630 318
656 286
599 726
716 372
302 305
306 695
356 491
115 178
502 158
15 345
581 264
673 21
374 144
684 678
522 688
466 415
13 738
563 377
635 121
171 386
689 246
744 309
178 32
402 90
129 717
454 749
267 394
5 589
411 626
683 431
314 311
506 523
157 555
130 627
236 462
41 353
730 555
700 566
249 259
35 335
124 747
63 696
738 726
76 413
375 148
369 32
661 12
41 541
647 313
515 626
372 82
178 258
530 654
67 489
395 664
344 181
382 634
737 185
606 123
260 559
248 6
358 126
431 105
593 512
356 168
200 61
6 601
115 263
293 258
531 585
401 716
4 401
78 320
676 272
538 657
539 562
377 161
325 102
203 146
395 327
195 216
99 388
494 190
391 392
687 288
257 617
395 347
253 490
735 94
54 170
667 311
708 444
248 437
597 488
726 160
739 126
537 85
322 273
711 107
576 618
416 186
59 626
27 679
282 191
490 277
377 560
175 323
117 497
625 149
279 653
693 453
590 598
20 523
656 648
707 172
397 294
150 521
664 221
6 550
248 373
447 389
250 329
462 397
668 285
399 572
106 127
530 225
740 288
619 339
286 1
728 113
120 11
563 257
610 260
744 237
274 372
323 315
722 5
506 257
78 101
480 169
704 567
158 465
688 613
615 558
118 444
664 52
270 10
479 683
748 432
17 12
12 67
154 695
34 654
69 206
73 667
381 440
117 309
322 126
379 735
166 528
203 675
749 664
431 649
251 597
529 365
246 189
611 88
382 132
523 238
307 335
722 136
640 372
475 125
509 225
708 594
541 552
106 462
138 320
347 548
316 335
577 196
148 723
488 621
688 439
482 41
384 378
156 544
559 613
174 7
83 592
54 646
167 451
309 111
560 406
297 212
235 88
226 173
224 142
406 178
264 526
360 578
147 574
580 190
512 648
356 355
730 248
457 589
661 24
24 208
435 577
98 229
275 434
666 131
229 339
324 527
730 574
278 672
395 690
560 27
127 232
464 478
75 442
583 163
476 466
552 359
491 28
14 198
120 410
212 159
312 322
223 240
611 442
729 287
471 706
81 307
634 81
239 552
160 650
614 677
106 678
69 402
741 281
458 264
556 581
440 2
237 543
154 559
209 672
703 498
288 328
93 334
230 580
474 93
639 437
318 217
340 220
286 683
437 148
141 137
635 538
666 420
472 240
386 702
87 10
168 518
735 580
554 496
443 404
226 56
629 172
415 247
435 511
467 645
746 132
460 420
247 445
738 601
331 329
55 259
414 490
159 435
400 245
234 182
552 241
7 272
221 106
614 81
426 418
311 464
182 438
581 212
328 443
157 24
439 628
720 272
53 57
127 284
149 137
11 286
569 643
197 217
59 628
703 120
159 682
442 244
167 298
679 196
279 65
732 696
56 733
481 545
223 287
373 576
297 611
286 458
652 431
593 120
471 500
487 158
359 474
176 264
64 229
251 80
192 509
334 2
449 102
163 133
123 647
448 21
648 37
737 593
67 61
310 5
258 592
642 337
475 620
224 375
501 575
311 677
8 733
702 291
35 457
303 523
690 719
509 566
579 260
75 404
333 207
669 49
169 700
384 114
269 64
480 412
323 129
495 313
114 536
743 359
21 227
429 27
64 552
309 500
172 489
328 36
340 90
576 83
501 152
661 258
100 564
478 46
668 9
189 625
253 644
46 295
177 498
552 220
499 251
1 526
234 195
676 628
617 375
285 669
478 1
263 366
462 24
135 730
112 659
141 524
637 195
283 131
249 5
212 450
561 481
15 354
148 16
246 620
625 82
542 46
47 224
116 423
85 396
160 222
483 174
710 191
603 713
486 190
743 549
71 716
3 159
206 385
344 734
277 327
492 261
44 296
457 36
3 207
262 145
442 551
324 3
455 152
570 290
353 278
346 89
370 692
737 428
663 608
11 282
722 6
55 15
693 425
559 646
8 119
384 377
560 131
366 55
415 693
244 602
307 319
213 407
87 370
315 47
459 428
90 107
591 717
232 543
511 514
262 342
747 105
746 455
446 216
698 29
657 210
529 76
430 214
380 344
589 667
118 314
721 140
60 383
230 80
108 583
82 564
246 48
447 312
588 205
603 598
482 358
97 568
700 579
737 132
114 505
343 311
201 738
349 602
166 451
571 581
21 8
614 254
438 696
268 63
52 166
153 103
434 483
103 302
392 421
117 488
259 320
519 98
604 72
32 307
302 535
630 381
284 333
58 179
58 659
482 574
9 747
216 278
181 517
355 538
743 541
511 229
363 393
127 427
283 255
252 509
336 658
101 167
225 592
322 173
587 138
662 668
488 327
261 276
433 696
468 655
513 661
611 285
558 633
358 691
527 443
49 394
355 494
474 270
654 180
424 33
714 169
457 548
484 181
515 451
51 624
357 519
238 118
720 330
64 165
686 606
129 297
570 397
623 32
487 593
434 131
366 551
7 614
252 29
1 119
102 145
64 24
329 508
668 412
356 649
707 73
557 258
54 602
130 670
491 362
259 584
140 738
610 175
304 87
438 435
608 618
32 90
549 527
35 107
54 745
533 379
6 487
250 77
61 670
745 524
652 662
369 498
83 571
544 375
383 315
714 610
508 188
692 333
107 418
250 239
26 398
628 19
101 681
155 654
388 7
260 450
466 215
5 535
363 92
701 293
304 73
249 129
114 268
729 254
242 469
723 475
159 459
120 677
500 200
62 243
32 733
489 586
118 31
364 473
508 447
608 73
496 461
666 577
609 449
546 0
554 498
467 37
608 516
682 145
533 737
295 552
31 247
99 645
260 133
63 568
129 389
487 504
528 496
353 99
687 391
669 746
670 138
620 224
189 492
395 575
151 651
158 528
605 426
275 554
697 458
478 171
138 346
208 13
59 693
599 636
286 549
280 136
143 37
449 129
550 269
345 466
22 87
82 462
662 715
565 656
341 523
431 718
214 559
206 46
194 711
603 113
598 157
166 345
431 467
585 133
285 387
275 241
233 243
219 329
522 648
700 143
259 142
361 404
164 582
266 359
33 514
604 305
289 303
87 465
529 517
424 509
262 395
80 635
181 646
711 229
311 176
10 172
13 145
104 413
168 59
363 351
105 106
64 90
527 231
653 467
556 303
127 563
156 697
433 184
500 628
133 10
427 260
324 215
647 114
92 525
378 524
742 725
222 151
238 472
200 117
18 744
31 407
65 469
232 165
33 588
516 42
553 269
319 272
312 664
623 9
653 344
281 734
421 188
710 157
656 725
599 444
273 489
311 154
406 252
357 286
169 720
486 663
435 271
65 304
586 401
498 278
41 245
341 438
197 390
145 212
469 85
77 83
279 718
399 513
423 338
527 306
344 297
440 56
690 31
260 658
223 131
369 66
437 603
642 697
708 393
731 621
48 562
234 514
35 294
50 203
141 714
448 149
357 255
364 366
22 471
671 538
735 43
240 423
184 245
671 393
340 602
611 334
726 483
415 54
287 649
272 709
65 371
376 51
608 447
738 284
363 423
27 464
692 715
266 29
401 569
431 489
270 385
633 241
231 642
138 118
444 157
256 106
658 606
524 137
309 139
642 522
60 575
433 220
413 738
422 592
497 510
689 716
567 99
747 405
209 443
163 220
2 38
663 622
534 173
665 244
324 508
50 665
67 194
188 744
193 492
167 233
512 585
303 405
496 68
577 257
240 694
142 716
225 609
484 252
144 502
88 196
508 127
592 227
416 134
506 94
402 268
640 423
148 539
488 652
109 647
463 226
79 749
37 438
478 298
393 526
301 696
409 6
186 325
299 62
321 569
216 656
285 256
578 88
726 528
126 558
698 189
255 630
571 391
565 553
136 720
396 676
337 262
113 705
585 115
151 66
262 72
539 22
459 313
28 369
685 163
283 690
118 82
401 513
240 349
629 82
237 261
45 544
131 555
740 15
518 382
218 599
251 733
33 672
348 128
36 594
327 470
104 105
186 356
24 670
638 539
112 553
113 278
367 271
664 339
559 671
261 685
344 43
208 184
624 705
156 15
273 693
294 511
650 506
156 548
534 389
19 712
42 51
488 626
271 741
243 326
624 312
536 700
422 509
688 175
637 580
188 227
514 342
66 524
666 22
400 183
275 369
430 709
611 213
211 239
438 191
239 198
218 480
414 133
460 559
672 509
445 217
651 84
141 337
747 382
606 360
573 82
395 117
486 184
265 285
588 594
156 516
571 137
687 353
662 651
64 7
578 675
561 259
340 180
236 468
152 494
312 286
425 282
76 74
552 567
535 508
737 449
159 725
554 646
639 643
118 176
246 228
36 501
132 598
106 543
462 220
257 2
585 94
283 341
140 171
49 224
183 733
207 335
476 697
656 119
461 581
378 61
421 134
84 458
735 472
268 333
273 226
313 444
512 69
307 528
742 258
435 521
156 31
217 74
131 309
252 468
449 466
228 444
529 666
661 610
151 269
157 12
57 172
238 532
34 138
355 436
665 314
445 112
311 700
433 182
501 335
405 25
59 189
580 155
473 625
92 63
593 71
51 64
434 681
98 487
530 305
86 425
684 694
735 307
171 114
81 677
514 2
2 291
338 252
229 355
378 739
441 172
543 52
620 695
176 460
84 228
724 416
493 74
528 522
578 450
670 421
58 85
205 59
69 429
263 353
378 403
242 258
675 484
295 205
744 135
548 359
651 27
424 427
83 51
168 107
368 573
568 114
473 41
87 567
721 94
572 181
559 714
453 106
337 396
593 729
529 710
575 524
477 185
266 474
542 304
490 578
144 729
354 169
4 731
92 488
572 536
324 483
105 180
616 509
6 351
461 296
585 234
76 0
124 150
167 21
260 318
526 672
226 39
676 426
379 632
28 130
390 141
474 151
236 144
42 732
689 469
7 69
663 64
47 589
148 231
460 218
158 727
355 721
576 95
563 467
422 580
660 729
548 364
319 579
497 572
182 352
554 679
330 552
85 684
89 295
447 104
247 513
473 570
714 118
9 260
386 496
399 584
556 376
145 70
404 735
734 169
724 67
421 446
593 80
190 320
743 182
516 284
640 269
62 357
94 249
469 257
182 169
648 725
565 593
359 225
281 34
589 312
56 484
146 527
351 166
378 234
728 671
31 304
442 621
305 548
447 513
493 208
50 283
215 65
673 707
81 360
117 579
83 660
353 111
46 339
212 466
460 164
404 725
573 580
294 571
649 699
551 592
686 544
520 61
679 365
618 153
644 501
640 574
321 540
660 521
117 557
213 532
426 554
103 627
575 247
643 595
748 22
393 451
264 198
421 154
438 356
613 16
610 300
534 152
430 617
373 73
202 189
167 35
62 51
214 115
701 386
435 349
604 284
161 171
299 218
471 241
40 744
684 58
174 309
381 585
716 653
3 738
202 109
667 642
627 94
490 303
550 164
699 701
138 394
90 599
358 458
506 11
163 624
423 396
263 563
568 386
633 319
638 374
11 435
468 656
527 291
307 221
472 396
343 395
552 502
530 331
502 654
3 476
224 602
513 158
493 577
652 583
385 25
666 395
645 177
742 117
531 147
287 155
378 314
372 530
299 605
309 345
409 103
4 139
669 472
487 209
439 511
560 439
88 76
323 729
351 384
454 91
134 270
650 707
50 637
212 236
29 330
149 187
665 318
171 603
624 315
516 620
535 736
381 134
23 512
660 40
652 345
527 125
472 555
114 617
189 218
205 725
642 425
157 245
425 62
484 267
372 466
146 442
529 150
442 298
268 154
447 26
254 644
296 730
111 187
637 192
3 638
720 252
434 302
287 51
103 320
256 57
222 399
22 243
99 148
532 469
76 229
674 272
454 705
289 130
560 148
431 216
598 387
491 376
410 352
721 6
490 221
659 633
588 5
360 109
452 611
169 702
715 507
407 742
22 241
323 671
256 519
564 77
10 619
412 457
302 367
551 53
9 408
180 389
398 65
444 24
710 443
107 607
108 62
158 42
209 628
264 123
702 72
208 490
731 399
364 489
77 615
642 466
314 480
298 562
652 358
749 448
530 731
192 218
676 356
138 221
404 423
628 543
256 481
276 655
659 440
253 323
659 279
521 577
731 697
560 383
59 285
659 24
474 229
296 456
348 258
305 57
67 541
85 333
33 230
354 160
509 515
539 471
31 711
334 657
719 377
168 381
572 28
614 616
582 191
713 82
62 387
736 640
342 552
46 181
318 376
454 179
481 413
282 210
4 148
373 302
310 217
285 167
419 607
237 222
3 747
513 580
699 667
152 280
377 580
337 288
549 675
57 741
696 416
702 10
430 384
506 279
648 214
655 699
472 98
114 340
637 411
509 393
574 95
98 636
517 190
584 734
410 391
40 90
465 199
597 511
184 160
272 724
35 552
468 247
116 414
254 362
748 44
43 281
685 402
167 697
220 58
119 55
242 416
725 280
610 463
649 690
113 180
20 468
278 529
400 97
737 412
75 215
731 254
127 359
514 222
433 105
491 519
561 251
571 711
146 59
291 616
533 13
402 456
718 450
577 217
149 496
614 564
287 579
487 71
383 190
710 494
749 732
485 423
285 410
474 222
552 492
372 404
0 341
505 420
676 322
153 418
279 602
385 710
364 472
708 458
391 138
546 54
491 732
509 224
144 549
726 311
746 578
425 181
292 634
263 742
478 466
385 344
714 266
426 718
306 496
416 505
529 119
160 670
675 644
300 157
631 362
660 408
341 407
339 174
251 173
57 528
667 343
342 349
598 664
526 405
428 511
14 721
732 350
207 580
737 617
643 329
572 660
46 467
90 278
171 384
689 122
429 508
635 525
225 624
229 461
53 20
472 83
227 540
148 57
691 642
558 72
98 234
333 356
43 358
511 527
210 540
404 353
478 72
411 161
148 544
512 384
116 273
567 72
184 576
327 420
345 237
42 260
144 518
126 288
26 101
700 376
431 210
664 496
628 149
223 552
284 62
357 66
100 23
113 249
121 224
563 393
192 311
111 494
162 405
517 555
155 111
634 461
584 157
722 393
722 290
387 453
14 396
688 393
354 462
512 731
308 443
18 694
747 215
553 257
508 388
8 60
441 127
15 662
85 404
591 714
280 45
294 456
637 642
15 611
573 474
300 731
483 122
583 507
404 371
468 122
358 332
712 247
643 49
506 339
256 375
294 530
163 559
522 278
598 99
143 330
466 240
521 211
402 398
146 553
247 81
587 119
331 645
170 717
587 320
144 706
520 188
627 533
255 483
423 176
472 663
407 503
475 727
14 537
745 262
359 644
511 8
88 29
223 596
350 529
332 351
142 1
289 731
280 100
307 716
473 641
163 302
635 52
254 251
727 669
161 651
25 364
410 428
713 538
277 608
146 517
191 350
422 310
31 30
118 278
296 402
239 579
511 429
125 728
38 47
64 220
172 22
698 397
476 381
572 512
443 702
37 526
17 69
575 223
704 501
140 742
490 520
186 148
603 551
87 725
484 397
172 167
331 307
21 593
748 317
405 209
175 98
236 427
665 47
507 303
218 577
414 659
227 482
468 407
67 742
748 484
522 307
301 643
212 406
344 666
238 256
554 612
251 710
151 205
119 360
496 209
396 366
212 195
485 130
436 298
478 25
91 17
413 456
341 323
142 169
577 202
123 104
273 677
397 177
591 519
529 594
257 722
536 9
76 359
284 308
18 742
513 184
334 677
646 273
615 472
721 405
388 620
375 433
339 57
158 242
428 603
173 96
578 57
84 513
4 135
579 0
9 65
651 91
691 689
346 2
604 507
99 275
91 298
2 507
161 132
212 129
738 424
299 705
609 306
550 673
326 240
302 218
746 591
323 530
611 668
297 476
334 137
75 316
692 539
345 580
733 346
305 439
390 401
622 709
597 432
654 496
52 62
346 575
631 27
545 305
447 477
23 737
279 555
469 319
457 311
705 118
73 224
71 749
485 399
744 232
700 310
570 227
534 538
131 513
125 192
452 683
643 111
112 611
590 116
507 500
16 226
311 366
268 615
107 575
178 441
7 667
216 433
58 372
247 494
460 236
185 706
336 651
651 465
156 651
434 217
38 446
128 469
418 40
473 375
388 323
171 558
359 212
291 450
489 473
33 388
192 133
75 655
396 467
74 711
512 628
372 566
546 193
113 325
73 433
154 313
692 358
540 400
32 361
33 686
152 243
17 667
64 676
129 698
715 174
52 740
163 267
546 110
343 351
710 60
228 124
480 443
604 448
470 657
476 41
583 721
449 58
36 638
13 496
62 69
536 26
342 367
289 228
110 134
721 247
250 269
177 381
67 105
290 433
269 596
557 693
51 428
540 296
375 519
604 230
62 723
22 59
453 741
290 175
370 353
285 270
312 170
21 522
749 479
502 575
671 674
741 691
260 693
140 513
291 318
339 180
678 548
221 248
389 437
158 482
291 483
75 333
632 742
617 326
472 248
549 712
461 183
160 291
262 82
130 143
273 211
621 361
151 428
499 470
636 541
654 732
642 490
662 226
329 371
700 472
585 617
15 554
156 502
641 462
738 672
50 52
520 165
77 90
271 266
537 404
472 394
680 182
580 325
415 403
214 508
155 73
700 207
379 394
159 594
257 620
387 57
136 652
728 290
269 405
66 530
271 505
686 610
571 488
450 114
590 583
253 715
148 738
465 682
435 556
100 436
586 183
20 178
572 469
290 35
206 542
25 749
313 597
146 704
258 354
651 711
218 151
747 316
317 181
501 192
430 516
336 323
623 347
579 315
465 298
206 599
199 686
632 584
447 459
248 671
525 678
46 502
594 642
268 618
310 307
466 464
644 746
341 178
650 728
70 604
80 534
230 723
332 91
312 553
183 458
213 184
210 645
226 506
749 562
523 622
172 687
624 347
337 439
460 42
37 566
286 585
239 439
596 38
221 608
589 145
163 673
48 53
684 408
552 469
613 740
284 561
629 699
576 662
437 720
567 312
93 748
616 404
194 69
547 536
390 182
363 292
576 554
22 633
506 171
451 338
674 71
210 165
502 267
666 52
71 37
671 286
488 610
7 494
98 236
233 193
481 263
142 430
158 22
375 503
390 296
419 539
3 422
366 241
478 41
352 560
274 93
417 118
605 362
740 386
39 602
357 382
219 255
641 710
496 300
534 208
662 712
409 329
339 114
153 72
324 719
31 173
320 701
748 239
555 215
89 80
655 206
279 678
555 97
453 156
336 294
313 594
369 673
394 127
540 442
478 388
665 522
312 116
148 71
548 89
27 117
691 112
731 404
591 131
253 718
334 619
462 642
670 674
679 9
364 22
37 120
72 586
697 44
661 291
206 7
247 479
256 24
394 355
13 592
143 33
679 737
390 650
410 416
311 149
725 571
100 146
330 459
156 33
268 60
527 304
457 373
597 242
165 294
106 664
653 406
704 325
608 524
119 708
724 58
210 220
553 202
235 57
730 123
67 113
217 731
629 211
742 388
60 556
589 464
692 183
564 148
714 137
45 435
58 133
523 49
42 721
188 64
312 547
694 669
670 701
221 76
276 417
604 154
471 227
350 86
237 258
517 379
671 370
115 721
381 441
724 695
25 447
370 258
354 115
125 204
694 611
430 744
325 103
354 294
718 306
413 14
607 98
637 120
564 503
37 258
697 722
211 184
277 88
402 119
297 525
746 208
258 365
7 0
290 623
225 684
319 65
21 72
150 675
316 3
646 726
388 433
484 253
334 391
614 185
290 404
728 734
397 239
76 297
659 527
18 546
36 167
419 551
381 397
434 274
590 575
688 302
256 118
303 77
625 4
127 352
298 608
215 197
68 232
575 446
124 325
1 693
118 370
48 113
154 371
540 314
49 77
575 275
363 191
75 521
89 550
339 160
280 442
334 6
159 21
216 168
229 66
55 155
646 603
439 104
287 211
432 428
86 251
574 681
695 287
453 90
547 99
521 326
203 122
73 325
518 525
213 383
723 725
322 452
172 300
252 432
604 26
682 610
451 180
458 709
184 119
155 135
25 162
395 649
705 698
667 472
426 563
214 392
336 557
564 300
716 102
444 743
77 247
439 168
163 452
257 466
377 331
472 94
339 381
345 28
282 260
680 739
733 422
432 738
105 80
3 585
417 85
501 199
2 57
443 339
85 562
137 39
630 594
276 617
83 159
488 229
239 715
488 184
435 300
604 562
572 279
706 33
516 299
359 744
546 413
21 110
527 273
574 476
72 254
559 658
323 435
560 533
446 27
644 388
310 596
105 59
688 257
609 555
601 238
141 432
76 577
10 206
331 401
485 529
158 534
319 237
80 621
241 203
643 614
598 31
710 437
494 108
245 473
229 687
441 461
250 199
725 444
630 609
266 452
180 337
455 346
382 269
347 407
667 511
245 653
465 234
543 566
70 401
16 8
283 55
587 719
604 11
376 464
586 687
386 23
698 549
174 652
219 365
293 744
269 350
248 516
567 613
656 8
35 133
362 18
371 225
305 358
694 633
543 152
124 11
204 394
345 311
415 458
700 723
555 492
69 428
457 268
385 688
537 462
382 34
428 117
234 309
17 303
128 262
92 551
124 664
539 621
708 418
710 122
13 29
317 644
606 400
76 538
512 462
455 673
47 112
266 587
652 575
623 677
74 474
141 651
475 207
359 496
5 7
164 362
364 651
494 660
146 448
535 271
300 391
572 542
34 98
615 173
127 575
103 532
317 371
733 469
365 700
212 230
14 30
31 44
700 621
655 698
184 716
2 749
200 709
718 516
48 556
393 62
176 687
62 66
8 707
146 599
136 132
421 234
247 193
289 156
459 658
587 479
335 272
561 302
103 696
430 730
267 407
11 383
300 152
518 405
424 195
104 451
28 6
477 356
609 649
320 444
572 398
132 43
595 8
54 171
29 637
391 245
674 204
679 624
229 160
669 202
563 572
159 520
746 403
729 541
10 110
79 64
314 8
680 389
220 691
290 132
696 19
740 72
150 94
405 240
580 217
164 195
114 122
629 444
580 638
54 666
520 59
741 206
451 735
47 524
317 448
54 86
328 464
720 346
467 205
483 229
227 427
637 297
675 495
45 326
266 254
25 566
413 361
613 248
479 656
741 567
158 536
408 22
554 539
526 289
181 141
357 740
261 8
152 215
159 234
415 435
607 678
178 316
17 459
737 301
152 95
420 334
682 140
632 280
191 629
458 211
321 369
737 282
537 140
502 500
182 329
255 39
580 89
17 581
32 197
290 345
226 15
48 660
421 151
439 211
648 311
723 544
257 409
641 223
289 703
362 36
257 556
225 699
76 283
537 177
199 142
681 266
623 514
0 4
535 620
6 219
194 181
735 563
100 230
188 82
49 349
550 617
689 396
713 629
560 508
22 232
305 313
432 343
710 474
495 528
722 738
716 582
483 357
295 322
543 63
543 691
421 602
208 129
301 698
686 288
493 213
522 727
241 355
40 164
317 384
649 32
162 382
314 539
655 697
705 15
636 322
575 705
175 155
226 330
457 135
156 153
170 576
355 299
518 275
118 144
724 239
6 387
138 171
748 402
560 274
385 330
5 480
506 21
647 537
736 641
741 442
140 17
528 39
172 184
625 278
278 576
272 664
467 739
540 305
271 36
82 664
416 681
670 411
165 722
343 531
550 674
265 240
263 649
86 531
255 204
10 228
738 290
377 553
224 129
415 602
18 647
494 519
272 235
110 163
295 81
28 399
400 525
40 349
365 423
157 379
297 279
512 602
266 350
508 264
414 185
552 730
14 713
706 408
15 352
358 520
132 105
704 586
649 267
691 274
524 581
39 316
430 697
685 431
336 163
220 54
159 318
34 748
486 36
125 460
712 150
572 580
249 574
528 459
388 197
484 358
294 381
275 452
483 563
245 530
225 565
82 744
27 599
597 185
629 508
292 520
471 230
344 388
335 242
335 636
525 680
135 198
90 190
259 728
534 657
661 691
70 103
469 748
579 305
546 505
427 331
147 727
582 103
273 660
330 268
121 394
298 593
84 170
684 498
465 307
515 722
716 573
669 158
3 356
318 380
692 123
514 570
76 81
258 507
651 369
735 646
251 458
136 83
66 213
469 130
236 706
358 68
568 354
654 466
101 36
669 496
532 170
555 480
561 612
237 262
157 428
585 287
124 182
412 571
311 129
709 13
701 482
294 400
716 153
204 542
605 437
663 294
531 670
117 86
705 517
330 697
673 435
44 148
356 301
443 154
144 216
61 682
367 223
641 72
434 102
413 694
325 567
690 382
659 147
722 251
283 200
626 729
141 142
641 596
701 325
739 559
470 128
484 189
32 270
140 493
237 575
143 146
65 391
89 40
149 215
389 159
548 154
453 93
461 65
118 455
7 20
702 289
0 487
101 49
370 374
252 568
672 407
706 592
612 464
149 228
310 688
175 17
252 307
281 617
389 478
190 322
622 335
349 270
707 488
740 296
290 90
119 129
63 381
702 68
133 395
744 317
353 537
347 542
686 390
316 101
2 446
683 586
347 157
484 96
471 15
44 551
577 701
134 127
298 287
196 144
502 726
142 8
109 446
315 39
289 417
383 301
319 456
91 455
727 177
235 149
503 236
648 283
296 3
596 140
71 463
63 313
8 245
509 371
195 656
127 267
238 621
12 418
378 508
581 619
22 722
518 451
339 318
375 637
84 648
627 267
700 341
261 283
636 618
682 685
524 113
564 616
664 22
166 585
724 651
354 442
208 690
403 33
615 416
661 315
540 333
194 78
336 200
441 568
446 647
220 164
73 25
362 384
255 749
473 644
289 306
121 236
55 10
578 229
637 429
10 69
382 658
339 550
650 12
242 432
259 491
476 137
62 621
129 316
301 495
439 657
106 645
304 317
577 407
717 588
625 273
235 386
294 423
503 147
188 481
394 38
171 658
502 714
337 410
651 264
202 182
194 681
442 385
222 486
11 339
404 97
182 532
742 730
693 226
37 714
369 400
148 507
169 139
207 143
277 190
207 547
236 3
164 400
443 452
501 437
330 77
466 492
287 628
337 75
177 617
747 733
181 658
269 393
107 233
534 26
709 184
220 295
613 307
704 105
747 96
104 405
324 70
101 275
749 414
745 548
458 478
83 265

1000 3000
572 440
105 53
573 172
886 71
801 245
0 13
77 499
763 906
315 296
99 397
833 251
318 612
565 16
90 472
709 226
588 457
959 771
945 859
901 43
650 899
929 699
455 974
322 696
409 568
646 814
250 660
41 983
535 222
468 479
141 325
702 770
844 494
28 374
178 735
53 716
917 912
64 772
86 338
573 37
243 239
494 856
12 28
478 141
613 883
324 56
26 764
417 669
28 32
953 577
160 193
561 659
486 630
815 688
38 239
193 464
249 570
11 63
339 169
139 417
730 20
746 426
893 529
92 866
484 266
719 426
283 313
506 971
319 598
482 932
809 45
969 609
945 702
967 145
172 629
396 242
929 7
993 854
408 133
960 704
605 885
185 420
37 546
312 473
208 631
532 203
989 410
185 791
613 683
674 511
134 811
972 586
686 304
246 702
165 389
638 113
37 692
793 495
162 508
441 834
474 338
698 535
312 968
106 479
27 882
163 937
334 891
155 347
825 355
777 755
439 904
786 421
593 967
933 110
236 528
966 621
596 918
445 513
356 439
438 94
968 685
672 631
829 38
698 244
898 313
139 232
164 427
50 26
181 746
945 606
720 866
333 694
249 172
303 988
416 947
66 787
364 502
369 851
37 473
351 523
587 997
967 777
608 722
109 360
20 13
598 895
210 97
607 884
696 791
270 470
805 963
912 181
304 780
877 260
930 438
754 987
582 518
707 704
124 132
10 167
846 418
35 33
225 955
984 343
834 654
775 518
967 680
361 190
153 494
974 513
676 89
478 508
805 282
395 563
211 925
20 413
217 119
352 833
889 336
305 380
523 136
744 597
820 656
59 148
66 69
522 551
863 315
500 646
338 976
781 458
935 113
976 346
849 731
940 491
154 559
774 199
37 675
382 232
254 206
220 622
417 51
348 584
657 23
522 43
670 704
409 886
845 170
667 586
345 752
995 345
263 640
682 766
688 111
79 469
294 176
842 593
832 143
557 163
769 619
782 907
416 991
820 414
399 663
635 11
645 400
186 835
103 434
8 757
544 420
639 21
308 441
780 481
28 411
310 833
393 716
315 160
499 480
639 856
17 297
407 90
829 53
337 672
546 156
774 172
296 175
338 974
902 363
296 46
74 8
923 643
990 274
403 942
782 859
652 839
503 867
865 77
901 573
968 458
138 401
444 209
476 581
993 553
285 88
434 552
417 525
671 578
227 511
601 559
9 117
365 668
566 783
110 542
455 84
442 367
487 818
892 369
611 638
412 922
100 8
740 690
993 257
538 56
872 297
89 214
434 285
100 169
600 398
997 583
151 8
299 289
640 633
973 405
198 317
196 707
131 488
626 229
671 48
543 679
323 844
64 40
174 841
526 561
204 556
925 162
283 516
525 348
92 256
75 732
537 566
283 3
370 512
793 820
351 124
774 294
896 506
734 793
137 260
628 387
613 187
191 933
859 235
253 656
584 92
698 168
844 600
225 111
76 376
681 98
611 402
629 969
253 585
391 644
125 115
205 244
864 655
147 483
847 591
675 407
626 907
409 113
202 704
80 9
6 249
744 356
982 817
137 85
674 733
384 315
26 575
350 58
783 600
424 597
360 178
929 414
659 282
888 905
98 433
387 619
398 849
827 527
831 697
283 963
279 740
176 248
655 678
271 36
229 506
844 922
120 606
181 163
805 616
121 656
390 646
605 727
564 187
273 173
931 614
730 683
471 736
370 330
96 26
548 539
132 358
372 551
376 956
879 291
820 818
542 891
373 423
402 560
103 0
187 857
694 557
95 663
898 27
791 529
544 525
940 372
260 842
568 435
314 881
774 878
337 551
859 19
774 865
158 983
647 601
663 432
693 106
635 20
701 998
451 104
746 528
537 949
278 379
859 336
704 977
992 543
870 982
820 731
893 82
362 718
586 86
784 867
275 575
802 154
30 788
155 239
891 933
439 819
970 131
834 679
130 815
744 94
57 138
843 319
94 146
562 10
439 374
193 565
289 915
197 391
860 302
954 291
680 896
47 769
291 161
723 295
230 939
69 575
198 407
516 240
6 176
915 534
429 320
693 87
523 135
855 113
101 871
243 854
24 874
65 508
814 334
677 320
832 712
167 590
691 539
245 539
990 363
140 159
135 864
591 160
940 348
916 469
684 595
571 392
877 621
523 844
658 982
227 876
144 273
519 50
102 58
722 398
527 868
424 539
374 803
541 351
741 398
229 79
190 175
981 512
637 332
449 188
784 425
760 249
848 586
458 992
187 459
377 624
597 309
44 849
746 769
971 210
201 946
414 275
534 472
251 531
221 340
455 658
680 867
2 886
812 605
611 849
328 73
781 884
885 896
983 650
839 635
106 54
988 779
78 85
334 30
171 499
507 173
409 816
891 936
117 282
550 41
76 830
863 297
842 282
627 200
673 87
91 443
178 680
624 564
915 313
375 819
935 81
432 127
615 565
750 706
49 417
971 957
875 714
380 640
41 641
964 11
552 359
521 596
1 95
315 431
72 464
9 886
372 738
333 118
20 640
692 772
339 592
66 832
926 480
819 507
474 675
28 89
140 281
236 611
551 0
230 488
376 382
493 434
601 980
42 914
215 118
29 71
960 310
801 870
258 433
455 11
642 39
758 497
120 490
616 277
248 101
817 731
499 833
865 453
10 338
447 263
485 517
345 902
480 375
472 349
87 883
489 876
73 872
825 592
415 736
765 133
131 44
98 860
978 818
550 296
852 881
662 767
934 593
236 560
544 191
903 404
975 390
503 589
992 150
738 28
546 144
473 383
848 365
415 253
804 722
307 997
950 917
580 734
341 986
699 526
780 629
660 76
861 364
693 629
155 787
138 686
548 990
514 102
435 423
610 208
174 442
540 247
812 665
465 495
429 413
161 918
942 966
859 774
59 434
845 452
208 955
105 75
28 486
286 57
422 96
915 703
495 702
125 876
150 788
543 243
300 782
272 455
842 776
470 157
178 461
653 697
936 257
493 979
583 735
162 962
358 123
243 168
897 383
655 429
445 814
90 758
141 751
65 307
607 180
616 483
940 215
926 778
31 284
183 52
400 766
155 262
760 283
955 440
262 645
152 241
848 549
397 242
411 240
79 118
353 834
276 586
833 821
917 81
926 447
586 647
592 432
727 764
42 621
968 597
615 392
817 360
123 88
625 667
523 100
310 67
310 580
437 566
2 385
293 372
442 89
709 809
384 638
501 841
745 945
905 529
485 863
393 642
357 782
619 20
584 764
679 734
477 641
315 967
20 611
830 288
144 851
733 33
654 859
539 383
519 631
44 92
947 354
406 344
616 767
441 245
852 166
913 921
896 524
763 304
30 296
97 14
952 893
412 958
874 770
861 468
398 878
414 974
48 37
878 663
302 290
243 962
610 61
754 555
15 511
826 952
765 200
848 344
770 430
250 757
470 829
91 465
783 314
92 367
731 517
360 421
267 665
764 972
583 677
639 931
70 808
284 934
67 167
853 951
647 242
153 600
423 542
499 714
408 951
501 703
576 668
735 258
558 337
320 469
277 222
177 711
658 38
121 636
622 495
932 872
988 249
532 391
864 686
354 13
734 824
205 798
700 574
681 413
498 173
520 569
630 994
902 189
921 99
821 804
971 910
904 250
805 737
515 859
567 607
519 784
575 437
953 265
786 330
937 573
698 800
959 290
280 926
807 410
642 925
636 295
466 772
952 233
645 831
300 67
973 126
397 821
729 387
803 952
795 66
796 830
906 82
646 177
658 632
164 877
252 596
182 978
110 968
191 222
51 169
336 228
50 911
937 408
971 229
97 251
772 266
919 922
169 13
237 729
765 6
139 673
134 443
580 319
686 496
506 74
830 472
80 332
102 117
522 3
339 203
445 522
142 212
616 956
831 634
847 700
412 371
219 112
729 868
93 370
646 573
931 551
506 17
481 758
859 96
269 304
79 829
49 976
372 238
56 718
615 379
815 666
421 504
588 704
928 170
299 785
836 54
579 300
254 233
418 717
847 169
208 752
63 968
523 334
836 556
747 613
496 188
984 224
138 656
617 18
933 924
414 824
835 164
32 10
760 680
799 53
860 317
643 343
98 173
366 822
733 104
50 371
526 936
383 581
936 827
890 426
708 920
502 246
718 806
838 407
567 403
327 1
62 409
442 950
585 978
27 336
755 36
362 177
948 30
700 953
893 921
247 959
526 672
160 252
806 381
516 214
895 39
918 995
575 736
83 678
485 713
403 309
565 374
227 30
450 179
492 22
456 439
81 998
452 546
630 63
142 150
886 861
968 957
337 79
182 435
801 217
507 620
439 180
47 471
308 197
978 187
951 876
815 833
919 441
308 653
116 646
647 307
32 601
843 775
527 650
304 639
239 137
376 217
14 463
341 242
747 126
710 544
681 497
850 905
872 44
75 46
167 978
656 492
450 642
865 548
106 507
794 483
114 864
977 485
970 230
393 350
954 735
169 92
843 480
971 867
748 740
71 974
156 589
476 81
761 149
39 201
731 462
729 214
412 70
296 749
148 490
406 622
377 321
869 285
17 169
732 144
681 976
696 400
968 684
911 286
579 186
642 759
648 279
311 944
931 67
574 39
382 785
683 174
540 508
245 722
70 86
570 131
602 60
434 171
807 180
880 80
181 664
169 797
286 397
11 849
231 634
647 425
486 563
866 927
685 462
614 797
905 925
63 792
217 866
501 162
800 658
524 750
239 573
137 298
45 586
696 477
126 554
536 178
878 378
124 680
729 404
690 142
468 695
96 217
781 492
592 590
99 447
781 532
877 903
843 450
849 168
365 152
190 373
897 675
914 188
557 552
927 188
741 615
107 895
661 896
539 395
572 657
908 29
441 811
821 405
835 602
391 783
616 758
481 459
178 310
324 715
236 200
338 868
257 216
800 35
23 284
769 481
3 319
225 112
106 88
670 580
516 465
908 620
583 815
585 31
869 335
769 808
992 116
121 453
373 959
659 919
990 297
620 102
338 520
603 148
203 814
984 575
653 469
369 996
410 714
194 808
598 497
572 968
280 384
334 163
605 817
287 831
669 492
615 610
855 880
271 208
728 219
809 124
273 321
114 919
785 58
934 487
748 220
997 445
245 282
585 687
917 915
111 987
333 123
875 729
781 491
940 56
336 208
826 44
305 485
852 24
90 442
944 915
27 809
776 15
485 831
340 382
286 994
126 655
768 420
622 866
934 777
995 560
401 294
912 537
604 50
671 413
436 870
624 464
884 63
124 675
935 304
112 535
153 718
933 128
429 881
725 272
110 888
122 745
217 70
708 118
913 953
876 865
22 211
983 441
719 958
197 628
671 270
675 677
822 2
423 608
699 394
941 171
759 619
46 704
985 849
926 589
921 152
109 865
908 637
390 53
414 462
794 199
523 852
887 19
474 942
82 862
687 126
985 364
165 619
114 429
813 705
111 78
704 297
333 337
299 920
52 308
187 255
834 77
168 582
384 855
79 968
631 319
989 468
923 96
405 511
556 165
42 370
401 619
872 865
767 250
166 432
806 761
253 792
330 716
995 66
438 326
547 525
927 270
826 469
737 834
334 749
409 93
230 812
625 182
716 974
286 280
357 91
637 559
364 432
231 159
228 259
997 995
927 885
986 27
79 625
178 364
724 270
887 421
599 195
503 120
415 92
386 505
90 462
960 269
239 173
507 821
61 966
383 262
529 839
733 545
877 403
484 667
530 788
313 68
329 592
25 22
217 643
484 811
823 653
580 138
531 135
609 809
435 272
81 252
915 387
948 769
537 839
217 520
67 215
780 733
680 443
595 56
522 908
423 336
551 789
380 451
280 207
9 493
647 391
787 500
768 815
553 307
401 419
239 431
579 248
845 233
232 729
459 524
973 360
193 272
230 969
934 674
83 406
663 604
84 297
361 21
538 493
737 285
467 302
938 52
112 756
611 206
106 228
448 472
903 478
255 176
590 980
929 655
856 779
262 890
253 699
205 14
636 264
928 700
751 887
42 358
260 866
371 937
792 683
130 466
121 398
507 341
417 297
327 44
549 456
689 402
50 767
308 630
564 255
232 87
101 393
105 232
819 205
301 808
52 840
482 576
695 554
267 178
168 67
64 186
711 815
222 810
109 975
937 636
516 82
892 758
25 691
123 141
244 571
214 41
874 747
583 110
967 978
53 150
516 902
61 338
971 819
992 317
200 431
428 972
554 811
600 718
322 552
836 642
448 652
303 254
895 418
890 266
357 292
804 73
341 87
383 209
663 172
106 104
974 277
87 171
886 158
474 549
986 561
653 396
990 825
721 719
308 845
252 74
838 600
742 69
605 434
683 145
290 192
284 865
748 179
869 545
739 609
867 70
3 647
954 963
180 505
447 288
400 936
934 180
106 741
600 331
540 605
556 337
328 600
291 900
642 790
126 913
787 887
272 923
538 142
67 374
334 897
530 652
472 235
910 156
119 760
163 412
828 468
212 719
901 71
655 664
468 429
307 122
700 855
801 259
668 699
180 105
215 324
674 513
833 859
780 557
465 881
229 22
207 530
165 942
922 36
631 107
265 112
977 525
13 955
167 698
313 563
762 581
16 457
268 230
270 47
180 962
812 873
775 860
660 979
615 406
207 672
958 156
69 46
671 843
867 715
828 342
830 975
495 62
19 805
528 822
879 652
588 740
642 784
364 92
791 959
18 525
195 129
511 1
156 473
16 830
231 745
604 87
46 663
607 863
389 616
685 933
241 553
147 153
871 275
731 698
874 748
21 232
437 775
548 723
592 823
994 887
574 318
510 105
726 292
937 33
335 120
763 149
307 344
21 228
128 968
900 927
247 436
723 765
826 354
435 392
356 912
564 227
624 221
221 394
945 703
205 386
587 881
535 255
279 442
304 572
84 142
182 33
512 776
833 913
514 239
709 723
710 404
388 403
688 824
517 984
49 287
719 19
353 996
881 99
285 858
510 721
167 89
300 44
79 584
453 186
659 811
189 841
694 918
865 930
375 389
450 636
145 402
906 782
623 635
723 191
173 911
616 56
997 880
832 411
790 308
249 893
398 575
824 628
796 913
326 242
898 554
355 779
998 994
846 31
701 946
912 472
89 422
45 603
58 368
751 68
535 960
836 533
967 983
583 118
626 593
608 412
329 288
33 195
118 546
774 692
831 458
596 919
754 671
109 904
546 770
558 551
905 459
922 94
81 804
267 707
44 385
465 639
959 689
566 322
760 960
523 660
106 677
135 650
860 206
937 598
258 595
219 908
747 183
250 690
982 596
236 587
514 777
638 962
780 759
121 570
897 655
599 795
650 100
844 426
444 86
582 616
735 696
684 358
834 114
73 172
909 296
763 686
866 141
928 241
185 30
954 381
308 769
558 474
422 275
749 510
28 570
960 452
423 173
563 217
178 635
440 832
77 121
23 198
18 852
329 519
496 863
688 603
399 839
276 462
853 598
650 976
163 728
661 483
334 969
343 607
62 831
849 921
560 707
591 549
30 65
101 327
978 624
508 252
714 909
948 622
166 317
594 746
845 19
149 142
780 812
792 7
329 167
647 701
588 98
859 153
788 420
66 136
867 854
37 611
754 107
264 378
530 627
512 922
434 313
796 233
670 86
686 825
639 212
486 367
859 475
22 993
677 691
224 973
757 263
718 216
80 907
617 969
893 433
479 730
401 942
280 241
280 703
701 116
513 248
331 726
451 58
439 30
867 672
863 931
420 445
994 114
114 20
796 75
641 181
895 282
209 500
345 679
199 87
249 321
965 679
660 963
339 621
656 881
767 418
888 658
623 75
410 270
950 729
688 372
950 18
439 656
95 871
989 370
735 145
740 523
536 636
879 896
298 44
912 375
99 609
456 173
973 646
290 976
812 208
596 565
851 332
536 642
288 177
310 211
932 730
497 272
748 968
284 152
883 271
150 18
625 884
385 694
594 530
831 432
126 958
318 317
858 577
746 174
941 786
597 655
553 267
884 743
933 792
994 473
837 711
352 542
453 603
460 712
856 182
480 270
120 993
343 625
764 171
418 389
340 835
177 31
306 757
53 117
405 895
542 394
808 27
687 909
586 411
865 608
576 350
152 43
646 366
407 869
568 621
169 225
571 112
597 958
579 456
155 959
800 699
446 680
996 221
994 518
283 826
29 400
390 140
652 76
111 334
366 287
26 366
511 334
412 44
296 120
891 885
38 885
368 713
172 147
224 60
739 380
819 179
121 30
525 431
210 558
628 689
211 130
781 124
139 831
907 88
918 880
80 654
24 218
137 592
33 191
805 339
838 52
393 832
402 429
698 385
219 560
826 30
392 514
797 473
53 824
921 598
397 239
772 15
333 801
36 802
33 26
62 67
404 219
357 674
732 886
776 492
616 253
471 405
251 509
714 690
363 720
272 501
172 677
866 359
391 463
847 596
320 764
53 826
531 535
521 138
671 681
980 856
846 395
468 660
304 374
362 358
319 827
306 699
967 367
291 977
382 686
485 328
581 747
755 224
714 311
263 170
909 524
759 558
472 469
724 65
323 197
994 51
298 796
211 547
143 817
465 809
381 565
960 49
492 738
927 510
921 314
371 2
22 743
342 710
900 347
282 624
643 444
580 555
777 458
281 219
392 865
341 85
973 15
439 94
573 304
444 625
481 427
970 165
312 876
732 735
131 824
355 765
441 785
83 339
912 501
430 378
792 149
975 521
401 155
139 778
285 660
663 767
684 607
409 298
892 89
8 184
932 174
484 576
214 659
611 307
587 548
669 291
299 725
629 218
364 922
322 745
732 349
215 270
169 850
313 786
508 54
60 643
650 64
96 101
238 793
467 654
462 772
31 575
319 243
92 2
60 599
398 771
343 439
43 570
651 863
227 681
767 184
928 185
328 964
408 612
204 47
455 824
445 775
755 414
189 216
70 812
291 682
434 193
317 151
759 509
280 427
37 149
734 539
422 854
976 887
264 116
95 128
700 316
884 210
378 811
24 160
340 40
416 829
829 567
291 218
777 78
323 506
986 98
607 767
950 95
362 799
685 9
128 151
929 12
643 535
426 780
729 50
116 321
252 858
44 935
453 994
611 754
909 475
603 361
288 578
926 365
734 466
570 113
724 680
968 68
800 121
214 810
947 217
891 285
741 671
471 901
815 793
303 93
640 359
560 961
204 679
463 371
237 924
598 966
693 931
784 159
445 842
216 98
9 244
229 816
468 108
933 344
79 732
611 133
417 148
368 904
124 962
235 838
362 198
61 883
928 527
439 278
822 272
899 416
466 735
313 873
264 750
950 377
103 988
766 212
128 984
844 491
267 80
823 187
537 922
626 852
478 453
139 278
294 729
304 303
658 529
513 786
671 320
222 167
66 274
227 567
542 946
889 70
938 978
578 380
884 297
525 846
523 617
598 95
905 267
529 592
746 447
192 144
441 141
241 497
310 541
772 241
33 851
59 614
305 945
812 513
50 663
713 148
287 191
442 434
347 260
983 87
382 480
194 287
82 44
50 172
163 770
424 953
466 475
531 679
822 667
971 25
806 980
666 344
526 52
470 758
544 230
104 764
750 722
511 750
208 200
925 727
968 137
635 774
967 350
876 654
739 365
275 725
22 140
142 950
181 665
324 623
721 273
783 278
128 81
647 785
390 326
108 534
849 396
185 809
156 510
351 565
983 962
152 85
451 521
829 527
105 223
873 409
318 672
393 434
323 860
636 382
402 103
570 135
476 919
395 911
140 388
44 215
673 50
658 52
673 145
497 613
851 690
688 429
198 184
761 532
965 952
429 642
691 942
118 139
874 507
320 802
844 686
499 608
596 473
719 969
214 533
512 74
258 238
851 889
699 28
423 828
182 855
628 524
304 211
432 677
379 308
152 396
531 570
986 861
416 502
66 133
914 107
832 96
181 913
547 209
950 290
609 291
214 393
900 568
905 430
906 628
971 277
848 761
688 617
674 923
516 732
661 285
431 565
407 202
872 507
88 0
955 677
776 795
44 110
888 1
198 931
160 15
775 252
513 149
915 263
109 444
292 8
260 324
630 416
836 6
276 165
146 816
129 28
79 369
822 430
632 556
431 641
284 643
23 983
777 617
987 923
637 255
430 820
530 688
882 360
866 563
308 601
650 134
259 869
222 947
49 686
629 481
780 595
319 474
608 434
642 60
672 638
567 980
940 196
899 588
38 951
75 188
841 455
951 110
798 120
803 393
563 793
194 488
867 965
550 342
970 837
165 458
242 442
459 185
449 79
591 499
493 954
717 602
258 494
932 44
723 675
21 908
31 499
972 824
722 854
56 564
678 617
844 822
433 493
304 673
52 604
824 179
797 609
185 544
712 410
179 258
952 69
887 195
914 432
317 488
757 524
346 736
39 24
270 170
949 945
838 792
394 754
545 988
75 519
630 402
540 36
938 42
871 532
595 499
702 290
506 203
889 272
176 998
579 211
365 724
174 440
830 307
304 232
190 920
376 389
115 585
22 399
643 623
77 136
175 612
524 899
109 195
292 486
526 568
919 606
108 517
565 796
838 296
328 512
86 601
336 595
303 899
931 403
234 262
788 668
353 652
654 164
777 698
997 286
766 346
820 153
906 422
403 515
763 64
564 877
291 697
896 867
691 657
16 116
491 519
615 608
193 357
4 639
65 481
95 86
243 146
146 205
212 487
866 305
77 53
342 688
388 585
734 305
877 778
802 259
108 806
875 218
642 31
404 291
795 183
831 470
527 240
667 264
459 926
676 77
369 651
199 490
432 296
662 271
894 166
157 972
347 822
977 316
793 767
768 825
447 589
664 435
867 595
389 478
730 672
581 624
288 886
294 673
595 245
86 379
802 950
879 718
47 226
567 631
666 986
712 806
579 159
543 923
323 696
917 606
957 880
247 748
694 1
777 483
6 42
429 506
184 937
714 826
569 588
127 295
222 144
589 618
922 248
131 667
116 380
717 780
511 744
0 779
458 699
393 57
131 746
283 722
251 166
186 458
679 691
585 87
367 556
218 944
142 466
197 697
743 589
15 580
625 414
869 176
147 90
343 569
728 463
612 139
904 804
852 669
338 952
389 993
62 664
432 930
601 608
847 541
592 230
493 167
300 251
364 833
491 558
330 650
427 364
658 751
46 92
487 27
368 920
109 541
771 200
188 204
895 140
698 919
775 214
180 279
747 647
609 200
224 168
741 91
27 75
129 113
846 398
177 823
676 727
560 118
330 271
194 330
307 578
839 785
339 234
949 558
260 762
135 453
511 376
42 553
962 30
764 961
813 862
13 719
357 234
359 362
969 225
213 317
992 718
983 675
888 220
937 78
106 238
212 562
961 559
349 498
907 17
147 305
0 258
564 794
429 802
323 173
716 493
219 900
152 212
782 1
965 981
622 4
22 791
782 478
367 328
193 529
181 551
339 817
466 975
704 583
456 472
932 940
979 759
735 587
403 665
943 861
551 429
787 461
792 875
30 446
158 847
232 373
408 833
787 174
750 682
904 468
606 36
401 705
872 368
152 880
690 471
652 319
431 222
356 842
554 873
890 478
624 554
525 34
382 470
982 729
449 641
870 183
92 436
297 732
113 230
428 859
435 532
327 788
667 518
900 601
241 414
960 673
281 675
611 334
6 349
997 453
874 949
100 949
797 951
868 418
622 345
504 490
394 361
9 893
26 939
473 348
88 455
172 372
618 215
235 333
603 445
762 413
669 722
951 979
844 839
599 982
856 14
51 902
415 628
901 276
273 408
518 735
382 453
464 666
240 986
187 365
368 758
345 231
998 44
953 990
31 947
194 823
742 696
966 395
75 545
885 695
149 588
346 772
594 795
147 325
936 998
409 532
492 259
321 968
568 668
459 240
878 173
669 119
944 929
538 530
46 215
224 478
514 343
180 373
268 339
222 941
668 494
353 928
495 237
182 337
445 591
958 47
810 834
625 742
830 512
609 90
535 100
466 594
3 174
477 749
669 635
927 112
795 486
453 914
313 397
143 216
449 423
802 464
329 664
683 909
371 510
761 526
741 823
911 541
859 789
60 227
37 988
174 783
725 74
192 293
573 742
781 916
101 481
880 962
626 669
742 366
741 101
313 325
515 188
611 916
631 201
576 582
216 529
322 388
677 599
541 925
910 153
860 10
775 496
909 705
785 341
737 696
488 424
419 831
382 865
941 207
193 842
890 385
199 787
491 406
208 971
244 114
488 219
295 340
754 338
743 975
397 996
492 210
50 100
987 365
130 229
446 914
882 595
896 581
537 274
748 2
517 804
45 246
240 891
850 615
506 87
607 854
386 661
412 672
571 389
613 655
50 869
864 977
90 256
508 344
934 407
507 31
882 88
53 725
285 995
248 914
324 586
585 136
966 813
156 28
18 430
988 884
254 764
191 298
348 262
597 335
175 656
161 114
907 982
607 179
776 819
10 438
154 804
502 185
668 705
69 722
464 91
96 896
349 125
360 232
874 389
354 260
477 15
684 50
175 425
378 43
742 596
970 581
38 277
27 32
638 784
164 488
825 851
598 271
657 943
540 770
36 254
659 153
128 604
328 368
360 344
206 553
19 885
402 589
615 245
49 607
92 276
166 8
887 39
973 460
542 715
442 895
624 161
815 877
189 811
289 519
49 90
932 671
327 796
609 763
45 211
999 175
764 921
986 724
135 656
332 938
223 950
696 455
197 343
396 787
369 781
725 796
243 993
919 79
865 725
489 309
705 704
754 451
755 170
576 888
960 200
82 293
990 409
868 52
580 129
971 893
50 653
571 72
917 9
961 367
975 764
883 525
379 250
260 115
140 462
531 357
893 135
330 115
682 89
58 214
780 74
853 854
169 14
633 526
909 434
578 685
17 149
251 284
783 353
506 712
643 696
956 496
894 993
976 71
568 571
849 925
262 200
424 917
689 228
717 779
38 952
816 12
772 595
524 853
906 559
208 448
924 395
963 49
597 509
594 990
922 183
290 885
778 800
117 277
377 899
510 360
342 189
322 251
133 959
5 611
204 443
365 958
689 41
303 986
500 439
438 451
237 822
301 338
183 756
609 292
911 896
985 90
858 766
981 624
689 151
69 101
641 623
693 287
363 920
809 697
852 676
188 720
589 580
74 920
838 58
963 294
275 375
550 858
555 76
406 467
647 717
653 617
220 381
483 584
821 593
930 223
882 454
30 888
214 285
281 747
494 504
409 66
106 667
327 169
80 961
676 28
3 398
348 326
863 939
256 487
281 594
296 402
683 725
182 261
692 38
543 492
542 678
176 548
882 872
458 326
795 659
488 101
195 193
799 60
979 892
510 296
170 429
304 787
725 852
4 32
316 838
446 730
890 925
995 160
250 8
318 835
314 699
894 914
725 688
124 668
613 794
889 757
112 976
157 304
962 103
34 771
416 274
971 36
315 262
937 347
257 165
922 634
561 138
54 670
364 280
333 43
60 261
192 663
786 159
572 701
975 234
622 176
557 273
543 852
496 939
601 477
368 587
166 400
630 483
593 775
645 111
573 704
130 88
901 975
47 741
692 702
252 955
53 719
785 76
321 940
127 79
458 276
763 861
242 41

1000 1500
620 445
216 547
188 733
698 788
329 832
284 788
195 743
96 436
447 687
29 11
211 495
217 713
545 641
958 155
449 589
484 180
974 371
203 85
199 107
333 790
423 406
953 502
116 547
117 414
352 971
304 836
665 661
280 193
453 872
31 786
426 514
605 553
351 137
300 402
701 387
395 697
519 703
41 66
642 6
281 984
413 608
959 598
11 531
662 265
393 902
802 331
56 350
303 720
821 49
258 193
859 112
436 676
28 692
116 255
374 807
678 39
759 9
22 654
16 469
715 966
593 124
427 206
599 355
908 490
164 321
964 24
492 619
375 720
96 493
418 976
92 406
875 461
41 823
191 199
540 916
693 670
471 521
387 129
36 964
963 580
113 835
735 354
977 765
518 778
929 411
969 304
35 673
126 643
642 158
972 896
679 850
317 876
343 55
188 436
213 683
654 213
182 265
76 371
973 879
319 660
860 762
789 948
864 799
393 596
925 462
952 613
893 594
436 578
710 224
818 695
437 756
782 868
376 959
192 166
130 747
257 914
416 360
490 454
27 983
510 810
336 56
42 262
367 375
106 104
279 911
896 799
167 765
692 423
311 562
443 572
584 864
998 496
226 594
985 976
987 894
261 810
665 823
821 778
548 712
740 193
505 264
635 972
428 591
475 762
474 957
117 629
650 84
750 511
904 419
323 223
141 133
989 915
436 362
383 171
609 645
578 934
903 376
293 434
841 375
769 59
166 311
2 842
264 478
982 288
442 276
609 286
861 479
206 553
500 284
564 62
501 18
253 660
208 646
856 334
182 906
521 512
931 983
815 864
402 694
173 980
840 561
931 174
315 990
652 712
487 828
175 100
423 60
934 435
651 273
508 399
786 404
560 477
61 251
416 46
394 263
978 171
346 548
530 656
843 392
329 332
693 655
365 938
190 271
844 413
652 428
724 128
797 392
627 961
584 191
445 134
231 306
962 645
811 72
924 281
611 119
112 137
0 849
749 596
272 166
425 749
976 552
364 251
82 457
192 139
640 912
61 399
585 612
521 524
670 755
259 228
109 976
330 91
308 592
116 254
305 923
999 685
195 535
322 509
784 522
797 796
760 57
356 646
206 5
843 362
362 979
853 526
718 13
772 13
355 881
512 255
363 895
854 977
354 761
5 14
456 375
68 524
956 879
449 133
385 980
674 206
627 449
654 259
378 438
89 534
831 25
352 608
271 352
703 460
916 699
897 664
967 727
56 846
933 146
371 338
359 11
108 849
132 201
808 500
277 581
857 492
727 760
733 0
897 777
444 868
820 62
427 115
487 532
472 951
230 349
755 211
383 256
517 636
494 888
662 800
616 817
32 640
120 927
916 503
628 717
891 96
474 715
158 153
291 995
737 704
333 856
745 570
141 418
367 444
589 799
137 960
320 323
275 161
781 624
227 25
339 673
681 952
592 942
100 827
291 473
946 771
205 216
419 914
229 232
787 678
994 232
284 269
516 401
990 869
227 790
543 101
436 674
367 302
850 918
3 940
297 552
236 683
575 208
550 892
497 425
56 31
151 31
674 856
381 340
895 14
840 256
902 852
704 156
785 937
642 873
198 328
967 200
270 294
124 604
386 98
921 436
672 140
782 632
15 277
249 419
637 702
655 881
989 109
659 886
714 400
352 603
885 207
129 787
188 621
341 873
480 504
960 685
153 459
891 499
51 624
175 261
25 905
589 133
625 272
899 934
744 223
279 302
685 835
693 73
658 585
765 609
5 302
263 125
767 943
314 576
534 77
101 496
903 515
696 982
385 644
837 874
959 769
704 292
726 468
923 340
865 639
724 636
342 36
244 612
529 309
821 927
471 628
674 991
433 544
934 767
757 811
112 1
738 656
287 340
932 184
245 951
130 945
280 43
272 948
383 410
761 925
419 425
836 874
76 611
726 87
546 659
348 722
388 113
720 222
326 152
747 665
354 898
49 205
618 975
255 236
38 683
691 350
850 290
337 169
459 30
122 150
873 838
390 910
323 817
850 742
278 124
927 862
601 577
116 280
382 906
963 588
8 116
19 851
352 386
558 521
590 674
639 450
781 831
828 142
78 214
352 329
759 463
983 400
484 332
130 381
595 358
387 512
952 665
991 814
788 708
556 367
258 177
769 79
82 497
48 293
229 256
937 820
836 232
138 358
761 148
622 585
560 321
73 314
596 183
701 908
736 60
538 246
640 126
167 231
376 72
385 170
568 872
127 287
311 867
952 368
898 906
708 705
65 250
460 882
0 801
717 831
617 77
237 15
724 865
379 60
560 691
850 173
262 163
523 884
540 433
907 788
346 422
367 413
919 129
536 968
87 177
411 835
392 211
672 42
327 351
419 318
460 848
511 472
225 732
524 528
781 500
377 659
709 411
144 113
433 98
676 279
984 130
652 557
790 155
997 794
900 229
302 696
288 991
151 643
753 800
473 707
701 345
876 174
770 394
386 557
337 84
75 654
478 463
256 225
854 180
978 891
801 17
401 643
287 323
387 881
65 906
656 299
622 518
385 614
54 740
169 179
780 337
410 726
890 548
194 846
289 422
559 142
430 551
396 785
657 845
515 794
686 777
213 384
435 992
149 936
488 219
649 137
862 137
5 30
91 162
91 516
455 922
127 613
308 201
436 603
102 349
442 733
166 152
677 637
917 601
936 226
539 97
521 486
299 447
718 436
503 529
899 201
884 792
832 302
753 952
922 503
657 251
805 72
726 748
979 73
408 337
542 120
134 352
712 342
662 760
542 332
933 721
964 412
991 108
228 869
443 736
316 270
238 448
182 899
111 957
18 347
882 102
806 431
756 393
633 731
933 326
849 652
996 338
532 579
926 912
865 838
7 978
349 524
39 190
602 102
791 415
99 272
483 439
168 946
890 643
870 12
703 685
375 773
450 78
679 620
602 389
18 76
751 915
744 29
89 131
231 428
292 761
297 970
288 481
102 197
880 44
735 779
912 272
847 16
49 292
500 99
592 217
557 242
326 148
835 881
797 114
942 385
98 293
176 241
543 699
737 605
105 339
220 909
162 14
677 96
273 522
777 488
633 345
119 626
934 861
821 714
686 951
91 482
902 13
834 421
538 333
870 527
210 70
470 484
226 593
684 260
137 512
958 871
467 442
450 223
602 555
340 879
344 140
519 104
261 361
983 134
758 174
750 747
945 874
497 981
957 431
237 666
781 402
303 572
543 351
859 686
342 142
929 934
564 811
742 125
585 405
943 900
747 186
406 764
688 908
740 491
367 431
880 281
947 325
584 583
597 18
334 746
695 378
892 906
944 885
679 642
797 570
966 489
627 390
202 929
900 412
198 796
458 783
761 663
377 875
60 988
393 158
885 726
350 705
909 268
836 975
918 853
222 793
929 928
864 441
393 210
810 654
270 848
688 260
745 888
233 474
929 64
384 877
66 834
11 960
216 807
216 243
911 261
700 417
36 752
978 888
197 293
320 782
387 258
529 804
915 139
171 980
225 184
815 331
894 673
308 323
244 438
182 154
193 232
428 666
656 759
731 423
680 180
875 347
622 745
359 479
966 518
276 793
296 969
63 392
205 837
95 857
547 240
645 92
445 793
171 486
196 868
61 210
822 257
376 226
443 373
647 680
334 274
353 531
10 111
3 559
163 413
640 641
348 12
403 589
111 17
342 888
24 25
972 579
146 84
88 383
639 267
950 968
444 927
640 665
339 159
241 824
723 677
276 259
867 120
115 137
511 0
54 983
672 866
850 126
169 50
897 465
153 738
783 971
105 370
907 537
740 146
481 850
645 862
981 546
262 15
998 50
381 36
738 574
508 179
145 608
194 533
916 341
266 614
936 257
76 914
524 656
76 367
134 638
27 945
291 203
174 298
533 136
688 478
8 281
150 752
231 451
392 897
993 118
97 848
326 867
793 444
45 446
518 63
859 812
165 261
350 990
3 8
959 881
957 31
644 134
901 958
480 174
441 492
480 477
312 494
74 815
195 959
655 446
202 404
586 461
371 537
906 5
824 225
318 391
209 107
377 928
752 558
960 677
694 997
469 357
598 707
644 30
866 855
594 668
9 918
173 735
696 45
184 344
359 311
549 7
322 229
59 854
806 966
762 960
213 688
730 502
322 585
464 186
373 479
218 541
856 862
911 144
857 744
468 806
509 446
344 611
226 407
863 56
15 32
519 87
990 145
387 554
947 572
81 223
363 540
108 804
494 947
981 626
851 0
349 358
722 831
32 826
733 718
823 421
218 737
309 923
838 903
675 443
930 451
141 353
136 892
54 228
593 899
517 861
436 149
956 187
13 137
228 208
950 787
760 252
382 441
832 461
119 221
484 677
538 523
346 420
454 221
542 172
212 699
451 126
116 128
968 365
637 812
198 852
349 161
779 285
137 153
622 445
528 508
285 970
869 336
384 271
172 714
83 68
645 468
630 535
78 234
566 325
119 288
275 111
963 292
812 565
485 542
602 675
406 926
23 190
44 736
40 872
672 945
943 512
422 755
684 64
580 992
362 556
294 826
375 51
577 722
104 26
510 663
799 286
305 713
840 433
392 331
943 25
437 778
512 676
346 631
361 480
644 25
553 859
292 257
330 873
813 912
642 453
480 664
100 142
152 517
119 85
9 743
945 867
261 252
31 102
793 115
780 697
332 65
272 917
814 250
757 826
617 75
214 985
287 123
456 941
214 732
390 737
618 136
374 248
102 29
462 339
913 118
985 404
204 268
89 369
149 329
856 41
321 693
335 780
723 981
63 592
360 461
983 532
93 750
927 536
50 712
550 403
684 385
628 680
116 119
554 315
792 862
180 529
453 945
595 597
691 884
825 567
669 803
677 276
224 171
297 580
57 459
404 362
732 173
721 103
818 644
555 450
52 34
851 205
917 538
161 443
987 693
34 278
61 6
869 876
468 506
57 454
802 458
979 644
906 372
725 465
118 309
760 774
353 834
798 695
870 864
957 206
194 663
815 579
118 800
223 195
109 339
191 27
667 802
778 482
222 205
493 879
70 557
331 361
763 928
720 381
218 869
224 526
698 337
110 952
505 114
715 882
96 937
687 586
786 67
936 914
237 939
821 212
869 721
15 217
212 465
27 275
621 646
61 274
982 190
91 908
625 950
7 410
403 561
285 990
82 643
597 474
579 422
521 297
817 286
327 640
816 734
869 183
784 402
676 498
729 521
38 344
135 794
736 940
480 304
355 361
96 453
258 157
72 202
356 331
286 42
613 702
857 957
779 575
333 645
495 426
328 763
458 834
712 832
489 401
307 480
721 148
590 251
375 136
762 49
972 513
399 564
802 734
523 579
360 975
21 952
119 546
26 620
173 513
972 260
263 453
126 617
84 269
724 958
211 933
858 219
471 680
132 999
826 104
632 553
192 355
757 454
873 406
827 98
720 371
343 845
732 975
108 166
953 35
50 922
790 716
678 922
78 895
222 876
660 249
659 344
942 885
186 620
938 323
651 421
910 164
227 223
631 779
901 871
136 26
751 265
716 959
226 530
931 129
398 914
889 712
280 265
331 45
541 633
813 150
660 437
584 650
327 754
736 670
849 585
588 71
76 500
455 953
820 196
365 413
572 21
832 849
543 335
407 202
472 698
551 49
502 823
784 353
956 731
70 287
512 303
264 481
79 227
179 535
946 213
325 444
652 144
457 611
667 822
282 834
768 108
940 627
405 480
30 77
711 378
820 438
875 459
671 937
600 146
575 998
510 935
930 341
606 210
579 692
647 585
350 97
437 505
858 700
628 254
449 776
120 50
626 355
557 232
277 41
918 762
568 233
151 634
706 701
507 17
819 565
883 510
791 404
298 87
288 144
150 87
830 666
386 414
274 351
97 163
923 635
785 380
424 252
260 455
76 2
153 434
856 51
25 895
335 311
661 588
384 724
537 319
689 673
545 927
176 594
756 253
919 452
423 803
812 232
773 654
959 275
394 100
509 677
767 43
981 167
292 645
572 677
219 117
303 826
682 534
272 296
271 648
917 159
798 773
151 713
821 487
832 351
127 5
624 804
151 409
8 372
361 833
711 635
529 917
94 825
997 520
692 794
718 908
725 285
480 237
63 861
255 99
996 140
17 210
801 649
383 970
653 576
38 917
859 833
460 790
909 64
432 819
488 75
819 650
501 225
722 374
232 504
391 817
812 695
209 106
593 688
372 111
880 367
761 382
894 779
59 563
547 725
860 592
745 331
306 419
959 403
165 149
690 616
481 285
20 873
955 585
668 153
657 7
527 108
248 535
377 357
163 200
89 835
98 606
15 767
613 982
430 972
587 686
918 987
384 495
603 48
302 784
608 103
295 136
858 811
898 329
189 544
885 282
671 732
190 317
199 647
632 384
120 397
779 952
559 196
327 733
754 797
359 639
367 362
104 311
633 515
209 201
819 643
835 759
992 763
995 307
559 249
867 879
895 606
458 123
407 637
512 871
451 992
77 263
152 50
504 780
32 676
379 373
995 909
315 244
173 368
118 392
42 418
546 713
891 304
524 942
515 752
911 466
265 18
700 544
218 821
345 904
758 640
860 621
669 791
843 812
863 420
986 311
942 341
314 932
842 123
332 883
551 718
982 362
110 983
325 317
819 64
986 179
562 387
819 816
496 307
950 568
577 462
331 143
973 22
733 417
89 828
493 293
597 739
52 285
66 117
922 298
566 561
13 737
870 939
267 196
591 950
131 815
6 170
708 367
948 110
825 187
507 834
168 656
960 604
412 674
823 467
993 222
721 880
40 641
455 272
237 613
540 857
486 447

1500 3000
1112 104
337 1452
106 1049
383 921
271 869
1361 840
873 410
1059 377
1260 811
830 757
831 1304
521 178
487 1097
494 1392
953 1430
930 186
263 147
156 1495
264 1277
381 70
906 1281
864 292
905 339
709 1005
1330 412
929 802
829 1234
1108 1305
1190 781
411 105
378 909
1423 391
1388 289
1483 536
1035 267
265 199
795 1278
565 640
755 783
824 302
1148 950
839 250
1020 1392
1206 246
752 673
423 364
1248 803
211 676
637 900
1388 585
584 834
474 453
374 214
168 615
459 1142
576 1406
1167 107
329 66
1220 1372
704 561
708 1205
1185 1210
455 515
1272 949
537 479
1286 926
117 522
1036 134
88 1235
1295 1141
1432 544
1252 404
106 35
116 970
658 88
1307 327
1195 1420
1017 305
454 1059
992 1105
427 857
652 747
285 1300
1394 1493
919 637
218 41
24 1072
1323 473
385 906
431 845
186 1294
1156 1219
532 607
1213 1399
1133 77
872 691
905 7
800 1014
999 584
593 611
352 995
757 1172
1098 434
1239 1195
1127 474
352 437
384 481
85 1091
809 81
461 1205
1209 160
1279 1147
447 881
248 1023
1069 1476
598 1031
1439 1440
727 408
623 253
626 286
25 1011
221 240
977 1368
570 1254
879 330
1008 919
665 891
116 306
747 431
857 989
1310 1100
1306 797
359 752
1062 554
1336 1163
989 775
1346 357
346 1487
363 1474
1329 1139
1444 863
341 7
927 628
1221 1228
493 339
899 515
1071 813
31 754
721 982
160 787
328 754
185 130
1243 221
1209 780
236 683
1057 1421
370 587
1079 1340
178 391
823 577
1227 1299
186 858
382 57
1460 1398
356 302
361 1103
207 1498
94 852
94 1057
1336 1337
1241 1375
1180 997
1379 568
1185 1100
206 1101
379 1358
1340 870
149 1117
286 926
255 62
1247 123
1125 350
948 148
859 333
1133 1201
1465 165
100 1394
494 593
1183 591
387 993
221 798
1059 96
1087 944
1065 1471
371 1325
95 986
527 288
682 390
217 363
1270 782
17 961
1156 1471
869 816
25 1264
262 357
368 1145
15 43
1372 903
1477 133
438 1149
357 368
560 206
3 424
100 1028
107 789
578 428
781 401
570 736
1494 65
789 1296
691 730
299 390
668 1473
1335 315
436 821
559 962
1110 794
328 1076
1033 112
1457 443
1461 949
672 1249
646 733
317 807
1459 60
445 935
1397 102
32 1170
596 209
162 89
683 965
716 640
1263 840
0 912
1391 725
1420 178
726 492
115 1457
568 588
1256 660
198 1308
1087 1072
97 945
587 482
290 1427
321 397
400 869
686 507
330 901
375 773
1135 218
954 1177
481 1014
216 338
387 1069
808 524
345 1044
271 233
1413 806
1061 832
861 783
310 45
1329 901
1427 771
776 889
224 637
881 663
130 1155
605 566
777 721
650 816
1268 931
1257 618
1315 1108
1242 1240
14 97
736 844
973 256
1280 129
515 1301
894 69
111 609
54 1115
902 1208
1200 1008
207 1474
1249 639
324 1191
274 805
74 967
1011 38
57 852
286 37
1408 386
1430 1235
1183 1175
355 1297
321 1301
861 505
1211 429
1098 1212
210 364
1028 1428
786 1269
197 365
935 1318
562 26
744 915
562 518
189 1239
1228 1413
178 445
977 543
654 496
309 163
1038 184
987 1137
1240 823
1343 1412
1263 841
787 1352
530 140
704 805
1376 686
129 688
1075 1144
1141 74
1300 583
530 261
139 743
927 1065
600 196
1220 832
1455 57
113 1382
536 996
190 809
27 426
190 1163
710 446
493 1387
844 198
1127 1448
1006 1253
76 201
210 503
1303 478
523 66
1137 1308
411 245
1421 1043
396 411
81 1191
1145 186
1499 1001
140 1419
460 888
1084 442
252 419
711 913
1165 651
685 143
1028 1404
512 841
162 1197
1449 969
1141 751
625 572
484 1400
818 1403
1340 1104
954 577
1178 585
1225 101
893 237
62 1330
693 919
1039 618
1386 505
698 15
774 992
109 548
1045 378
906 205
679 942
106 176
1261 1118
371 1406
1045 605
1240 786
949 52
1185 1462
138 1371
419 847
1115 802
519 537
118 778
76 1158
334 1201
1337 121
184 1133
654 1321
44 513
1373 1454
662 241
836 238
1429 1020
1036 370
1465 532
299 761
323 522
1369 1160
982 1388
1269 1367
1173 557
466 519
242 885
815 1368
572 853
134 985
867 384
327 714
1001 585
476 832
969 868
1327 105
1026 814
1321 1044
827 741
961 94
1316 322
654 335
894 1237
921 1455
822 612
745 79
479 695
701 762
117 853
1013 1208
1487 1012
1368 446
1213 150
1295 117
1307 410
520 283
699 141
1181 572
1455 343
725 134
1486 443
714 788
846 517
1304 1301
252 444
1073 1048
166 946
276 927
1212 1051
1034 143
1216 1006
503 90
1065 849
370 709
123 102
1177 448
34 1376
458 467
1332 751
389 346
1295 1087
370 1444
324 561
764 957
931 107
289 306
797 897
655 475
763 53
94 988
492 547
1118 110
1183 902
148 819
1292 950
937 1278
1019 631
849 1060
1031 795
1388 730
300 1312
786 499
1366 1350
614 609
1166 287
484 987
1040 503
486 1412
73 636
207 1401
917 312
957 1202
1280 1264
546 50
1374 905
569 736
556 610
159 1494
620 1304
469 103
405 208
1108 877
1227 276
850 206
1296 535
807 1326
1356 1211
745 114
715 1406
693 1034
169 781
427 843
316 98
959 1106
513 685
947 1285
1415 610
621 539
362 637
1184 1368
597 672
849 406
771 1167
598 955
1494 1431
137 1209
659 883
824 1224
419 446
536 1403
239 1330
797 173
100 1334
816 546
1228 1225
59 1094
517 1041
612 876
486 660
268 229
256 647
634 365
1155 864
1112 462
1133 1473
47 363
1326 261
48 1446
1241 201
440 391
405 558
1491 1103
1124 52
1181 1106
214 82
687 507
1323 1253
7 1228
120 332
529 411
368 1269
705 139
468 184
563 988
97 221
416 252
270 1110
774 492
298 587
461 202
580 363
291 575
924 168
407 769
864 221
719 488
1349 674
46 614
1130 400
278 1009
1266 539
848 1151
700 778
19 417
1063 481
1450 729
50 1132
1344 256
529 100
1131 291
888 1161
1055 1340
1197 136
78 624
1481 699
1184 17
915 738
819 1481
799 1324
652 895
173 417
738 53
637 115
1120 978
595 1352
76 866
733 150
714 1452
673 152
881 742
1261 84
524 596
1215 619
305 1361
1126 150
482 623
510 65
1226 555
287 203
1209 716
281 491
897 428
560 166
195 1075
352 1381
1334 1316
434 1438
1083 3
700 127
182 402
204 694
675 219
158 1454
784 1041
732 321
610 1036
1089 1499
1266 327
1293 1326
650 1429
392 577
966 904
878 1129
936 718
556 1178
1158 1135
1317 525
385 36
193 216
1055 648
236 163
345 325
465 1052
1488 1443
110 216
1222 1381
882 1198
281 410
1325 421
515 372
119 610
862 580
1189 1260
683 163
1176 159
1021 392
849 1372
628 16
386 176
1204 1352
582 576
353 951
1305 1043
977 299
1069 218
654 1
32 376
1189 1347
740 798
982 685
644 797
881 1416
359 641
309 814
167 1281
408 891
850 322
832 268
1265 962
491 627
1228 559
1499 720
1466 431
335 111
508 246
1291 994
691 353
1221 1497
1385 942
343 196
742 1325
1373 24
1306 830
1182 702
366 811
560 300
393 1157
481 1028
509 1143
924 864
675 1337
1074 261
665 771
625 1019
767 793
1115 1114
1383 554
129 308
555 1358
1232 158
1047 965
531 794
298 647
331 1329
210 915
704 187
176 700
345 683
1002 304
1248 340
704 374
287 1308
1278 104
1201 2
1267 152
1257 129
5 758
1454 420
522 220
1047 400
716 733
515 319
139 635
567 1285
1048 1335
660 726
915 1163
1336 432
743 828
671 1050
738 1120
912 1466
874 148
1278 987
46 1102
1294 1427
1318 471
756 1489
1499 802
526 1097
1083 1371
202 915
844 411
672 1382
1027 590
772 1198
1198 444
542 212
513 838
64 1439
926 558
729 66
791 869
410 1198
299 525
367 72
1121 1340
468 422
671 1184
1382 50
517 396
382 1350
285 848
20 1392
91 935
809 796
373 240
1290 303
20 3
844 854
1259 310
1169 577
553 451
731 809
309 419
460 251
878 1061
768 1038
424 939
759 21
881 1342
1001 1392
747 1424
423 1252
1229 347
1361 1277
771 295
668 455
634 8
387 849
271 1027
66 524
1033 1393
261 1348
1129 230
813 930
263 1438
1273 646
1261 1036
1120 679
524 486
754 981
921 345
362 418
691 1059
1480 523
1337 693
266 629
1272 279
363 408
588 299
400 14
41 838
1122 1227
218 1234
364 1381
1455 271
1041 1354
594 1254
1345 134
1172 402
652 992
145 1177
720 526
1346 790
245 86
451 1046
776 1460
1480 436
1293 180
0 1275
1049 311
1017 1480
456 181
288 345
374 1469
1154 0
100 820
989 1241
78 1368
896 184
373 1304
1340 160
1232 1297
127 250
866 1331
1007 1300
416 977
939 567
879 814
1271 1242
594 1279
1077 89
701 1471
1194 231
1482 669
236 5
542 374
1393 1260
837 358
1270 1252
693 432
988 629
310 1160
382 1396
352 1122
285 23
64 1046
137 1433
975 972
522 314
298 463
1124 361
185 52
1254 707
151 65
700 542
1202 1423
1388 208
50 1106
880 576
161 190
389 115
592 512
438 403
707 853
1469 1056
708 65
1020 1042
912 863
1306 72
355 1488
326 163
902 170
380 243
408 966
779 1233
1199 303
497 571
67 733
1257 690
797 886
294 1230
1127 1441
501 172
357 1288
629 328
785 153
522 1115
349 267
1497 612
983 554
988 1241
13 266
1234 638
177 25
34 150
336 881
628 1260
888 1252
198 687
1395 454
58 168
669 708
824 1308
1461 1347
284 641
1200 826
1033 1418
297 993
383 894
437 607
725 1248
799 965
751 71
889 1371
397 288
1374 382
693 549
894 1155
831 1054
862 167
1206 128
1231 815
684 546
684 623
477 854
49 1349
946 406
1468 1470
587 1106
965 1246
1463 496
388 134
973 434
176 525
1016 669
165 240
1486 818
1088 741
94 937
249 927
683 1471
560 1446
1320 1108
981 820
1328 854
410 391
1348 808
1235 1386
592 49
1194 1240
1151 822
811 1447
1180 1482
390 69
1489 197
1464 6
47 293
275 1318
138 721
447 1218
544 1199
1364 347
1310 484
972 1062
1183 911
50 388
402 945
1079 1034
1212 1358
955 173
242 1266
1109 1017
286 316
527 1138
706 1456
1040 897
104 1163
1271 1460
1494 983
1332 641
1445 1199
978 989
1447 1220
943 507
744 824
360 82
392 1058
1362 680
1462 684
844 907
381 922
579 1320
711 719
463 915
637 1055
1378 1304
136 716
1157 507
1007 297
555 1008
1005 1411
541 88
479 678
1310 1252
534 237
283 142
1135 5
686 1418
454 204
981 1317
59 351
624 703
1355 1095
37 872
1484 48
1205 314
486 463
1098 152
721 1411
224 262
1418 1400
598 345
459 510
361 114
436 285
1439 1160
1242 4
1086 1303
626 1455
505 1354
907 518
1358 620
609 588
441 214
1253 1056
418 65
867 874
812 1309
917 698
877 488
962 251
864 1101
449 384
496 1035
660 759
691 821
1233 1
1178 42
302 1050
1443 1041
685 1281
171 3
300 1034
1226 776
393 153
993 301
278 979
43 803
227 223
2 1217
1048 296
705 703
323 1157
92 1034
73 508
1381 356
57 964
1173 583
1285 1091
908 1406
1205 882
376 1267
286 1475
537 1463
1109 935
640 983
449 923
1373 783
161 736
569 430
397 91
979 1154
177 1057
1364 481
934 1392
1425 153
916 404
1158 276
1004 508
372 1085
52 1164
1036 516
1310 1044
352 1481
117 1051
237 78
1446 1156
11 90
693 1267
567 888
685 25
1449 584
1227 189
309 556
1238 1337
1434 178
312 607
1096 506
696 650
398 532
1013 560
185 151
880 1135
775 928
552 279
779 157
333 141
1144 513
1344 106
114 802
612 409
144 268
122 455
1116 231
1048 226
359 1382
920 346
1006 1277
242 1376
138 162
901 1177
14 968
188 299
865 289
110 1339
162 507
645 1197
353 122
606 1431
1258 1273
883 133
420 1111
726 354
1235 584
650 1237
211 1123
1307 591
727 74
1027 710
226 24
1357 821
1367 734
612 1113
519 266
424 832
250 892
599 570
1263 719
1174 1147
1050 1181
1479 1271
176 1171
132 681
1262 122
1112 1122
1222 907
767 825
758 348
1041 721
499 350
295 507
955 207
421 314
1099 1032
1406 320
1478 563
840 451
776 998
106 42
1127 779
931 172
865 1275
116 714
1257 917
1029 540
1462 153
428 831
394 1071
717 906
886 1290
1217 1315
832 227
1087 303
179 1301
147 1161
1026 1099
471 122
563 1199
633 715
196 890
628 386
1025 964
852 227
1214 398
792 598
1406 722
1411 312
1480 713
641 616
965 60
1337 641
969 134
109 1269
162 1238
767 1039
102 919
478 1478
1257 474
686 1147
886 0
1499 1202
199 845
884 63
837 684
963 206
861 1166
1421 375
733 853
995 1259
747 1206
54 1013
1276 1056
803 369
890 823
1016 372
949 184
1283 154
978 1468
115 1073
61 883
1157 644
265 82
47 1490
1007 1282
225 238
1050 315
95 1076
1492 650
1104 1235
797 1084
1168 976
679 1313
617 726
1051 826
1109 663
698 888
852 794
273 263
464 373
1142 863
203 1178
969 722
747 223
317 471
46 783
128 1213
551 904
1174 447
901 1356
1043 198
1047 225
864 259
228 1404
897 878
1318 641
1353 996
245 774
1246 985
1474 947
877 161
50 605
1492 427
584 713
1477 589
1268 1159
283 830
285 104
404 237
260 989
1140 1340
1321 1136
46 1169
1351 805
1404 756
982 879
786 999
1408 1115
622 1472
1443 71
728 917
38 311
1214 1174
1323 881
1492 219
385 1225
336 958
905 1013
508 315
354 27
563 939
1283 246
1448 808
1346 316
719 16
1302 1130
457 772
117 486
958 1008
1267 509
1251 1038
1252 137
780 4
395 740
960 1068
479 733
472 1397
437 684
1143 1036
448 670
110 15
757 490
1440 306
1064 1345
239 784
1487 585
388 445
917 1485
225 463
651 1487
628 1389
1476 212
279 1238
523 12
764 1146
1216 1222
407 514
1074 1094
1156 639
921 987
1258 1373
1117 1048
641 603
1448 715
354 878
1144 134
776 1109
1149 1403
225 1277
805 418
905 1268
223 1413
1408 564
205 303
874 136
75 1404
1209 21
1478 1397
152 840
1046 1437
127 560
552 1468
1005 738
786 675
1310 689
950 594
1422 818
731 292
1427 24
1033 388
817 1258
497 1291
1317 1266
713 479
686 1124
372 646
968 1356
1425 371
571 1294
76 967
1422 513
130 407
204 1180
1 891
1169 1310
938 959
826 471
1491 1069
1067 312
182 1225
607 1223
1139 147
846 70
1066 1206
1465 1303
1322 994
809 248
958 1141
315 173
0 929
171 1268
697 628
877 391
922 386
554 801
223 1262
843 1229
1436 1093
1156 437
206 315
70 838
320 766
1033 1357
611 30
120 308
1351 163
433 772
1213 1261
522 1440
788 372
44 246
572 921
192 561
224 1434
241 717
1127 1343
578 1275
828 1263
967 1219
891 1333
634 1273
638 1371
317 907
55 818
837 332
483 1239
1374 1497
1361 400
978 1441
683 401
138 1377
322 1422
1067 1118
1398 213
1024 571
341 629
594 1468
1261 723
608 892
805 195
1111 71
1470 392
1192 1118
1482 203
542 655
194 1404
678 176
1102 592
1031 570
898 1242
479 907
724 804
991 138
652 1484
834 1240
800 1357
1387 775
1050 735
84 1487
49 151
2 924
1216 229
533 132
882 631
1492 1211
981 1102
1489 121
861 1053
531 365
405 827
1060 1183
897 745
556 990
813 841
248 1015
1373 162
41 355
1204 76
662 1084
1072 1446
255 840
302 837
840 1363
868 920
1028 50
949 586
365 742
1288 896
128 101
1017 1499
302 1111
1373 142
934 141
212 130
991 1130
946 1
1431 413
954 486
790 509
1143 496
1056 583
359 1261
279 534
1407 722
342 119
1328 483
1338 1230
412 519
900 1000
260 349
497 836
659 889
124 1041
1002 293
136 1307
964 418
1111 776
1390 46
139 697
500 605
886 10
196 1241
14 167
1079 909
1070 254
1279 655
941 1039
140 242
1375 231
987 85
1034 861
39 83
1410 569
50 1021
967 1371
109 624
1303 1013
1069 340
1058 894
1465 150
1300 987
842 194
941 313
850 109
1091 166
335 1087
994 310
1261 1383
339 530
1291 720
1178 764
1325 1330
1043 577
304 1126
749 1065
1242 1475
374 1338
943 1199
1199 1254
517 1223
1427 996
911 20
80 433
1145 415
1425 230
463 454
1209 1074
548 634
412 551
888 681
233 1468
548 88
157 850
1048 445
799 2
1172 919
1231 938
690 1172
1403 56
882 1203
477 201
1486 1210
966 182
121 635
173 588
672 391
1489 1164
1416 120
1263 764
537 1056
287 299
206 1229
350 872
136 1286
1025 1317
633 1368
1113 1406
1350 985
720 573
1340 277
1034 150
1306 331
167 267
1211 1007
906 1057
1428 531
15 1022
1498 1474
147 269
973 1396
506 1275
1181 1251
186 649
848 376
931 1385
963 947
482 1433
1271 395
651 1358
208 1414
1027 790
141 1138
646 1010
776 1075
1044 639
1100 490
582 354
358 1448
1314 1388
213 1167
1088 11
1160 298
88 295
449 511
525 660
645 586
372 262
895 1215
811 514
637 60
1139 846
178 1312
669 1001
1215 1233
113 159
1450 595
566 1005
1347 454
919 464
721 509
800 113
79 1467
696 138
520 601
1033 1200
1095 720
142 929
1433 1242
201 768
788 589
1081 1343
14 881
238 186
1322 44
1460 1458
497 642
554 375
400 1020
197 1238
870 1263
221 1410
1213 943
744 617
871 1095
777 1357
806 1284
789 381
261 146
1053 771
782 921
132 901
108 1247
1011 1339
239 463
556 1246
245 346
780 414
268 933
937 142
989 658
1367 1179
1424 614
1459 4
26 610
998 307
204 601
657 352
802 1378
498 228
1173 1420
906 1297
1044 1123
452 1407
438 1034
1046 1042
487 806
82 1068
1113 84
631 717
497 644
1223 4
812 938
507 1026
813 783
930 95
301 621
956 1045
1326 1177
490 272
1300 1313
104 606
349 455
355 607
354 598
218 1153
635 1345
1053 110
507 1402
147 226
160 714
1371 1377
1162 658
183 1350
823 1462
1166 39
622 222
1217 634
732 649
165 729
271 172
1249 132
434 647
753 208
581 1174
232 73
272 359
1220 1089
409 1062
188 542
563 1468
172 854
13 554
1076 939
1173 735
1362 623
100 1407
498 232
253 1427
218 905
208 1238
994 452
143 100
348 508
49 750
1071 388
1347 532
627 736
965 791
717 229
240 580
670 1360
921 664
843 114
223 327
10 1365
441 882
527 1352
1235 712
1302 1254
1266 728
815 285
836 353
560 982
1482 1198
370 692
1164 1037
541 1416
1262 205
1161 155
42 667
562 11
716 322
1214 1200
1378 878
167 957
241 469
45 90
214 1200
1489 921
126 1304
772 1113
483 757
827 300
659 1408
354 702
922 1317
1297 491
894 884
697 436
132 653
1491 163
1224 373
417 1411
1100 593
300 1438
33 1416
1178 474
947 1066
1254 487
1191 1343
1363 152
747 998
770 642
613 1191
311 404
1133 974
278 79
957 939
1009 1295
325 1289
497 864
1357 136
1023 998
1265 123
662 951
789 1379
163 970
913 1209
304 1376
1379 849
514 441
1305 1355
981 198
253 298
651 729
532 394
420 482
1013 775
490 1332
1116 674
26 827
382 28
2 173
440 609
1093 1376
1330 859
1355 642
1178 319
1011 1152
1055 151
1275 1130
332 134
497 1393
1389 1375
366 1255
194 923
1147 1004
140 540
1331 614
532 1022
1416 333
701 1350
847 1107
1095 880
508 1225
1276 171
1286 382
341 993
1196 267
1339 1312
467 1105
997 422
66 492
913 301
355 1313
717 1044
168 646
732 275
179 1460
949 1395
203 812
83 1229
764 217
164 948
1230 1041
1363 402
1035 1389
918 1340
1372 370
1433 927
1134 640
417 813
908 193
131 630
1073 155
1293 1107
865 193
586 752
271 373
1319 94
646 1444
242 258
727 907
1402 1119
1305 634
421 1171
297 1400
537 966
499 722
474 1330
508 534
94 1136
615 961
1342 200
409 550
117 763
1474 121
418 1487
1274 445
163 755
599 201
588 544
1017 916
324 1180
829 81
1169 242
1422 1030
942 159
39 1316
90 1396
231 1440
68 762
401 876
1116 163
1180 304
516 1301
380 95
171 1332
1163 214
992 916
490 1086
191 302
324 1079
1283 70
475 1156
573 822
811 993
755 1181
44 1105
823 837
604 79
812 178
387 39
1293 1022
376 389
1428 676
1269 420
405 776
1391 58
1152 1032
1090 3
434 372
785 1305
258 494
1225 573
399 98
1264 201
642 544
724 744
605 455
1026 14
1004 407
1439 169
386 960
81 315
1312 1027
1223 170
1251 746
1118 339
1180 604
67 1340
378 371
333 621
791 1424
1175 146
1017 774
814 816
439 144
881 790
410 944
1230 1057
1485 775
1399 409
378 943
1004 1011
756 551
1133 1134
1290 1090
676 197
138 303
330 953
867 1035
1418 1234
1441 1444
681 1126
403 119
425 325
1230 1414
1463 766
1243 233
199 1177
6 233
1323 62
1234 372
428 668
1244 128
31 809
1235 367
917 1458
291 1129
1026 402
848 1362
910 637
1043 1366
132 487
1398 690
169 705
1313 64
1266 63
222 1196
383 146
1198 107
948 569
731 1400
982 72
75 759
197 1121
295 1007
209 538
114 804
1403 1059
383 1260
1256 1253
1280 1034
1128 835
140 82
231 420
21 337
156 1467
1136 787
1115 987
186 589
816 805
1389 450
1495 1256
347 1328
915 1104
976 709
620 372
416 367
1241 192
1230 763
108 327
1110 397
981 1299
753 1223
501 685
356 950
135 1276
754 1333
472 372
48 127
17 986
554 913
569 1015
1451 1369
877 644
1371 499
332 1279
635 598
237 1253
1111 249
7 1456
1270 1356
579 1374
454 235
276 184
1291 733
95 291
838 1137
1029 387
1249 1029
1428 1301
10 1139
1066 786
743 970
985 685
1061 1476
81 91
1100 369
233 458
257 273
31 337
701 457
538 773
1235 660
231 820
1351 682
666 735
431 1427
1363 752
1346 1221
1333 159
1269 1141
1163 568
495 827
513 1261
1436 83
258 1141
1133 304
922 72
623 110
1075 258
932 1006
510 502
791 649
490 1370
895 1454
1310 197
703 197
249 969
838 907
428 1440
230 936
1164 513
1367 1452
1494 379
1303 258
944 735
54 297
1331 670
22 1409
390 1032
177 1212
638 1130
1481 1466
1007 191
1444 1455
187 867
893 803
1477 753
240 263
906 1125
65 409
8 1278
450 1202
604 49
841 129
469 1052
1421 688
877 1429
859 1337
1111 1324
368 1333
562 1084
749 1482
585 877
1376 887
628 582
1247 406
1426 936
14 1142
1002 506
290 547
1395 1151
965 1056
677 217
119 630
430 760
1083 371
1356 985
1481 574
779 119
982 483
662 148
17 945
786 603
1002 570
1175 924
1376 1250
828 446
290 941
1181 1315
757 855
91 363
619 1046
1346 957
390 1342
1047 572
1142 30
1132 1157
220 1481
1455 287
435 393
1308 53
1188 1215
767 719
1386 987
894 843
1468 157
1280 156
929 89
99 1014
280 112
402 89
47 1420
380 639
1293 1141
267 55
1426 141
238 723
33 224
1153 777
1457 812
180 500
513 375
164 1047
1364 337
1194 914
10 1295
1355 1128
1427 48
176 1106
89 264
1380 452
47 953
370 135
909 1286
1484 142
1282 78
657 1343
1327 698
57 530
629 1077
582 1426
1042 801
247 241
24 1348
1315 407
641 552
854 1003
1451 105
278 1111
1088 554
1195 1340
1338 19
1037 752
477 1480
295 506
258 1475
742 738
713 1412
1251 921
1194 1255
275 616
3 1499
672 451
1105 1485
385 1478
618 509
719 361
411 946
1067 765
1488 132
732 1398
976 1081
950 962
260 1160
693 1066
510 251
113 268
351 121
1230 519
857 96
396 1422
769 566
362 1457
736 773
118 1166
923 1229
857 652
361 646
1105 981
113 1370
746 442
218 230
497 370
742 94
1462 785
847 729
1249 1449
707 828
547 717
252 790
718 954
400 1417
780 292
428 137
1087 108
283 1240
694 1274
399 846
578 820
178 417
1165 1141
819 334
707 990
469 776
593 1478
126 438
1273 288
962 404
672 504
871 1462
1367 292
899 1133
982 950
596 479
449 600
155 271
420 95
855 41
685 746
14 121
901 1480
1148 858
322 1345
526 1376
224 265
1409 606
1437 730
512 726
343 301
1340 287
948 282
8 1044
3 178
328 1382
35 735
1105 409
533 1229
1007 171
499 815
872 781
613 264
552 1204
1277 1172
57 872
646 959
945 182
1253 1232
1163 1332
4 740
1438 629
1315 561
494 573
1290 516
1163 1381
951 402
1159 1167
49 679
1084 970
888 785
1456 1412
170 766
597 1200
928 114
926 1054
545 127
604 1407
992 726
1300 1202
823 1213
1308 458
196 218
337 854
603 792
176 470
860 1368
845 1283
981 549
651 567
605 1060
833 59
906 1266
1223 995
1 629
1126 755
665 118
1291 1285
1326 594
292 446
47 1491
1291 271
842 148
1195 791
1206 678
1324 366
1235 573
1273 983
817 1484
55 605
671 122
802 196
552 1118
946 84
989 348
452 990
1172 1391
1409 472
602 76
999 52
536 1353
729 559
174 1136
503 1061
834 633
1134 37
1385 1281
58 241
219 11
669 1444
550 347
410 849
1473 13
221 1369
1173 259
1213 135
307 445
1059 1123
962 614
550 771
593 1372
1058 985
169 468
349 677
853 838
1047 187
606 204
392 251
225 989
281 1401
96 140
1412 257
540 625
718 1358
865 1003
1262 575
33 100
1208 1453
181 22
797 1176
349 422
369 890
612 450
186 268
688 382
1245 464
646 1203
767 1260
643 38
965 1051
1291 1148
349 236
482 859
1327 1251
120 14
781 505
871 1344
527 873
1124 1049
635 687
274 1385
437 1202
1105 1098
976 1358
1203 1127
846 938
158 743
293 590
252 426
844 191
1382 1127
1172 331
899 1303
1049 84
303 971
559 913
620 348
1251 1282
1400 169
1387 253
1243 1440
744 556
612 1377
963 1086
1382 1492
1393 194
1156 8
592 853
823 1179
1040 1141
1047 325
975 559
610 713
804 564
1070 952
87 953
1112 917
561 1458
265 459
1290 95
282 905
517 652
303 679
721 72
747 1208
308 1002
550 381
298 1124
1098 1115
281 940
919 154
432 1213
90 1102
1176 651
987 40
160 1055
536 722
920 453
1129 620
417 1478
574 1351
464 223
1146 44
1088 455
1447 1311
256 301
653 515
1414 165
209 1167
529 227
585 960
80 1072
383 1196
1089 300
1320 849
366 1023
180 1428
183 200
1234 1412
1462 428
601 1307
301 1433
60 1499
244 52
1388 500
1183 333
708 675
46 610
704 40
875 1009
698 600
97 646
899 237
912 982
673 404
67 330
283 799
1141 125
167 677
985 659
138 1381
401 895
406 1148
1208 1230
817 1128
1105 770
40 203
1288 709
618 617
303 876
893 1025
241 1303
145 479
176 1063
1295 955
1427 289
671 493
626 1419
325 1379
585 376
125 389
498 216
977 1401
577 296
781 1212
174 1278
1438 419
1004 261
654 1243
238 1113
108 58
1150 326
279 1091
408 942
1342 1015
410 753
1318 606
226 711
682 1153
12 1207
23 280
635 395
1383 779
684 81
1357 927
632 994
989 320
290 194
160 718
1467 1195
1090 1019
944 696
1264 1350
1396 965
290 228
840 989
340 1372
314 690
944 625
799 1197
1452 648
720 306
673 822
206 766
1316 673
1203 15
1214 422
1198 1471
198 543
1126 93
1216 233
972 21
527 582
80 1218
817 117
1481 252
1359 606
244 216
1103 593
177 648
229 1234
679 221
778 619
760 401
512 765
571 1497
629 821
657 1051
257 926
1088 561
1058 102
103 984
335 1392
1056 756
876 470
599 35
37 1313
786 104
82 819
680 1333
688 844
1453 589
826 210
1315 92
101 539
734 1406
404 382
561 1001
1274 877
7 1050
1437 647
1359 381
978 985
1455 20
492 67
387 680
782 871
113 143
178 182
521 21
485 1057
1200 1099
188 791
1024 1164
955 652
1346 1290
1243 223
80 623
607 714
1075 128
1489 1389
14 319
1496 1391
521 428
766 1240
1379 1099
807 1276
543 467
925 399
221 1081
1271 1005
1032 463
313 866
488 1175
659 5
1287 1246
530 390
87 814
1300 965
403 1264
1428 1226
132 1100
130 607
931 541
137 675
1195 282
300 268
1377 1341
1144 643
1351 308
689 523
567 792
952 276
943 1040
48 582
889 133
16 1278
44 287
243 538
880 320
834 1437
1356 258
404 494
1208 1196
1460 1259
1384 471
1497 1120
1004 467
947 711
408 664
1047 742
592 609
857 1319
739 1050
451 17
1009 661
588 1096
178 92
478 227
1186 141
370 611
990 786
524 1221
318 410
621 235
1402 639
1274 1017
574 267
38 772
963 1064
1310 1269
1412 409
261 563
1131 428
1048 322
310 1006
1475 1189
1051 1000
793 1020
612 400
1054 534
53 315
466 496
1169 82
222 272
60 1069
99 780
598 1405
303 403
99 1197
232 95
735 1163
430 1058
975 281
1415 237
642 665
609 498
1472 151
249 328
1082 1391
345 395
723 59
1337 686
936 1383
608 308
89 1233
1438 1305
1047 936
447 450
677 595
1297 1077
943 1105
1099 160
179 767
1349 17
1275 1214
446 60
4 405
1376 44
336 1288
988 947
57 1059
1257 464
1054 174
858 192
968 798
519 114
515 612
244 480
830 809
15 450
697 935
810 717
1182 1190
96 1402
738 809
1178 75
1231 1075
29 1031
1125 111
1490 901
653 293
1299 243
895 633
412 1290
322 520
1379 1428
698 1153
392 579
331 418
1150 543
628 1059
1229 588
829 1395
967 648
985 772
1210 761
966 1070
1230 693
1327 1350
1409 374
267 605
237 1288
606 1040
595 1424
956 1081
660 977
157 145
537 176
975 1135
565 971
745 197
617 448
1358 120
705 964
594 705
1401 353
696 502
960 1477
518 1039
371 328
485 662
694 835
333 71
647 566
474 343
910 1452
534 154
932 823
703 1451
1159 881
1436 744
1155 1041
320 12
1165 561
795 1253
1093 458

750 3000
52 319
461 491
571 682
202 440
37 26
155 564
568 66
498 716
617 544
717 405
281 482
588 333
240 361
215 203
407 575
87 140
631 209
661 181
408 164
270 189
384 359
547 663
9 511
686 161
688 592
700 128
47 279
703 403
723 116
648 323
516 61
395 619
285 562
552 397
708 10
251 695
276 41
652 297
667 190
662 596
472 455
149 633
587 747
213 335
62 360
591 313
566 55
648 355
15 549
474 577
472 366
116 119
218 602
213 350
206 672
204 322
283 464
102 685
522 430
93 1
567 722
7 0
234 333
210 284
58 566
734 631
678 257
554 241
610 60
198 47
408 323
511 711
551 514
599 180
175 508
182 285
501 36
464 53
487 635
587 327
266 179
47 79
252 476
512 294
402 273
684 31
480 663
385 62
529 315
510 202
291 138
552 364
568 621
272 333
181 733
418 464
320 434
258 52
434 363
462 192
346 449
226 139
678 490
675 366
416 738
555 691
83 223
293 90
456 241
178 442
8 69
719 136
361 230
392 208
179 256
450 631
257 582
369 650
80 218
471 272
449 442
740 325
66 245
596 216
65 277
478 308
370 554
282 106
565 349
443 660
319 329
524 577
104 538
407 182
402 220
697 307
360 693
142 397
18 674
749 69
525 490
472 100
460 576
451 67
12 701
668 490
679 457
490 676
346 233
727 235
50 515
423 334
189 75
516 723
50 31
336 41
697 292
496 528
423 624
639 602
29 105
465 490
310 158
343 685
583 640
338 286
734 444
422 461
248 354
678 539
210 558
557 546
405 130
587 419
266 253
110 212
413 663
645 25
293 130
477 560
573 99
60 133
564 123
443 292
106 27
463 295
392 299
528 581
312 636
664 487
646 120
483 550
158 83
356 102
279 394
672 269
719 512
171 124
554 459
128 597
556 723
190 114
409 234
384 705
424 299
435 645
42 46
270 106
380 274
284 111
113 444
692 625
405 106
646 161
88 620
556 482
555 599
605 217
403 266
434 195
168 100
364 382
264 105
128 437
703 595
547 666
180 375
421 738
173 147
80 621
419 8
463 581
160 274
333 276
595 140
261 483
587 588
641 53
345 50
7 287
186 3
650 158
296 78
659 67
570 125
390 307
537 9
648 60
114 70
72 456
538 624
312 143
75 92
216 385
68 302
526 624
375 725
371 570
397 362
611 291
41 680
27 115
463 176
632 445
47 575
350 276
240 604
447 259
93 423
741 237
286 340
406 43
102 447
67 583
366 305
17 396
392 737
387 474
513 341
590 728
344 431
616 9
309 167
613 526
122 138
154 86
287 721
632 183
31 210
87 170
108 458
442 547
560 199
711 617
515 398
381 129
542 600
35 483
272 485
745 83
309 646
468 148
43 626
678 309
656 392
734 89
676 637
529 673
226 683
532 617
40 215
50 596
432 604
556 715
363 667
617 204
320 633
133 432
611 101
658 377
383 597
132 319
742 681
383 332
216 362
512 367
221 286
156 188
603 95
321 575
322 714
700 64
719 747
580 60
537 440
546 106
527 161
95 707
154 513
442 118
85 512
469 147
205 120
470 655
31 99
453 691
83 364
453 734
730 179
437 278
493 479
6 460
428 177
264 287
457 547
447 144
227 192
748 59
177 280
538 585
119 387
38 472
462 698
65 533
710 343
611 331
622 266
118 134
392 373
384 162
293 212
450 552
526 352
144 5
78 63
671 735
312 585
503 567
540 535
45 494
672 626
342 92
658 451
715 338
595 714
647 168
53 455
307 614
8 120
580 14
340 454
631 494
285 147
650 284
161 540
200 410
365 87
398 134
186 2
572 9
246 114
372 62
602 207
161 515
454 437
635 319
89 635
14 358
80 368
107 269
548 356
190 633
748 660
241 117
514 152
40 535
201 475
441 569
1 367
732 268
421 557
387 158
598 348
749 426
228 53
229 546
542 199
384 207
531 170
640 406
136 542
102 224
418 52
633 598
99 516
340 179
291 640
320 26
665 715
601 124
174 214
416 53
340 310
168 734
553 428
18 135
104 461
442 240
203 665
407 588
112 348
221 683
511 339
393 268
734 359
697 732
11 345
657 442
689 322
384 71
516 169
678 356
698 177
583 57
186 570
0 154
578 594
289 697
261 609
401 604
563 437
548 715
534 418
223 263
143 454
272 135
583 656
63 499
78 291
349 74
514 249
705 242
251 453
32 169
716 447
571 607
288 428
54 744
50 85
184 10
345 578
79 368
3 1
546 338
460 344
51 188
727 316
615 561
636 618
599 499
714 709
737 269
8 422
45 352
271 381
39 723
281 188
644 43
643 188
489 2
632 171
165 135
47 395
610 514
422 599
62 261
456 134
271 76
616 272
61 288
10 618
532 73
267 654
526 740
464 75
630 409
515 596
710 596
375 569
492 86
655 516
704 176
88 613
729 109
209 102
444 67
55 105
681 167
45 78
705 619
151 279
255 678
334 328
479 612
4 93
656 501
314 676
587 518
553 390
549 398
39 271
329 269
747 735
18 4
173 659
291 254
715 607
615 721
160 649
469 21
89 721
191 578
704 325
176 241
578 545
196 180
358 516
598 18
248 285
466 683
77 726
472 619
560 109
692 197
686 120
194 104
300 131
325 435
745 139
94 42
459 208
695 144
653 260
432 384
169 560
72 716
140 466
11 304
53 143
448 93
551 178
136 26
395 55
280 182
216 527
19 489
502 14
729 137
318 485
484 196
616 682
24 485
141 216
522 69
322 358
286 412
671 85
325 710
73 283
119 418
233 170
43 554
8 517
685 162
94 15
326 729
237 383
506 488
469 155
127 249
327 237
556 431
199 282
340 345
642 29
44 547
90 182
90 360
315 116
504 517
102 718
405 230
611 673
94 476
103 710
592 670
96 456
444 689
192 242
546 70
339 399
372 730
548 311
619 282
421 39
5 341
525 302
631 449
401 28
193 22
308 38
488 255
559 308
749 155
268 492
682 490
645 682
739 581
220 113
69 255
736 359
252 118
637 358
72 547
728 609
339 729
696 559
105 352
377 590
418 195
488 577
556 492
401 311
712 591
640 572
126 473
545 497
594 339
645 104
568 493
76 13
349 335
129 284
286 21
14 366
247 269
582 645
11 503
68 31
411 547
159 420
178 504
371 138
58 565
93 431
539 496
22 183
45 115
166 5
533 733
298 42
49 112
535 479
97 428
243 513
4 492
690 622
5 504
648 472
263 398
588 54
189 235
375 733
544 343
29 405
704 203
68 423
373 727
574 681
301 395
394 29
231 202
349 368
577 381
253 271
62 445
670 487
598 198
251 327
579 422
599 738
71 473
559 600
529 360
651 689
307 436
114 485
418 486
100 500
495 4
396 333
35 102
124 509
531 318
79 445
453 412
270 74
682 2
466 645
671 258
134 648
730 152
525 603
386 350
188 441
275 556
169 415
345 457
42 720
285 358
595 144
258 257
105 529
127 71
682 625
510 127
426 528
383 507
740 535
156 667
140 314
339 259
72 10
59 43
540 329
294 545
109 504
437 533
453 746
65 705
722 504
443 0
716 41
219 301
392 216
395 146
225 209
144 57
625 330
107 135
231 593
129 445
20 34
100 425
206 248
124 51
465 637
665 607
416 481
297 170
452 35
672 394
500 332
399 472
606 377
537 616
88 403
2 551
392 694
405 638
572 602
697 291
426 154
374 124
638 492
611 44
72 531
142 64
255 512
99 54
570 511
656 690
290 194
257 145
652 259
416 0
88 404
198 259
630 277
147 217
717 298
2 523
184 433
288 683
115 162
499 594
145 169
202 394
314 725
398 638
310 597
717 131
289 490
168 25
81 444
411 325
734 2
557 107
556 119
497 289
120 107
421 404
92 83
45 430
585 478
321 19
661 683
511 507
395 668
495 519
394 527
567 675
509 440
156 71
325 683
68 650
274 42
394 380
642 117
130 485
202 126
90 50
386 27
408 95
95 661
326 497
490 486
225 451
225 88
231 409
19 351
644 555
505 493
402 396
44 66
647 707
681 263
698 543
199 419
589 562
305 168
364 563
361 722
648 248
163 307
649 414
433 4
265 20
243 543
209 64
622 478
351 530
530 362
210 367
479 731
636 734
550 138
331 682
569 229
619 417
208 212
41 135
333 626
718 270
491 695
227 562
97 45
119 15
523 548
245 331
49 402
466 738
715 19
10 301
527 59
226 118
333 175
466 66
634 688
546 613
609 136
121 205
549 552
648 119
472 720
517 515
492 9
82 436
307 22
530 722
257 619
44 520
225 376
65 541
645 624
513 508
581 509
452 709
98 541
54 420
128 89
433 3
255 392
625 426
715 121
244 701
92 623
364 337
235 73
59 453
352 732
163 65
382 458
182 67
612 482
52 742
142 337
598 717
468 188
361 272
361 434
534 446
300 194
62 227
134 547
396 590
119 520
247 521
297 92
551 93
680 525
423 557
93 293
619 582
20 654
44 378
350 580
278 346
442 397
148 543
327 381
5 296
338 630
261 278
342 577
493 581
270 244
54 243
156 26
690 674
155 156
362 702
48 339
464 703
76 95
152 40
114 462
355 645
731 565
356 15
200 336
298 632
319 510
565 518
81 3
358 460
352 280
561 608
47 144
61 126
237 674
318 107
301 547
615 597
531 589
43 705
410 195
646 512
139 35
229 169
631 485
499 323
83 22
324 525
732 174
126 591
161 164
399 244
109 512
516 102
393 416
96 671
469 643
372 519
701 391
480 262
215 377
159 29
141 364
606 707
112 475
485 559
188 387
422 457
571 387
274 745
73 695
732 574
650 157
632 539
468 280
20 570
223 135
27 702
625 117
180 728
203 433
719 545
346 620
685 40
555 614
142 674
300 307
329 472
724 38
312 319
573 510
513 223
342 674
620 703
647 132
175 345
404 146
630 122
729 494
618 46
66 280
400 683
537 95
616 103
708 222
205 372
312 385
588 744
633 617
192 50
33 85
550 326
637 551
437 109
92 686
396 65
172 412
195 117
731 449
669 129
21 424
599 340
574 40
383 411
520 593
513 180
643 171
216 268
111 279
697 11
682 102
374 572
500 384
272 100
669 626
573 229
506 6
361 84
281 153
645 1
600 728
252 638
48 270
697 85
300 573
735 332
595 96
596 704
601 415
416 654
730 651
575 611
409 170
688 661
136 635
665 346
296 478
243 559
287 277
666 219
156 181
611 497
214 292
710 581
312 697
159 233
147 509
416 530
485 684
333 449
390 208
469 131
645 85
252 80
14 499
270 682
624 328
379 167
448 37
146 383
478 388
306 304
13 680
414 608
135 182
100 306
569 78
0 517
696 335
132 349
40 454
523 469
639 338
125 378
270 633
611 748
248 113
425 560
294 703
525 399
69 357
270 473
37 402
591 249
467 304
178 99
334 608
480 682
19 724
558 132
180 35
156 79
426 224
711 95
359 547
355 473
359 437
433 457
685 66
491 558
729 285
307 633
735 172
517 408
126 699
246 101
528 455
202 578
34 390
415 636
174 232
633 60
558 497
523 382
699 72
85 559
351 466
354 269
119 655
408 631
519 741
384 478
510 191
451 343
440 115
673 688
334 473
443 6
272 682
493 492
87 109
294 55
102 159
592 180
51 300
735 38
196 3
9 90
507 732
56 211
468 300
188 690
530 19
545 211
104 1
457 146
716 469
394 333
196 72
77 594
40 553
59 122
639 388
700 451
70 703
593 230
534 655
651 191
230 702
540 19
712 732
661 444
45 565
534 11
260 292
691 400
565 696
535 313
693 440
470 92
497 613
642 606
305 28
167 656
740 498
332 602
312 173
83 624
201 668
382 624
223 95
691 393
46 739
748 716
556 624
465 121
118 617
247 503
741 205
52 43
406 545
269 258
86 214
310 589
515 633
337 377
356 396
150 287
62 512
483 400
524 446
113 219
584 580
224 509
507 472
331 234
50 190
203 38
479 161
458 383
704 171
554 480
597 266
200 139
265 143
336 473
404 577
155 126
75 496
389 98
612 5
10 116
589 256
647 185
564 493
550 169
287 399
681 108
645 580
575 429
179 522
10 377
482 236
95 196
749 194
230 394
490 592
304 705
175 348
539 159
635 0
743 52
550 277
593 201
646 91
591 614
88 267
696 59
664 133
721 602
329 703
499 135
365 357
17 425
496 596
650 534
109 89
739 224
364 663
233 655
460 248
554 119
164 112
163 164
552 131
17 52
557 232
468 128
582 647
568 545
223 575
616 394
324 255
228 59
334 610
610 338
365 156
414 219
591 669
78 1
722 396
95 459
422 49
559 80
724 427
358 467
575 350
298 596
343 532
334 604
422 110
385 156
456 183
80 350
287 172
150 691
676 63
512 597
168 128
572 717
658 747
276 286
518 187
452 222
544 497
532 686
572 260
10 250
13 2
676 460
107 338
225 414
533 127
124 442
624 334
525 617
385 742
411 271
713 353
232 355
728 160
235 350
17 601
447 38
242 711
456 404
131 125
139 604
432 597
390 626
334 93
705 602
79 40
438 586
512 580
289 376
137 373
448 696
419 557
275 359
712 128
402 73
227 76
729 83
13 504
496 692
362 382
188 745
8 230
135 432
435 699
675 216
287 464
375 354
80 356
474 718
406 192
637 201
163 361
614 466
224 61
16 260
550 596
49 713
414 600
641 281
457 599
731 18
55 630
136 15
507 439
551 289
56 160
245 462
216 117
731 436
590 18
442 15
274 579
731 216
656 133
534 571
685 532
81 421
575 703
682 145
421 118
351 618
481 269
434 722
294 716
228 104
87 380
148 580
63 494
431 244
262 299
310 725
582 291
73 328
546 164
270 152
179 633
31 644
748 508
669 70
374 265
374 146
16 337
637 53
267 222
92 39
302 117
213 537
261 723
580 327
125 393
606 463
524 694
260 670
517 124
133 12
707 318
373 109
70 163
494 160
386 591
360 471
445 108
313 314
74 525
50 513
20 122
630 81
713 452
478 463
662 187
431 677
276 500
633 132
115 644
148 126
674 333
425 1
385 446
282 592
668 216
202 49
687 62
476 175
42 497
183 290
172 455
649 728
384 472
281 183
726 685
210 278
640 136
565 399
607 722
452 658
337 293
47 563
400 59
180 571
347 206
144 471
744 153
91 187
452 135
416 721
353 709
346 675
352 341
418 571
50 167
668 269
628 59
265 714
57 109
405 538
277 214
701 413
730 185
470 524
639 155
684 390
40 271
206 674
218 748
129 610
80 179
659 107
215 210
620 480
175 489
279 185
365 406
349 453
742 245
535 695
159 532
49 635
331 191
63 475
149 151
318 10
129 605
557 345
594 227
252 553
118 462
333 655
2 399
626 150
471 50
444 223
206 518
623 627
722 13
720 685
524 502
66 357
182 553
426 461
695 312
104 311
74 450
54 611
163 237
377 59
171 699
716 439
582 147
461 713
106 551
589 105
66 479
246 37
426 191
609 582
141 610
214 23
747 6
445 741
221 57
615 153
530 709
520 740
310 22
675 546
234 237
495 367
329 547
240 701
132 320
496 500
731 603
389 246
41 447
118 80
217 427
230 732
732 125
578 262
22 197
555 542
504 102
686 66
652 60
741 111
139 402
627 503
540 91
160 270
229 515
282 640
705 425
202 560
230 546
447 83
419 477
394 218
676 17
587 156
66 389
570 547
465 4
320 364
21 723
733 400
365 497
441 299
479 346
463 199
162 489
463 429
446 727
327 363
319 648
306 102
512 209
369 474
708 100
48 396
42 75
413 36
42 118
453 447
298 562
749 329
432 209
437 492
10 190
122 281
454 678
600 210
214 400
658 244
196 23
494 381
459 202
691 144
114 674
108 706
417 374
580 214
583 497
366 441
400 128
548 309
220 159
451 747
282 192
591 578
741 170
425 391
587 623
125 27
571 335
102 607
223 446
197 324
557 577
699 92
371 673
617 115
500 236
46 488
629 279
411 535
718 161
639 660
211 719
671 537
357 84
294 611
194 342
650 362
640 74
8 375
31 78
478 666
486 584
420 312
297 175
389 537
646 488
115 92
607 297
82 29
544 358
121 382
727 361
537 16
522 347
679 472
685 615
148 487
352 294
46 19
366 637
711 403
731 550
423 446
484 68
589 538
51 330
587 746
391 173
688 64
555 253
84 747
666 505
126 224
433 585
545 145
71 124
331 201
657 204
639 638
710 223
730 30
247 541
707 375
240 151
136 174
439 51
171 477
292 445
551 13
661 726
639 322
494 518
1 254
447 227
361 477
251 35
565 516
613 569
662 26
541 15
167 318
236 67
4 677
459 293
168 717
384 264
541 86
392 603
196 273
443 638
75 463
179 416
422 676
11 318
410 666
168 167
594 284
583 436
621 492
402 536
54 424
309 666
479 442
179 456
491 738
9 281
638 16
568 470
368 438
479 485
346 311
447 593
177 116
732 693
195 591
557 344
185 650
344 707
273 671
34 86
166 683
564 170
131 710
157 402
395 202
704 100
128 492
567 420
659 195
431 524
168 127
300 272
273 711
704 19
27 503
675 578
687 184
158 505
159 685
309 568
151 730
113 631
117 460
78 242
404 582
339 226
10 404
506 473
572 724
532 533
622 611
548 111
593 109
87 47
192 91
591 715
313 421
287 48
501 223
457 474
654 511
259 300
475 674
625 409
554 704
54 641
622 311
347 290
653 144
329 606
138 382
674 191
604 146
645 173
418 27
110 624
419 435
169 177
574 611
210 387
382 207
159 13
231 252
22 215
729 391
337 102
1 693
337 95
485 119
512 622
12 733
406 362
378 450
227 266
535 606
136 363
237 286
326 689
742 370
296 305
290 162
21 499
49 14
77 167
653 13
513 564
373 730
589 723
602 698
692 618
386 432
360 653
678 728
610 417
515 79
166 593
613 43
177 353
352 359
139 653
280 433
414 654
371 90
303 166
205 464
292 559
714 643
468 473
611 702
508 362
388 62
650 13
457 633
105 288
13 544
507 516
462 17
137 249
223 588
82 99
475 476
615 681
648 474
505 289
134 177
349 640
717 201
237 316
103 599
328 549
164 233
666 660
500 151
377 261
317 74
164 207
430 365
716 483
642 288
293 190
459 627
573 252
327 171
573 74
97 593
275 250
591 116
165 219
447 406
339 22
486 152
618 48
748 171
313 224
608 646
396 711
558 136
217 263
573 687
304 513
671 304
422 444
89 251
322 641
317 453
659 692
41 696
748 731
386 8
92 32
531 178
687 175
502 454
34 623
28 388
425 49
533 143
626 408
117 183
640 272
64 212
151 423
643 418
693 746
289 645
50 318
467 340
347 201
446 608
394 595
326 364
542 269
557 108
399 357
140 347
389 732
252 501
450 167
463 50
209 482
333 624
121 101
105 208
551 589
687 277
722 174
366 315
489 6
730 663
152 719
741 493
367 176
142 434
353 656
575 45
257 637
5 2
64 312
22 584
301 462
677 584
460 209
475 530
648 682
247 346
607 318
116 131
222 499
362 724
434 340
94 504
517 293
708 619
653 643
530 401
58 650
224 9
488 222
696 302
333 509
355 84
628 257
553 191
746 562
35 42
461 231
731 629
683 551
599 455
575 274
712 630
289 76
284 41
379 473
17 625
374 612
216 9
534 397
337 564
446 17
202 46
189 266
31 12
290 12
590 591
153 141
156 722
624 241
594 718
238 23
341 314
648 700
400 647
88 200
405 524
153 232
229 454
343 248
660 264
93 285
547 371
280 269
177 393
380 523
489 308
396 613
646 89
326 275
371 350
166 505
674 24
630 481
597 9
411 150
725 484
699 152
34 587
742 11
529 149
53 729
629 621
641 241
508 687
421 309
34 644
595 549
391 181
494 650
724 708
307 24
244 309
23 304
348 741
475 322
667 430
48 153
647 302
113 482
491 48
407 746
255 63
693 129
317 648
452 5
744 518
223 118
431 488
746 738
725 644
336 52
701 541
59 481
649 608
337 372
744 56
320 83
58 748
651 620
749 535
586 669
276 718
310 483
482 717
745 39
737 440
617 38
237 155
339 172
552 297
84 122
336 660
394 10
309 1
43 492
656 326
461 466
612 456
145 467
3 93
549 612
469 575
537 606
299 273
30 300
664 352
660 102
331 67
169 279
472 362
704 741
186 546
3 13
697 415
650 745
614 116
628 341
201 19
581 256
622 71
414 695
27 147
584 682
100 445
630 255
623 294
593 729
1 722
654 391
96 498
455 56
588 318
630 70
212 211
690 632
585 671
152 697
704 186
562 718
449 549
748 659
36 283
21 330
405 361
710 640
744 626
498 91
491 311
633 173
735 166
524 27
270 221
372 638
641 174
455 631
664 186
475 485
138 176
215 157
267 112
224 617
506 639
363 690
402 429
63 595
746 261
616 424
637 444
317 688
463 172
144 171
386 290
250 501
624 31
379 679
708 551
660 155
166 125
690 41
193 366
642 392
193 35
339 279
720 373
324 482
636 430
696 692
249 740
21 437
685 145
85 16
293 748
335 377
554 408
171 157
309 53
684 310
603 32
145 151
714 128
663 87
434 713
26 665
46 336
592 330
234 217
539 61
488 285
732 138
575 312
298 237
434 420
215 587
251 325
747 713
365 163
251 319
282 24
253 94
732 4
273 447
727 593
126 631
350 176
6 623
545 571
303 695
302 354
252 672
364 395
16 702
140 532
375 118
644 497
388 468
220 671
58 486
95 47
677 456
655 300
626 623
399 105
370 76
527 547
31 179
138 379
593 198
522 652
736 91
511 364
627 683
265 223
660 738
62 574
424 50
640 243
334 142
4 692
112 302
737 679
46 445
516 641
599 521
160 388
363 358
399 707
522 289
565 230
164 473
148 537
176 133
537 473
372 650
640 186
409 286
428 456
614 321
172 614
247 170
683 445
201 318
406 177
50 466
484 64
533 708
196 512
485 141
264 280
722 695
134 314
475 113
556 500
562 94
566 563
210 91
373 85
640 82
521 468
646 408
467 401
211 641
102 490
312 352
695 66
591 709
587 142
241 79
681 0
217 117
302 314
486 151
48 472
629 522
58 274
352 307
513 204
566 306
713 516
147 583
694 267
645 0
460 659
633 105
253 441
670 534
664 698
689 429
398 405
59 416
335 129
47 259
349 553
549 46
218 454
283 540
17 437
419 694
742 42
574 319
56 277
283 376
39 498
390 182
624 114
211 584
381 301
726 209
423 150
90 6
667 444
11 224
257 491
494 1
422 608
592 402
120 616
367 23
549 673
483 518
504 502
417 603
553 430
322 710
549 534
20 189
297 318
546 317
460 612
208 709
389 470
184 56
246 143
722 238
174 636
135 370
55 607
227 697
368 715
561 499
365 491
193 685
350 595
378 347
480 404
503 670
618 741
679 548
170 391
270 480
561 630
251 688
674 463
703 267
559 695
122 562
492 50
499 318
109 317
347 609
572 540
619 101
456 683
212 714
601 83
387 618
164 391
483 291
305 219
198 172
265 123
289 104
484 263
37 66
507 673
77 206
686 354
740 656
573 347
706 196
63 523
493 665
536 724
457 98
367 580
265 556
497 134
566 336
215 649
127 186
355 683
686 719
501 259
210 578
435 482
175 576
485 571
196 280
701 117
237 523
191 294
484 12
409 97
535 529
627 245
651 391
446 683
476 335
66 715
637 162
122 380
376 388
20 180
199 165
221 482
175 206
205 694
31 145
298 419
425 555
588 469
332 83
359 479
50 38
744 180
2 131
627 183
695 405
422 659
397 544
86 172
483 744
138 651
205 543
729 728
60 235
99 368
647 102
534 249
174 51
511 509
422 471
124 578
113 451
271 366
122 654
116 592
288 273
144 594
319 257
574 393
375 171
656 292
293 301
743 110
734 16
234 123
524 175
279 165
100 359
14 123
264 309
493 407
103 70
728 460
198 239
492 182
718 748
322 213
68 355
164 501
32 313
103 287
125 25
735 142
533 639
536 103
707 14
636 517
633 533
154 169
141 508
225 91
164 93
282 624
91 699
120 672
168 289
520 723
583 641
643 553
218 237
550 180
699 622
13 493
486 513
259 503
573 133
519 675
114 494
694 719
46 367
285 458
439 569
93 712
261 408
219 224
651 10
483 372
37 700
601 731
706 628
26 629
195 375
505 208
287 323
85 292
635 375
563 517
523 696
368 664
490 283
134 628
438 31
230 552
185 205
515 401
138 598
55 579
163 427
723 343
112 616
262 143
486 477
603 103
113 549
654 202
257 205
414 509
565 268
317 174
78 683
396 644
202 442
426 481
146 497
287 190
620 693
503 421
487 23
727 486
493 328
344 160
743 267
532 170
509 280
657 434
367 260
71 684
268 552
4 681
436 142
632 198
655 162
565 627
83 713
736 296
96 156
42 184
622 625
97 63
402 488
479 313
219 170
481 92
243 218
263 458
7 486
107 168
687 268
722 33
2 23
621 177
144 696
533 734
627 396
238 208
401 359
644 136
434 741
743 201
28 167
47 353
625 594
598 142
429 190
472 554
647 199
180 382
217 103
687 363
335 473
370 383
239 365
717 241
743 8
703 385
202 668
204 113
501 239
442 455
305 55
469 383
491 250
194 717
445 276
565 322
150 579
573 432
413 277
432 349
256 278
655 644
555 403
371 726
593 586
699 238
79 16
444 514
115 535
565 127
346 50
466 552
186 266
196 219
424 193
127 438
566 325
688 625
588 79
524 2
510 242
396 142
631 331
320 489
553 58
522 467
660 523
464 587
18 739
36 202
589 469
95 492
22 267
486 682
40 468
274 602
48 148
215 586
516 326
674 129
656 527
723 74
499 470
193 267
158 704
749 693
485 359
549 606
699 257
303 343
684 384
257 129
526 495
482 126
667 557
486 315
422 75
371 38
109 372
158 677
340 729
326 583
615 277
459 27
564 392
38 464
322 542
613 210
689 312
416 401
524 513
22 709
227 142
310 592
577 333
73 26
369 733
692 15
210 166
656 368
666 737
231 391
631 389
367 596
554 376
730 567
476 604
689 590
744 673
12 502
591 94
99 232
91 463
664 695
332 369
663 564
361 201
189 286
632 389
515 644
27 266
462 276
710 351
90 667
748 214
348 222
629 327
553 136
102 372
600 153
91 126
343 423
110 449
569 185
295 477
555 618
704 444
199 391
332 448
426 171
594 28
685 176
615 678
648 294
545 684
229 472
620 567
340 397
263 610
149 569
402 515
407 710
522 105
123 496
195 38
661 201
597 493
426 204
567 139
225 713
526 616
668 367
41 505
586 170
467 629
464 331
476 732
315 421
614 139
263 116
30 717
418 476
101 672
37 0
652 466
434 102
467 280
685 498
73 102
29 365
570 745
468 186
622 384
168 238
202 261
227 399
398 33
637 175
629 725
600 332
333 84
430 457
180 573
146 622
79 351
152 237
555 470
331 743
179 10
678 267
747 33
108 713
604 749
126 253
308 31
505 412
209 229
415 457
6 22
720 478
22 45
434 274
617 649
208 707
655 425
126 1
401 741
273 449
694 360
604 225
193 669
130 460
541 602
198 324
223 181
425 739
277 124
138 69
314 484
561 97
473 46
40 83
