24

5
4 4
8 7
9 1
7 3
6 5

5
8 1
9 1
4 6
2 5
7 4

5
2 1
8 8
9 5
9 9
6 9

5
2 5
7 7
6 6
7 8
3 9

5
6 1
9 4
5 6
7 9
2 6

5
1 8
7 7
1 9
7 5
8 9

10
83 80
12 27
39 16
63 46
10 38
90 89
71 11
33 19
39 30
45 20

10
76 14
31 45
44 99
21 30
84 54
28 37
16 33
14 38
96 12
42 82

10
86 49
63 32
85 59
44 27
42 46
43 18
41 80
41 39
38 15
93 82

10
75 68
61 90
68 13
68 59
64 72
10 40
72 46
63 78
48 66
18 21

10
88 86
28 91
76 22
27 40
89 11
76 63
60 86
59 36
82 39
31 89

10
99 69
50 57
39 44
19 44
96 67
86 60
68 29
56 89
63 11
70 96

200
1861 3597
7475 729
4729 1388
3241 9826
1990 9409
1303 9302
6742 8726
5172 7052
8527 979
4324 1478
8226 6705
834 8242
4887 638
3431 8278
3916 5001
9781 2588
7928 5928
2999 1796
915 731
1729 7282
6135 5816
1284 4504
3304 8727
2984 7560
546 831
4197 6816
4309 4401
6827 908
3706 5233
8937 8969
710 3152
9844 9422
4887 1389
1788 8325
339 2313
1147 7853
7758 1291
1626 6439
5396 8484
9265 4871
7091 3355
651 6116
2643 3960
4217 2197
8771 8000
332 9843
3241 4308
7608 7368
5098 6464
438 5273
9123 5505
9792 5569
594 721
9471 6096
7464 5864
5613 8144
3458 9776
2583 8156
7583 2767
7833 5938
6856 7633
6239 6931
7172 4523
1684 4132
5135 5867
7286 8265
3214 4182
8705 4045
2590 1702
7710 5508
5180 9812
850 8933
8671 7756
1899 7316
7635 9095
4666 4824
5686 6395
6014 4468
8607 8836
8902 9465
3764 4668
1682 903
8280 7605
5253 9674
2776 2399
7046 6308
8007 2143
4274 9041
9077 6516
6480 5766
7304 8444
3308 711
7526 982
343 177
7454 8894
7834 6667
9465 1230
1493 3245
8907 8740
5237 5604
4268 4115
501 8911
306 6268
1060 4834
4040 2166
9930 1751
3403 2943
128 3703
7557 3071
6421 9553
9422 4565
399 9188
4590 8904
2316 5012
3426 8278
4033 1888
1003 5506
2887 9363
8789 3456
5209 2385
2010 2164
9200 1621
955 9450
4769 1183
6272 5832
2901 9017
4436 7932
6783 7383
6034 2525
1890 4459
9209 239
406 9915
3371 6308
4943 1369
1143 8521
3538 2256
4706 2472
4898 1713
1630 2811
874 8229
2048 3750
6073 1828
4930 1386
5823 5640
8232 2049
2056 202
7645 2207
2889 7214
4767 7302
9574 9040
7643 7135
7818 9217
9345 7316
7831 7973
5424 1667
9796 2348
1704 4966
7722 6498
5057 9357
6563 7657
8845 4526
2291 7499
4111 5497
6795 5889
3745 5161
568 9562
4113 3880
3358 7494
8707 4300
6674 2690
2842 1853
4681 8444
2499 3280
5728 2060
6455 8570
3429 1812
7581 546
6871 5436
2819 8184
4426 3452
3171 1715
2489 1302
1730 5263
4452 8010
1905 8960
3963 4013
8538 4231
3527 317
6848 5949
4700 4788
9458 2632
9437 3050
8574 9743
1675 4973
7808 9447
4392 3454
4509 4987
6533 5928
3624 3977
6754 1676

200
8271 4157
2887 1286
2783 9301
5259 6202
6717 7151
1890 6718
8295 9526
6625 7933
9555 4699
1182 6885
1254 8966
4451 2943
8323 9018
7974 6646
8566 9090
3273 1544
1410 1162
3748 4594
6514 3335
5973 9129
376 6706
7827 7574
8286 6679
6951 8297
7986 2888
606 2372
3368 4020
6573 2943
3012 5287
1794 2128
899 5459
5396 1791
1729 6454
4655 8544
8533 131
8310 1205
6706 9204
9865 1088
8459 5424
8609 209
7261 1681
9024 3146
149 8038
6388 7058
3256 8574
6000 8552
6226 4408
5991 2346
3100 9951
7394 5891
6285 9739
8064 9449
3651 8637
3088 2310
3327 1359
4228 1403
4258 3243
4122 8294
2704 8451
6839 6140
7460 1128
9423 1292
172 6323
9674 8272
2456 2852
9025 5041
9439 728
4338 9743
1494 5633
3841 8203
9670 7145
9423 5712
4607 764
6124 7944
7232 6010
7720 1554
570 7871
2114 4613
6066 9079
285 1445
2617 9644
8181 6175
5173 2803
9190 2010
4315 686
8470 613
6807 410
305 6624
6626 8730
2855 2396
739 8953
4407 7244
6153 4450
7789 6075
2113 1298
5448 4256
1624 6258
4472 6372
7581 7800
3859 7514
8519 9966
342 9846
5614 4543
6701 7042
810 9070
6551 3950
4847 7572
716 4985
9849 5461
6141 3636
2460 5099
4187 6423
5177 2253
1678 6902
2884 6650
4092 8864
9205 5278
9834 4347
2367 2102
8474 5932
4680 4102
3621 5518
8879 384
6962 2859
6362 8626
6915 2477
4601 2272
6489 2353
6655 9866
8108 7628
4356 7864
2011 8533
3139 6526
484 3198
8013 3668
1709 8517
5940 1851
1658 4967
7059 1468
1000 3013
1933 9580
2363 5098
9132 122
8378 9676
2855 5855
4408 9004
7942 4006
5840 9912
9837 5136
9469 4626
5827 5713
254 3818
8004 5715
6514 287
6007 4471
1031 3073
5408 7588
6940 1371
8576 3108
9220 5937
1761 2462
593 2505
8507 1203
4038 4136
874 8924
5246 5670
7808 540
8535 2730
4383 4101
1809 6098
6583 4202
8990 8747
4975 488
8527 2587
1262 6145
9752 2473
8737 5176
5035 8621
5038 5544
3929 9581
7609 4533
5335 4073
4322 9346
5079 5171
2530 5884
5135 1984
4081 1995
9918 6809
5441 2622
9022 3232
2763 8739
333 2811
7111 8304
7703 3736
9706 1892
2878 1486
5496 9401
6240 8590
4914 8368
2746 9595

200
4750 685
5219 904
9994 3515
5623 1638
6760 5971
6312 4938
4389 7054
9967 1570
604 5935
798 6279
5403 2300
6024 8074
5602 1916
6886 3867
8208 1719
8496 4485
1836 1732
3105 1683
162 5640
1218 2339
2171 6185
896 2571
7709 2698
6189 7112
1131 265
4712 2259
1886 4771
4206 3500
7386 2184
8728 1985
5126 2240
1654 184
5123 1713
7288 1382
9171 4454
1734 1846
4727 8894
8221 1394
2567 7281
7471 208
1685 2619
8915 8758
6244 394
1135 8165
2266 8237
9149 733
6411 753
1792 8173
3855 5533
8353 6884
1162 3191
5463 1755
4358 5192
4584 4952
373 1556
138 9515
7849 1446
8015 4261
670 8698
6666 2010
8011 2235
4027 9889
7000 2632
5904 4848
6555 2241
3525 9969
7498 5323
6778 6019
8709 166
9368 1370
8382 9421
579 9528
9416 1953
5985 2286
7442 3150
9439 8086
5739 8317
9010 8776
4103 3883
6318 1209
1748 3865
7517 660
4928 6407
9765 7556
9098 3247
515 554
5113 4153
8159 7071
1927 7106
1112 613
6804 2078
1471 9526
412 5843
8865 5533
8258 9460
7013 3670
3326 489
2243 7486
2509 6681
663 7167
6008 7366
5448 3689
5681 251
8568 603
6470 5420
1434 8564
3581 5836
4206 2538
6369 1079
8324 398
4280 7128
899 874
5008 8054
3911 7556
5621 9376
314 1296
9206 6914
7144 5291
7999 6082
7054 7096
4575 8405
5871 8853
8572 6551
9022 7020
9803 3597
7164 7147
389 2128
7751 7889
1629 3934
653 4250
2680 4649
6575 6521
634 7099
923 7670
4750 4580
8649 9881
6958 4848
4173 264
5415 4519
9668 7541
5413 3012
8257 1361
7506 721
7958 6532
7944 632
9949 5487
1701 9039
4616 2322
6778 774
4335 6956
9799 8373
9290 9383
7127 9330
7100 2851
1497 3402
5629 8887
7678 1476
7471 3848
2116 912
5902 3882
2767 1405
4048 8479
1205 5004
8886 2285
6818 6346
2100 4645
8557 4683
4374 3190
9773 7599
4772 1328
8519 5155
599 9693
4293 3807
651 3858
2113 4963
2964 9409
7239 3078
9156 3524
7057 2944
6676 8271
2387 3010
2435 8717
4837 8586
6566 9358
5596 2339
4651 9625
9025 4505
2193 1570
3783 9344
5567 8360
5798 6729
4827 4755
8280 5002
5737 3666
477 2192
9897 9574
5200 9756
2732 3482
6395 8432
4040 6320

200
8315 2983
5332 8776
2898 6157
2768 5891
9360 780
3169 9095
2512 3844
1508 6416
4055 3255
3027 7810
1288 2037
5626 159
2123 8940
315 2625
468 6661
2789 6924
3662 7048
7536 8231
576 6741
8996 7247
9542 9405
7586 5754
3613 1005
7512 4912
7368 6177
4133 8581
5028 3686
5646 9664
6028 4422
929 1329
2593 8721
1934 9696
9195 3074
6115 7152
1632 595
8986 4818
9688 211
3233 6776
8927 7780
2437 4593
4702 520
6700 1338
5928 2112
1975 8343
4974 7918
4137 3769
6636 9572
9728 3572
7124 9930
4453 3087
4844 6874
3831 1469
3898 3618
971 3865
8715 6145
6400 3125
8366 3623
2525 2244
7716 1729
9527 6454
1192 7982
5245 7743
6739 6140
5313 8654
9200 4673
2156 9820
7310 934
187 5455
9426 4939
8290 815
7278 496
7290 5067
6143 7214
8770 1070
318 8252
3380 1313
7122 9874
4759 8690
4756 5476
2468 9076
1050 325
8480 999
7945 3082
4075 4754
2869 9407
5371 6653
4344 654
2532 3508
2481 2501
6352 2205
4785 5118
9649 4521
8460 4676
5908 7654
1428 4347
2167 4226
1439 3026
6118 927
887 8423
9161 9370
3927 744
498 5713
6283 3649
7624 1069
6223 1761
4451 6193
5716 2168
8731 5208
1485 301
342 8413
3338 3085
7467 1934
7200 4131
8953 4741
9614 2780
9439 230
7224 1592
9635 1195
860 6072
9532 1332
2557 7181
4384 9500
992 1609
9861 2992
324 519
1700 1821
7631 9030
1645 5872
3999 6463
5019 6412
8065 2473
3549 6194
9373 1446
455 6438
2591 9891
7997 7068
6180 2399
775 5571
6512 4824
1191 2836
9105 6747
5665 9573
3125 9332
7342 3655
3901 3223
7176 9171
3033 1034
6041 6034
9117 9995
5785 9762
6736 1477
9959 9634
842 1441
5298 1744
9929 8026
2521 5188
9706 4398
3245 9070
5819 9452
6936 3717
4661 7940
4029 2028
260 4466
6547 9303
9445 6635
1677 6736
8279 6861
2067 6975
7458 5595
1015 7706
9650 5798
6420 3658
8872 137
4268 9268
7476 2977
5316 5679
7683 629
4347 2847
2580 9951
1464 5245
6802 3888
4880 4952
580 8210
3792 4945
1362 3937
1837 1108
7288 1801
6531 6393
3147 5771
8465 114
4290 2505
9571 6113
6952 3282
9151 1765
7048 1878
1576 9924
9527 2487
7643 1487
1945 9144
4145 2031

200
3424 3688
9634 9044
4211 9981
6450 1121
8773 1927
8791 2215
6767 3916
7347 5904
4605 7666
7975 2083
3989 3630
6937 2934
2854 5785
7399 2334
2385 7210
9859 278
4543 4682
677 4439
4964 8754
4773 879
2752 702
2410 9972
9666 900
1487 403
1540 5072
8180 6700
6646 7001
7126 1042
9031 2572
1190 5539
6316 7189
5960 9500
7074 445
3455 2908
1635 4607
579 4188
346 7364
6026 696
2864 6928
1972 6262
1848 9815
4007 246
7969 223
7332 3816
2053 3177
3812 9794
2021 4009
3240 6801
8771 2172
3921 8911
2124 3862
3084 3120
5399 2200
6345 2553
3621 6299
4058 3979
2006 2401
4820 7826
578 1018
3093 883
9931 6098
6400 699
2660 9262
2485 1714
4538 6440
619 6224
7736 8159
4712 3310
7635 9967
3481 5395
6859 8601
4055 3846
1609 9826
8090 8983
5722 2311
9457 4149
4560 3190
6426 9230
5710 5987
3112 1265
7992 7566
1232 4814
7491 5456
4324 1869
4224 1205
257 711
2176 5741
9599 5024
3867 6833
9115 324
6425 4453
2646 3414
9498 9896
8962 9353
3784 3301
5806 5885
3156 6109
3816 6372
7225 6451
7651 8923
9677 6326
6492 3434
1240 816
4576 3379
5503 7609
8088 2388
8091 5282
7406 101
2463 501
1220 6198
8554 8198
4884 4757
2206 9348
8069 1714
6514 2768
8738 7304
6338 1277
993 7169
6771 7959
606 3449
3432 159
9848 9802
9904 3853
4921 8681
2091 1666
9074 8231
6056 3411
528 6630
3391 2109
2823 2246
837 4308
5410 8991
8997 1165
3116 5749
9913 425
4108 3764
1802 8372
5931 2276
7123 6720
1071 1386
6789 3912
4242 965
5266 3039
2770 9728
4219 4591
2705 2846
5315 1046
4022 5711
9370 2125
3191 9162
3983 7826
5797 9025
5436 3094
1358 2643
1613 1725
875 3245
8002 7210
1894 4885
2650 3340
2751 2031
5221 1660
370 6328
8210 768
6468 8040
5476 5067
299 7569
5266 5160
6315 7079
6496 9668
9826 2257
1333 1671
5399 6608
7543 3165
6274 8478
2117 669
4815 1745
9791 947
1409 6030
2562 3224
3120 2092
7236 7737
2487 2391
7831 8098
6921 6526
5320 3888
3139 6646
4585 4516
627 6260
8430 1398
9417 4077
6949 3085
4406 7613
4334 2988
5864 3204
9819 4971
7109 4621
2193 6079
5305 8879
8743 1460
3498 7590

200
7493 487
541 1171
1107 989
3333 9390
7674 9414
9904 7713
5299 2682
6002 4524
5824 5351
3520 8142
8735 3543
349 3649
3626 1849
2495 979
6342 1798
2589 5645
1020 6184
9768 4994
7068 7765
6323 7853
6341 5707
6577 4109
6602 5940
1082 5707
2696 7981
6782 3512
3955 3135
6609 3576
5967 4887
4896 8229
5043 4695
1370 8925
6052 4948
9374 9398
6052 8487
9204 7587
5817 1504
1973 8463
392 5938
3089 6532
7406 7825
6758 7437
6265 2088
9401 7183
9529 698
4553 7393
1466 7541
8213 1961
7815 605
8895 1777
846 2517
5475 7864
4037 6775
7741 711
4567 3332
4123 8344
3075 5049
5256 8705
7962 4548
9355 1713
4626 8050
3177 6640
2772 3506
4595 836
887 7307
151 4990
7187 8295
5879 2742
2003 5000
3915 6127
3267 284
633 2851
888 9866
2974 6443
9185 3051
4571 5417
3740 5763
5902 9641
3060 9350
792 5773
2926 893
6072 6706
8431 2924
560 3069
7736 1993
5191 1327
7203 3420
3976 1481
5512 7713
762 5789
9546 5893
3548 9955
9095 5849
839 2600
3137 6665
735 8141
7790 659
8710 8620
2909 7978
5583 6805
3573 3329
3716 7116
8302 6157
1056 5289
7907 9962
1883 7595
957 5538
3377 5690
2072 9663
4595 1958
6575 3207
9713 9348
1518 5261
3847 3663
4719 2465
9934 123
7239 8991
5391 2647
2937 9882
2142 4614
2972 1751
1765 1962
511 9181
5313 9103
6868 9825
158 8664
7531 9189
340 7222
3058 2893
1769 6708
9624 1221
989 3516
4611 7045
2676 4487
916 4981
6012 551
7646 2892
3030 4507
591 2174
3219 4518
8971 3520
1294 9525
3772 1194
8802 7958
3677 5636
3821 5123
8461 8664
4407 6989
847 6551
8087 1595
6742 4748
8625 6685
6814 5393
9224 9254
6146 2253
9243 1175
5037 2170
5175 8054
4266 1863
6593 4471
3556 1376
9680 6758
2531 2572
8463 3519
6166 3084
6121 7309
944 8362
2434 7223
1422 781
9299 8525
5298 7713
707 252
2389 6688
6196 6888
3323 2697
3891 3929
9854 9756
1271 7544
1686 7344
1228 4902
6905 5589
6918 9272
4061 1216
3364 208
4324 1834
8222 7919
1460 2585
2113 7995
2596 5679
6028 9862
5658 5454
3691 9189
4415 9900
3502 8855
9906 3471
2144 3244
4593 8211
2993 3961
4760 200
7442 7690

1000
629312 276948
899689 277588
562198 138246
372522 117396
646372 530672
489068 629712
309893 742277
553038 968139
816582 891279
931081 501135
996563 495447
616277 206838
143007 948765
158351 721298
931416 992087
710315 456685
618334 696135
307221 990604
542505 102154
311893 305415
840340 768963
772850 892423
854342 771633
822342 820713
859778 827312
415691 354277
305450 305772
841908 193027
770456 502277
683496 489083
265354 952593
806203 481059
329262 952655
841125 649515
985694 289184
369222 889703
191901 917697
461149 703035
361973 977021
106046 950403
323379 910536
104673 224761
891997 776024
187642 150786
986983 928465
769935 137888
237120 179379
904800 194821
361083 220687
982430 165150
406918 879732
459793 460832
994957 997048
114935 303923
544168 400799
764855 642187
470775 159291
743061 538641
924088 239954
608949 211438
436074 236495
147274 252411
717470 611586
309489 907368
733152 695478
993753 518213
614666 265016
961433 293311
319354 425357
204738 543434
299308 458424
105020 487899
703501 791316
804996 106459
689739 297885
734731 173529
100520 986084
609130 190299
576690 693038
965244 339833
202410 718838
643883 313980
883387 879243
982309 588920
813650 568973
493459 472147
341736 463454
251511 225932
438113 157106
304605 960751
276796 702631
677987 123218
358436 634190
964187 677676
197205 287129
661562 352128
290892 584118
157127 357805
574152 466591
704236 576871
555879 208720
192269 304597
464115 325064
448680 819655
862813 113929
814465 466834
360578 794101
485105 992655
938173 815691
249890 607964
434660 313029
920676 887211
470744 469942
482140 206414
960995 381634
225917 791598
547916 520828
367956 914098
807677 504594
874345 438095
634871 683593
162378 642831
222498 853206
161016 426292
682257 133169
869605 542823
997937 778777
415201 889794
826737 587033
274253 383282
210105 101402
988986 234211
335567 132648
668798 298857
634544 989617
261197 310053
302267 815463
200530 977707
631348 797120
778797 853617
660376 501508
403670 241897
430467 543208
822616 280645
863426 874796
952713 484322
892102 575752
942925 871320
604888 851404
618507 536188
322877 238785
198057 229108
602265 528808
200232 926362
938351 549941
944903 718804
398215 113211
715544 849087
298367 658756
900736 291310
153013 252549
818789 764980
202930 593926
285933 204290
671313 209098
754626 387420
947796 711548
558877 841271
439768 252855
882865 783349
795440 811888
856149 979177
678655 610090
839783 465387
874354 159939
987945 988534
831735 105415
420530 406952
593927 145647
891081 293204
197759 817869
561415 631082
901458 712910
999976 139570
732202 565087
213252 716432
625689 691195
895661 884295
885130 199956
937832 686721
293783 638075
961724 873074
500564 259725
661260 100551
213465 348321
592922 720209
965777 208396
172387 664667
887461 323142
987502 183900
225353 866565
347765 906893
972421 908920
228144 755147
905185 149132
577034 764808
667945 398297
348682 761019
523644 526751
515795 289463
758532 706509
192914 412280
417261 578102
318960 583108
889695 988847
955099 915449
253757 322722
531611 237115
905593 514471
620804 303917
834738 368829
252830 156147
564586 965711
540804 418413
422260 347337
588884 264353
772994 748440
889798 916096
397784 634108
207560 799326
116696 911811
338092 455342
846327 376013
751392 209494
243276 911053
897552 923892
407295 617571
719145 801298
320902 998911
821698 698848
342944 614280
745118 486937
982307 110733
944864 400272
679253 447278
162572 713743
618876 594389
906211 506415
562215 533636
632802 157067
614135 860073
408702 404890
299475 386478
976882 151765
887788 267017
675676 403413
640685 348923
817077 296510
396228 571991
193880 914765
942619 744263
801463 407538
625886 898217
783763 336300
914360 783145
875284 768433
365900 297323
188018 478549
512138 399895
394971 223948
302324 745762
266849 816578
995058 945661
170489 766484
881995 943176
170184 311507
578717 966011
236031 302901
295096 710656
762751 261528
119101 193933
594545 595892
231640 526066
635450 763392
638216 750099
217063 676181
297516 773655
706484 574589
525719 205453
728591 428646
606291 272433
405951 173871
464902 854231
508784 661946
105652 408439
415966 455673
449661 761310
929206 440607
460677 305914
845225 720676
380152 882204
164409 948496
724909 145306
564038 828999
303898 361796
530570 365820
485074 919242
356215 212755
124430 705669
555970 309817
549579 186816
245924 146338
458128 719089
470785 654516
333655 479385
439612 259671
113534 698167
163564 454320
736478 988585
173166 523014
669371 327782
640175 606512
941955 668956
957787 612593
476665 122444
215245 500570
252264 270243
616269 937068
702615 136730
222598 565422
660254 127752
629346 243655
159238 528185
655907 174744
795012 371576
452230 295550
621485 322743
754031 997634
269251 175812
698385 253942
390445 882139
843854 502207
869889 957116
768000 337735
444328 201401
802816 449108
927135 350248
317570 719967
476471 955164
388979 119363
483259 714584
935884 828967
941362 338163
937400 986725
536195 619272
762018 374256
222978 579282
632735 269808
379627 671995
964356 734799
780584 664334
153719 622568
325297 971329
877288 787044
780424 618696
458062 139151
372640 163045
939366 687186
771460 100761
845628 747242
769154 725452
416280 863962
891072 978475
960391 971183
876380 148884
221693 349053
847000 202846
752762 196248
317765 649073
433376 521123
768235 433794
827969 354842
644911 758838
278093 859440
567980 935687
716575 926225
227548 469293
616887 914411
421472 637513
110803 166891
975287 128826
664040 159189
982242 129359
385088 197824
948229 924976
171311 911257
602939 130185
760544 252299
327597 741400
186970 405101
401423 352592
824171 951555
547095 168618
999107 494834
851508 392540
692990 446760
451354 435167
612200 565053
778436 340336
414961 738412
395439 986479
626915 499191
418151 923020
111917 494813
351487 981745
622681 165091
403926 355668
369899 715417
900225 732937
880943 725497
741646 692694
849057 603779
521370 418911
616097 458998
830078 363799
154134 959808
796168 860327
306960 433923
333239 969115
379045 762525
634071 278635
657955 835357
384233 688521
307301 168467
293974 271513
188530 711451
756539 502274
572236 984271
950559 482678
369319 238715
410057 894111
336323 259681
864344 989527
635208 799725
300178 457131
145270 214175
306386 912178
149461 378735
840584 483747
277841 589128
634817 814084
710820 276110
109234 700412
553970 473494
152646 751380
696735 564506
100802 825685
292138 750881
246099 772361
203822 667537
464127 625970
185326 421729
620862 959752
941321 204143
314770 872782
292989 313517
936707 624737
960388 808485
614333 624474
452966 113207
446478 598213
585205 378235
656373 232931
759884 514345
754464 433408
873135 636753
306531 154536
240118 314743
330714 270837
274741 531260
415626 439850
439970 918539
857011 758461
216018 762947
446474 635256
383836 528026
578575 786888
362764 162179
649340 354727
498043 415521
923248 461432
735095 526942
547984 349419
399505 537083
950812 651810
586332 714680
965145 206664
310095 111446
692586 712267
255919 265049
818454 561617
920309 748100
599108 602703
540311 552039
774659 643276
107244 158847
227823 409838
199488 301607
304068 988939
295627 707086
123392 752101
727655 438431
321348 837770
873736 935976
670566 233533
833232 899558
385345 480306
913851 136900
612449 452305
892551 464384
360099 245591
220903 564326
129422 621841
829107 366688
517085 285368
738547 329844
772094 184513
429368 729682
950612 152320
275188 408412
445919 176821
742850 776547
536460 160314
482399 979140
304724 810029
100946 462588
721776 111908
655993 622473
899091 445414
923762 476641
509038 740599
453297 499949
351330 411994
407858 348061
275212 940216
415649 350849
630302 798245
274141 904654
548164 468036
192244 853805
308146 338765
530786 913319
457317 900421
836564 233283
468040 774942
309972 238459
303517 978644
244171 454631
604228 476617
533483 507362
873410 398268
247622 982397
419902 332780
996801 326883
325848 568327
783063 106239
654572 292304
626404 578731
292911 306034
298784 267676
627040 948910
483451 628790
659058 178156
730075 515039
397128 145587
559383 104611
587500 768139
347854 472003
393025 386087
321924 190275
479611 692026
194358 895498
742316 168321
148956 531850
937833 326295
624145 230398
184584 275592
684187 566763
132790 972132
241530 318319
512078 542654
217542 872544
882538 924823
646903 547247
349924 586467
204596 412687
240182 665936
314290 834426
324791 270197
664097 494316
786595 855486
843327 849992
966518 971579
228352 694922
363327 877282
220451 549785
236722 294104
375632 249703
809773 952838
574928 686049
714083 937570
695433 621244
768130 958826
845170 867336
925930 820700
308890 352129
322884 610526
845090 685947
408285 605481
491184 615370
197933 420045
674796 992810
646066 204046
725711 135375
130640 626367
335747 130727
985169 234502
526802 471381
967968 172815
542359 866191
541939 437569
672648 758978
802528 959559
563337 699635
423328 264187
944410 434576
433669 790076
459040 832939
165544 317025
226308 978881
768680 166615
511956 737088
128665 996210
725961 354303
642232 216900
521476 167594
918192 598603
691067 877228
693550 633058
924273 651617
914786 811837
185985 980902
106542 446154
961436 593355
885581 450046
125158 604886
361690 940883
442992 735482
970843 776764
273157 946071
419396 360188
890975 396349
583774 181551
798965 241750
191688 947248
486253 476795
598572 153971
919634 461235
702377 972273
778124 636759
776965 581671
398702 688151
484103 183671
925569 928743
918232 491119
298023 945754
888024 697709
354963 444768
261891 300268
701635 591582
927485 811699
788404 892320
547714 179006
946344 850304
104595 762596
636106 483766
507229 856696
198387 379940
305837 486388
912985 731049
847464 717190
268186 802900
727214 498864
410935 920740
693355 321864
581514 601417
217095 891049
256711 333357
291635 305179
817179 727591
283823 857584
626566 420917
984779 497229
155860 184843
701705 473103
642761 785954
713781 723246
675148 480927
513305 849902
611620 725171
944706 334789
294834 500610
448509 193604
913910 648224
583609 363066
706514 893097
696168 964763
934650 194091
773847 210518
532596 430556
223680 640451
176109 548264
103968 174233
728363 383932
617198 432051
307374 775189
524261 257166
482888 939907
841234 444923
992384 456721
368599 316144
575775 582896
499110 518750
187744 424111
390036 819730
836672 318494
452115 178164
580162 292222
104766 264553
737346 130409
840294 893552
230845 103885
707703 807486
439882 464493
710787 554388
130478 772237
279013 873720
770182 594654
982051 616733
594176 538981
708339 533476
862536 231663
529227 187671
605947 645293
409743 946058
192005 821856
524552 863010
845110 439067
501452 567569
122658 865431
976930 519898
677014 631890
374444 766500
556032 242148
892021 839659
173827 694341
895490 677784
577357 314897
356804 286332
525078 155310
928298 222256
638292 749491
256593 275735
264105 454607
175925 321698
989955 491440
297165 770742
171695 906153
596996 532143
650441 372545
129847 458141
542204 524753
594382 882550
241475 261920
182686 628203
621082 334596
235689 262361
632399 164323
436834 298016
345224 667854
976989 637641
767578 466074
799827 667592
489430 267133
148114 581564
411300 503216
752829 691448
616509 606323
269888 315126
239690 468146
489932 220316
779546 653896
138237 113216
370200 527230
730476 302705
216276 124283
547219 687931
434688 258158
755807 787348
518415 906395
698574 678144
247047 539208
177964 709991
340821 986973
246152 374602
162583 575973
888676 602237
447730 297119
180397 595193
688591 315773
850931 359184
128089 837255
112874 344148
472947 446101
743902 977521
773419 699583
597543 577330
711705 978475
128183 146036
623756 631818
160040 380151
201078 638855
967963 629076
934968 513961
901343 860765
200186 912290
729754 410007
624210 220184
832243 865032
798819 973125
140001 975329
260135 610085
747480 190365
324611 514521
572446 949269
473351 879642
997124 226261
994286 174117
165965 969703
254459 137894
835382 119714
116349 949244
630418 130623
619244 185622
656523 719941
627288 100970
523764 292638
707580 861950
948481 148858
860632 449137
563676 346983
609410 967360
707109 484767
793054 564659
422170 159528
989075 284339
619477 760057
823183 498023
236929 906959
409498 472025
351713 584615
147991 991157
985737 690003
820500 110750
844252 520681
833659 581701
742913 557730
739068 829832
723010 898313
486348 459747
282552 211750
566062 575719
826807 592866
210066 731143
513254 220258
690137 807551
316520 783762
521710 516630
947618 304494
856928 923567
244200 741421
101335 463053
185066 181124
734782 504833
846738 170572
443314 748920
634218 603985
134638 152720
367251 541924
122288 441140
220850 748245
954626 316007
174121 758386
501491 483409
728718 500135
227048 760134
437987 962939
318331 736747
735204 971448
715058 867056
954076 560745
969395 372428
728220 830833
106704 989929
731136 974019
621516 482421
255244 122573
687955 341679
710242 771629
459272 462971
841129 309209
805684 523233
177077 727596
218533 867356
588447 285163
920240 530683
625894 947727
800422 642114
932483 121534
222377 117355
205723 294096
331529 155861
740256 198888
650355 314870
473954 347199
980606 287969
928229 879023
660688 682436
131412 933190
263059 599564
531816 231383
676597 714569
432785 136562
922442 366100
607639 388146
448993 294843
606363 314476
637067 977152
969518 268560
203546 496214
831778 986746
136069 116425
436039 461162
340783 814813
842570 875235
938531 849712
435179 521928
594812 691556
973639 890366
729865 290073
581490 161693
729504 830155
219743 146071
105755 730108
799977 313910
923312 697450
235956 780596
186718 811621
573007 534992
194634 923749
526447 442498
683259 173270
698705 200363
887355 802997
968532 747385
332189 176719
433926 656366
660599 600489
268463 930610
521711 775736
161107 802981
627574 416736
225275 809349
973709 293321
669902 842988
994305 687530
471066 515849
599736 606784
377759 263720
645041 791814
995845 378872
344088 375349
659909 188588
573476 512275
127053 960723
186829 338221
160398 355258
912083 564780
653863 399576
744969 168734

1000
314457 965950
676676 984199
230257 337686
896594 398143
993492 304923
614573 525586
489338 278987
549542 103643
164087 131261
638286 595631
740331 461179
156224 640348
737445 884305
694236 140021
520180 798390
798705 367285
191709 408009
565639 957510
413716 760058
558619 601476
461795 521154
332317 195430
664671 360418
493891 412800
902844 207733
864280 720497
243473 641048
238880 850261
225508 408275
190837 558357
643247 962776
393465 363739
247558 459315
382608 614032
526060 395135
404864 263618
268570 306556
158700 193972
207462 187669
971628 565932
163185 115951
779358 703368
762326 831911
646801 148063
416691 525580
252316 962431
920408 192623
215735 245591
497540 741921
356042 254081
352030 565952
133391 672264
550583 382182
741762 176209
578306 116642
590583 843021
488542 162839
799253 525202
240264 992712
283789 273360
550635 571428
114269 798662
724016 847683
711439 991508
190879 821190
366201 652785
334217 505011
667600 755978
464114 772742
551004 750467
714239 725622
780113 711889
124478 730234
858777 312259
265376 958183
477734 447099
759737 354412
597934 619975
549330 407375
885543 876464
955982 598849
702302 759978
440046 106207
128264 867997
610247 550946
188149 859387
336825 290797
852340 455073
576073 733835
782221 544406
633720 815193
546954 560216
476242 429255
833778 259451
958748 203924
170309 287264
764634 472856
165982 216638
673219 253515
386584 729782
526208 583209
442325 329717
906455 981723
292561 244351
227652 474250
709135 408909
731327 915119
669539 337969
777923 278186
452928 283412
615887 275754
495353 550443
227524 330187
787927 211906
985349 479194
743178 986598
156856 220978
818894 263508
429459 240756
903376 304557
754133 925143
101307 725608
296924 479467
865480 267435
576369 951499
975015 724243
128589 133122
235160 536558
479688 170463
637229 329245
867353 481934
999102 390053
673369 649376
537653 564684
445876 300887
612600 915901
118693 839090
213592 898129
356980 578717
901988 493591
199966 259617
953930 772214
760538 320713
355654 873582
348000 715334
856786 725948
681264 124234
620781 968709
444533 966741
944332 447259
262536 307104
163722 685093
940268 450562
228241 366311
794136 494967
379817 535385
336966 984365
270791 742713
640263 821868
108068 964937
578156 419004
481440 880229
257477 888852
151052 595577
633479 125414
819253 722928
219246 602082
736085 961071
161123 467248
278543 993918
860203 601240
348809 138530
346215 866743
680797 151369
493261 174239
292080 317406
769427 303754
898854 219549
579716 154551
733266 894661
676058 418220
150146 594760
213045 818842
516908 204554
260249 844008
667858 918638
980679 617024
381111 266952
508018 348002
209271 463914
232280 988439
806024 849821
965927 720946
840760 980262
636787 164846
892508 148131
726061 451180
910972 632895
210164 466053
882062 960069
762102 551509
410211 314961
254094 107300
423997 328451
459184 540478
436668 453863
896331 582044
691637 657473
671370 664421
843636 874660
148766 145408
465883 132874
514985 726774
315865 135807
793035 347594
678255 245914
355933 932510
398455 540204
324163 210663
717593 151592
421602 894421
963371 326833
860352 855748
887198 659805
696857 319340
521423 854634
941705 609875
139170 914834
712539 790767
134108 767036
960896 940780
558694 752570
319461 510197
654363 916278
778993 650965
863982 621683
634103 578538
643474 360709
167499 875686
533468 194158
507439 423414
192006 402514
200730 357700
535004 932731
806202 985086
305475 540188
215720 922731
702825 883532
419664 512679
890932 892635
551030 232531
801880 771298
210610 855757
532262 208409
211678 676448
804746 377840
741886 851868
931858 711244
343570 502631
807995 292272
358141 888631
527535 551473
386275 639410
984571 820489
509987 381809
226690 617806
768741 923846
111473 296345
829434 112393
375554 943372
402704 901891
132207 756707
657075 808107
228689 892671
378694 841855
758842 868031
273004 863040
436545 809808
669236 794061
179621 145077
108061 451313
992427 338445
915291 855316
517874 409506
836764 319000
525974 591169
891937 618737
172845 766437
981087 265485
671505 595689
570687 386963
399785 694266
426261 136235
863009 833981
577301 600313
593498 692249
833797 238967
236767 486869
387586 782609
103797 306303
138382 585464
995211 927930
361774 164036
989508 263991
201578 550420
245077 795314
792654 195348
442687 990731
568331 543163
672813 138326
220052 396676
899389 900069
866141 670787
887449 759700
856918 736467
657985 459899
576856 737073
462490 979188
754030 577691
500905 979550
174901 161921
441487 946587
452652 846499
121722 676297
892015 679366
841443 207325
144432 851767
421117 213847
143911 713954
373265 304943
577705 591919
530186 802390
787773 689052
124815 336100
463175 312045
638147 598160
895245 436838
344914 302612
320664 847583
326194 391520
530259 588914
746696 681879
280219 363532
665748 678630
769685 196453
987255 444673
277902 369915
999531 488213
378812 915869
839480 452372
742745 163090
180627 286991
742746 464397
187391 340479
789010 104916
418893 469677
507535 589436
417903 836084
848519 894236
904695 628488
557621 784209
580558 992590
968543 561265
747217 702838
939177 213107
135566 749264
195739 517502
134729 272644
233580 974049
976761 407568
592232 964235
843307 948998
612976 520609
423588 719989
288336 233342
673891 899329
248293 572574
300827 155904
181137 425209
327249 250727
462085 939945
286781 383296
440072 124415
735483 936609
862643 790476
191968 579768
338207 847944
540272 791952
726004 825247
859670 440119
402139 310889
771688 346662
576441 803324
498759 154860
786146 246902
373147 196612
541923 308780
368174 572257
116924 214874
108398 679630
104168 220675
910065 988656
911550 712493
357807 356369
620147 304570
216158 275461
712777 688845
477383 212369
976526 963653
512212 861077
145548 607543
137021 405251
628990 330585
647382 374969
311373 544100
483848 215206
207246 342396
429465 638754
837611 534241
572124 647742
162304 301049
890013 267117
769028 108613
224292 991878
776535 873154
603279 830062
476936 363400
332532 528485
222592 555566
971455 428845
677520 153796
376549 276807
918205 178984
781901 953847
277231 642910
307693 828082
503237 800323
315740 142341
971248 162941
433035 455545
135211 571362
811803 513159
472681 722614
387128 891602
301491 832423
164741 470014
152757 146207
985111 752799
598615 715473
512770 783995
152165 185551
300690 826275
685507 163333
473554 636535
398935 388863
436795 405230
271842 670279
709408 865279
737714 471690
923609 564293
609475 572533
135282 239459
817964 554206
591760 512342
858103 648046
741021 869700
880493 441283
617214 796554
883722 306612
384338 846827
773106 682586
601186 198038
803152 941042
115179 298549
697131 652834
164726 863308
357681 157736
626347 169765
820278 485685
647486 811411
467654 773581
618340 927195
915057 761431
332080 345297
485761 441236
428795 244869
623261 211893
853072 258336
298202 870056
358644 513745
789487 280263
270151 560993
256142 814179
481176 327223
862145 534195
411039 334639
390671 170136
650775 708529
654286 393362
467473 970185
794747 942642
676964 320004
440925 989444
479578 929852
527095 659027
104898 975987
168187 683185
625397 914082
743881 911330
280736 560279
490696 102946
224209 678499
198957 900595
202130 475935
464341 459266
834805 775469
297324 227104
539292 133597
392637 307921
333066 618453
354549 162066
708849 101596
338506 202800
730332 335216
653191 629845
317656 423900
724665 958028
648671 716231
199734 571713
289218 934208
787993 830526
671323 717087
345610 635203
180173 564589
707378 156602
111946 723764
429205 467502
555411 228395
531674 887532
168957 236581
279848 938580
773927 152633
485321 185322
897264 284105
898907 870530
739938 705291
738274 581412
954609 928549
571729 833009
771548 661812
652082 703903
723642 187560
745137 707693
852060 305468
695676 874611
396107 111752
359459 961041
794233 563694
809154 964571
908917 530774
780130 564258
940133 242429
719576 629733
526199 584871
639417 117219
109455 269376
710181 849104
387350 352660
102621 912665
667110 533057
976528 650522
512695 509061
690923 916055
215477 234023
698891 575013
289481 646614
283982 534171
635602 901019
261220 319112
176138 994022
782105 144102
272168 912497
251063 896455
874871 996772
101084 608303
853623 670329
157762 614327
188097 242817
726162 715605
397567 321688
524711 113362
884379 551499
609530 565008
215822 905883
799738 200335
179543 106318
512009 361927
434132 978460
831463 901326
138318 186318
382649 940925
919405 697046
275410 595663
430641 442353
423640 312624
263327 144268
588158 464444
257640 482776
780259 147233
594177 898683
163489 674641
468291 177013
120553 419099
909392 539124
919586 877796
811314 806308
401521 215895
396441 576660
811172 868065
906956 596141
464807 418899
713972 798192
315792 234595
688718 783702
347809 804284
515054 746781
674400 788323
500577 971622
443134 456628
472246 260251
763613 366464
893995 814076
118636 742818
435010 555970
911531 297974
507988 779221
568568 497745
448270 120833
545319 833865
157515 129188
830299 187250
212695 985852
782175 674826
357250 456797
842892 979217
780691 775970
875282 626736
809881 816534
427530 396371
273266 664230
446644 210716
473804 828375
634529 921526
442938 614363
636503 717279
148211 554404
248951 754122
903451 986579
966496 889712
440610 874088
574916 805063
487915 181375
315640 327396
588314 152645
177101 723595
377216 179927
812744 500125
641223 155100
132036 890744
770726 430907
109461 935390
739856 928351
969762 923211
987994 688833
203646 619129
671791 595595
449595 886377
884251 934215
266114 827635
825570 650331
373779 730176
331443 687238
399486 769324
925276 399517
427585 535459
211828 110460
927407 348519
971396 131329
160071 519851
691907 646555
138128 399680
934556 216431
339304 139548
156547 925034
374015 636907
366307 815659
333384 370630
962321 893689
703758 956206
403960 545339
198902 751154
361774 872073
222124 746581
435375 910300
899466 433634
612947 860136
868291 167513
418700 922396
793427 405467
925667 581226
356509 988759
967859 619670
722590 517651
311033 410240
165854 263802
547005 830536
832047 245671
633794 463259
978239 681154
135961 635214
271040 304960
396532 413799
556891 836162
410427 159526
525840 295768
754255 833835
849292 294735
160540 954029
316351 294244
783081 851057
449965 122633
377526 837838
296066 874586
302001 437355
453328 320035
970624 325445
621543 100713
831369 413172
391744 676697
893608 400988
240604 266468
926295 980469
587550 471608
865950 412793
779373 792775
455231 380336
635443 314881
148684 880787
926352 716380
649494 112799
770710 213958
621147 557405
311406 842828
944892 422332
284698 302318
691760 402878
108749 862160
416230 418951
456273 148624
500873 441207
650959 482421
438754 367406
353087 872123
208753 128826
307410 807713
696567 393009
715173 965917
571058 217469
300869 771277
541688 610645
749462 736052
608672 567716
146974 599516
835412 509974
517712 633666
620121 173287
321159 989090
902559 392791
413359 843717
322366 868298
941419 675705
627351 132162
430070 244288
314339 496601
451885 703189
661109 524624
950425 209589
788533 427006
886036 107740
289837 483313
992266 170552
682797 331833
963515 733100
488379 652883
120686 770542
716622 516019
343717 516239
383716 707114
275203 630680
917758 301551
122383 789189
804706 562255
290735 297550
779732 107558
802713 928028
148963 968725
190500 293741
275823 198988
665181 271064
775774 779815
544326 539655
350497 337666
488862 790434
114748 126297
752023 971873
264627 648018
838903 583201
793691 523240
597062 106754
844649 425594
807868 101031
244605 607959
990923 749116
421986 731974
475935 220265
676136 241131
319327 232689
495768 989331
990160 626822
555621 298767
538957 670577
249742 286218
219423 947482
337261 966272
707972 118256
269632 316910
572763 555794
717442 634386
663781 203237
349138 533629
279440 674663
918944 630403
738133 385072
317070 538853
963640 195168
176264 369145
264997 192265
530509 141969
262347 657202
241351 985675
213454 380767
534263 337829
379944 662286
920317 544284
792629 907481
626461 902225
492014 707843
922239 353435
922460 494109
834804 708204
768063 430838
126168 410424
769648 108058
846164 243596
119222 101950
265137 914435
965637 971528
191712 204349
222897 730900
555550 352816
455612 461054
104912 964846
225388 471276
557521 374716
648550 476661
634240 997523
726389 996572
112495 471227
912057 457943
732939 334944
361600 705412
266904 675097
528318 405522
646758 943222
291368 762790
678600 848104
502204 409037
397039 163562
645650 480093
187644 654422
304206 801965
938344 787966
413904 127086
794799 967375
966230 108514
834872 673936
249044 883354
461088 265353
252793 834189
761012 166033
613833 939330
950322 761078
954691 468259
271599 136132
141673 688362
310815 762989
190167 944872
281630 920521
414112 597569
759730 212623
625219 879742
440572 790372
190436 858848
963265 672635
934404 485097
781679 839779
855254 893158
392829 915986
195478 882435
821824 895897
433507 184706
796842 931992
621246 174187
224551 701565
458183 850114
853908 515939
755217 840332
778699 757430
859413 382770
204021 629835
845393 840976
244926 562516
493303 228618
986876 678995
819044 537852
489088 537633
198613 938544
653945 839936
769333 446122
846860 523575
481534 337245
301064 151958
732263 662249
658416 538540
478894 683673
547725 191609
493915 776732
507621 357312
841455 872688
930390 345762
464617 929240
612236 777850
608416 133722
552297 235230
802509 889265
902948 928319
372246 885015
532882 475138
562156 551186
144563 785271
685281 882904
650678 175497
511362 740598
195553 580767
446448 937874
704972 218766
610342 712715
919067 344099
684648 897234
763174 522719
874081 945120
620813 490951
908577 789133
146968 451297
733981 398559
714558 701196
638953 527126
293648 536793
914777 393368
763720 503325
755279 524167
907198 366231
393294 337050
205184 825414
843198 458752
884893 480297
511597 864785
981189 563206
922295 537551
594998 919027
500558 162452
198786 420612
215365 818897
511706 141399
175894 214590
718483 970076
638647 768007
796205 651601
843850 192151
886791 740915

1000
264870 140730
228886 550387
715969 436924
254322 421239
290305 815022
738677 893275
332165 273244
711243 502386
474351 888905
192738 253136
562942 755327
257958 808572
680079 953154
310751 102764
747515 725833
190887 144982
398280 246099
430544 625104
874448 725968
426468 210887
206633 679219
417088 516733
736775 136313
414440 770716
723589 951321
201276 913129
866988 663196
850247 377764
774296 939577
652695 372555
533159 516672
761627 761504
593926 362948
231883 777832
296381 887791
254895 176360
118185 871110
909462 605006
741962 774062
952750 836483
550482 430484
575234 524428
263139 168537
567696 148655
846253 926555
171358 767146
672031 986563
221251 432052
181573 582966
703093 941483
559465 890081
252331 300409
527350 863764
453500 618891
438415 262465
695570 294437
478243 643249
998820 906538
979189 653722
138054 109266
678788 678885
234654 179181
187449 502642
175707 264496
299805 954914
244162 367447
962249 442107
188615 768628
961156 761935
442278 469956
691550 329716
868231 566092
839461 723603
695747 314958
589724 999497
406860 589682
546686 180333
153774 232270
763631 283118
290647 483362
686240 806522
366375 602148
719865 739867
410164 585759
370120 411925
780422 208569
637007 598819
398746 109771
513259 121964
817480 873770
334562 282141
649084 906181
495754 184316
350470 524828
393044 612484
654071 913530
598833 148941
367298 705042
607770 406301
409390 880093
152411 906678
559478 728285
405688 441671
278934 101401
928504 522130
322260 433829
254242 985202
705686 897441
395507 279797
394848 282978
686881 322347
378500 166383
507457 866099
545269 982778
805187 510235
105801 407734
193791 299534
239982 423078
158706 605874
534333 343619
183112 960717
403372 322456
778903 813310
666755 383262
717306 393709
369211 961447
966247 187435
963242 294816
741412 976797
299516 453763
247575 597951
753198 910761
652055 474158
549381 942289
998941 112129
777847 231844
344695 576036
623866 987371
388690 976374
314530 260318
316396 513334
187440 966451
689254 598217
815687 389055
489145 996225
287237 535384
986669 915123
131052 636733
562101 119287
212536 966676
343583 546961
393154 577328
368193 250070
307508 439563
601470 681894
783522 955721
797140 894475
795311 887807
228428 426971
653915 769019
251687 358907
736841 400813
819474 580084
855481 621394
857008 604307
749486 171603
624692 767435
463621 151162
281875 140911
645695 333103
746973 245121
161080 474224
810153 904887
777075 538429
575809 666437
941842 491080
991916 210896
466763 106801
600710 970940
636510 991773
591217 914345
159546 307855
100403 732845
549381 340608
685505 941211
547202 668931
241514 439539
604410 516619
667969 697900
192966 689587
159292 736385
318344 981370
949981 147082
678357 303033
937907 498969
681668 122262
841072 646522
555235 321084
306160 645359
954755 343125
104546 512724
240991 546518
874318 152876
438982 770032
603628 939011
552890 846046
990019 442725
742745 431101
772073 539488
722825 790303
647087 584711
534975 131469
487201 691720
338092 891813
366542 661911
368660 238441
961335 964583
792413 702047
240153 147089
117776 478411
435674 793417
730598 291927
529771 247297
779426 379543
552624 551081
910855 170719
668479 706270
970869 484568
460088 524778
901069 649665
842622 596098
463961 614984
441544 721177
209956 920557
156108 719094
643610 740743
831741 115719
381468 789366
480023 565683
970390 500421
948843 945695
821123 954792
553687 463316
217915 501583
576008 901160
402980 962171
813582 331781
196270 375627
910201 664262
263973 546156
169910 331238
865694 920385
845107 571727
438637 580479
523586 451347
658527 833505
674907 748435
838305 514343
984366 812716
528962 812558
979251 394019
577369 551526
813670 249427
876461 918492
447061 434104
579153 479511
989219 979775
139823 202411
805599 101079
703940 634415
237816 100230
225524 753511
418892 699986
378317 260617
252459 839503
991399 513278
661449 256757
364754 617194
298962 606756
495914 451654
780012 470331
588384 886902
724470 466977
758968 102009
582082 568836
799655 960513
925613 128641
752204 988789
930177 459140
735360 902741
513139 657325
726941 629797
575005 418019
236262 714250
635943 627171
158511 512831
497552 988522
198290 214836
873382 470554
657120 245211
993832 292579
852125 450719
523939 114043
724638 550990
942948 156853
845894 162713
755584 356113
904984 765918
886328 152213
675754 621284
384941 658811
727242 537463
595739 983724
898632 126840
355484 776080
195026 454960
913113 473384
419530 763787
962292 874440
117043 588521
848049 295700
954764 705930
374784 693531
271786 170789
494802 968765
306846 348632
603331 672145
686688 863694
382080 734920
133681 783145
744407 914265
747789 723578
538875 672058
627276 992281
251774 924153
559267 916643
257562 141207
223735 242431
986311 699617
110676 603215
342491 138393
868949 680587
903944 148344
141660 911519
691336 728892
219831 446853
835438 994365
321921 175707
204697 833629
698740 222354
537598 365327
129170 316465
805443 704076
570396 948806
436249 228009
892623 420228
784938 135549
977736 223984
136392 964550
527377 499633
201390 181756
975531 168958
830625 671128
482754 171277
163095 348112
345485 227594
983561 226487
895784 173576
389614 462105
745954 845237
966760 207929
839678 874827
373721 617292
196266 387272
866344 978239
134858 659732
863703 554642
840348 389843
321987 920621
830222 746778
767884 144556
536057 584747
871733 762115
996017 658952
459994 564254
663744 767916
416863 719057
691075 549111
324523 446795
491741 317046
233853 729322
321355 219145
820309 445993
109898 801342
409054 829738
142157 567829
194015 924172
892436 615117
200383 778387
494382 481827
296281 174162
600935 858977
541990 174077
569862 155573
856700 746184
359639 119783
782486 266597
268428 645248
669907 640718
546160 959523
137458 944942
686807 648769
236483 566259
221049 162210
689431 299822
921130 684875
437538 399346
987714 573397
729183 689061
911802 571663
808508 956797
371364 813699
255468 791476
601908 617965
271487 425384
395328 906520
710177 694741
324631 182861
170007 454592
133448 170851
338758 594583
577769 957510
322669 426355
858502 822510
864529 699917
718019 554607
914713 756571
470086 478547
965531 985652
858800 530961
971417 598417
851954 726980
870793 719763
325810 586327
219795 830315
535825 180510
688001 853420
689787 857306
477261 609934
160912 856789
876639 662812
483788 829279
787307 745703
871104 451598
169956 994692
518350 930650
901970 379948
668259 686039
464216 125198
969995 730453
426854 924446
849045 118326
720298 486418
688002 734682
136949 258132
763955 887960
663577 640701
318946 733529
147859 992001
714061 520938
186903 981234
912558 210410
605559 372054
128043 580129
165540 859144
999794 814611
146142 875322
526437 786860
721159 400064
640047 503186
635518 225590
158620 894784
241574 541128
131024 858176
986888 873727
700759 183685
215027 766231
282812 464584
711212 772865
835522 763989
294851 154316
398030 304222
267858 998073
902867 870759
713725 557898
898757 857483
588519 643080
309911 863463
533296 347545
568964 601309
396405 149669
457566 673612
600330 494321
845302 319984
106799 731242
749044 438002
100182 632668
597060 246868
483011 352570
200635 859034
483856 399778
223192 219686
555412 576237
235854 505080
294738 299496
468782 690639
225984 972387
193486 777379
349401 166926
626408 827475
935619 208058
522975 915395
884303 729411
624695 246551
625082 145750
221376 152380
689068 114161
583311 532934
234836 419086
763696 544183
203831 859034
588708 859862
159870 834979
720451 153535
753622 393583
755300 774099
494930 193600
886705 854254
940551 947601
853181 669820
100215 832268
276454 577099
805334 555927
938290 725526
828371 467893
303353 909855
106705 305043
113513 216042
920723 786155
877941 333166
648886 723997
956556 714878
985757 726985
530431 867445
240268 788107
786456 795144
894376 683575
254628 228800
223161 724035
870248 277276
122136 577446
911151 191410
645539 427558
951340 432554
202713 980802
999943 721884
636165 367505
137836 903306
348220 353394
471891 930782
741802 409651
304738 215409
593126 875237
300008 652601
383278 777247
114630 562439
325790 833288
652764 550234
942670 843751
184444 928011
825115 388916
949657 935740
283711 647999
292552 243221
764904 609141
271195 743320
308132 648362
258614 158548
320921 585559
812542 423301
697225 730850
222611 616809
973736 882508
928190 363935
515674 853532
728376 960481
756360 334962
490798 574549
694383 156916
272809 808361
585990 886734
330630 266603
920648 327297
235736 941372
338608 957042
114411 965337
706220 496316
492268 323839
257178 779608
191495 974667
845633 200788
252946 986155
405503 755794
844365 900597
523021 614471
604667 452388
379689 988609
599806 868841
399931 937985
753704 377763
662239 111470
780305 289008
398437 242235
758485 289017
329384 984306
563777 646429
342493 576917
827695 975101
199865 455683
314154 864125
163169 515761
957226 684660
595124 567268
946500 428485
307195 742726
681633 412328
453053 556576
420752 724293
455297 696330
756313 649972
693300 233022
128764 865882
374299 502801
414583 995013
481171 750708
388593 105117
508252 812039
446020 833875
181632 775919
197773 340506
510827 242542
316604 620274
816241 345533
213185 755992
317340 257413
402308 820765
951800 776270
115291 706387
273551 115022
558019 423906
330891 440243
191642 413930
966941 334878
855060 346900
941237 310518
787889 784983
971450 809394
283839 619910
790754 210141
964422 263476
748083 454251
458637 468769
764738 654767
555395 238597
402508 564154
481138 170564
828431 466968
542610 157636
291009 605198
450771 332115
763792 725809
275427 623988
496090 310485
508642 326273
876408 558687
486908 348389
581259 373840
150291 597684
162113 133453
384247 750384
599805 154182
746460 112825
888436 881669
189607 794067
592534 507112
307583 238944
989513 313934
232316 635705
560449 315162
615834 124683
603604 925432
912191 887574
745247 610796
520484 546416
416825 392414
701458 304470
760490 633955
852484 248149
384169 421840
268347 227726
812746 928095
115298 543831
973483 314467
657665 503313
694103 792442
439775 923858
251058 938536
886504 473650
823855 777769
345310 682273
641141 665199
530529 874731
190572 256130
550186 342377
938967 710550
603384 449129
938793 633132
291196 298747
906393 521885
479368 910946
248559 980526
910576 597010
678962 586057
895393 502319
918692 976186
492798 835812
799495 235826
168086 202839
473791 616491
907317 708153
240757 729141
359240 934799
129105 869172
333381 114219
508826 670928
889520 671208
657203 693060
327662 284612
551436 864279
350035 375113
748734 958374
359882 241946
184338 782738
108872 582584
229069 950942
504867 782086
946913 737188
776237 855409
718631 166464
447969 366498
574953 761176
640213 232249
302180 603259
219364 164048
912034 546305
933767 643303
487706 500776
417012 260657
633053 691389
319513 436954
295271 307515
605592 573260
906356 590216
746970 705592
213455 230238
267723 724176
102577 257564
675657 896945
921402 594331
869834 937682
674827 611070
294276 111139
263643 497159
105230 770429
356143 739981
561246 105491
232857 530553
961469 158185
100479 992763
486035 672230
390711 144835
972988 913049
600232 170488
705894 363120
920353 378287
987183 180893
619109 848788
435926 817863
771653 594072
454881 212345
195260 990578
240687 865955
483008 718617
708425 167183
855680 257602
665842 526944
913200 787336
334322 167409
485936 915687
111228 622348
858101 601656
892679 457938
693714 159691
723619 420125
129553 392570
762203 525854
410730 633846
767034 755795
650314 856486
512486 958745
628287 784215
439784 560839
932774 424838
329506 621840
249811 170753
356872 194779
747046 910487
195290 546465
878375 483586
862791 875360
834326 615455
330458 737409
146947 230762
386173 931292
780220 462504
908333 837728
885313 852068
888057 858558
961927 925655
240496 408432
210221 978119
777085 950486
903591 427629
272986 322409
299599 734808
829840 785603
436162 106782
994417 376250
813326 771033
624329 312017
257161 662549
407743 815822
747443 436183
718963 846935
304210 796764
552546 209223
214504 559191
545603 316828
222087 392845
296544 552427
689392 958247
104258 249871
249054 565724
655142 590378
383535 183880
255465 170741
853577 476792
411803 352432
442622 291363
233122 619827
421806 158482
918878 245845
861333 506676
357705 967600
601895 151653
561208 234928
740736 988941
393590 105947
784032 850474
520419 285564
270057 569717
983460 748539
166109 515202
237184 673013
553258 390206
867353 917064
332277 883976
649595 723555
196881 489597
950069 838555
565874 829608
969361 697510
610654 151554
786885 678202
211136 388457
925182 700706
800842 751229
106340 743725
274793 607210
455657 234405
399345 721501
255232 821282
335108 312285
550787 394222
308766 370879
734489 343620
611290 256760
586250 963846
448802 427155
467626 719036
137902 550630
114096 978932
387053 664991
603974 664680
909824 995503
168040 701171
243752 247287
451374 771739
504580 468575
296957 803395
197697 770375
549377 321869
681043 127755
825460 368963
118074 786746
252949 765855
901982 520015
255548 590363
132741 422486
689109 172866
465397 101697
918430 413102
267865 414516
258417 400917
513198 856490
777089 389837
277256 912878
360886 637193
110067 271877
590730 976421
614397 953330
340519 388550
197954 531650
631314 367824
360746 605394
977068 846956
472561 994832
420087 457671
345062 623949
761885 493505
602441 662533
115320 594211
705403 533570
681370 174684
493633 166146
602812 323549
746849 697968
477507 323546
842176 681987
234144 489917
805832 605555
678346 234336
408806 697725
691522 357621
795224 252997
590160 157553
406017 559085
225105 612069
881348 265829
692569 216475
421559 713525
125543 145140
615069 816579
927900 554283
618529 905038
903421 676356
812911 305369
305084 322418
933164 487198
168842 965048
831844 244528
707375 256342
860700 201277
395671 244555
885531 572979
324209 274670
144464 614436
387773 165352
127397 164182
738065 988582
932043 382866
571438 633671
171758 361609
976851 598010
800376 344742
411279 331800
287056 614874
812521 281220
975108 430627
400090 498888

1000
214280 116644
862854 788503
216598 761844
184010 679767
986043 119668
713044 521454
546380 817995
869754 754570
778969 245848
120025 733560
302111 832116
693802 397508
549867 203129
529444 548811
256536 894912
417409 767123
434588 404368
571894 971803
936914 859310
390455 607126
358775 572738
699628 333946
707105 406338
643533 247938
322662 829112
506255 442677
736714 155629
201221 639975
842336 746930
184189 171285
157362 309152
899473 346728
542825 919581
128998 304360
726376 767952
654380 942554
791860 342747
414276 934801
532699 330789
172919 614437
740901 221010
768707 301917
981442 732411
951492 496739
236267 449382
287233 652313
381395 687129
265430 823307
603630 734674
862034 462506
805108 891564
705562 890926
497978 775138
550090 715484
625415 134609
439010 334461
626684 152114
959137 890124
759560 383189
370774 950275
430507 946713
777065 810891
438541 573274
388608 411691
496771 620284
747732 827905
306871 910886
679688 163969
655798 781647
547166 564847
695750 586352
587541 731002
316578 872159
381105 193241
362982 945102
611550 815068
619242 355987
771866 575184
873913 978223
524441 902899
131830 835845
136234 608253
834000 369226
529949 839036
112734 390187
259105 442801
786864 612232
854646 211176
642752 845028
891392 746757
442468 516558
269336 756248
315492 992962
805021 381343
656663 805095
133992 128685
432111 490760
269074 157437
682758 423478
294114 857760
518903 557174
404328 583470
556329 716190
670661 131027
923607 462389
587023 845810
332924 849008
507980 715905
647517 196640
491864 565222
526028 747850
389886 357754
942453 395085
499008 697968
925866 455272
843963 548048
233214 178307
140295 910371
277969 185169
760882 177301
454240 506128
520284 421457
309882 641963
356135 703749
412404 955081
285300 449079
500637 221048
475153 201993
505022 866310
485578 760507
720497 702038
528788 127347
747225 390941
350291 847725
154801 665848
761177 263684
561444 567860
943279 990623
490657 419685
847784 322606
787814 358701
791177 259756
660375 181184
704832 223421
272379 382247
891070 554489
868864 567536
676574 494755
456404 929777
743632 854688
123961 569447
786073 460649
117531 412752
543797 261675
767030 241818
720835 303260
842990 478126
214420 967753
847611 570574
528614 201079
403970 216400
161241 353643
634998 506793
141630 812669
734113 926957
461050 975300
389768 951171
508763 901560
391346 298923
191084 336410
838377 555698
723402 739073
179728 161107
687782 487975
112076 568124
605206 528778
607865 310975
985253 818834
890865 775930
389872 432620
208506 268153
571424 996421
819865 568978
453123 925209
622943 953519
296922 267205
939479 886973
256139 709539
869754 411400
610367 524976
684649 561423
668440 236234
493947 765698
902262 676967
207117 517844
259931 326597
103329 430676
716146 920511
643616 929022
867776 385615
213897 547903
903595 615864
555281 605532
414943 710918
617775 269232
976812 949396
666517 229653
371174 802164
499785 504721
782486 642009
858684 285619
355457 686813
676607 724805
265688 288463
367720 257509
582315 951986
399061 203132
759382 461486
214851 103311
713307 670915
444222 973177
151589 792875
528014 789036
371200 507151
182592 989513
754598 763176
225970 781879
561812 138577
132991 921591
128323 471661
823230 822175
351062 530588
756233 223666
425431 428369
678814 175327
621010 810349
254447 973986
726593 684613
733085 348040
735934 836971
210562 822901
376762 319967
737702 817982
812079 765083
154462 637765
510769 800210
497968 524855
103830 364518
879766 249028
986554 681633
255914 564086
665385 581474
917795 687136
994515 261835
960246 526006
472823 674227
768699 708077
763233 355522
266317 871533
213314 310834
681919 115186
251201 307141
724605 715255
640099 644831
458221 363360
957628 950894
254225 790967
460009 653749
886476 179441
296693 611772
600864 106062
210343 963813
303371 658861
902473 786349
604622 282991
924863 381406
161163 417869
323766 544662
479693 848799
597026 163845
398036 198414
942689 976704
188735 915750
452348 469827
807868 693403
949738 101714
541417 596296
462564 215028
209175 196491
599111 556901
732862 219128
873776 141323
811951 869055
368766 351063
326638 162021
657597 398310
978591 617651
305592 484937
741975 633682
468366 234393
223020 399830
152028 840002
443111 506621
966221 227090
699745 817283
963746 214475
675940 204778
360341 820687
782141 914067
849950 101084
878599 112325
664625 469296
383795 783472
985355 561403
809719 795266
831277 903371
379787 256371
388494 588977
610127 135654
327341 308465
974950 551676
459595 910819
870759 144915
279789 914402
104132 623849
840982 418492
887133 761863
262525 476497
193885 821983
151465 146374
485495 869990
573880 701694
519910 463495
852447 471321
201128 623470
403635 587405
829399 862353
751862 509779
652614 818537
631535 163866
430580 515706
470535 964777
521529 594826
392199 725163
541563 740155
233321 110631
937258 257891
173831 464282
756807 674747
844190 208829
860497 738518
418040 992145
444600 784521
720023 889949
142965 542032
831543 385508
755337 961050
624891 779401
223823 763872
645218 487867
549707 426505
692256 865059
229656 892050
226889 752223
291866 353304
776689 799338
221239 698948
189912 690941
192010 182161
759435 834238
921723 334370
371217 326372
245555 939518
487439 455093
339161 369410
681548 580229
230544 626893
705827 478692
314830 259298
820051 991578
383502 595325
654676 851004
457205 464740
915361 781666
562357 384828
921410 853561
204198 997040
846368 448766
975005 844372
232509 324851
391992 196398
604178 790167
295140 444834
545559 141763
600880 118512
688226 113919
764089 488525
401220 538793
155739 972806
197334 983655
871114 820977
638815 734543
380460 398855
160125 527135
710621 157821
133910 475580
546675 759333
552877 379418
906840 390866
425811 308460
270297 990176
314067 685140
559484 239448
954320 307650
129445 547114
190447 528933
740109 755650
354395 815116
221935 270226
738275 126635
226932 132972
751318 612946
298535 613768
857058 401504
282268 845334
549242 599092
866319 323069
455409 566547
737007 886996
797514 243111
629546 899531
546879 143885
717206 907693
894646 726091
299473 936213
878106 661996
908076 949185
804958 607341
127065 998399
697300 226472
282522 747998
496284 104270
956371 226324
449046 191532
948234 789358
283203 515999
194262 100873
294268 520277
336772 849562
464742 401318
541314 523773
106297 374207
231980 864385
678281 394398
572268 534160
724956 826090
220763 627663
256771 453625
374381 638561
854227 768556
692075 620716
274996 816672
532865 895498
843731 151516
497165 800095
845171 826471
348399 950948
955790 272278
486689 708003
645671 589826
902022 524198
768187 206306
217145 375786
717642 815918
358003 106089
237774 385987
277391 218039
536688 101947
986744 320817
379505 341729
369108 332663
887079 729475
901227 332296
913624 908763
295830 948628
732739 651523
395810 817786
975042 489259
171265 491323
314262 262502
356255 591725
466224 500004
848247 683360
564285 677631
980234 639107
405676 114062
753652 760276
287160 648622
647483 219768
909029 919375
772786 977467
684350 727148
428752 967913
111130 236297
345090 320192
238975 257892
607030 819942
232491 360928
421524 669847
432578 256343
695360 102737
494991 550567
345867 560558
713933 993281
845664 807208
843056 987472
164509 608880
970042 442151
566987 418361
134163 516241
903249 597564
774485 420654
649021 244245
356750 529141
309554 688722
571390 196056
542800 769128
493243 378991
167314 700712
784822 330469
328510 472183
364847 146076
310386 719895
102693 965007
421984 237656
518856 261252
521861 315007
105765 891460
668069 578400
312897 636015
878637 269349
624403 394700
412087 279411
792478 776226
677484 884698
971708 533458
877973 437611
951285 772903
803497 140690
360804 987740
746539 991927
175390 893859
364408 865145
376847 442785
578222 429953
786075 728288
264063 633240
128689 216845
412745 338250
367518 462192
947838 289170
520322 583896
586431 290232
390279 337114
685535 439876
772989 196616
478351 161993
714040 154335
583050 411291
523154 497124
930718 241380
231575 211246
611903 721112
142067 805729
720724 118505
429128 809954
811870 103545
976687 665899
508055 559767
946442 573117
364454 117040
616100 239669
112816 902230
518053 136441
735765 370221
797425 712520
863420 279255
289126 991462
130648 292496
730247 676067
321561 711197
773936 947556
650367 325445
913375 878734
910880 643468
470638 919202
866314 784575
933425 414816
900079 803371
153169 649108
203902 576099
437565 186749
386798 405777
641133 218040
643764 251260
785121 566218
746469 388784
962654 583455
558875 612458
359633 819030
390826 994226
104917 214277
188182 897317
859347 727144
521979 679081
996588 775774
745508 961957
646640 910926
629155 343320
195764 290429
540506 895520
650772 353770
562061 273239
983354 910828
579919 844717
894826 726819
900335 828780
467280 801930
786352 551329
257026 145894
609753 344650
313794 151848
721753 652391
212080 193808
523144 779343
543164 264050
513368 128735
735181 197027
203736 884461
377633 887473
766507 349484
286935 869299
678098 247118
344489 690139
647871 490074
973652 855576
605588 646235
707074 565063
804570 212786
800454 695135
771297 979810
901127 370716
299497 655802
246927 433239
116282 962651
311030 811279
587296 835921
924517 949587
742476 927353
429182 292201
720845 430308
375025 519150
869181 511098
157264 572964
440793 269695
712601 385623
659251 137589
946418 258002
756977 731373
902783 571300
422912 517699
724434 515358
436263 567332
216952 230742
482761 687701
736597 557975
776173 776179
716589 685990
697200 645872
176939 524388
712498 878833
449652 492830
894539 632386
457995 171978
723087 888751
840301 291279
919403 604346
997511 242924
209358 734017
936996 744800
801644 930932
296564 961554
445326 926865
216780 853421
751687 524163
375922 913568
613384 780071
404393 819218
293462 728199
514482 654399
309896 727445
676300 427671
119642 403194
552646 381431
860250 968799
303155 652099
535893 744934
287177 886943
556052 868158
699044 286163
458974 974469
549236 534000
303657 993333
265084 740575
145401 798732
905256 386448
242978 949727
909694 786562
592680 786498
553154 376366
980332 356476
470281 150705
715730 194916
769589 878417
820023 415342
868697 125637
935202 967446
868898 272691
655819 947978
419865 758834
978227 446365
778568 759076
992155 749683
880425 750511
781303 156900
586215 351810
783630 912691
462761 178918
907533 471205
771120 652930
503205 270853
781076 700357
391435 874134
546535 234171
294473 717217
817924 848943
626239 378601
367264 368340
144664 860321
267134 723638
549345 774081
914054 215522
816776 750865
110053 547767
684438 994299
325158 250950
485086 941966
460427 238995
429373 613872
673964 955326
275492 348516
344953 462819
965844 506298
219068 477422
951079 875056
982066 443984
591939 115662
955153 499947
699264 993499
997326 917513
707575 597503
215157 411858
342223 344335
972722 298114
670388 455750
770115 386426
149069 896641
317257 243078
641527 844048
408892 973931
442941 425751
203795 754982
357350 118115
450818 543773
130681 452806
820158 700424
722626 438161
366562 883834
483093 708701
410920 490299
898753 915354
100109 672313
291134 568378
379453 127221
880168 762683
765439 615850
111806 304270
907028 473668
805377 930870
268042 581879
751369 531227
867431 455929
159517 899605
664686 311193
856556 532794
170744 983463
230673 924080
273144 365207
832215 672444
788273 807629
315420 743717
698664 124371
336386 668358
415872 226270
572946 159541
902145 369219
998744 304288
690185 281516
845356 288454
544265 720320
236623 772772
483388 431040
284046 463215
967207 879870
203952 521879
412360 188354
388479 130926
612797 766542
488776 417383
128065 897266
624426 164348
785211 901710
752492 377680
820934 890180
619642 905586
609775 463683
932157 894410
195807 539545
811211 921510
142321 966389
173002 189051
659017 444510
314870 339229
812015 161760
349985 275000
811022 815160
525418 560447
441204 815881
602118 913462
972437 748358
842262 958379
408190 336436
598741 648864
471512 388148
955250 368990
631081 347949
471134 293750
939456 704604
337260 495985
747452 590615
101167 817710
472937 754827
724231 951334
302606 132868
159367 118282
218682 577107
470985 849986
975810 776656
926285 989972
820609 139057
710316 880706
707493 942868
387201 265183
855634 677245
574624 447129
557060 400088
583843 811699
548638 679600
116933 693317
943528 826860
609403 909048
393923 344579
248789 831996
901747 438570
149973 828947
489984 277710
811544 438343
628398 631108
618221 409595
108809 876042
575231 526360
362065 318740
727364 265372
383206 805987
395855 175108
847531 111522
196926 648107
313055 652580
678405 760772
153616 525018
637883 302673
532238 970145
850781 213365
670172 698132
139558 285579
294804 891652
505915 682784
237378 609973
391100 155429
528123 212035
856951 868210
572311 562089
411098 596587
850497 439699
962550 759390
463651 666536
433967 840764
450541 554437
386066 987390
368284 723762
514755 573730
512927 485770
155505 923633
670435 506879
739453 103395
851556 168538
310608 351635
393873 706103
452178 553661
721154 548624
618460 625109
121248 467868
592182 631175
960863 650216
293506 786579
819644 388121
717343 464340
353903 201720
642713 738065
792244 891798
616759 394833
565927 937862
986900 623864
600971 135151
836573 764719
813902 163447
458477 248390
585407 421299
257617 616928
707837 203527
148911 750070
274365 883108
477778 563911
730910 173536
366578 434767
599487 837297
369761 326548
144328 731538
863003 793864
705985 264797
894631 668802
807954 808273
188622 206700
145602 171801
801874 218816
523469 966849
241996 950168
811586 404208
167399 428170
820555 124746
175526 432071
961825 646273
741371 120458
396567 300894
442109 911055
438251 837871
345470 737928
378703 665150
284306 415558
483595 597385
145105 771822
566043 954152
641205 941993
686425 417456
891586 105150
698409 790173
575616 272841
150391 427762
814860 748754
298460 328860
471305 743001
687642 637701
602171 907420
513300 787973
158673 766763
181014 501651
742238 347726
693550 362646
638383 446353
154768 696090

1000
565634 886765
349342 825566
734836 204052
733419 107165
198883 579158
551499 940234
145438 730049
298879 621372
222085 849804
193709 822794
852198 895499
138273 318567
336180 672490
918928 841584
834238 814096
849444 391626
901883 410828
793503 140081
103048 856269
407180 211708
394591 287055
727752 244684
623963 222394
722699 439950
839829 727419
767086 598782
537036 788531
200037 471315
636345 171380
633814 256016
850698 409503
841384 530326
794352 775150
224968 929994
147583 533446
962239 677629
169516 609496
521523 380740
270939 988701
105061 841464
729572 787373
618374 274896
602702 516376
801056 856057
425702 673407
648586 500544
545576 506912
156464 707043
521424 742674
732957 895710
936355 379347
845102 622627
343177 106553
723904 999929
653430 465960
401002 187234
364532 205292
663206 224749
393882 745854
653952 829740
131043 534588
247459 671590
811488 100356
936556 115986
679925 571328
717155 484548
380981 409787
569473 345575
291904 176100
755955 509814
465137 527616
274933 130491
890117 520403
111916 683651
711406 180300
182438 347836
147714 636144
184316 704348
687300 935398
388908 144220
631063 797898
984630 966922
171419 110663
339507 586208
902676 340663
329386 666663
329460 119082
742323 419772
653854 530249
581431 118069
765743 429964
802331 313136
310549 523569
775759 507344
681094 112889
575600 508926
583740 764554
310589 294012
935504 156753
265291 395275
511722 657289
175392 137178
547585 888029
483664 360406
165955 272129
104333 177162
135403 132673
809390 745050
312426 288588
246195 526472
871005 284164
709370 653800
209013 941988
239742 413191
496332 261321
633358 637709
453723 725587
852113 634428
317446 315460
536140 871619
468150 294157
965381 936134
211124 199945
675476 197012
162730 701692
470571 193185
392209 538996
782304 287093
575307 133535
543954 399577
742630 967312
463619 358314
379732 732909
732329 951958
251214 691328
719657 914128
840319 117516
502758 184636
615318 857436
589768 259762
216564 946585
483469 622053
422231 822657
429804 532006
402233 386351
912885 289584
730927 751951
673992 558249
345512 806926
228089 406819
587255 971450
249029 238749
954149 204928
392361 183760
468467 466822
829275 552581
410802 108421
609120 246191
377316 738712
443644 179502
885899 376573
103924 365658
674970 844889
629361 862374
965661 259634
228367 157914
849927 499823
842987 603169
506565 439775
755697 530821
214451 365571
147825 407397
958084 336074
734855 857869
539539 161813
828706 336969
207283 872579
511966 288003
220599 994981
241933 719307
322958 143375
429979 138704
187995 945812
471378 115015
276912 538436
593812 653127
599320 632290
269658 367682
755820 911934
473222 222600
341298 916557
690288 842901
711556 894012
705329 735413
603228 713164
540440 629473
804702 386906
585883 630937
235442 102633
875170 269870
242756 951106
246328 419153
488515 506251
476318 568345
504319 640650
164232 485823
152603 868064
677605 971824
340244 573185
172683 497134
115906 871046
871401 527631
900158 427421
518990 277281
277656 155319
578239 453107
698777 839418
546308 204860
164500 613785
726426 653371
512625 658401
972098 555360
166009 950642
753294 502831
188444 774566
123661 336268
539131 246701
374571 504480
266806 796181
167973 745959
988363 286542
886858 637258
477481 401021
371256 278763
543161 911548
985816 207494
376156 841568
826849 183801
173752 925512
427686 604962
710040 434047
884926 425586
358292 260102
734965 499552
616784 746723
870229 221711
174447 257199
323089 617867
895958 826413
958798 912670
668268 495393
801301 698098
823521 718243
164011 235141
622514 474374
296460 197575
881354 737276
440541 139791
328290 538765
843812 816590
167142 867643
492628 446624
633902 789171
403232 185750
303292 477273
254993 152521
191502 307185
482631 196157
462997 240526
875818 295384
750349 443293
779963 518233
960487 287227
872194 768279
111167 885427
557847 522975
658247 893807
298548 718163
672739 720284
698210 930102
363045 106455
457588 140553
566633 904452
401292 450457
293061 793397
399874 184524
614776 699595
870104 175906
959775 653364
465566 740787
494035 699381
781287 314575
908690 129368
848143 812690
579744 202286
651286 520047
393390 803255
944281 351320
213608 580813
776322 196847
319252 819207
865537 726499
698663 790682
294456 881156
122876 927001
518040 567847
639614 462517
150573 205482
860881 819372
103571 189248
106190 122769
369957 163032
935178 703005
884771 514691
507608 274699
840861 853045
678756 910591
622908 705361
288705 488138
845660 497559
925236 799609
703102 385546
769622 540611
156758 146389
748323 577168
706097 141130
161507 979327
785815 421289
182489 757559
378490 558500
648364 182429
987276 556289
865043 677097
939409 132434
691817 953886
705459 206863
596882 605563
729138 109991
545160 666002
374971 336216
284151 257864
630670 563895
974465 752534
458846 201690
951556 286485
275541 736111
222167 340478
873795 409616
156670 234635
224869 635745
198895 884140
161752 223266
392378 137403
671461 513831
913282 265858
994660 763504
796888 558002
221765 925968
137959 394837
881090 172564
938099 397260
690325 313299
710220 476492
991372 919148
316207 271521
914905 666239
277018 268253
854410 154110
276783 686906
437047 954994
313060 622919
914403 159928
539338 742416
432553 330641
869387 186949
522321 406491
699922 335399
111643 706476
844155 709202
288688 780935
522125 916697
855065 216911
890476 293262
868081 151739
246165 213381
616051 262514
156018 556201
868117 351722
564840 524527
623209 826508
745773 127997
906111 361905
902952 785858
972400 860957
611913 943941
864430 145335
792327 694625
207581 706057
728146 506044
290114 238175
676078 804364
798381 242038
434291 737254
164975 547675
731446 978714
727673 351816
940313 240331
766586 602145
361445 736276
879468 777613
151802 438896
862171 766146
444895 465197
547619 348595
324585 516166
145489 687919
486477 298465
629649 479871
907440 648397
878148 600472
733628 703590
336418 442314
430805 581592
133081 233661
164399 165816
843707 598491
154505 673108
508790 371864
372026 415144
685491 372967
547300 148919
768103 751024
265683 578379
914390 791507
265034 651798
828267 995474
429395 114980
886593 551604
627296 436072
303832 926170
630626 226606
406592 598691
729338 294546
292472 437748
230373 604665
375776 198454
385457 544485
783930 801113
673541 983927
559666 970428
667917 683735
808221 593037
851260 904533
565570 740333
544645 316241
663474 718247
621256 440693
430596 662804
430798 410010
231874 352145
795609 252795
781623 905548
864195 287872
399204 650903
277632 770511
299947 686395
465307 946489
995508 739326
111162 355641
280571 485532
485313 738878
570521 450503
820072 408691
504061 180465
531036 580583
623784 942835
396911 681777
691450 951791
795213 996522
838135 298921
534645 244269
265462 801605
124659 681728
732649 618127
435584 297423
621503 793083
804550 265418
988361 669971
247396 532233
197463 933253
362512 691430
939620 174635
252942 523311
442225 404107
156963 489596
631058 246703
419689 964687
799668 286389
540081 478477
761988 858095
631118 647362
940749 478131
891203 329080
631944 232018
905192 553157
982183 165391
201588 534446
572574 761713
607143 658676
897926 174362
700088 908409
802349 740058
189355 705399
194049 201603
315516 383431
551242 818920
642761 856776
781921 997507
194147 339566
983945 957474
383686 614969
289464 997658
368142 828418
112060 162573
987627 596503
113212 437765
732862 598963
561613 910189
761755 226608
137770 156366
490859 557731
319445 124130
661198 121840
808037 660502
465127 224301
171372 183128
131620 253348
125391 388358
749735 350177
533122 795522
526408 480934
964960 822945
304806 475141
918798 145579
194712 975601
687248 109124
903974 337123
759000 624874
587213 187401
115788 364836
642006 983316
985936 414830
631468 833948
956038 527417
676781 432973
398289 732168
123048 885868
997900 907283
406091 288410
387293 466567
631902 849289
580235 894587
805934 620207
250954 627101
596569 585618
369038 255765
236091 456505
298881 688152
774667 586416
434765 726938
186880 326096
809067 777646
133893 200815
562743 432414
566694 227373
976261 392347
443174 258821
832944 100212
522695 190674
464650 967753
868671 751841
646427 474225
658598 945502
347956 872159
583640 111319
472472 483944
896181 570135
526475 699051
564755 479961
196691 518674
390697 797350
631073 478308
291979 923864
339278 616368
464354 873507
566772 957331
553792 896540
855961 353575
788628 510946
166559 953992
107800 772492
183068 851566
268027 445854
249305 626644
980521 925387
915670 240085
913987 807232
541383 980090
518272 167942
108801 582846
374268 397500
169841 611907
305083 841798
142094 752131
228644 205174
418764 409172
350976 953856
160472 894882
244373 473012
790735 550344
914501 757661
320923 927454
455684 359816
270476 790421
361131 681047
699043 797286
670510 694590
608210 552572
251926 936451
118826 639520
599193 554543
391570 406265
764790 175963
451328 245999
261058 335910
292818 368566
307267 847981
853937 815340
332448 618807
746978 302928
173749 793908
914834 972430
126509 414939
864114 558197
623307 173587
628446 899705
537887 853812
290793 960361
546593 499984
191049 176093
157019 987638
917693 103612
178824 850968
896243 831307
462539 852482
473080 240438
515183 616986
900768 742741
472659 218821
133653 308310
205072 924507
844989 190174
763377 680399
477679 608795
906531 788241
277688 537887
184455 225868
155522 828463
993793 201435
297911 322225
836939 764729
723100 461748
174512 827541
372553 762097
919013 960780
728491 815209
615677 580232
857792 140029
358739 541668
501326 664615
573577 631300
317468 841200
733161 729093
222353 310797
112060 991103
327392 628271
560941 148315
502605 960821
214559 908674
424845 957579
148652 162830
870701 144929
560129 456698
742274 444085
394172 953649
479274 675248
961120 400170
296801 634651
346844 902215
550146 848381
247598 274779
578410 559490
915134 553465
868626 135221
149162 571416
610413 797799
591004 937522
405663 572038
399677 300082
601794 623565
264194 819072
779457 206985
177395 335517
159236 743468
871786 321734
693763 426815
718588 573054
726374 789517
185045 363931
560498 495861
666175 935429
456348 915346
482566 986000
779467 731384
826375 782135
127414 216332
218855 380453
409805 648194
265559 548685
591947 555294
606762 387138
787390 114611
559196 822725
282146 221219
695276 350612
387251 508245
293156 785447
757145 463927
322872 511725
954472 646479
585868 662752
266837 949925
743152 966979
309980 482258
104181 276875
985767 916751
883225 525827
825846 682769
644353 457174
431751 463488
779436 366004
228544 894264
986072 902593
966061 823807
112132 671243
835632 762374
910152 885502
555942 677709
946001 710451
145464 713651
953148 436380
173335 652680
446783 565819
256834 141507
261090 550269
305674 879362
399285 304331
698647 975406
451324 465731
353998 728501
110753 755976
803673 736909
388814 490631
478127 763804
234577 575597
509791 653485
812563 333704
983534 385318
741863 261254
805025 303289
833696 195512
105413 902996
873935 981118
654938 785413
952118 374841
279120 681096
139959 381005
629843 678269
885432 660154
248864 285535
517078 886115
527046 454647
464449 387162
626631 404471
792308 155746
452299 746360
162094 669139
970472 359759
991669 380982
310534 993200
353407 162006
973269 431694
962938 119337
193328 289891
323257 150884
732501 419671
195139 735344
630585 216568
486328 513630
109515 567213
265814 937670
788553 176494
494441 416276
651559 154845
927755 824800
645983 392075
278541 731879
589028 745385
110223 389063
378563 188585
769403 783712
413390 755778
943672 703906
648351 188327
459880 842712
293131 366437
880908 964820
404039 203926
781839 424673
699359 206390
113582 643172
633432 600024
171153 880681
181265 919848
692539 976990
550334 795787
611009 564410
930236 552449
658687 262389
683935 162470
298328 709722
884249 906726
603259 545497
422144 392495
455839 922523
997647 139958
536201 609143
419229 102532
481938 321867
334476 182415
182810 151725
839829 622500
653421 405218
279226 817137
921161 726601
442239 625292
830661 407183
461581 954202
641280 504812
430035 659816
960934 512624
579264 214976
867964 241011
639199 491051
947429 547686
283994 447806
965430 611151
353989 937150
595159 635588
243770 107082
791525 807255
248050 728222
997673 191372
174353 676139
208973 182374
384130 944189
522898 901276
643692 332743
436787 919445
300824 369557
142982 512673
694645 763418
992031 193747
922937 161713
392863 147639
454868 769044
267911 877842
123620 480738
119252 372203
692034 878982
139840 736276
845410 119362
493821 502058
183052 914361
930865 274095
880247 976148
672143 964848
239983 351150
734790 715718
896943 369060
321761 233531
260336 769650
823063 651775
669059 625033
472642 194708
166081 185283
373950 288331
482414 611655
270282 334719
971397 435486
687771 248037
381822 689346
470786 400199
638868 950367
394201 935661
127485 503032
606433 371367
685550 814175
997727 381254
247330 640154
690066 473308
434318 264901
616953 433429
979025 362046
342451 694554
751270 407017
744331 860699
599564 518281
410575 768813
784561 104802
552041 115998
426286 407914
731815 764808
882583 921302
941309 617265
830854 600816
722954 661303
763380 720203
308784 955883
367519 715268
815787 747208
480380 328732
271525 679247
123185 844684
108583 816038
669770 224163
423120 928673
166060 679601
564536 393336
217023 829845
972466 922407
713298 586796
131096 328413
938802 449853
227913 471618
100786 942317
457967 523556
134849 792474
268158 204282
384592 349661
555162 287627
556022 662151
352182 925698
743939 180489
209553 780199
443927 592441
235039 592290
611688 521569
924632 935189
565105 878723
212622 561724
128443 358265
424047 784116
721939 595478
979987 941625
939179 732199
211977 602385
984288 831648
185358 549450
987641 836560
211030 919375
646491 712293
635087 944026
536168 137068
125823 444761
628298 997697
826130 519482
658225 292111
146792 192603
280960 696130
977758 683161
373345 209008
945736 335463
731937 805626
433946 445021
274110 271864
668143 282079
193759 671602
437917 871397
605872 860254

1000
936534 382047
464464 434839
123775 360702
885596 316532
346454 865809
307942 628111
100340 291680
260088 999026
284361 908102
179585 315286
657850 270091
905520 647195
434519 310094
793844 524381
956647 706212
137780 774148
139279 258281
489118 577368
242152 584617
838028 151334
396399 389220
508403 892000
483461 870732
786546 464674
707185 957279
973508 612044
562969 223351
337497 222116
490501 851468
457392 212138
109502 816061
582100 322218
695335 518183
830301 997707
853064 849139
229753 175754
952924 788967
845212 675507
462591 622923
417052 661000
153581 352317
342773 258319
426121 784551
723166 509336
897213 876575
194280 884859
714703 181229
233922 508299
706228 915933
915176 790351
646306 102935
562360 682603
683329 976878
943842 188481
524866 635115
638674 392202
220712 167408
980474 256886
136911 228994
150836 110191
784252 100788
499449 163999
325310 157230
328317 382249
124153 433658
670210 466101
859893 814280
734473 817553
457859 947809
902988 350364
510544 552359
840405 390110
306780 675416
412523 974529
335498 881706
303101 196712
850637 272668
610126 231076
991242 774665
800993 864879
927960 436127
897937 129597
811975 392160
121668 360966
620004 711428
312972 691604
216860 917208
420027 487388
706497 549008
813090 648017
114613 786889
179588 694149
181617 386447
152857 625229
281028 909587
472219 988299
510727 564104
111224 410780
170046 273665
543382 188498
225768 501203
535631 864237
302579 454870
233051 927911
237414 595349
610482 213397
860646 166384
389962 839701
748070 918571
881919 343506
452609 303165
249256 483713
671230 698768
936524 900543
165740 951497
929350 747578
722917 947017
579531 672536
949868 976894
497308 587097
723841 544209
800731 255303
521705 252235
495422 642701
783839 644491
141938 336981
870118 361700
868337 811162
795533 671296
684960 513800
868724 323341
336415 379910
573936 456891
452377 784830
137260 986597
999460 394548
980669 708968
604672 354858
354880 547328
221159 756321
204895 402370
978365 170170
732700 374687
333702 586185
599668 382655
345561 824631
473819 126157
459529 689428
641731 449400
330127 564658
109425 422764
538024 690949
558731 255215
844586 338106
914941 849807
458661 537870
857223 520777
130101 477647
443369 333378
957399 803534
922042 900525
630073 317745
766159 852873
918283 348139
901658 414367
524759 325488
796380 130165
309389 823516
800623 402495
903805 263936
888924 627848
449941 467510
191003 971914
357501 275957
880613 562243
713202 903309
211561 121547
504681 508430
997781 759815
675838 853456
918193 408921
417525 357696
476743 516111
241815 230739
850465 754242
106025 412790
986481 575478
319449 419719
891019 898038
532248 944354
635146 691620
869579 829563
673617 319777
886993 822479
464652 413096
597033 760871
941059 876480
509265 187895
118313 354667
222318 329666
552114 263271
547552 710508
173943 154036
387819 407570
310129 808401
202550 850915
383761 396429
113283 686315
572442 127177
518105 156137
943380 475234
303357 999032
293790 908688
880716 573887
989879 644771
492481 988042
238797 447310
163165 144946
868436 106589
325841 100861
235127 142013
577701 546674
782823 463289
140673 463841
122349 782704
483150 838950
992246 507612
867338 576107
930297 279137
265054 798955
854596 386390
414868 550692
990087 346363
346301 205317
143784 523064
228121 357672
994547 730166
799509 271440
254761 869596
177593 481291
548248 561902
844609 839333
294096 927406
632954 921732
909298 157013
517279 927154
317861 951248
776277 862862
630930 286115
125700 799372
686802 584690
716572 523549
732910 634832
736229 172431
860381 248967
358821 152333
689571 209908
218085 973740
197897 216034
845996 173520
418146 908579
559653 127153
116404 455640
287011 368826
930673 600088
870633 377126
691484 929419
753728 828270
398857 846346
470995 434177
912294 822535
365801 511095
198523 325809
218653 669020
680747 961286
977819 164566
506390 161856
223257 535763
740593 816022
275002 881507
620968 160544
572956 544282
935321 378492
253562 612893
416010 350642
978357 294751
432087 906176
956357 871042
805207 583156
252148 164218
905178 961955
844441 242364
414762 773659
312040 696197
788213 258069
188244 771943
483182 622523
168145 807769
825946 807434
982760 593650
764836 100145
542520 984210
722970 176083
116469 667312
771150 780369
624159 210331
887867 110896
263084 206547
315903 238966
222958 120902
823119 714482
499424 101542
784360 880445
624751 230347
967766 444327
508316 827204
811351 766278
986244 148893
833813 559114
948053 787489
530996 990609
444791 944692
949806 246660
610784 969896
596275 517848
959499 977122
976585 230316
796976 323954
608888 661332
360786 775161
517704 917411
193829 680445
970447 611586
784142 495381
467400 176924
539847 681909
582924 771458
746832 922629
456139 120008
938157 435920
771816 735447
485297 581263
305528 704163
988081 939569
127934 726985
762328 484567
471052 838136
550027 614206
847814 969970
126216 853799
488978 478428
974555 839077
506463 984075
242190 805888
630265 325961
826748 478993
541175 719675
544973 583827
443433 535158
114303 597255
300029 848372
965547 149250
351690 206835
233011 855444
649485 729919
129427 572917
964420 574347
372916 452877
176367 115208
452919 721937
186909 466759
745497 728473
442787 138461
196234 619524
758842 774893
212250 306576
470146 310741
597282 805974
661841 344051
420084 737688
210000 165632
500835 759980
366690 918751
927992 141137
751945 443536
147857 741411
105126 464894
784957 219230
256770 677647
774749 264293
671462 535379
719309 992812
648317 931185
386836 142827
973164 546935
257533 933719
555009 706347
160205 371587
122951 665533
578427 254161
670031 333828
535056 474839
921621 237454
665298 295402
330911 561488
763365 198412
349154 900056
739962 546038
179067 438854
695795 315187
852475 727134
696654 153692
767638 921550
876358 752686
827945 186918
561095 981126
760317 229008
755811 637871
426320 416346
405169 700489
816517 590885
164675 542627
391667 507811
791801 169037
649235 922373
384148 834898
948094 788334
444109 248272
671643 309762
646009 663808
948511 861334
370318 750099
234171 806848
788019 123109
855503 854519
335673 734246
453045 368583
712021 790060
386378 675288
147299 875528
578004 637560
401741 813199
192585 762107
385113 659164
514817 198251
741497 878287
523757 349097
603372 378496
355759 563430
196386 492699
832697 525848
988016 798247
689332 821525
221150 395358
621635 853123
148642 771227
371445 255872
660435 575831
871544 313570
407316 832261
838637 207645
984806 314803
446849 318947
828091 634561
662195 769475
130062 580256
164410 721926
164143 349839
516263 635539
528512 167696
892226 441961
782798 967227
394958 242476
177596 524805
270659 746681
419131 689627
689774 169001
679390 416048
450167 134075
879467 723402
270106 869227
258660 691372
992263 893744
636583 935052
642732 388467
155206 194185
784534 488023
413373 516717
732723 797668
241043 341148
183039 114915
693586 825730
229350 939230
380931 285958
760861 249050
758085 500143
666942 694750
109570 765375
434966 434889
637303 368195
381667 307598
756620 978842
870935 460631
967868 458826
392376 965779
168143 490609
405876 995304
847233 424223
615997 340870
729826 101461
234580 748366
787870 931121
779767 780494
261097 239524
796832 708219
153886 203402
849612 866915
972812 925030
293085 400074
179185 342178
571298 334133
433924 565450
471924 312493
536788 260481
741232 610101
807364 525279
351219 166371
265925 618380
819374 478843
212894 996913
314015 177146
704357 828870
651619 453969
392867 508082
148287 138466
856059 949529
168982 819529
422194 352607
304617 293137
461075 664840
947982 404262
445171 370802
643650 706902
921311 568519
317223 769214
626480 777484
102632 390337
177347 286354
832701 943318
825150 693138
746702 865798
510624 581548
942565 813051
992784 873524
537791 540796
777581 508214
664278 532668
325251 858323
554914 407696
520626 180063
663274 895116
322305 209989
481894 748616
901236 588132
163833 180204
924858 830226
553488 747244
113643 254183
216691 291988
326194 446928
391403 843449
408626 825984
224121 531631
426752 922528
233534 175815
320061 303705
551240 381052
321419 111112
229007 879695
961264 909145
515524 805618
299586 817227
904843 646210
506325 331156
464152 228042
350596 490282
431373 687026
970098 155419
501230 624999
750574 869705
534068 810253
479873 823300
471829 324629
644348 895908
213175 413626
687706 757849
767697 268728
902100 455652
175316 558553
544600 650717
382728 847087
506547 946564
956477 784016
859071 229903
140263 496900
627283 402706
858424 488828
184124 847954
983142 851156
926789 368562
380998 899245
313878 348229
770065 897342
477370 515887
912219 870756
906040 221036
981005 433673
893096 123364
984417 661731
739033 312927
956648 137027
109733 414585
357650 400717
411826 700652
847275 214945
624715 574001
412440 856078
793069 213871
554661 275923
131274 200844
294580 460166
270998 460368
666185 282995
230228 451106
334146 864717
260632 940947
506918 710996
874139 426697
190067 477296
194785 211712
628967 305641
741017 209259
206985 387311
796757 283437
667812 514039
150554 518170
269247 820241
117864 544454
275975 587548
631508 568569
351554 263630
475629 496425
399412 513222
276710 435540
480562 453168
480147 601887
201753 559142
411946 677691
349982 670657
712650 564583
970540 616807
821122 666855
741512 205052
106241 359607
483444 847193
848730 974207
183732 564365
196764 505389
406371 705155
737123 631805
184797 658166
780814 143446
438014 231785
566913 498676
650830 113656
912374 323779
238273 232167
973812 262512
859347 719508
965275 955688
296830 776077
435854 247748
918719 807077
384882 728465
807493 694122
526821 403996
957820 668213
844697 677194
692301 780188
297300 198654
101767 201584
413860 442027
742989 793969
635549 467181
696725 529157
145350 617754
937657 596010
959740 692146
787611 435672
390613 364633
381975 123804
973122 591093
953676 285395
203997 734442
233304 152840
378333 651435
279207 208484
238533 917491
270137 453655
382684 647031
237947 945351
929417 538612
530556 121073
697946 530419
644790 774238
907604 151180
424435 329248
395971 679851
380982 131066
744309 184387
881772 880733
434744 170224
652796 787045
665816 521418
940365 979059
327684 499677
555539 109110
982505 601331
516775 684674
880527 914936
860180 876610
156345 758367
137871 115183
142685 546881
656867 305856
504501 279192
486344 985026
651433 521471
464526 796252
253823 700506
839794 675938
162650 299863
747503 565874
134855 921249
726666 132622
194504 912691
124862 100529
358865 670313
366321 307626
406393 608593
125668 133712
512719 674290
487465 204500
720525 152141
239928 537713
496651 657583
623585 958481
313242 935087
845411 896072
900641 734118
691845 337516
889181 843068
338473 886700
662857 850306
342258 811849
596567 885142
420069 900220
986644 437230
208321 764995
437493 996035
441169 299993
876752 374704
517711 127053
569487 341598
299473 468527
796008 631886
254911 944892
142678 205026
496861 733038
852857 836250
961298 168599
738902 599072
280004 286812
329820 242595
875826 620482
802831 927052
919225 164114
889410 283301
817255 469833
935734 169167
921852 566030
435818 382190
303177 844179
351752 428403
374156 731763
718738 577851
525377 807132
792734 435380
181559 435522
446566 455670
228816 393295
631911 781439
609033 978157
819828 947191
343043 304854
399644 416426
269011 412576
874459 606686
353879 378612
545162 886350
683247 461591
379422 336398
596556 328331
879176 213403
261827 476143
359355 191653
703399 143929
632943 190929
605078 861216
585061 622069
113531 675349
331059 429760
821373 800014
713767 379356
118846 200011
187027 385084
233122 813054
253267 722666
742047 334167
671228 249391
281515 949471
519372 223686
572977 261949
287478 230369
647670 328106
646905 180745
676399 338561
574903 137655
173883 809936
864913 883756
746122 882078
522316 234647
992203 488122
165850 874632
891642 789061
978600 215419
603726 778485
736487 206482
199045 964316
564448 299780
775036 376055
613232 901361
409512 677433
867546 524589
883319 645451
168470 441904
480329 672230
270359 953475
336381 172891
109553 714488
721181 308634
907281 926567
745348 268694
723955 323593
349939 661902
158241 458202
408520 392697
811710 896680
374134 305552
402502 244656
578258 991999
814842 322767
678363 733023
707815 198032
424787 572014
588550 269908
847036 983051
875049 600096
476493 337862
994732 728787
289140 655109
546088 497643
899347 942921
147886 322545
541981 880574
950379 533617
690855 915479
964937 556523
133987 149067
813515 394888
748789 911003
484368 755834
449065 381783
820649 148436
172617 168593
831617 471078
295522 767784
763762 836184
606098 885054
453923 426104
258156 611364
862177 745622
998947 389039
587394 167082
636267 607663
907069 836271
444670 677956
250320 780995
227006 783784
741484 275340
428083 243095
271690 984042
329404 673950
971660 923092
298025 914993
867491 710345
922281 570309
933116 906393
786966 804005
958126 313660
140213 781842
615688 487732
487055 224652
856135 138488
635749 902177
780138 969884
680886 784116
371909 136889
254435 836289
562122 691780
609048 842882
440357 701642
120913 775688
116853 173682
379006 296877
548689 420189
664893 989248
995752 538565
348369 213640
539125 529145
788117 834098
431056 721369
802186 192445
565755 458735
136510 110176
549283 344974
842523 255792
832324 338094
935928 524052
775585 127839
295653 988229
648540 146358
476201 449666
745436 380717
417337 537895
895742 207267
219784 658460
189234 482222
822299 883569
106306 734052
460342 535568
499945 110832
570967 135096
451019 399365
537616 669941
726841 363471
357706 936844
853740 493129
919310 600356
246507 336686
691924 569966
832747 278112
392237 265032
153780 428473
903404 801513
601515 356966
114806 170203
828293 206891
576982 488901
915022 295129
912681 313016
641180 252451
384953 721144
698673 602478
341544 211882
924675 491553
364037 569960
464439 612390
427267 934598
884775 583981
564925 360117
622982 169197
979024 631057
541456 542756
453080 846943
417591 615386
435828 682545
538934 589529
258342 789027
444921 212177
