19

45 60 100
9 514 0
11 247 1
54 781 7
23 229 8
17 397 13
28 613 14
0 146 15
37 870 17
45 152 18
47 608 22
54 476 28
1 93 31
56 903 34
1 873 39
0 467 40
31 978 42
24 646 43
39 226 44
2 231 45
31 49 46
17 944 51
7 495 53
27 673 54
25 688 54
38 687 58
35 944 61
54 588 63
22 79 63
4 269 65
21 98 66
2 448 68
60 66 70
34 166 77
58 933 78
34 331 81
35 44 81
32 553 90
6 706 94
41 485 95
26 881 95
58 25 97
50 485 97
22 683 98
14 648 100
8 927 100

42 56 93
42 67 1
45 119 4
46 748 9
26 482 9
21 672 10
38 623 11
49 354 21
5 973 29
44 352 29
51 701 30
28 578 31
16 333 36
49 100 37
11 542 37
16 399 39
1 960 39
44 481 41
8 715 41
50 905 45
6 276 45
46 863 53
16 116 54
21 128 56
28 664 58
10 735 62
1 720 63
52 69 65
36 137 65
19 146 66
26 667 68
38 221 69
16 454 70
8 437 71
31 721 75
32 197 77
2 810 77
7 108 79
16 21 79
42 598 80
32 861 81
31 508 83
34 957 93

62 40 95
33 329 3
13 503 5
10 57 6
20 184 6
7 705 8
37 818 9
19 42 9
22 545 10
11 674 12
20 898 13
11 187 13
31 706 14
31 806 21
2 813 21
3 103 23
12 625 23
34 75 26
35 478 27
2 599 30
18 583 30
36 353 30
9 810 31
26 739 34
10 835 34
9 229 35
34 187 37
37 697 39
7 143 44
20 872 46
37 37 47
3 231 49
38 207 53
15 87 55
26 480 55
14 839 56
19 516 56
17 206 56
4 516 58
32 109 60
1 295 60
38 935 60
35 435 63
22 491 65
9 472 66
25 213 66
34 371 66
16 243 69
15 336 74
0 129 75
7 865 76
24 936 80
29 105 82
3 927 82
37 675 82
20 205 83
17 902 83
0 361 88
15 342 93
11 854 93
8 48 93
7 730 94
14 585 95

52 77 98
58 238 3
9 336 5
5 820 6
34 482 8
33 763 8
18 954 10
11 307 13
74 687 15
18 719 18
73 826 21
67 777 25
41 839 26
75 585 31
68 482 32
73 965 33
18 831 35
75 673 38
40 68 39
4 25 44
45 631 47
43 928 47
72 47 50
46 111 51
7 497 52
27 403 54
25 496 55
5 661 57
32 545 60
59 601 60
47 252 65
9 447 66
71 844 68
1 376 70
21 132 70
47 686 71
59 934 71
17 89 72
68 567 72
46 38 72
45 798 74
40 843 76
10 857 77
76 497 79
23 784 80
26 779 82
29 228 84
14 132 84
26 965 84
49 660 86
60 269 93
49 73 94
75 556 96

85 73 97
29 639 0
67 319 2
31 836 4
6 652 4
50 596 5
17 917 5
4 660 6
70 229 6
22 367 6
57 876 7
68 422 8
39 633 9
39 97 11
12 813 12
56 285 16
43 579 19
23 860 21
56 190 22
14 838 23
24 192 24
23 677 24
8 829 25
35 279 27
28 252 27
5 336 29
29 712 30
60 710 35
43 58 35
71 196 37
55 657 37
71 428 37
20 893 38
66 654 39
43 140 40
60 98 42
40 557 42
5 651 45
27 689 46
19 946 46
50 422 49
30 100 50
60 286 50
41 447 51
63 344 53
42 338 53
54 622 53
29 768 54
1 780 56
27 500 57
34 766 58
57 64 59
66 7 60
3 446 63
34 74 63
52 543 64
30 397 64
9 974 66
53 53 66
38 774 67
68 686 68
22 976 70
57 634 71
11 763 73
32 548 74
35 487 75
45 202 75
40 10 77
32 748 77
47 453 78
53 746 79
10 316 80
38 579 82
48 765 82
51 751 84
41 530 85
42 892 85
22 127 86
47 882 86
37 576 86
44 861 87
23 780 88
0 866 89
51 320 94
14 462 97
3 342 97

84 74 90
31 773 0
65 659 0
32 251 0
31 124 0
34 550 1
42 380 1
66 530 2
41 866 6
44 867 6
71 907 7
62 847 12
58 235 13
43 763 13
56 525 13
26 446 14
14 361 14
44 98 16
50 997 16
62 592 18
62 72 19
51 927 20
68 707 21
54 273 22
37 671 23
40 96 28
62 376 29
48 561 33
46 852 36
63 828 36
61 959 36
9 294 36
4 642 37
63 869 40
43 916 41
59 514 41
0 420 44
56 690 45
51 66 45
37 164 46
66 154 48
1 33 50
3 675 50
23 205 51
28 652 52
37 8 54
4 623 56
35 682 57
72 175 58
15 594 58
56 63 60
34 200 60
15 518 61
43 85 61
29 514 63
11 984 64
55 454 64
38 866 65
67 848 65
28 960 65
36 227 68
23 703 68
8 2 70
67 248 71
21 289 73
12 570 73
17 297 73
27 624 77
53 652 78
10 180 78
49 477 79
61 822 79
47 183 79
15 926 80
59 269 80
58 589 82
70 335 83
12 382 83
26 919 84
55 542 86
74 601 87
10 618 88
15 42 88
21 516 89
42 85 90

609 96 257868
22 82 19
83 843 1461
90 851 1515
29 768 1533
44 915 1644
71 266 2090
80 340 2831
61 986 3087
64 729 3414
28 383 3791
32 526 3804
22 327 4068
27 271 4082
89 384 4408
8 43 4968
96 598 5008
75 454 5278
13 338 5292
5 928 5932
85 755 6028
42 99 6545
30 319 6952
17 304 7225
9 22 7687
81 64 8270
26 150 8326
57 325 8872
46 460 8934
86 578 9027
57 572 9215
89 746 9379
4 818 9470
12 653 9816
45 433 9860
40 296 10641
22 196 12026
8 107 12105
77 922 12106
43 216 12254
84 655 12433
34 872 15188
21 626 16567
96 176 16968
23 685 17084
47 111 18650
16 629 18852
2 422 18909
89 846 19021
27 413 19125
92 840 19560
58 895 21244
87 660 21266
20 53 21335
71 601 21646
29 350 22253
9 643 22653
7 244 22909
34 958 23821
2 771 24074
44 715 24209
44 362 25700
41 698 26051
6 298 26169
74 594 26338
8 988 26390
54 889 26685
96 935 26815
19 996 26853
59 852 27062
82 239 27143
22 770 27291
91 954 27320
56 492 27909
65 687 28231
82 935 28676
74 113 28834
85 301 28898
12 72 29020
18 901 29832
65 925 30284
22 177 31369
34 625 31616
87 756 31643
94 373 31671
13 769 31731
88 500 32272
50 711 32428
43 654 32523
6 529 32726
88 33 33058
76 135 33092
15 249 33217
61 789 33581
4 201 34575
15 54 35170
42 396 35493
33 934 35668
0 248 36488
73 153 36601
15 729 36924
17 734 36970
79 635 36983
94 711 37312
31 621 38514
67 900 38716
24 722 39203
39 32 39342
86 802 39548
35 578 39589
25 957 40045
43 884 40066
2 857 42077
28 388 42521
91 420 42567
2 746 44209
36 525 45133
0 400 46573
68 241 46677
36 190 46873
47 165 47017
19 337 47134
8 390 47325
58 608 47394
60 314 47402
31 447 47968
50 499 48552
22 390 49498
46 924 50053
59 475 50442
56 557 51398
88 671 51713
11 473 53623
37 57 54324
2 239 54729
50 599 55054
14 482 55655
66 146 56044
2 604 56217
77 775 56747
17 505 56991
57 252 57103
25 444 57501
69 983 57730
51 377 57954
2 504 58360
16 761 58846
51 208 59728
93 470 60346
95 904 60898
81 342 61948
62 584 62401
15 5 62670
83 75 62750
78 575 62938
91 377 63330
7 951 63800
82 871 64300
18 347 64893
91 347 65465
52 193 66931
24 948 67029
31 257 67235
17 63 67349
8 774 67850
74 156 68142
56 721 68463
77 330 68678
53 465 69189
56 956 69318
55 337 69380
18 592 69448
78 430 69560
60 238 70270
6 478 70760
73 526 71113
35 107 71549
82 340 71766
76 934 72137
9 426 72315
79 736 72749
6 72 73022
39 653 73319
56 290 74503
93 449 74557
63 576 74614
32 884 74670
95 889 74691
91 648 75948
92 65 77134
84 206 78244
72 3 78432
33 278 78880
55 128 78896
60 309 79222
62 777 79573
70 288 80183
94 212 80461
40 351 82413
86 49 82463
46 717 82481
84 182 82484
8 724 82948
82 901 83145
5 486 83988
58 762 84859
38 386 85032
9 659 85151
64 704 85423
80 701 85787
59 805 85805
80 719 87425
63 127 87625
37 21 87984
29 12 87990
93 841 88216
54 509 89307
50 963 89940
48 548 90313
41 986 91718
6 185 92408
0 174 92557
63 77 92731
8 347 93137
70 6 93192
93 801 94818
86 952 94949
60 330 95175
20 407 95254
95 177 95454
33 286 95684
66 44 97545
36 921 98713
39 560 98973
42 32 100156
76 945 100295
11 210 100339
59 142 100887
0 283 101131
2 45 101992
49 504 102181
63 139 102406
22 161 102841
4 544 102971
40 557 103113
75 678 103390
51 327 104368
25 817 104581
37 988 104758
36 550 104983
56 493 105243
85 802 105674
43 633 106308
46 26 106329
74 834 106547
31 596 107566
28 789 108848
43 76 108984
44 192 109226
29 699 109755
5 349 109829
36 986 110059
70 42 110222
81 201 110438
13 763 110557
40 630 110956
72 651 111096
82 215 111415
47 203 111468
0 340 112091
85 425 112876
80 659 113377
31 450 113531
83 287 113857
64 72 114217
62 123 114600
53 564 114793
27 794 115023
23 399 115403
84 223 115503
64 623 115705
70 494 116101
40 125 116157
2 372 117035
66 730 117459
14 101 117797
14 937 118066
58 80 118197
92 439 118870
90 321 119897
76 66 120012
72 50 120360
40 726 123100
28 490 124005
23 577 124632
45 207 125466
66 445 125533
72 568 126143
62 773 126560
64 955 126757
21 300 127257
0 231 127829
37 362 130003
26 220 130816
94 750 131013
75 336 131474
13 917 131546
88 160 132711
52 471 133677
19 560 134488
47 405 135479
8 34 135940
22 725 136115
94 880 136695
51 329 136840
93 78 136938
42 591 137534
9 283 137899
37 892 138842
12 759 139625
75 370 139770
70 796 139803
16 120 140959
28 60 141572
23 710 141769
2 90 141998
4 452 142383
90 151 142614
60 617 142678
51 303 142795
92 647 142861
13 187 143096
50 352 143985
79 210 144216
57 516 144254
9 19 144776
78 669 144780
62 673 146257
54 713 146301
68 265 147280
51 911 147781
41 83 147997
93 203 148361
48 433 148634
81 787 148692
66 519 148797
35 560 149525
61 743 149587
73 176 149721
7 645 150259
3 490 150928
38 626 150943
51 713 151346
64 879 151400
9 291 151428
47 190 151476
49 925 151602
12 667 151744
16 190 151882
71 828 151900
35 195 152188
54 855 152861
40 219 153837
94 710 154083
95 180 154286
54 794 154308
2 706 154733
57 245 154814
38 579 155069
65 526 155189
95 997 155893
94 951 156149
34 790 156945
90 9 157095
93 182 157360
73 999 158504
25 220 158569
90 972 158637
67 111 159480
78 196 159805
14 855 159831
77 919 160172
16 483 160799
4 42 162099
78 551 162640
18 604 163290
43 984 163817
64 553 163968
84 653 164467
35 279 165321
81 850 165336
45 841 165681
30 472 165882
33 172 166071
6 348 166863
48 450 167069
16 609 167772
53 613 167848
14 218 167870
69 387 168063
94 642 168209
60 998 168950
35 896 169241
85 526 169431
26 157 169883
25 986 170092
56 241 170200
75 610 171307
34 597 171867
36 770 172250
6 991 172612
46 327 173251
14 122 174243
51 866 174528
48 397 174808
50 113 174855
31 858 174956
27 24 175445
64 799 177110
17 361 177166
58 320 178183
71 935 178347
10 816 178347
89 338 178377
65 769 179104
75 109 179133
33 821 179306
65 755 179965
79 532 181524
48 559 181733
13 97 181952
54 188 182066
86 419 182100
62 903 182603
0 855 182937
13 540 182989
81 81 183252
83 582 184062
7 187 184651
84 157 185340
94 761 185432
76 804 185573
86 326 185673
18 382 185997
61 25 186982
25 13 187462
65 937 187649
74 114 187973
24 783 189260
30 824 189632
24 571 189638
59 718 190271
23 441 190553
67 468 190706
23 588 191962
7 59 192308
80 535 192401
16 127 193053
59 51 193157
78 304 193493
31 116 193828
86 789 194403
60 829 194441
90 465 194467
75 311 194874
51 361 195053
3 51 195875
36 783 196276
78 930 196348
78 904 196587
74 659 196776
23 706 196942
86 764 197071
82 976 199390
17 237 200428
23 74 200960
65 681 201683
12 863 201716
76 710 203194
15 925 203748
49 661 204069
36 598 204436
47 54 204775
76 15 205137
86 288 205617
58 21 206018
81 412 206115
31 726 206327
51 143 206578
13 963 206753
17 87 206992
24 385 207635
39 523 207790
84 520 209056
65 551 209260
95 675 209715
5 729 210641
20 903 211124
72 664 211753
44 18 212215
85 700 212559
69 276 212882
65 583 212893
36 895 213124
59 262 213533
37 174 213926
60 554 214349
0 125 215200
73 762 215782
72 517 217262
76 717 217482
20 90 217724
45 384 218371
53 702 218920
52 296 219016
47 795 219094
43 583 219117
31 887 219156
23 751 219271
43 557 219386
21 812 219894
19 65 220370
18 503 220818
1 977 221094
42 60 221754
32 811 222616
64 57 222927
31 461 223140
40 504 223659
37 799 223705
9 63 225135
12 89 225583
50 769 225823
16 734 226616
43 325 226770
78 860 226850
1 238 227874
84 858 228318
24 579 228453
92 915 229843
40 847 230453
37 945 230615
22 634 230633
93 444 231378
49 144 231465
47 657 231472
89 823 231516
48 842 232295
48 184 232543
44 591 232583
68 970 232678
61 549 232781
58 584 232904
55 37 233676
46 369 234086
25 496 234360
67 19 234450
13 811 234713
84 773 235229
26 31 235782
77 509 235991
65 945 236361
75 655 236673
81 88 236726
41 237 237586
92 134 237934
3 65 238283
27 325 238319
94 369 238879
28 696 239604
46 569 239730
61 574 241056
87 164 241514
6 536 242309
1 271 243238
7 382 243421
38 124 243821
50 284 244498
6 313 244586
68 167 244942
12 816 245158
89 374 245795
79 667 246760
35 854 247031
83 327 247198
13 752 247681
83 976 247947
66 505 248493
32 285 248838
55 868 248966
86 556 249643
33 114 250644
87 777 251014
29 213 251250
3 559 251976
54 962 252002
39 89 253456
81 504 253504
17 736 253585
7 962 253900
95 264 253968
42 944 254019
49 971 254306
13 362 254997
89 649 255129
84 274 255375
35 949 255650
91 109 255799
6 581 256078
55 973 256258

885 90 845240
14 710 669
73 599 1131
83 708 8877
24 564 10344
58 566 13935
60 739 16833
88 926 17225
7 746 17673
28 672 18311
10 555 20607
41 382 21199
36 513 21748
12 341 21787
8 414 22226
0 446 22410
10 382 23390
21 385 23784
73 600 25022
64 184 25405
79 562 25729
14 377 27000
52 465 27119
30 575 30802
34 997 30825
58 549 31309
38 902 33116
69 299 33653
5 306 36776
84 76 40129
23 722 40364
82 64 40746
20 535 40879
19 151 41922
86 621 43853
11 39 44549
33 40 44809
5 120 45645
79 889 46177
50 933 47191
88 72 48681
56 79 48805
58 886 50761
81 769 51373
13 301 53743
75 536 54258
72 858 54680
68 770 55798
55 904 55813
61 362 56347
84 752 60697
35 421 60901
16 381 62582
65 744 62928
72 168 64201
62 602 65731
78 922 66282
69 391 67044
54 656 68686
59 974 69853
68 736 70631
83 101 71392
2 696 71495
49 377 72396
10 527 73687
67 826 74425
27 742 74807
27 12 76716
90 117 77200
55 462 79635
84 286 80103
2 848 81414
65 758 81612
58 42 82958
78 283 86200
16 189 87376
7 595 89243
57 652 89273
35 329 89740
0 532 90985
32 833 91393
13 451 92043
60 171 92123
27 203 92610
32 319 93336
6 374 99604
11 746 100409
27 582 100879
7 987 102603
9 851 104367
39 33 104581
69 573 105873
14 699 107280
69 965 107334
20 45 107577
58 763 108468
11 271 109201
35 632 110489
73 141 110619
24 739 111209
67 437 111259
9 641 111823
49 535 111979
56 210 112086
33 230 112629
85 262 112721
38 302 115658
22 395 119461
49 93 119634
34 176 121782
20 508 121935
84 158 122152
40 485 122670
22 993 123060
23 960 123610
18 858 125776
69 949 126847
71 533 127086
6 54 127407
1 457 127472
34 472 128640
71 504 129497
90 476 130402
57 529 133162
74 535 134385
35 656 134559
78 252 134758
11 532 136764
52 880 136906
66 304 137178
75 633 137284
13 776 138298
8 405 139136
26 422 139979
89 877 139998
35 354 140887
72 625 142360
82 897 143251
47 518 143486
51 475 145797
53 966 147641
36 627 147701
58 825 148417
70 547 148604
12 402 149014
58 302 149682
78 56 151984
75 56 152036
82 471 156003
16 599 156183
14 0 156850
61 568 158165
65 215 158240
63 259 159655
61 253 161829
44 18 167340
9 523 167830
77 946 169692
53 461 169784
63 65 169814
23 588 169881
6 661 170567
51 849 170649
80 979 170860
63 837 170947
49 254 171453
15 301 172301
90 374 172967
89 38 174550
89 273 174898
89 152 175028
50 599 175771
63 731 176644
1 170 177291
55 967 177587
53 535 177989
90 440 178725
11 564 180619
44 779 180931
51 406 181841
59 996 185403
82 702 186055
51 68 186125
84 420 187282
36 873 187288
51 220 190260
48 147 191019
52 817 192100
24 276 192370
15 496 192794
62 350 192903
2 453 198181
5 220 198609
74 646 198875
49 276 200027
49 63 200131
79 660 200265
82 26 201995
3 298 202289
47 304 203050
22 244 203756
9 43 205284
37 686 206281
23 312 206560
34 552 207834
16 455 208212
83 677 208263
22 506 208410
30 477 208681
64 848 209241
81 876 210548
58 408 212029
52 444 212469
38 30 213219
62 56 213892
69 132 214187
26 107 214582
68 506 216073
33 107 216714
37 704 216754
58 777 216795
54 550 218024
89 465 220054
60 872 220228
13 185 222147
18 137 222191
42 249 222729
34 649 222766
57 157 226024
5 641 227158
17 911 227204
64 383 228507
18 428 231788
82 942 233455
43 239 233547
88 719 233876
65 856 234025
60 629 234126
78 186 234560
86 677 235132
69 463 235231
77 619 235370
80 676 235387
9 456 235542
32 888 237760
53 581 238728
10 54 238844
50 437 239566
42 916 240360
52 986 240420
61 490 241647
84 807 241722
32 57 242951
61 664 243673
70 822 244062
49 553 244869
77 238 245012
25 398 245066
30 529 245620
73 540 245664
17 746 247932
77 284 248350
55 863 250393
14 5 250736
3 830 250779
41 44 251183
10 724 251190
34 980 251315
35 648 252076
11 726 252389
3 888 252721
78 800 253207
36 900 253361
53 790 256210
27 549 256348
34 326 258623
17 839 259659
65 884 260486
47 73 260835
64 762 262162
12 752 262168
38 819 264369
0 660 264384
21 966 265954
20 358 266036
19 762 266296
90 739 269505
49 476 271707
14 441 272531
64 125 273229
5 944 275973
87 493 278206
15 867 278274
48 557 278614
21 334 278905
46 460 278947
50 316 280054
29 319 280179
16 996 284250
53 27 284414
8 961 285235
18 196 285294
55 175 285309
73 769 287076
73 641 289068
1 639 290456
37 80 290581
57 713 290945
13 935 293040
33 628 293569
81 729 293913
88 438 294521
35 619 294524
77 306 295254
57 608 296793
16 990 297535
69 439 298622
23 338 298686
79 329 299500
74 475 300007
46 590 300328
26 752 300376
59 629 301735
20 45 303362
90 763 303651
74 70 304271
49 221 304727
34 956 305731
22 30 306307
16 580 306480
46 72 309596
37 123 311002
8 761 311619
50 539 311763
27 696 311792
6 888 312453
52 457 312803
35 657 313850
84 406 314213
73 213 314793
17 825 315679
4 215 315985
35 590 316319
22 445 316381
82 998 316392
10 652 318381
7 6 319431
25 690 320141
69 36 320911
8 500 320969
90 160 321846
71 609 323888
21 584 325160
0 835 325238
30 174 326540
10 698 326823
31 552 328557
66 827 328609
20 931 330597
88 934 332818
7 634 333964
21 116 335204
4 16 335329
0 935 335910
60 787 337362
88 76 338258
80 892 338395
3 236 338645
40 97 339993
76 648 340035
46 227 340415
69 588 340638
67 927 342532
7 982 343020
40 259 343553
10 721 343998
29 815 344764
63 236 347316
58 355 348570
33 302 348805
46 601 348809
31 598 350134
28 440 351007
49 552 352676
29 279 353227
41 404 353623
52 203 353663
47 883 353831
32 613 356804
32 207 357123
66 175 358216
16 41 358786
20 423 359447
3 239 360561
87 63 361930
88 493 362035
38 847 362061
20 862 366049
11 886 366834
44 437 367648
30 945 368571
55 231 369580
11 335 370591
16 171 374539
66 848 376722
37 440 377699
46 33 377925
90 678 378084
41 935 378285
10 469 379073
88 89 379136
25 331 379235
18 757 379907
24 311 379976
43 508 381588
22 910 384157
84 925 386008
85 912 386691
31 866 387158
39 922 388604
29 42 388804
1 594 391470
21 721 393457
36 47 396506
44 880 397913
87 390 398589
79 38 398752
46 139 400551
73 264 401336
46 358 402849
66 870 402908
16 524 403271
20 901 404125
52 126 405922
3 628 406265
18 911 406597
41 36 407427
40 675 408078
0 634 408087
23 165 409576
22 754 410308
58 920 410650
3 731 412167
27 795 412894
1 44 413486
14 423 414221
23 84 414656
52 459 414788
29 229 415334
86 621 415678
22 354 416259
78 4 418121
34 893 418165
30 707 418647
49 443 418711
85 464 419929
11 304 419995
49 202 421762
79 843 422136
5 122 424943
43 615 425933
79 300 426660
52 483 428844
29 835 429457
67 108 429640
84 223 429655
62 740 430354
63 974 431043
31 130 431534
43 95 432273
39 519 432732
8 644 433994
73 991 435312
25 687 437062
24 250 438082
35 231 438333
32 797 441699
19 425 442105
16 540 443000
69 566 443251
2 72 445946
49 249 446088
72 701 446534
74 537 446890
86 551 447555
9 560 449176
20 410 450059
58 907 450389
72 555 453299
72 694 454547
75 609 456315
34 730 456547
20 663 456727
7 202 456980
87 310 457408
38 882 463730
42 136 464100
30 421 464713
60 451 465073
52 947 465933
30 144 466775
30 693 467172
39 48 468304
85 689 468703
73 590 468981
10 404 472996
56 163 475253
66 588 475661
68 771 476348
64 538 476587
17 854 478880
9 457 480153
85 290 480825
72 81 481046
15 764 481282
34 695 482219
88 834 482358
60 683 486945
59 908 487500
28 717 489555
55 63 490908
85 337 491243
57 116 491541
67 654 492455
46 180 492642
84 387 493013
28 359 493342
48 486 497308
22 146 497637
86 90 497766
29 740 499121
53 557 500563
52 586 502945
5 420 503441
14 744 503752
43 285 505140
48 616 505219
26 187 505429
63 40 506051
55 993 506466
83 176 506602
77 5 507308
8 363 507694
87 423 508928
47 282 510476
57 431 511175
57 467 512671
56 140 513718
40 136 514849
11 859 516154
48 316 516857
16 762 517938
87 99 518971
45 671 520096
55 619 520605
5 892 521120
4 930 521223
59 820 522323
87 963 524092
40 520 525340
24 12 527262
42 759 527873
36 246 531720
61 875 535687
25 900 536133
12 212 536836
2 900 536898
49 522 537753
38 194 537948
89 92 538200
56 151 538396
89 239 538938
64 73 539916
10 126 540612
28 268 542526
80 41 543198
58 957 547068
31 83 548345
80 53 548868
34 184 549068
5 667 549904
25 733 550421
84 494 551318
10 270 551904
51 372 553104
15 774 553947
7 855 554987
33 692 555023
79 481 555640
48 757 555755
50 636 555965
0 321 556425
52 585 557863
82 292 560347
18 234 561218
34 845 561549
80 505 562074
31 497 563668
34 258 564981
87 744 565664
63 345 566022
67 539 566356
87 440 566900
90 268 566936
51 497 567626
4 436 568282
56 234 569473
44 541 570123
3 897 570818
59 817 574838
74 564 575046
78 727 575344
47 897 576270
40 988 578395
12 748 578568
64 43 579797
40 171 582658
33 135 583171
77 686 587059
45 544 587689
34 621 588610
5 262 588879
57 206 590814
32 239 592941
54 156 594603
24 562 595872
49 756 596490
80 748 596844
22 871 597843
81 742 599514
84 24 599694
86 508 599977
55 829 600118
79 595 600275
66 532 601006
64 71 604429
38 791 604472
10 76 607102
27 80 610851
49 113 611719
1 163 611756
88 120 612133
9 549 612191
72 640 612493
2 153 616432
23 736 616844
50 744 620449
81 501 621477
37 502 621763
75 720 624426
44 689 625016
79 185 625677
50 15 625719
77 271 625815
1 826 625894
14 977 626080
86 875 627019
25 806 627186
34 621 627240
72 661 628431
15 329 629073
33 542 629206
39 936 629389
62 74 632391
72 848 632501
88 133 633596
27 160 636184
65 425 640476
33 90 640608
57 139 640640
31 841 642501
71 370 643285
33 141 646052
46 20 646173
20 210 646751
4 8 647078
43 786 648074
34 294 648508
9 368 649377
46 605 650968
32 394 652442
70 255 655999
84 268 656620
62 297 656897
57 939 657674
38 774 658195
24 405 661646
52 690 661840
77 431 662510
20 122 662871
87 728 663075
4 882 663346
85 351 663439
77 438 663828
78 483 665972
12 800 666564
28 375 666879
6 26 667548
3 537 668154
49 255 669246
8 182 669538
61 158 669867
66 985 671188
71 35 671223
75 219 672147
87 878 673064
61 60 673149
83 620 673582
78 692 674469
10 821 674502
51 523 674604
70 922 676612
67 300 677438
79 426 677517
23 406 677680
33 801 678462
85 812 680489
61 917 680930
81 102 681585
59 140 681924
64 170 681950
57 319 684898
6 796 685974
22 210 686142
73 443 686223
22 232 686775
7 39 687125
6 115 687222
45 239 687247
25 150 688959
69 360 689570
90 752 689780
74 822 689806
56 665 691084
34 910 691655
21 971 691861
15 952 691872
80 757 695998
5 320 696220
79 135 697776
11 442 698030
73 781 698058
83 108 698772
74 485 699015
48 215 699492
9 937 699651
41 786 700709
27 312 701598
78 194 701612
62 699 703897
83 472 706279
19 300 706282
46 479 707708
16 814 708896
13 452 709017
16 90 710305
40 166 711228
4 280 714269
40 481 714627
50 445 716156
59 837 717722
60 264 717776
65 113 717800
45 320 719520
29 152 720156
30 639 720810
51 621 721343
14 173 723599
61 856 726668
79 996 727219
84 629 727459
13 626 728269
86 838 728620
9 157 731114
68 796 732746
90 713 733216
6 165 733290
51 445 733585
30 170 733882
27 110 734047
54 379 736558
80 239 736718
49 130 738712
62 472 739838
37 951 741678
24 917 741691
23 571 742925
37 962 743268
70 768 744015
28 115 744616
84 324 744830
1 225 745022
25 495 745384
12 806 746456
70 210 748019
44 522 748525
36 136 749461
65 749 749873
12 76 750503
15 203 751963
44 576 753489
60 741 755812
36 140 757034
27 790 757255
61 961 757479
90 116 758521
47 319 759668
26 596 761538
21 95 763404
18 567 763755
75 602 764808
85 588 765043
46 404 765852
21 306 766725
23 883 767681
26 386 768420
55 707 770193
82 229 773791
84 531 774091
19 220 774340
63 801 776935
34 859 779454
39 713 781093
70 599 781180
41 165 781242
70 915 781321
17 399 782236
39 647 782306
22 86 782481
38 256 782622
83 707 783991
68 633 784153
11 422 784163
78 548 791534
14 342 791941
41 796 792125
87 697 793764
60 770 794731
40 155 800124
89 895 800322
10 774 801918
77 723 803203
24 589 803718
68 327 805122
85 612 805984
6 553 809258
11 936 809875
63 70 810504
51 825 811425
44 598 811509
70 858 813127
11 796 813229
40 918 813304
63 640 814669
31 852 817179
14 740 819775
82 343 822248
70 377 822976
54 694 824081
0 514 824505
60 544 824720
71 816 825332
16 950 826109
16 577 828186
81 254 828372
86 670 828377
10 696 828384
59 824 828528
3 981 829981
3 137 830833
18 131 831166
46 264 832708
20 268 834564
39 877 837833
72 783 838595
86 517 838800
87 864 839258
39 656 840728
48 476 841965
32 19 842198
73 335 842659
28 706 843227
33 796 844149
22 811 844755
72 548 845120
24 186 845234

850 99 606350
57 686 1025
57 453 1176
21 720 2023
38 278 2914
94 159 3988
68 629 4873
67 574 5399
79 990 5892
15 306 6020
14 449 6328
55 730 7705
95 962 7905
96 268 9869
82 286 11800
74 817 12424
25 874 12426
89 345 12442
25 184 13096
75 139 13330
92 964 15217
49 638 16027
1 831 16164
85 831 16637
56 448 16968
98 982 17051
37 86 17140
26 873 17724
96 82 18591
32 137 19751
43 218 19829
44 779 21158
54 798 23807
61 833 24541
5 829 25120
46 437 25575
47 938 25866
26 610 26200
27 574 26821
27 869 27554
10 59 29118
54 46 31414
76 290 31457
90 73 33089
46 219 35407
42 392 35411
34 741 35632
76 939 36032
66 428 38422
63 755 39457
79 776 40099
19 530 42025
10 390 42180
1 339 42293
44 291 42846
53 678 44480
36 297 45755
62 433 46833
86 256 47602
4 499 48843
27 113 48986
46 197 49134
44 188 49967
2 95 50306
95 978 50827
33 62 51117
97 514 51195
0 780 51807
70 732 51857
28 181 52081
7 761 52406
23 855 55089
68 800 55905
24 618 56313
83 524 57838
74 547 58996
37 62 59162
44 116 59706
8 830 59786
14 647 60520
22 704 61408
33 325 61870
95 637 62061
11 136 62396
65 141 63001
15 567 63563
10 68 64719
4 878 64774
73 853 65114
79 420 65146
8 449 65482
18 947 66042
92 992 66449
87 610 66932
32 749 67414
74 479 68651
38 197 70813
90 689 71094
71 866 71437
19 797 72980
1 364 73470
95 339 75181
83 549 75686
71 931 76692
67 769 76918
84 257 76989
52 126 77094
9 859 78034
56 405 79726
71 815 79883
57 787 80005
54 983 80842
93 500 81946
89 292 82314
45 90 83088
62 129 83450
62 784 83857
73 883 87808
79 510 88302
25 330 88852
14 654 89810
5 367 90565
74 92 90816
51 11 90953
88 911 90986
50 146 91161
54 440 91383
4 82 91486
37 765 92048
25 250 92262
94 842 93104
13 931 94447
97 573 95661
29 211 96101
89 857 96919
36 580 97443
3 270 98746
27 971 98846
94 840 99012
25 165 99900
4 578 100210
76 13 100504
77 499 101275
75 169 101818
23 500 102394
32 235 104218
47 423 104451
37 302 106124
95 403 106156
79 957 107727
37 897 108616
13 264 109434
64 768 110567
84 451 110836
85 28 111166
58 717 112448
52 875 114265
83 155 115005
30 497 115522
97 469 115566
46 504 115829
53 893 117086
34 4 117139
34 633 117233
20 253 117529
85 205 118822
60 170 119328
46 922 119351
61 579 119859
73 433 119900
64 27 120478
89 405 120542
59 72 120668
30 107 122197
55 147 122743
92 902 123898
92 651 127782
22 747 129024
45 693 129109
17 324 129178
96 984 131409
57 603 131937
5 891 132270
54 991 133721
33 971 135179
11 119 135272
66 969 135564
54 647 135590
76 251 135956
47 680 136524
40 835 136576
6 831 136639
29 661 136770
54 719 138478
83 661 139711
60 585 139763
8 116 140075
41 972 140512
77 22 140689
18 764 141979
92 685 142061
81 244 144070
60 244 145657
79 438 146625
85 663 146792
99 12 148287
36 440 149202
34 235 149356
24 290 150597
60 55 151009
1 699 153056
34 348 153194
75 227 153725
9 834 154429
72 197 155076
29 902 156106
52 362 156642
59 718 157011
58 164 157222
63 224 157554
9 316 158266
83 135 158520
1 930 159115
91 34 159585
89 85 161087
47 116 166546
26 264 167597
28 296 168426
7 980 168760
65 386 168960
93 425 169165
98 653 169443
55 226 170367
53 806 170599
90 632 170950
37 785 171342
65 509 171443
42 835 172504
92 452 172876
43 441 174291
27 63 174481
49 635 174726
6 341 175859
0 420 176053
77 423 176739
8 830 176757
29 597 177271
95 824 177784
59 520 177806
20 966 177984
32 113 178474
66 898 179304
58 120 179522
71 796 180671
48 708 181342
59 961 182451
81 145 182692
60 825 183334
53 573 183779
1 493 184085
95 980 186210
76 615 186480
86 146 186756
12 982 186797
58 23 186863
84 167 187776
33 580 189951
50 430 190212
28 878 190273
31 564 191981
87 500 192681
9 257 192908
22 137 193697
24 575 193829
82 369 194718
72 338 195189
70 36 197236
92 277 197240
17 980 197276
8 645 199215
51 114 199990
64 926 200297
76 468 200422
58 834 201486
48 18 202822
45 69 203160
85 755 203653
78 852 203931
82 29 204601
21 351 204834
43 76 204986
66 864 204992
85 812 205310
69 514 205874
40 866 206390
40 284 206682
98 910 207621
71 297 208536
27 736 211648
16 364 211818
11 949 213045
73 430 213904
27 929 214320
2 471 214577
83 567 214624
90 290 215759
11 102 216741
52 392 216846
18 95 216977
14 465 217887
90 515 219630
29 434 219839
68 930 221007
47 110 221155
33 777 221377
46 300 221734
87 128 221940
4 540 222253
30 523 222600
93 630 224771
79 995 224907
62 195 224958
3 823 226202
82 16 227315
95 508 227860
22 881 229116
35 580 229268
21 698 229353
41 602 229384
12 289 229667
72 358 230608
55 291 230881
94 619 230945
54 661 231639
44 87 232143
12 36 232143
66 504 232337
36 28 232646
39 954 233199
34 21 234939
59 773 237079
54 888 237145
82 637 237635
38 429 237912
60 835 239659
92 516 240694
58 743 241160
40 367 241426
44 836 241535
54 929 241729
43 600 242623
77 213 243745
17 913 244284
72 534 245851
24 475 246287
51 209 246491
61 978 246773
95 391 247478
23 147 248143
98 232 249369
85 390 249792
76 573 249888
55 735 250482
36 53 250937
69 339 252402
41 124 252689
95 412 252813
46 446 252856
94 579 253150
3 847 253207
38 376 253478
36 992 253540
75 366 253678
33 759 254528
53 554 255159
2 286 255240
19 754 255266
12 126 256232
13 583 256261
72 687 258345
18 325 259740
54 529 259784
14 629 260120
60 720 261249
96 80 261851
96 563 262095
8 166 262503
86 192 263156
52 386 263588
79 578 264121
3 326 264189
78 836 264280
90 514 266147
35 418 266337
11 892 266920
22 184 267878
90 254 269896
50 282 271502
71 519 272093
40 359 274131
97 844 274923
28 164 275464
14 806 275473
30 860 275845
30 96 275912
73 434 276895
85 661 277497
11 835 277761
19 419 279012
11 12 279136
17 15 279575
73 125 280170
1 796 281133
43 597 281877
81 597 282234
44 783 282652
69 556 283515
95 21 283550
99 907 283851
34 74 283890
22 706 285028
8 380 285225
89 189 285884
68 40 286541
42 112 286571
13 386 287557
88 516 287843
22 992 288743
61 843 289087
15 27 290091
29 876 291201
42 464 291453
75 868 291789
41 136 292358
15 851 292491
17 310 293287
95 763 293766
27 726 293868
79 853 294867
26 196 294894
28 291 297361
29 299 298432
36 378 298595
71 667 298846
61 711 299377
18 958 300582
27 494 300847
7 731 302219
33 455 302256
56 449 302792
29 717 303251
7 261 303947
70 342 303989
43 979 304627
41 616 304836
63 433 307041
85 77 307507
97 148 307634
60 378 311269
54 941 312274
9 719 312369
48 755 312790
3 58 312980
60 989 313365
69 848 313798
49 366 314623
44 202 315020
68 364 315853
30 475 316053
96 515 316316
99 221 316917
54 760 317526
58 251 317906
91 182 320357
9 922 320540
97 955 321571
44 970 323610
42 254 323791
57 675 324160
18 553 324432
24 684 324521
88 272 324986
70 636 325162
82 910 325240
69 615 325961
27 594 326138
13 629 326749
49 189 327398
47 717 328700
47 543 328720
0 719 329236
10 872 330697
14 178 334590
6 440 336753
82 99 337712
36 53 337778
69 178 338232
81 664 338505
93 23 339518
6 462 339624
58 993 340188
38 102 341160
53 243 343545
61 30 344588
52 137 345407
72 140 347463
22 773 348852
14 295 349858
12 589 349915
86 239 349998
47 570 350419
44 11 351051
53 459 351236
59 594 353579
90 674 354546
26 179 355121
59 308 356171
1 183 356993
22 522 357140
71 644 357755
2 132 357881
77 332 358224
13 5 358390
60 598 359535
20 565 359825
23 443 360495
78 297 360819
80 240 361225
48 131 362387
35 532 362951
17 66 363014
27 877 363082
2 418 363124
72 182 363209
65 836 364212
10 31 364271
61 871 364769
26 505 365832
72 492 365948
50 108 367484
42 371 367886
36 703 371078
56 486 371314
26 230 371442
64 521 371670
2 964 373443
58 821 373795
56 955 373904
36 266 374057
85 820 374454
13 356 374524
24 715 374722
56 222 377528
21 569 378292
60 163 378736
88 606 379217
99 499 379422
77 852 379791
82 304 380040
85 53 380255
27 351 381663
82 710 382204
75 783 382455
46 368 383143
27 105 383842
89 947 383943
1 423 385367
56 691 385650
91 796 386727
4 362 386740
61 351 387023
63 926 387906
90 834 388539
32 468 389480
64 282 390240
51 938 390458
25 994 392240
48 712 392322
80 540 393723
79 388 394308
76 742 395009
66 268 395442
30 975 396214
88 215 396994
99 435 397268
50 36 397682
24 963 398516
69 85 398523
68 453 398940
77 382 400355
12 800 403437
80 350 403537
90 395 406109
82 962 406272
29 511 408970
14 600 409550
88 960 410053
17 920 411062
33 466 411783
56 307 412581
61 156 414008
63 991 414192
61 251 414413
85 453 416113
57 405 417953
92 827 417990
30 535 418084
47 872 418839
80 569 419995
65 788 420687
10 183 422613
27 277 423926
6 711 424555
21 509 424698
72 650 424765
64 16 428895
55 52 430374
44 86 430625
15 595 430833
80 112 434381
93 62 434776
85 368 436813
83 949 438848
88 709 440559
51 724 440656
67 159 441085
59 538 441852
39 779 441887
17 621 442065
68 546 442229
70 697 442265
49 25 442686
2 820 445396
73 230 445606
26 936 445701
37 316 446245
30 905 446323
40 113 446617
27 233 446651
52 847 448075
59 719 449056
96 868 449142
29 869 449464
14 228 449502
24 796 451197
23 779 452692
80 424 454229
49 873 455140
28 113 455790
97 655 456536
73 518 456708
22 452 456974
92 366 457523
66 398 458226
10 608 458716
45 203 458948
22 354 460174
70 507 460818
59 700 460845
63 109 460846
25 581 461681
25 841 463097
20 980 463139
0 857 463415
42 735 463579
28 46 463855
46 72 465339
89 511 465485
50 547 468032
82 853 468570
52 795 470192
83 250 470348
65 683 470762
23 657 473190
50 541 474098
23 802 474356
44 619 475301
72 842 475860
92 968 476022
63 909 476318
19 407 476531
85 636 476559
70 861 477109
87 283 480493
67 956 482965
86 89 483062
46 420 483661
70 358 484157
6 322 484757
62 580 485894
85 533 490204
28 10 491206
71 824 491617
86 937 492598
0 509 492747
91 216 492895
38 383 493351
22 621 495780
16 304 496052
40 791 496169
38 619 496571
99 344 499005
34 132 499189
24 180 499553
86 107 499715
3 196 499920
19 853 500331
9 946 500436
50 314 503808
32 955 504035
42 664 504110
76 212 505481
16 778 507635
96 860 508583
21 463 508601
87 861 508904
68 18 509763
76 375 510769
4 882 514514
26 601 515211
50 678 515345
14 573 516611
71 123 518535
30 67 518762
74 525 518793
70 581 519570
37 854 520800
12 865 521133
39 44 522118
46 889 522542
28 401 523398
35 18 523699
71 381 524102
52 959 525266
93 909 525578
28 379 525630
96 539 526777
57 746 526814
34 2 526943
66 376 527610
22 386 527938
36 385 529927
74 584 530166
99 223 530581
3 223 532043
44 115 532183
37 579 534423
95 725 535048
68 680 535127
38 744 536069
6 972 536709
77 764 537110
95 465 537857
17 95 538959
99 641 539372
10 534 540043
2 382 540598
44 256 540885
57 263 541113
80 611 541257
40 360 541904
6 503 542121
45 776 542319
89 765 543790
63 805 544438
10 879 545680
24 689 546404
94 36 546458
1 9 546754
9 366 547251
46 907 547390
90 152 548081
5 575 548278
30 856 548837
53 421 549200
94 814 549547
74 27 550180
61 689 550468
35 928 550715
33 218 550986
88 918 551117
36 204 552020
84 559 553008
4 332 553286
28 356 553446
22 923 554338
71 766 554630
95 574 554802
69 667 556487
48 972 556830
89 912 557326
20 361 557676
63 582 557779
47 588 557805
43 290 558322
11 493 558401
69 820 558994
91 919 560771
84 169 560916
90 120 561710
86 185 563434
93 251 564751
78 33 568144
99 111 570665
7 963 572555
82 796 572920
68 753 573151
54 554 575406
46 334 576810
15 247 576914
60 120 576938
72 608 578528
92 163 578560
92 460 579211
74 301 580037
58 524 581948
82 336 581991
21 428 582906
99 901 582981
78 31 583043
21 499 583155
74 149 583220
13 183 583251
8 988 585504
81 258 585759
79 418 586058
55 386 586653
71 375 587471
21 62 587838
29 502 587886
41 905 587974
73 875 588399
16 29 591562
58 436 593042
69 62 594604
15 391 594653
76 685 595112
2 817 595144
59 452 595898
55 154 597695
98 888 597958
10 659 599193
17 545 600081
85 939 601158
75 58 602112
29 474 602368
65 851 603274
67 208 603869
0 915 604004
10 804 604018
16 453 605811

967 96 6740846
22 444 37375
38 780 41314
37 938 43274
23 781 44322
42 101 48056
78 952 55847
87 603 57121
90 477 75516
25 228 75625
87 571 88894
86 165 95869
48 588 97431
71 769 104340
24 229 109834
87 651 118384
58 699 130494
89 24 155778
22 967 158947
75 43 160514
93 748 167100
51 364 173661
65 874 175270
95 61 202147
30 545 204771
24 874 209004
94 496 210647
13 767 234563
31 544 235449
32 593 244847
18 191 252118
70 807 257338
33 209 259700
89 736 275689
78 63 284192
35 559 303316
2 206 303555
40 111 304009
36 251 304826
39 618 304851
35 550 311430
86 535 313191
86 806 321684
85 945 332539
27 722 333360
19 671 343698
45 106 349769
13 46 349771
50 576 350559
70 883 352558
6 751 371911
46 821 372202
19 570 374002
53 104 409783
74 31 416135
58 284 431985
86 907 436101
46 204 439365
22 58 445613
26 736 447879
26 9 449252
78 948 452374
93 966 457877
30 442 469929
55 499 471869
17 493 474154
73 214 474380
35 347 475624
87 292 489118
77 605 490261
81 716 497631
76 589 524106
82 531 526684
25 334 537602
32 820 538145
93 659 569002
9 614 571850
19 197 576686
31 849 577622
32 761 579245
11 382 586522
47 410 587452
27 953 591500
31 262 602221
65 673 606753
30 236 614227
32 543 630060
67 132 633034
60 641 636570
49 351 636613
71 34 654965
93 866 659156
63 928 659876
4 297 661126
46 564 665736
91 765 666303
44 422 672035
83 970 677499
69 187 678613
49 663 692176
91 394 694689
70 21 708475
46 108 723775
32 846 730006
60 51 730974
78 438 733377
48 593 738889
43 630 741539
77 485 746708
47 672 757437
74 501 759676
12 46 771541
63 574 781408
8 271 781459
68 885 827769
84 846 832090
70 241 850805
78 276 852778
11 890 861643
68 826 869511
59 481 869965
34 204 884639
84 906 889605
11 593 893418
60 574 936430
96 97 939728
46 104 948027
93 396 956169
24 599 957554
9 203 962189
27 49 965060
14 283 966029
23 455 988060
27 119 993316
37 355 994673
59 876 1004237
8 929 1013466
77 656 1027936
67 20 1031612
1 53 1031924
2 501 1040171
20 363 1058005
24 881 1060983
78 8 1082911
64 420 1085637
38 274 1098197
65 173 1098976
90 49 1111143
76 66 1115399
71 90 1118657
69 22 1120452
14 708 1123112
45 856 1124924
35 116 1125985
89 222 1134349
52 217 1142064
13 509 1151933
48 45 1160734
33 838 1175626
46 916 1176038
46 272 1184469
14 574 1209787
1 964 1223327
12 903 1225508
31 107 1241131
25 241 1246259
52 834 1256503
70 887 1258425
12 316 1263046
14 718 1264690
3 374 1268779
68 663 1275991
21 232 1294902
27 265 1301402
54 302 1308927
45 868 1309931
1 530 1324095
0 906 1326984
35 666 1334450
93 599 1338792
75 325 1353941
89 787 1366841
45 390 1373274
13 763 1373669
94 13 1378798
5 612 1379003
36 976 1379221
88 753 1385033
50 267 1385289
57 385 1385522
72 899 1385631
7 987 1386948
34 546 1387608
43 712 1392411
11 221 1396205
67 37 1407795
19 373 1413872
21 332 1417501
64 192 1421390
34 273 1421741
25 996 1422159
61 293 1423793
66 589 1424148
47 255 1427739
72 152 1436770
64 99 1440122
28 777 1467759
45 624 1472347
58 672 1475434
33 775 1479303
30 874 1487786
38 19 1505062
58 942 1508215
3 367 1508253
67 277 1516282
91 520 1523818
56 572 1524438
19 365 1525231
86 727 1530754
33 547 1531442
83 892 1532764
42 973 1542453
85 216 1546215
40 144 1555003
23 991 1555559
65 834 1556038
96 140 1560379
78 832 1565491
22 357 1568780
89 176 1569453
10 951 1577283
10 129 1598530
61 300 1598916
11 125 1602210
47 907 1638447
32 188 1641643
92 931 1648392
92 6 1652839
62 665 1661564
76 495 1662685
48 396 1669881
44 52 1671748
44 273 1677612
93 792 1678194
84 197 1685091
59 800 1686013
47 806 1690431
18 236 1693800
60 452 1703552
6 798 1725983
86 605 1745003
14 243 1745125
55 491 1752529
43 526 1756468
74 599 1758713
2 692 1760262
95 582 1767767
36 933 1781232
50 36 1782892
2 693 1786184
13 287 1787554
72 766 1802774
48 638 1804478
57 103 1815455
95 360 1815892
21 667 1816556
58 330 1817938
24 489 1822502
38 166 1825512
63 112 1842584
71 950 1844120
80 288 1844426
50 41 1845647
42 442 1861915
83 783 1862459
85 734 1862515
85 544 1876793
24 608 1889401
30 580 1905466
81 388 1906382
37 350 1925358
82 402 1928935
50 861 1948117
20 309 1953437
44 414 1960932
82 902 1961915
35 630 1984344
47 462 1989676
66 268 2024276
3 521 2026272
50 156 2027364
14 770 2029686
18 547 2038877
23 172 2048588
65 679 2067139
46 827 2106588
65 248 2108977
93 816 2109679
28 699 2123617
38 144 2125109
83 77 2129820
69 966 2133269
7 116 2134435
54 336 2137687
27 498 2138697
2 763 2145360
36 586 2145723
23 317 2165961
16 338 2179726
72 261 2201571
72 528 2203504
80 546 2205437
23 652 2220131
65 586 2220473
31 288 2222022
2 521 2235860
96 710 2238923
77 237 2250046
30 703 2254427
32 299 2256744
72 795 2261464
16 5 2266852
38 326 2284059
6 363 2286073
16 905 2286917
30 692 2289614
27 793 2297269
60 758 2305510
48 469 2306536
6 137 2314048
32 1000 2314492
17 982 2324074
87 682 2332756
45 442 2334214
71 915 2341381
35 622 2349687
69 118 2359805
62 616 2379199
73 688 2383994
68 725 2384342
48 620 2384878
12 519 2385455
50 749 2389594
22 232 2397153
70 255 2401499
21 901 2401727
14 640 2417564
48 226 2419162
91 895 2419509
28 421 2428868
93 857 2449076
94 974 2455660
94 35 2468370
44 166 2468912
37 861 2472286
39 273 2479072
1 747 2484272
18 481 2488110
9 409 2489548
69 604 2500301
77 660 2509863
88 194 2511151
15 393 2519139
13 290 2521244
76 542 2521437
92 437 2523594
91 559 2525701
5 996 2532246
46 561 2533073
48 758 2540285
37 656 2542240
6 817 2546262
71 348 2556674
67 559 2560103
2 432 2564311
27 622 2564782
21 88 2567281
27 690 2579072
55 678 2589665
24 288 2591842
87 661 2592015
74 566 2597008
57 103 2605365
50 434 2606852
55 222 2606862
59 467 2621533
53 694 2624447
41 203 2631696
33 556 2632181
10 159 2632347
74 188 2643919
87 898 2647467
61 241 2655447
40 976 2655771
67 620 2661552
42 474 2668254
30 957 2672177
11 826 2676624
73 684 2681097
21 970 2688849
0 36 2690101
11 898 2691819
34 496 2693768
64 41 2705077
61 331 2707603
78 208 2713845
7 390 2732617
84 57 2737365
42 167 2748737
88 449 2754992
92 501 2755137
95 409 2761505
20 159 2770171
67 82 2777993
57 900 2781173
81 611 2787287
1 441 2788361
9 711 2796996
29 482 2806033
40 435 2807012
82 639 2811659
80 539 2823665
19 324 2825952
88 465 2828646
56 862 2833723
17 930 2842621
6 497 2850683
92 726 2861913
74 770 2867297
37 169 2871763
22 497 2884258
18 314 2891715
71 793 2894511
82 356 2898666
33 262 2907907
25 733 2911194
3 830 2915439
2 680 2920042
55 439 2923558
77 216 2928533
38 978 2932528
28 423 2953212
67 971 2954298
16 311 2956334
72 586 2960659
0 957 2961897
74 983 2966588
65 967 2968497
87 394 2977496
52 894 2989153
90 726 2989189
95 785 2994266
23 620 2995200
44 516 3010396
68 432 3018637
2 17 3034064
72 142 3034737
39 189 3048665
35 120 3051811
90 22 3055900
28 25 3065414
55 730 3074294
83 45 3076401
72 735 3077385
94 637 3078559
31 600 3080041
9 878 3080948
21 561 3083875
74 79 3089524
81 570 3097331
3 167 3102691
25 37 3108296
1 621 3113311
27 94 3125639
80 88 3129224
49 853 3132707
75 257 3150656
4 74 3158222
39 290 3161152
31 270 3171682
13 367 3174464
37 466 3192072
58 115 3201916
82 412 3242000
54 737 3247772
14 973 3251327
88 475 3256451
86 708 3282480
34 349 3284865
80 469 3288171
89 388 3288361
94 281 3292342
32 203 3292824
65 264 3293546
82 78 3294528
26 949 3296338
87 808 3297808
55 946 3316020
1 883 3317203
74 880 3353321
77 557 3363026
53 56 3371221
63 890 3371977
40 972 3373385
26 339 3388827
36 588 3398035
20 477 3411533
44 216 3423742
63 775 3429520
16 489 3440103
42 483 3442123
24 90 3457835
58 54 3483387
92 862 3489830
53 563 3501824
82 515 3502221
30 546 3502602
46 243 3506367
96 705 3525206
70 826 3531019
62 712 3538491
30 747 3542331
43 186 3556481
25 153 3576835
20 132 3577198
95 144 3592936
37 445 3593540
83 324 3594772
63 774 3599606
23 731 3604492
46 906 3604812
46 864 3617351
24 204 3623799
57 47 3625449
44 549 3630116
56 629 3635868
4 519 3637362
65 79 3639610
21 584 3646567
68 641 3647709
90 617 3669869
80 63 3670424
12 822 3672349
84 335 3682385
80 898 3715991
38 987 3721626
70 511 3733181
45 446 3740515
33 259 3761280
65 158 3766835
52 762 3768296
21 289 3772967
79 187 3781821
21 224 3789539
58 90 3796150
36 247 3797445
7 756 3800076
30 388 3801284
1 66 3815007
87 474 3822237
65 355 3822988
32 852 3830609
90 701 3841280
11 73 3853522
78 19 3873688
93 411 3877078
92 46 3881710
5 896 3889111
61 426 3896602
38 118 3899179
70 292 3899325
93 237 3899391
42 942 3909088
45 351 3910222
30 492 3952802
36 530 3956762
46 900 3957883
10 501 3959533
83 134 3965746
59 189 3965892
10 276 3970802
31 213 3979958
58 686 3983259
20 517 3989266
26 466 4012744
74 253 4015455
94 980 4027233
74 304 4029658
69 541 4035870
32 555 4044200
40 898 4044242
29 715 4052276
64 447 4080080
41 792 4089387
37 493 4099088
37 355 4100448
92 89 4104715
35 348 4108334
9 733 4111323
79 301 4120233
23 924 4123167
33 902 4143678
21 607 4146537
85 273 4149229
39 284 4149330
35 514 4156251
9 268 4178872
87 461 4190329
49 353 4199555
6 455 4201454
29 366 4218331
84 848 4234650
90 613 4237531
87 556 4237809
90 738 4242795
80 125 4245573
27 138 4266689
79 854 4267091
81 256 4270664
88 490 4280746
27 183 4282456
48 102 4287223
32 314 4289976
76 155 4291415
87 423 4295048
76 499 4314962
4 792 4324394
19 233 4334325
7 525 4351441
62 828 4352485
29 488 4368665
31 49 4370263
95 910 4376029
80 477 4378658
57 297 4383307
45 71 4383515
21 141 4389336
96 26 4393659
7 140 4399426
43 932 4401256
28 571 4412676
60 884 4415447
51 683 4421864
1 765 4433219
36 11 4464417
83 416 4467797
1 325 4467876
88 946 4468297
67 624 4474934
58 86 4482193
29 592 4483631
11 843 4491951
32 95 4496067
82 151 4502730
11 583 4502865
88 372 4511828
24 613 4516644
26 482 4527202
2 121 4545438
9 441 4546320
9 428 4546793
73 724 4558163
34 484 4561927
71 831 4582387
77 159 4582409
32 183 4593558
25 367 4598824
68 1 4602355
1 280 4609675
86 305 4609860
65 895 4617614
68 992 4620661
43 769 4624512
83 915 4629495
26 171 4635602
91 288 4640209
31 11 4648298
41 308 4651056
45 905 4651700
39 342 4654016
56 776 4657904
37 651 4660441
43 535 4663655
85 162 4664206
42 356 4666677
28 110 4669047
19 307 4669816
90 473 4670876
17 344 4671685
36 708 4693122
7 909 4693182
2 417 4695068
15 166 4696503
41 863 4699363
52 440 4700101
20 864 4703015
42 292 4708264
40 582 4713547
19 68 4720129
79 485 4724431
46 345 4730422
31 597 4734096
52 108 4735756
63 757 4740031
96 89 4760112
1 474 4778721
48 2 4779192
69 992 4791264
58 18 4793486
76 118 4797793
30 553 4799552
59 531 4813080
80 558 4819422
43 364 4821814
72 938 4822720
6 893 4823399
76 825 4848853
58 657 4848875
17 837 4853994
16 810 4866027
45 785 4869412
86 707 4875963
52 91 4879427
53 60 4882384
45 746 4888905
31 973 4892299
45 263 4893454
57 252 4894479
15 962 4895423
59 643 4900553
68 732 4910488
64 962 4925711
39 741 4928623
58 796 4931405
73 594 4933271
3 194 4934000
23 369 4940637
37 690 4945122
73 66 4954235
35 437 4959227
30 989 4962546
44 719 4968719
87 503 4971433
32 500 4976530
78 830 4986306
33 412 4989380
10 711 4989928
84 41 4994471
62 355 4998655
33 24 5003858
64 636 5022366
67 60 5029918
71 239 5055322
8 678 5060855
25 86 5065821
64 702 5076148
22 877 5078617
71 868 5092475
21 140 5103198
5 980 5106708
81 868 5116616
86 550 5126681
63 498 5128632
83 686 5135374
6 313 5146594
60 629 5147732
76 871 5157073
77 582 5165157
95 163 5188961
18 89 5189642
43 585 5197909
0 413 5200489
53 959 5202413
84 469 5211853
29 429 5215580
77 531 5228429
89 256 5230117
61 622 5231549
66 627 5233264
92 752 5239405
19 841 5251606
72 557 5256939
65 388 5259307
88 270 5268870
87 907 5290879
79 383 5294028
56 222 5298175
23 815 5327796
95 782 5332667
73 710 5334621
32 691 5335904
68 434 5343561
26 199 5345076
82 910 5348742
19 668 5354459
16 982 5391417
33 463 5393342
56 858 5404494
0 537 5422046
93 78 5426019
12 407 5448341
30 582 5475658
84 962 5485206
86 354 5487759
94 939 5489600
34 877 5490324
20 977 5494636
64 672 5507564
49 461 5512672
92 210 5516055
56 137 5520287
73 767 5535627
59 316 5539907
60 665 5543938
46 869 5559926
79 265 5582752
21 201 5585148
75 340 5589909
70 961 5594525
41 704 5605721
41 330 5612464
30 818 5625381
40 469 5625787
9 65 5630983
75 756 5633430
73 829 5661962
68 579 5663436
95 248 5666467
40 393 5670381
75 20 5671543
62 605 5673428
81 412 5687662
16 365 5688156
88 627 5694200
55 852 5698451
95 129 5701293
42 191 5710704
7 470 5717293
91 446 5723774
0 847 5727516
87 744 5738673
24 191 5740467
79 179 5775164
39 9 5784144
18 237 5793573
53 354 5797161
66 837 5806909
9 330 5811602
22 559 5827500
3 776 5844219
23 108 5846418
7 431 5848928
86 832 5857067
35 926 5874965
43 175 5878030
88 679 5892333
71 984 5921868
58 847 5923559
26 331 5927547
33 672 5931371
40 10 5935514
2 919 5944197
0 454 5947928
25 932 5955298
34 278 5979779
1 993 5982409
74 93 5999141
90 328 6003819
45 546 6006053
35 659 6027186
51 860 6031465
48 149 6041499
60 440 6062972
89 242 6063315
16 469 6069705
36 274 6085279
75 32 6085351
78 484 6096422
55 176 6102266
74 801 6103396
42 871 6140285
7 859 6147707
79 879 6149837
83 966 6188509
75 742 6190745
75 440 6196511
9 695 6202508
39 19 6211314
13 203 6211744
38 636 6212826
33 876 6224426
60 226 6225503
37 630 6236265
4 273 6236287
4 559 6239082
16 818 6251909
19 270 6252725
30 64 6261015
47 431 6272067
19 10 6280493
29 15 6283075
96 106 6289101
60 229 6303016
8 192 6313324
24 151 6316984
47 670 6328550
72 73 6329853
59 296 6334286
54 917 6342728
48 246 6352990
51 676 6362544
66 54 6365754
95 720 6377836
33 697 6396475
81 419 6409958
77 41 6433635
94 895 6442523
19 155 6443065
59 676 6454925
72 787 6455239
88 453 6457243
84 326 6470616
80 254 6482386
61 187 6490554
79 897 6504377
28 62 6506592
62 796 6510595
85 154 6512551
14 842 6522851
9 328 6531910
13 932 6551302
62 944 6556821
12 689 6557428
0 632 6557682
67 981 6559711
43 156 6562861
50 10 6569444
1 800 6574165
32 749 6586034
18 291 6589349
48 912 6591312
10 165 6592113
35 542 6594407
68 750 6600047
46 568 6604701
66 637 6608010
54 961 6623483
56 637 6628294
45 228 6636021
1 354 6637022
17 395 6637145
61 375 6638455
39 581 6640822
4 979 6643216
91 605 6650539
76 552 6652731
65 378 6654174
86 209 6654511
39 972 6654794
57 598 6660704
11 123 6670387
44 1 6679102
5 871 6691689
30 647 6692076
94 817 6692479
36 726 6708941
16 911 6711913
66 245 6724811

924 91 4010889
38 412 1581
79 144 12328
46 37 15239
19 45 32254
22 580 37553
78 344 51895
22 535 55156
57 842 61013
26 414 63726
91 725 64836
90 712 72399
55 483 78033
6 145 78936
11 822 79482
42 396 80766
72 1 81762
55 710 89730
87 420 92770
51 780 95751
43 351 102406
45 380 107511
55 114 117628
3 33 117637
87 105 133970
79 136 140385
23 899 171819
67 630 172387
81 156 174236
61 527 179664
34 918 180579
36 826 187148
40 355 188598
62 21 195059
13 222 202497
13 58 205336
63 445 210720
82 67 225085
76 555 244480
58 393 244589
80 507 251473
30 594 257285
15 165 260953
19 53 266741
35 922 276485
42 573 276490
15 414 279550
39 356 279590
42 208 292987
23 146 308646
66 654 312827
40 164 320101
51 348 321239
39 714 323391
28 585 327943
83 699 333673
58 456 333987
22 133 338330
64 55 339425
10 340 340671
12 258 348023
45 695 348381
3 155 348927
36 291 367820
42 977 388020
79 186 388642
11 254 391751
69 25 393218
22 987 393650
87 663 394801
3 512 394822
51 242 400834
15 878 405180
42 0 406407
38 572 407945
75 479 409060
19 200 414661
34 59 414844
89 10 422612
19 696 422755
34 623 431792
36 144 441090
69 674 441961
41 765 445212
88 247 454106
20 751 455522
45 482 461891
84 660 463686
81 733 463701
51 396 463937
29 362 465689
36 968 466378
38 685 468812
70 899 468957
0 449 476609
62 106 484919
81 973 491034
63 19 492130
73 219 493541
6 896 498594
79 495 499612
55 99 500401
47 351 511567
24 257 512769
37 902 518197
11 402 519006
66 882 521033
58 341 525058
82 942 536297
82 972 536542
91 340 538442
23 4 538801
78 361 545980
13 423 546104
87 175 554564
31 703 560178
88 5 560714
9 218 565847
83 112 567037
3 650 578270
1 386 581043
78 926 583886
87 89 585066
11 342 585252
21 950 589689
63 480 589990
11 1 590218
46 946 605684
2 85 606013
40 829 606687
13 236 609423
85 391 612187
72 178 615876
7 432 616475
62 774 621234
13 232 631993
24 757 635491
74 801 641215
40 646 641559
40 117 646262
1 847 649057
14 89 651914
20 192 655786
22 404 659280
86 704 660803
15 980 664578
60 247 667218
91 326 668035
84 660 672533
56 55 673154
44 450 674570
64 552 675815
17 245 685587
62 367 687567
41 235 688617
55 96 688967
33 102 696477
5 386 700531
3 136 713992
14 92 714288
64 66 719849
47 902 721706
37 920 723241
9 305 725870
9 495 731325
88 55 733208
88 943 736280
20 593 740762
88 567 740906
79 163 748501
39 77 757814
77 215 761926
88 387 761947
53 782 765049
16 378 765483
60 86 783415
52 366 788793
18 687 789699
33 500 792394
68 416 794344
67 511 794731
69 745 799184
7 941 800449
47 144 801543
84 601 815229
11 122 817809
67 595 850269
24 272 852545
44 1 855206
12 839 856404
29 242 856732
86 652 866817
16 433 869386
73 448 876093
23 198 879771
87 661 880756
48 955 880906
41 821 886571
37 285 889076
15 800 889292
72 474 890071
89 528 891490
80 349 892298
40 562 906629
23 105 910199
76 925 914536
73 857 917992
51 817 927469
76 313 948614
27 23 949243
65 367 956247
4 91 957227
82 391 964530
55 966 965348
7 461 977469
61 297 977688
62 362 981683
16 68 982975
22 748 984560
41 243 988452
32 539 991611
74 680 993298
25 910 1000994
71 153 1001920
14 709 1002315
21 20 1010926
8 647 1018262
38 160 1028875
62 517 1055402
44 178 1058856
17 699 1059627
70 848 1063185
30 531 1068967
54 478 1072225
90 582 1077461
88 936 1079428
62 627 1081857
81 336 1082335
8 236 1088057
16 878 1092141
46 835 1094231
8 664 1095956
3 955 1096415
67 751 1098404
0 778 1116674
61 900 1116760
55 811 1117420
47 150 1119848
22 168 1120086
37 327 1120124
15 929 1125465
46 406 1130617
87 818 1133917
15 851 1133935
19 782 1135156
79 314 1141664
59 719 1143618
45 501 1147915
27 182 1148078
7 837 1157453
81 48 1160259
88 152 1160456
13 297 1166371
27 726 1169942
3 480 1170828
79 657 1174126
7 526 1174728
3 937 1176505
41 336 1183042
3 89 1183158
39 831 1183297
11 576 1186136
75 252 1186695
31 856 1195272
7 862 1211097
45 554 1211248
87 179 1214577
69 567 1216096
4 845 1225381
26 625 1227970
1 670 1236938
62 814 1238096
30 484 1238805
42 547 1253642
15 54 1253834
2 418 1265218
62 424 1265918
88 205 1266097
17 164 1267016
26 480 1269064
39 565 1276200
1 38 1295717
58 700 1301705
28 297 1304123
31 396 1307171
25 486 1309853
29 531 1310263
37 306 1312302
46 519 1312644
76 995 1319152
62 345 1323196
36 474 1325263
64 333 1329855
76 372 1334903
67 739 1337989
29 151 1342801
61 113 1345203
2 545 1347954
43 955 1350894
1 627 1356120
89 232 1356188
36 437 1358521
91 835 1361241
39 449 1364963
45 939 1377649
57 980 1378942
13 369 1381234
30 913 1381819
12 116 1383716
81 513 1395278
20 1 1395494
84 299 1398925
12 166 1408780
83 679 1415771
58 429 1417233
1 664 1417524
7 777 1417779
91 954 1420362
67 915 1421344
44 608 1423342
3 221 1431605
32 525 1432184
86 514 1432865
5 554 1433484
17 100 1437369
48 23 1444412
82 367 1447346
72 782 1455389
80 104 1472614
31 644 1474219
54 83 1475019
40 732 1475359
83 718 1476507
16 329 1476760
35 634 1477842
46 442 1487554
50 704 1487692
87 711 1490297
39 315 1491273
72 259 1495284
90 204 1500102
86 140 1502986
24 642 1506035
9 163 1508186
3 724 1510575
46 128 1517994
85 140 1521854
66 630 1522908
17 590 1523013
36 683 1530603
30 956 1530691
33 210 1534509
14 423 1536999
7 865 1538831
72 711 1543711
50 629 1544927
21 560 1545005
46 625 1546520
35 782 1553190
4 383 1555084
78 158 1556216
47 259 1558918
81 691 1568819
58 183 1575546
80 626 1576450
20 47 1576808
51 585 1577413
52 32 1599192
89 837 1602580
40 667 1603743
0 544 1618501
32 191 1619018
49 9 1628783
47 631 1632714
37 866 1635031
87 796 1635621
76 824 1636457
19 12 1643915
35 578 1646341
71 487 1648090
68 795 1649548
56 278 1652902
20 222 1658147
44 154 1658398
11 269 1670475
11 827 1675189
57 478 1679644
10 988 1679774
81 972 1690224
39 229 1692813
64 449 1697444
24 133 1710118
49 814 1718894
88 380 1719437
84 800 1720490
25 269 1721710
55 114 1723747
89 36 1725130
43 144 1732419
49 362 1733224
27 537 1733650
82 431 1734799
50 990 1741563
4 605 1744766
25 873 1753901
6 638 1770805
15 819 1782775
46 888 1783025
44 603 1783470
66 106 1783597
49 618 1788751
78 732 1805332
81 640 1815012
29 572 1820369
23 761 1822373
88 51 1830951
87 250 1832425
8 642 1834083
0 522 1835742
29 6 1837122
58 929 1838339
12 196 1838388
34 764 1843996
88 507 1848657
56 413 1852086
16 873 1858105
89 801 1858933
69 254 1859531
77 60 1859827
40 432 1860351
44 868 1863807
35 172 1863838
7 496 1864878
61 622 1865577
14 700 1869440
49 226 1870630
65 902 1871661
80 455 1874337
44 611 1880501
63 309 1881215
58 582 1889890
48 574 1892822
80 201 1896863
21 410 1898204
44 463 1902652
80 254 1905054
55 752 1907899
0 901 1920688
70 317 1923051
68 648 1923437
70 392 1925396
49 829 1926326
26 964 1932482
49 150 1933768
79 320 1934357
45 31 1937429
14 899 1947979
68 700 1954023
4 609 1960190
34 37 1971787
15 246 1972010
83 142 1980742
64 369 1985655
88 308 1987260
70 76 1993529
68 567 1995491
53 691 2002268
58 680 2004626
0 701 2009433
29 794 2010213
90 691 2016047
54 481 2024766
62 59 2027362
49 99 2034699
20 517 2036234
20 275 2039832
53 892 2044373
9 725 2048647
85 459 2050009
82 797 2050959
51 962 2056443
49 103 2059085
1 14 2060274
8 153 2062276
57 430 2064209
55 924 2067544
42 497 2069198
5 340 2078257
66 268 2081499
18 74 2083738
7 563 2085688
52 641 2097705
19 828 2107229
48 168 2109559
12 424 2110636
42 827 2110829
32 352 2111286
50 415 2114416
12 150 2114538
6 271 2114735
79 860 2120151
39 364 2128581
30 108 2141976
87 67 2149504
49 510 2160973
72 418 2161686
61 236 2174878
51 65 2176770
30 177 2181417
40 473 2192486
5 909 2202680
22 224 2206597
5 193 2214607
57 743 2221854
85 881 2226252
52 752 2230201
3 559 2234879
88 144 2236351
43 678 2238961
80 624 2245508
9 641 2245944
25 707 2247736
16 222 2253674
53 783 2254425
11 924 2269953
75 504 2272374
22 582 2276476
56 277 2284821
57 513 2285138
31 997 2291793
64 837 2295798
84 782 2296325
33 732 2297803
26 825 2298687
14 57 2307388
56 730 2311440
69 233 2313989
2 486 2315940
52 172 2316855
31 255 2325026
1 419 2325387
61 843 2327548
29 178 2328632
9 227 2330151
49 674 2331625
89 682 2345512
41 94 2346198
85 838 2353916
73 811 2364380
7 354 2364662
84 591 2371440
67 494 2386417
13 584 2387950
12 947 2389642
32 529 2397930
44 897 2399121
56 468 2403479
56 415 2406052
89 70 2410057
52 110 2411129
58 165 2415974
1 147 2418810
13 664 2420315
41 833 2424510
57 465 2424525
27 850 2432662
44 605 2433467
31 677 2446039
2 441 2446171
79 769 2446852
5 885 2449027
71 121 2451234
84 176 2462334
44 79 2465490
9 641 2470566
66 150 2475407
54 96 2486394
0 336 2486535
78 716 2487107
35 28 2492497
8 818 2495809
21 52 2501508
85 379 2511741
76 466 2511829
15 846 2519512
76 999 2529026
21 505 2530802
47 604 2533207
4 355 2534569
86 752 2542649
43 390 2547033
21 313 2554419
52 624 2556930
20 15 2557376
18 173 2559333
16 973 2569107
81 820 2572432
7 570 2579938
51 567 2588396
73 971 2593930
77 142 2609682
24 958 2612025
12 855 2614909
66 608 2617251
28 726 2622974
54 610 2624011
4 346 2631752
69 690 2638131
41 664 2644889
85 150 2659081
72 534 2659997
62 186 2661396
30 652 2667521
62 160 2675405
79 40 2677472
19 440 2681434
9 335 2686912
76 385 2693309
3 304 2697272
25 336 2702537
18 104 2703116
76 411 2713267
59 580 2720195
7 447 2721239
10 168 2722326
3 393 2730337
16 143 2731911
25 140 2734200
25 11 2736671
52 785 2740088
79 771 2741857
88 838 2748071
27 102 2750317
67 240 2750966
90 715 2755282
55 820 2755305
34 855 2776543
81 340 2788955
50 423 2791403
59 687 2800553
77 107 2801661
66 822 2808466
25 74 2812432
59 652 2822461
56 563 2822625
4 426 2824531
5 728 2836264
66 399 2846093
70 56 2848744
36 72 2849322
47 196 2851184
1 555 2859189
58 276 2860871
72 305 2862207
49 635 2872230
67 856 2877359
33 982 2878826
64 997 2896386
64 605 2903835
67 671 2903837
39 838 2915556
73 922 2917910
79 743 2921553
74 354 2923205
62 917 2927387
1 830 2928415
77 291 2932219
61 352 2934285
53 255 2935345
85 451 2937284
76 265 2940345
41 702 2940604
43 283 2942272
57 381 2942605
89 177 2948166
81 229 2948899
81 497 2950845
19 772 2960330
12 162 2962662
86 265 2963238
23 160 2967195
53 40 2971190
48 471 2971660
30 683 2973462
6 393 2986916
25 836 2999554
55 76 3002471
88 948 3003390
79 384 3012325
88 876 3012574
73 85 3018332
68 336 3019047
69 143 3020251
10 283 3024228
90 830 3026477
54 760 3026862
15 351 3028209
65 97 3030276
60 798 3032298
49 356 3032674
17 518 3034414
20 802 3049230
62 270 3050481
7 451 3059150
26 920 3069915
1 144 3074293
37 540 3091601
71 27 3092903
54 250 3095554
45 432 3096249
6 926 3099277
48 380 3106162
5 855 3110708
76 77 3111726
66 193 3114086
44 464 3123382
55 102 3130518
72 67 3136871
38 632 3145706
29 673 3146311
55 163 3148398
52 978 3152561
9 125 3152862
38 502 3155732
75 730 3160123
59 711 3162210
41 83 3162788
1 793 3170663
69 381 3170894
43 37 3172171
51 217 3177673
53 874 3179463
20 853 3188447
38 734 3191971
56 286 3197851
20 515 3199685
68 396 3207515
74 831 3209175
50 416 3211078
20 622 3212655
2 771 3219469
37 997 3221569
78 658 3224063
27 177 3227977
80 135 3228494
78 189 3235107
55 289 3236645
90 456 3237643
12 354 3243811
4 114 3246763
40 575 3246890
84 106 3252773
11 491 3260993
61 87 3262511
24 639 3266241
59 906 3267936
9 695 3268239
54 663 3269008
50 423 3281515
84 350 3284825
76 442 3293950
59 982 3303030
88 976 3311055
87 780 3318107
35 351 3327888
4 206 3329224
29 922 3331620
46 55 3334087
8 135 3338022
41 844 3340901
69 458 3343028
82 932 3344377
33 761 3351188
81 333 3351249
49 877 3352079
48 490 3352111
35 846 3352140
81 822 3370518
69 698 3374623
34 777 3374652
9 143 3378000
64 159 3378546
78 897 3380093
62 532 3382704
58 302 3387741
59 30 3396235
16 270 3396815
44 407 3398631
23 207 3399991
25 588 3404585
79 374 3405579
76 758 3408910
66 193 3409837
82 827 3417179
49 623 3422190
82 406 3429624
38 959 3433255
35 152 3435744
77 294 3439944
58 238 3455363
1 726 3456787
2 336 3462169
73 505 3465807
33 866 3475114
78 783 3475211
21 503 3482723
87 979 3484821
12 894 3487910
23 108 3492047
83 46 3493994
53 821 3495623
75 306 3495970
33 515 3508551
57 779 3519144
5 530 3520079
34 939 3522363
70 669 3524608
36 371 3525433
57 845 3525635
91 759 3528440
5 35 3530967
46 125 3539178
42 943 3546986
16 176 3552784
36 416 3561405
66 90 3563143
43 835 3563349
86 0 3564305
36 825 3571852
27 668 3575424
20 983 3576907
75 158 3585366
49 529 3588183
7 982 3589464
44 87 3593710
1 694 3602461
55 304 3610675
14 591 3613121
3 235 3616502
54 916 3621010
9 585 3623917
39 661 3624331
25 284 3629671
8 37 3630760
20 150 3646287
36 708 3653476
35 512 3657169
83 942 3668415
90 949 3679880
47 341 3681761
13 159 3693229
1 984 3695276
81 359 3696864
83 727 3703365
50 300 3704232
39 373 3707173
68 374 3708262
61 506 3715487
53 235 3723214
78 996 3724075
33 522 3724339
23 995 3725602
72 840 3742170
56 992 3751141
25 887 3753849
25 242 3762317
12 598 3762621
19 447 3769387
9 721 3772835
25 461 3789868
44 435 3794605
71 953 3797620
46 123 3799882
71 780 3809399
37 599 3814281
54 871 3814770
25 382 3826353
2 719 3831461
49 457 3843353
51 928 3845497
86 516 3848552
49 848 3876379
86 715 3890979
10 419 3891676
77 20 3895335
25 456 3896120
72 602 3898052
30 360 3898353
31 961 3902302
91 728 3902621
45 324 3907040
22 375 3908261
90 476 3911296
67 832 3915120
31 233 3922216
66 971 3927625
80 870 3930519
27 174 3931996
4 621 3932597
91 246 3941522
61 406 3944986
76 234 3945299
87 44 3948606
46 537 3963746
12 536 3964048
4 518 3965116
11 432 3968789
70 662 3986301
65 634 3993182
44 469 3993673
29 147 3994051
56 370 3994548
73 765 4007741
87 302 4008416
7 240 4009668

642 2094034 98252938
383699 329444 169250
1975888 692804 207139
1775536 505709 279104
314322 442657 552535
195317 478961 596407
625499 693853 770342
34945 680423 795644
1936159 987213 923423
255723 787834 981468
178078 68109 1031665
299354 977472 1085267
1639499 398767 1374520
810767 440654 1403645
1734918 465397 1445712
1643802 611963 1608217
1107289 851530 1975480
499567 401838 2167538
336147 565113 2321468
810110 733752 2418837
331736 550009 2481880
529822 493740 2489617
351703 137413 2584237
2008768 84114 2600702
830469 515642 2876060
1236437 471849 2955723
1314961 127023 3596731
4577 293599 3798285
1458638 922019 3973187
1850966 465838 3989925
990229 62857 4158969
872506 294223 4686879
430534 336601 4968737
297453 311698 5142462
1476946 887188 5158127
1403621 120004 5160392
321429 190018 5162116
627693 245585 5219370
1590111 344257 5226190
1533268 215234 5340896
1189696 435885 5607837
1174978 460605 5670055
1287502 731434 5715262
54312 280172 5951046
1996818 374656 6044188
581351 696333 6214845
498644 528827 6230023
293292 411740 6251394
156244 829741 6464271
842555 256750 6590879
1166394 278422 6614007
1721985 15925 6639987
687728 572687 6853528
329235 933073 6912302
1010237 710698 7201176
981009 129721 7485941
1952567 381896 7761232
963579 825207 7786117
1424290 486701 7787498
243386 801812 7805206
1994148 207453 8101830
774406 90241 8196041
1744801 809621 8302596
1987640 149990 8677386
890140 288388 8682876
602201 959010 8699394
189551 243248 9193925
1627693 250397 9201436
1136441 130560 9225774
411733 167824 9345371
913968 582247 9516546
1960779 677104 9693495
1134491 436892 9700046
1068093 293397 9757927
1000479 300957 9761735
1214331 167837 9770390
1309384 618829 9774753
372404 637101 9832529
1656596 843718 9871281
816110 86506 9984626
1011914 940022 9992109
1448579 85734 10030619
76366 910948 10075951
1162575 518298 10289652
1540626 962494 10423152
865703 60039 11090399
99839 935501 11258034
564582 502108 11258576
1955751 76821 11290625
931682 731348 11292090
437593 389199 11442480
1103451 303896 11457469
321934 835954 11478163
169641 11513 11637702
1193325 669187 12307121
1166909 774144 12590878
1736158 483684 12837338
678560 246167 12905049
1086196 25502 13236682
1638227 377454 13570396
1768360 333975 13571650
408293 333733 13664240
1602458 664140 13668894
208552 133132 13759185
304274 481821 13893408
1901650 209130 13939384
771268 617383 14045005
480865 971413 14267004
896696 558653 14639310
1094273 963458 14854065
2071142 368340 15352271
1347375 249784 15464848
1108348 366466 15472789
1958845 278555 15610025
130943 417379 15729897
1965598 108668 16052449
1934559 865717 16066325
678541 714327 16113255
451133 677759 16123066
1403137 580133 16353809
1766802 873575 16409220
288711 528363 16471105
538445 550469 16507681
1242121 940582 16636459
1863417 755347 16648108
879116 589848 16756768
2023226 713144 16859153
960410 840993 17061574
489041 365333 17136761
1115942 159103 17221884
1778608 473261 17556429
1425525 389713 17623635
1031060 667247 17700404
966242 407574 17931647
1285243 623953 18150615
887774 715597 18316834
713469 584078 18716073
1667237 80179 18774322
2074149 172624 18837778
1211297 825440 18891972
2063214 576710 18943337
587110 15504 19269765
670703 908392 19341727
1330034 702494 19343003
1643937 905317 19518960
1538695 309443 19612037
91246 225272 19891577
319211 547973 20424234
197939 39420 20631379
586176 509030 20667673
357190 975982 20670182
2039869 219748 20691516
394564 111909 20855121
907058 962874 21166085
126764 398267 21184151
1080871 279084 21327942
156082 162523 21423678
633224 914375 21452452
186364 848267 21651588
2010174 25729 21876162
1793463 989958 22152136
730893 98459 22366386
933518 890239 22587696
127219 622440 22687850
624022 249561 22947341
873244 1208 23417868
1036207 508983 23530571
799362 835895 23606361
39482 10865 23724511
434829 525619 23838287
392968 234556 23892361
464023 49795 24074274
1466050 286134 24154800
182093 611276 24214556
314036 347776 24257852
1981990 711141 24292720
613000 994742 24497117
2012054 505506 24553770
249591 105181 24613103
861790 944433 24722212
2003173 233653 24989092
1435846 33794 25220737
1745099 2819 25305176
1787386 830601 25353053
783254 706035 25406260
1804443 996820 25599321
1701050 171736 25696731
1215715 653408 26015703
1423323 577433 26168143
222127 572603 26564770
2077957 295635 26646562
178679 357428 27033798
318709 258119 27176272
1113864 572133 27226241
1965316 731286 27253810
2091800 384668 27274899
163452 60256 27350798
589122 273029 27417642
1899342 20543 27541253
1101949 38730 28171367
1354023 94881 28357756
1582991 90732 28954133
1097150 919899 29297040
706651 458370 29349641
331915 405325 29389780
958104 458036 29426301
2069436 412557 29490147
302380 354193 29505367
70796 662013 29558796
773325 1221 29591242
367270 901467 29607433
920382 935966 29733604
1503173 823146 29756505
1274153 212234 30825929
1205384 150585 30959877
41056 981457 31009285
113340 415112 31202960
1474735 294617 31215454
117977 176954 31939060
1346055 574226 32084020
662950 708021 32193045
2016092 258680 32262867
1374534 906840 33083093
2033630 302522 33172927
1671819 156420 33771385
463237 127028 33868915
1262023 149151 33937971
1932761 133971 34177219
283127 480105 34229261
1718422 426058 34366401
283545 310876 34461836
1587305 79013 34551723
182114 753281 34707272
413873 622572 34721571
1532228 316103 34732887
1711004 665223 35135039
147086 917230 35245910
1338104 979164 35425820
1237116 364620 35511500
329088 392116 35523493
1440693 155967 35952899
1632588 913040 36736374
1281997 169662 36967699
252524 983627 37068472
2035881 955000 37706125
46911 931801 37713001
939581 841021 37909001
1456464 215314 37930079
1629266 702420 38157028
1758775 748404 38744708
1979656 597155 38788023
1701869 442836 38811257
1937500 15476 38944609
526343 125236 39005508
1024285 362713 39191863
2065001 250625 39309946
30868 138161 39344730
676719 146484 39411209
266225 236789 39427353
499970 971057 39480800
879797 735889 39522096
1852243 630524 39552389
908698 719294 39806127
580123 330555 40023371
728249 796479 40406574
53177 590273 40570041
828650 706320 40570552
1607367 387514 40631736
829450 526170 40800772
1447044 570972 40805384
222682 110544 40944676
1760212 498341 40968367
1550393 245189 41026561
99739 885269 41141884
729578 395407 41496123
386851 948607 41662468
460675 534231 41714536
1129086 945505 41775359
1023098 444710 41863940
523696 73017 42130521
1434420 405404 42421979
292846 952344 42499680
938283 607108 42537994
1924003 52277 42639467
1222996 358129 42983767
538525 366748 43021886
1866539 308922 43360251
1541548 966557 43420726
841493 871236 43504185
1984190 762582 43577987
342871 892325 43603549
596974 3797 43981518
1301884 300310 44006408
900416 288890 44019916
1263560 454598 44290399
553212 147148 44385790
320324 553501 44845802
1641607 366755 44911226
548868 655350 44920085
1316682 298357 45322837
1561730 324089 45380881
599697 196231 45470632
1577377 695113 45471053
1265545 566048 45552325
1542054 843758 45920872
312906 834225 46065124
2057456 471184 46093155
1255917 470797 46387044
96224 7251 46525081
1586023 412747 46740619
1121990 344848 46921593
2021551 798951 47371629
475504 72190 47604228
1923585 73997 47731135
1975921 319438 47792708
1719182 325566 47830313
1149126 225475 47858740
1070637 602837 47913419
1795981 281405 47950112
1067625 851565 47986505
1961066 45425 48217534
1775522 831414 48420959
1993236 762831 48530473
541381 906992 48890573
104694 697614 48899281
1999593 875343 48914553
969983 136895 49044960
1794137 461833 49175133
266283 760899 49221380
597116 685959 49323700
389032 389708 49425777
1398209 412413 49504715
1450926 979839 50095794
2083252 909111 50119113
1833872 348664 50232888
417637 106098 50405465
1317879 360805 50772802
251771 174918 51162901
1478470 175874 51709513
167262 478048 51726843
1377904 769139 51893324
953062 811921 52018057
677438 640022 52197625
1033642 209393 52253858
409203 471699 52266291
1582026 641281 52380447
84845 871192 52606252
852642 350554 52684617
563855 717452 52832530
994944 822023 53013972
264687 611920 53057870
1580465 823026 53089417
116413 572975 53098844
705226 433562 53345366
1513493 921174 53667164
970400 772346 53878167
330624 787502 53963788
2022755 109747 53989764
1230295 583978 54100061
1827810 638954 54546453
901236 682536 54602774
1258592 994290 54779437
1417499 97595 54912709
1670192 914064 55049569
24501 201994 55050061
211701 359931 55293775
1173179 252799 55893852
1041393 744198 56104329
156973 245178 56127596
411540 992937 56238553
1748427 734919 57015888
103839 231943 57386329
1402596 903863 57514726
315744 536599 57643147
165511 127579 57645567
2052816 221522 57747125
548739 422434 57943524
746708 43518 58031880
1838569 884783 58061108
746249 56240 58171896
360394 550849 58286614
1829319 948769 58349996
1121204 46535 58407870
56046 326923 58425876
1277171 612018 58426206
1928728 64307 58581934
1713212 828710 58586738
495713 428277 58763723
3976 248741 58804403
523745 291010 58831524
1166425 285979 58997539
1708158 23557 59241526
883862 979649 59309779
1401387 720475 59552982
988849 287749 60059668
1260694 357279 60132952
383919 345772 60205333
120844 741291 60208967
1125573 116155 60246775
1311698 333516 60409877
284532 445358 60603585
680065 846222 60897548
76283 187467 61149891
1982365 270752 61225222
1816247 444203 61326342
2086797 288220 61386067
729593 528732 61415862
415585 912232 61501251
1582540 908063 61559549
198257 520327 61592805
2013630 769803 61609641
239492 315551 61751174
2047438 999562 61831157
682288 234115 61962353
945279 860322 62025209
1670954 456263 62033265
1200801 888269 62453689
710678 792465 62945613
1508344 284978 63137498
1193418 656308 63561745
171563 532053 63649360
624550 59699 63746490
2043271 952877 64061184
2058198 796783 64108806
224092 13691 64387010
1729217 130436 64654433
643820 799999 64812535
328833 704694 64930762
1156298 116240 65018290
813745 656662 65121358
1627216 198974 65292360
974528 549501 65298589
1655150 74866 65341442
1481823 134497 65627332
1509533 294192 65821516
883979 280614 65833397
280979 660485 65900389
1197606 123311 66132656
422579 913124 66147599
237672 312535 66509843
1862423 312646 66604985
1260911 617707 66644668
23892 817683 66739016
1720240 753793 66775419
1738279 995482 66970602
396911 944902 67067922
43882 394926 67335925
1238498 106135 67558716
137801 494115 67667964
2079802 242548 67769443
716398 541304 67896484
1255759 40964 67921861
1256868 290464 67928644
702588 323942 67974364
1038641 85774 68570914
1843270 268320 68607297
1349632 780128 68755468
1189560 209254 68924030
422870 971434 69227135
1338408 623714 69320691
1835983 558002 69419081
16042 211590 69469229
532861 612375 69496744
1663660 963930 69761902
18860 909630 69801338
1206315 431906 69889882
279153 988587 69932325
1655179 487061 69948875
150935 467002 69970627
1346723 749270 70208760
1406660 748061 70237316
540164 579613 70342419
1879568 806331 70370418
780456 69122 70549621
949631 362840 70719016
2027852 911011 70885597
1080051 712973 70930314
1024044 435368 71252746
299796 828090 71345385
525143 541759 71351198
1489959 207328 71393133
631064 509609 71485559
562426 692669 71854136
1743769 781346 71859238
324764 900488 71922141
440688 359449 71955508
1572479 12371 72118495
728105 233959 72150996
1584666 789772 72534959
2002227 578438 72606521
276199 200379 72907004
404454 277801 73009189
224609 399836 73066877
1758061 297401 73097518
710898 138990 73356325
1955523 16459 73485918
1697518 724545 73677265
655267 381094 73756772
1217901 188559 73859026
618007 859205 73876760
1327749 162946 74306305
944545 717066 74375452
1054609 189748 74415259
546695 408475 74689306
1176607 830136 74781097
1053231 501972 74789202
101425 300884 74913091
1664116 291209 74979427
1094658 184970 75091059
887782 601905 75092164
467994 944865 75390543
499804 557013 75883948
1619670 92237 75887263
589152 665755 75960130
1360844 326861 76145059
1235795 646558 76220445
681331 597487 76643655
1369634 152466 77017859
477764 644688 77275047
1340237 284031 77428513
1372339 759290 77478203
1798145 947515 77640927
1180268 364810 77694536
1936188 585946 77869626
570562 547984 77942023
1134345 430889 78002805
37533 51827 78124260
989665 939731 78357068
364533 330171 78444259
1581993 139175 78525138
1555383 448207 78633599
1908115 905700 78665124
1055110 113934 78803401
92480 948282 78943879
1030449 357627 79280780
1853514 275190 79285865
2014418 725738 79439355
835173 644567 79678875
1429584 209936 79685224
1490577 683997 79792681
1276962 100093 80439268
745328 95083 81008641
1430276 181124 81105863
617641 474709 81254088
1385992 107980 81278338
481284 295577 81391464
339815 970854 81422899
1906909 573156 81449151
228732 546114 81719699
124318 215265 81844939
1424576 490025 82062705
794517 835238 82065954
791472 411077 82079308
321063 594681 82323333
1195800 746178 82490873
1936709 208010 82584502
786944 771157 82598769
1200108 788339 82639673
1063387 536263 82641322
1381020 532795 82726409
1773508 169474 83029903
1409737 563609 83322171
178111 691940 83337656
184402 591361 83346200
1105018 942952 83856423
230163 816456 83872135
1143788 42479 84179097
1246687 459164 84304681
1316812 784906 84351872
1021117 238023 84475454
1374469 495821 84503859
1171015 523588 84615951
588916 635287 84788218
743851 195068 84795139
451043 177047 84997799
495174 540922 85238842
665885 383377 85257813
56237 912993 85422926
28255 282090 85494400
1066389 759375 86926397
672038 620359 86992195
1287563 70683 87739478
502793 196140 87856129
272755 859681 87915729
1084234 546653 88112475
1878448 564085 88166059
1461897 957647 88184372
1764862 665691 88433491
1649422 198863 88521223
852526 339874 88534545
1648427 506985 88683280
1890086 622956 88705898
1978591 112783 88826637
808466 904382 89241750
36258 977687 89357814
1589779 337689 89429259
1430396 32897 90502012
233644 648025 90566590
1893760 20371 90874378
627351 215006 90907713
391531 407890 91081359
1971063 504750 91395270
592067 978011 91460587
1593756 729374 91606785
1524341 375413 91823942
984041 853465 92108771
919635 361769 92234857
83253 994110 92434802
1797726 26608 92455928
2024552 266589 92529304
1173884 454061 92671262
1217165 564737 93250434
1044082 603590 93608169
1604128 979789 93653716
1419169 279554 93674674
1933884 953899 93820769
1771336 117451 93847471
1131991 797533 94164254
242650 189895 94175006
1618187 707888 94487787
727522 934043 94673792
537396 50901 94699632
842302 1375 94700898
2085007 714113 94742231
904099 741674 94768499
1024403 932780 94910797
184737 204806 94922907
708279 936409 94985030
1306146 920006 95325344
280460 545115 95601741
555713 369156 95828024
1844510 731723 95836328
2023085 423574 95855391
34657 739085 95970425
319124 225917 96645577
1712690 417131 96688432
1718134 180748 96786018
1957734 418349 97301504
1798640 798847 97334743
1020260 351025 97400972
65894 658078 97539475
769870 265278 97543733
117016 133710 97894148

572 4202995 28750701
765936 360911 56654
754403 457365 58613
3713573 950717 78304
311932 898250 127640
96021 917403 137587
2276924 691435 213133
398368 1717 224227
3043589 177633 298716
646186 524621 361931
1739228 577574 448585
3267081 222438 462882
2273510 85213 528983
2646658 608604 600998
665807 3827 602696
361448 17330 606353
732011 855928 672995
2332670 763978 703045
433335 948317 766522
1685572 266178 784774
415110 748783 816623
2449341 788573 833640
2701764 532415 948318
1464009 139519 949028
3979941 778781 955870
2659512 12000 1102422
1585892 531015 1110818
2010000 434396 1111362
2736744 591766 1118172
3917713 226569 1192570
1091443 785707 1208196
3832310 186058 1234352
2383254 472963 1256186
3877381 940579 1303111
2738410 887622 1394304
2722349 335911 1398734
2696066 931033 1399666
2777025 32353 1422061
2604894 795148 1430084
3900537 633026 1555349
127304 202549 1671243
1840649 755868 1766378
3156200 986037 1788038
3858121 874630 1788890
3101442 748632 1803474
2983113 297558 1841986
280708 511249 1842049
3672916 268736 1857019
1810648 550043 2011380
4107400 835279 2047118
2605928 665968 2113387
1570345 524197 2124953
2135826 311123 2196364
3397272 523422 2365479
1480658 338704 2366531
632828 261975 2451343
1022136 989651 2469473
1456593 721836 2480530
980590 324586 2536916
1433875 971084 2580686
2332099 568688 2595075
2527879 744349 2627091
941630 125923 2699849
1615133 509263 2802705
1633617 912369 2820914
2636971 637573 2827526
2096507 217160 2917079
1773800 372024 2927778
3755044 684981 3120415
2019749 284186 3136079
3291386 306986 3153410
2527934 373788 3289205
1010793 648918 3325080
2556582 201742 3334275
2204756 103818 3335500
2981613 955310 3351137
1049208 126284 3484475
2541042 611706 3577617
1904978 589062 3614779
476602 707633 3696565
1855772 444802 3732913
1772922 672912 3742235
3676693 92609 3883570
47431 215694 3917528
483989 305699 3977480
1400255 415226 4017688
100332 580075 4054028
3011830 290800 4105345
2072004 220603 4233143
3875013 899492 4236766
1559870 856746 4335876
1995212 558870 4391401
330389 386397 4443404
2347596 839975 4456797
1973924 952233 4506748
567912 373423 4536160
1212426 137892 4572178
847685 150097 4583288
1333051 639655 4761896
1436339 832543 4838713
3883902 25148 4892690
3666734 478242 4949307
683295 506872 4967310
3660112 728799 5030459
500003 788988 5069959
3355304 770554 5075632
1942690 43849 5132761
1635210 317257 5226945
2159892 797300 5244166
2560363 266908 5313510
1120802 513738 5320623
1956272 706048 5362074
4090137 686170 5475244
2530109 402269 5488698
2298168 145404 5557315
256158 837629 5574589
1480499 115482 5587230
3062378 783475 5651912
3476076 407211 5667617
1122075 921057 5671872
3774836 412693 5753453
1828327 883965 5811383
1295686 663065 5819989
554280 422694 5843996
2771786 32045 5870641
3652101 391261 5873827
3013287 665170 5915284
1204091 368764 5964851
2592897 332550 5978785
3419057 917085 5995053
2546325 201090 6110836
3969747 995313 6213093
3027047 309444 6240906
3722219 514931 6267751
1684384 14295 6275353
2183161 839603 6513047
2910356 10314 6547200
4009670 27431 6547357
2391715 665326 6588782
1734452 376545 6621726
3459074 754849 6625970
1273278 222991 6631928
1632390 1818 6639713
2889678 916174 6647797
3778733 89901 6715095
1355999 261016 6778078
3709332 895713 6799854
1427642 985279 6842572
596148 222184 6853359
3243797 662345 6857655
3224757 473188 6858172
3929512 939284 6887850
227337 668259 6898326
2835434 270459 6909313
3388555 372396 6934974
391931 92648 6952053
4120172 175892 7015239
1729669 711853 7021797
1540208 902455 7045168
2330249 865220 7065537
2373937 565428 7212517
1787488 570068 7217465
2085454 957587 7220385
1171394 14891 7274886
4066840 605736 7287913
1679622 117263 7302426
1157767 505724 7328682
3142463 777722 7332591
3955480 211258 7357753
982136 736339 7468893
1217927 127302 7544687
3868731 127538 7575232
2289231 767260 7648122
4115254 493569 7668981
1737361 589707 7807129
2564612 263124 7843066
1891145 258803 7871108
4036741 9834 7927242
210740 591202 8044261
3088717 365026 8100808
1582387 395217 8110382
1232466 947286 8175077
2943961 565993 8186095
491191 886166 8203997
3548624 965630 8237625
1461537 320537 8243727
2769030 779261 8286252
1793090 876239 8440744
2835537 348484 8456795
2473476 656856 8514726
928201 869337 8525616
1249270 338349 8541172
130958 242768 8632328
2023176 124269 8678615
3980892 629848 8735911
1129817 883480 8770254
1573352 936717 8892559
3097021 508114 8929946
854134 621579 8936837
1146666 555328 8968709
2249809 269422 8979933
108185 371515 8997015
2019831 201096 9000106
2900959 748607 9033572
3676410 165759 9072457
595718 418424 9136547
3958256 105618 9143490
3405431 944457 9162806
208278 195223 9178341
1294523 630337 9226577
32812 645283 9283791
3049730 18899 9389811
3607843 174676 9423407
1519673 599023 9602516
97733 219122 9603705
1201408 53671 9639705
1143882 517087 9689491
792470 940389 9693768
1561985 213516 9713939
3328298 698945 9715707
2885655 914504 9767615
870813 881672 9937518
18601 45275 9966445
3916330 808192 9971440
2378091 764107 10044245
2332568 214682 10065260
3040265 529686 10151963
1992591 783214 10178805
4043779 611975 10231893
1217662 592047 10325931
3013808 650887 10335179
520583 230123 10347444
954762 516600 10348210
2442484 999207 10438486
1281495 693300 10447978
3346991 677150 10474611
2603177 255112 10506568
3882857 302908 10788022
271083 408522 10820691
1195432 793783 10844068
758084 968256 10938364
1581141 333535 11048023
2023933 272244 11212381
3417010 344255 11217822
1370760 144801 11280587
2077174 647990 11331613
337123 211134 11333653
357778 13802 11399156
2633650 47079 11576983
3531212 638274 11622256
1671746 650339 11670368
1741140 939842 11826084
1661541 963225 11833508
4077876 72056 11864909
2820856 246752 11996133
1452265 229157 12010504
2979833 159991 12019007
3590230 522532 12080534
1243596 743352 12127515
51931 143366 12200996
3781022 556280 12313430
2582786 486815 12330052
2143922 599018 12375492
886734 507852 12499500
470015 818363 12508320
2828172 186061 12550203
3515984 939087 12681223
2063693 828615 12683281
3752888 846594 12705196
577335 106198 12724752
3310163 968462 12731386
1937200 28888 12847264
2060087 340341 12849084
194794 911585 12940843
517283 502162 12979546
799697 415940 12981321
3106029 769868 12984833
2778707 783085 13065808
2106077 451549 13106518
1881425 908826 13118131
3585029 397161 13195138
1468490 183416 13199734
1581033 720804 13209173
114188 279220 13284346
3642781 330898 13311367
1030637 614557 13407780
4042347 336793 13412383
3782238 578678 13416220
4046681 810492 13437195
3857685 953789 13556279
225754 736818 13563971
2358229 693738 13653747
3298902 546059 13662875
588458 73369 13745830
3004441 839691 13817440
1817701 435874 13906540
2461263 399447 13943180
25825 155928 13943681
2369283 954685 14011739
3457318 608419 14018080
2891313 32187 14018980
1719985 964594 14039917
720772 333271 14061696
241161 624345 14075473
2562873 408045 14085480
3258977 355637 14129634
2911456 825404 14152319
2562017 731100 14189223
109324 81451 14305231
4076954 748691 14327894
1813899 201927 14463222
741067 841046 14538032
1473041 842371 14549640
1544510 786734 14612152
2030347 436002 14639660
1018294 493232 14670731
1897516 125151 14784240
2344458 689630 14830232
1172094 571942 14977572
264113 835609 15026004
1947080 27778 15088575
17754 423845 15297727
3425521 618758 15305025
1985569 174550 15358491
3808733 334258 15397145
1107821 727339 15476111
1371993 925774 15562988
3149699 380459 15584750
1762489 307521 15625028
2048604 760139 15649659
308743 425491 15699549
1655126 344414 15699565
3451280 356144 15848490
3665366 885476 15967548
3127653 998979 16013598
311540 363457 16082513
3393735 541622 16156027
2936561 620842 16159921
464788 922586 16221119
4102887 259961 16238213
3469524 700387 16390454
1470508 92374 16497321
2135658 514785 16573870
3229906 207027 16613606
1993441 464688 16647646
88036 788380 16655715
3691828 309104 16691291
2576285 183982 16734594
2566176 274871 16750539
370933 779684 16780654
531756 940911 16835372
3920135 935511 16844799
2029041 77391 16912306
1440047 736565 16957319
2224865 243958 17056431
1964796 250086 17059949
2863814 407031 17097349
1492051 88480 17155450
631559 548486 17156230
1998525 210445 17167018
3837593 549261 17290592
1036792 435063 17299161
1715743 424491 17351254
1035194 288379 17357371
3128221 85754 17369054
1558534 258255 17394349
3575618 376434 17396769
289657 116267 17460890
3573521 942632 17562720
250131 898701 17607274
7594 736661 17621277
1478422 875525 17648604
1914207 974774 17751052
4043622 522217 17766506
2572987 899272 17896536
3261836 785768 17907579
1236206 339726 17914205
2366782 603245 17990056
3679741 477554 18017723
4086540 568433 18072575
981288 263155 18137504
47923 534058 18140883
1146013 634814 18375141
3077018 794746 18432749
2001428 274732 18546299
1470922 818814 18552492
1105826 665190 18553924
3161382 680533 18782490
4059506 83667 18796081
3721277 815933 18798423
177096 797932 18881501
1115898 254797 18958134
3723523 501992 19025235
1732782 209831 19160948
1236367 118893 19310350
3521192 40768 19346464
3517938 362001 19421273
1901058 954578 19453803
700429 41476 19550320
1898787 81341 19638629
1816020 74214 19671045
3945701 319933 19720572
2391370 680024 19723841
1698649 852081 19739736
3706366 670846 19800364
3403934 518271 20120035
1351815 634539 20132058
2547952 539892 20157467
219267 35177 20179796
838072 373607 20234187
3926599 947205 20310625
3364583 302349 20373000
1798514 973857 20383009
3566677 113892 20398697
601426 426487 20464667
1642229 951121 20678167
2842223 910708 20686459
3683601 790560 20691482
285936 822412 20694995
1231490 608747 20701158
1496343 456067 20762666
4069736 883456 20802389
3897193 730939 20877589
1752391 986817 20989248
2018223 295921 21065450
3323747 596199 21071448
871576 414307 21200690
2322124 589909 21222153
2668552 343888 21281299
1327920 896432 21444334
2814458 588076 21457131
760425 376378 21486832
3897672 343153 21502515
2912087 908385 21511549
1877386 802987 21559297
3748809 782424 21658824
178170 322436 21696252
1770444 277239 21753513
3159231 651871 21758589
2321999 471689 21772269
1322194 530151 21829203
2583836 350022 21834274
3050943 489138 21847909
668369 88692 22021351
3777508 903521 22022440
3187014 342405 22085278
1361497 700558 22104941
1147952 504274 22135459
250036 381693 22181418
766759 806306 22197402
3737104 511722 22258770
1132138 523548 22359556
2612601 266383 22371750
1370385 483791 22441716
1027069 44287 22504939
3745941 72084 22586957
1498259 145679 22674264
1066881 911390 22717325
1407857 479046 22747159
1353866 411896 22788460
223557 243720 23013904
1759943 144508 23048929
1769110 128527 23060800
470548 36885 23097534
299668 997611 23104277
3499424 407024 23138241
180247 577757 23139827
3083220 277769 23158908
2022181 95594 23201528
1783056 224757 23284307
3992287 980185 23305559
3057294 259199 23396401
982819 580918 23492374
3890281 443685 23532046
1937732 646157 23622733
630814 111043 23688533
3482404 10464 23722954
2023868 590230 23745373
1844333 437497 23769329
6800 809329 23789029
1658154 288777 23800586
1063474 398939 23806555
3459215 374819 23819015
2251371 722218 23824002
2788470 844591 23932951
3931281 202329 23933746
1266023 975419 23936088
3818119 729427 23961084
2010827 837268 24047846
1281891 636313 24066478
4476 617321 24075998
352717 436177 24171741
1444624 566777 24174716
1181625 198415 24184117
3489915 112609 24267838
2967063 984145 24272037
502579 626994 24274199
1551700 699121 24314602
1643525 888052 24375092
1297698 461104 24402682
1309477 53565 24426601
2718858 896625 24472612
3893367 305517 24528518
1631468 92919 24774013
833237 77514 24800051
2027906 985031 25054417
1909125 689523 25078465
509095 394911 25081327
971626 560314 25085300
2091665 487157 25203217
2045730 426625 25238729
899145 701124 25303368
2675407 295177 25403618
1625185 404021 25426308
1850639 9083 25459620
862071 310940 25471211
1723842 596263 25582088
3402382 110090 25656339
2194857 981861 25724198
1317677 614503 25771545
3437131 419620 25792271
2842555 297554 25837284
3549303 970341 25847505
3199502 290714 25860656
2943018 728617 25952213
974181 96551 25956955
2279291 393198 25976507
1278805 211371 26040403
1998588 144196 26171972
2630077 341847 26263066
4091134 636163 26290388
3302022 258841 26293777
2040090 786168 26487382
3836809 700369 26490913
4170899 264437 26708932
1214419 177409 26738918
3982559 599961 26880538
3976152 766966 26990650
330851 33567 27051881
2610242 699130 27072861
707267 845475 27091313
305292 565730 27154509
248690 125636 27237613
3029999 601855 27268793
3353968 569645 27319984
1483513 451723 27363662
720625 970718 27373722
2076152 997556 27376483
889491 153932 27380167
1816481 419998 27385918
91977 611182 27484950
3221953 902402 27583084
2665533 81355 27672519
3385155 973899 27747096
2978432 665804 27830805
1378595 44243 27990764
1977452 377753 28106917
1422719 736029 28111512
3951462 293030 28144923
2842736 446389 28197270
817136 846068 28261940
3516517 733021 28293804
1293641 3234 28370308
1540566 7606 28396765
4185244 854913 28423023
2913877 73038 28433178
3281460 539156 28438896
666760 857902 28445698
2952115 618031 28586352
3310958 202407 28598641
2434988 742169 28631849
930302 281948 28641436
3930841 822798 28645737

619 1329635 43284962
355126 163309 71056
518739 211149 157595
1202302 220882 181328
1247119 790787 215117
995504 100735 354349
239560 521888 644437
457456 483977 821998
391685 458498 900068
91490 40532 973418
1150760 780619 1085882
1015305 452339 1195619
17576 383653 1233806
452261 497167 1258725
727909 173100 1400245
211534 612200 1473810
638675 432624 1499340
51001 122036 1540548
183458 596865 1562615
987588 669786 1598564
497471 114674 1675545
1212511 127295 1813797
269730 878314 1830795
28576 622118 1882873
956378 356737 1927595
826950 208014 1983385
442372 167462 2033936
730062 208493 2038254
1241574 2149 2055765
1099328 510555 2109992
890912 102920 2252005
1003075 84971 2294069
368574 336927 2455364
878602 196606 2578858
449084 411112 2589827
765732 600619 2740583
382507 479970 2765128
161080 424326 2879030
516472 454665 2949730
445953 995886 3177419
795920 830620 3209252
1214884 157877 3229344
34650 420336 3243421
849665 143132 3306741
1304619 882207 3349271
1209503 567673 3375383
344888 262619 3401514
880251 296130 3419283
684602 465850 3535558
556117 474209 3592618
1001095 543569 3689960
1043441 102881 3737851
155531 731281 4073399
524055 544083 4094268
979484 533498 4125698
92327 821626 4152131
698184 804055 4240593
1179104 883916 4242289
425975 194316 4424488
1102659 432074 4690416
270004 999221 4772706
463729 397273 4804399
568372 44744 4886160
1285015 400089 4916038
627583 828059 5005238
490365 667747 5064563
447889 245024 5213200
30822 975011 5242332
177587 142873 5299619
410742 545793 5366641
1101528 898721 5372678
737888 836923 5414922
8217 75541 5439993
1071005 286599 5499206
38051 488774 5500770
516160 59984 5527363
1042387 973569 5679099
480570 635312 5694030
1113803 456349 5811976
1046477 305888 5812036
220273 709536 5899603
946250 642655 5911949
354611 285830 5921785
667998 864110 5934204
652439 629612 6078746
666228 968870 6111729
959859 352968 6174221
331964 771042 6198677
499841 201771 6247002
366994 875181 6264398
1271625 683681 6361657
382268 666099 6539861
117562 238623 6560366
648649 788935 6662708
63905 139575 6728196
716937 480309 6880168
73268 419636 7131687
384613 349823 7190248
1147763 257130 7262110
653265 42268 7348951
293460 518620 7484768
332840 631260 7546306
417300 19932 7590283
507823 600741 7743263
49222 404465 7758785
868673 165664 7768436
203086 75643 7786393
310797 654224 8002623
1316391 509314 8169067
296358 160357 8236231
792808 959802 8307357
527425 698941 8430316
51010 470880 8469952
1307918 604867 8498515
691678 928356 8545084
1093203 876061 8605513
677514 656948 8625004
716208 608908 8725537
565205 419687 8794339
413762 733911 8834050
1193454 76584 8842265
12386 525367 9076572
75116 454349 9262520
743767 627224 9266501
1320950 690442 9306876
616715 16238 9326274
863198 544395 9350540
883079 638880 9401481
1043745 367062 9414280
977175 165659 9435596
698634 888097 9468398
578580 985976 9531576
59926 456877 9564107
487670 407718 9634955
1008033 888585 9666358
1102548 919947 9721221
682685 604524 9897628
113689 469735 9901255
568121 628214 9902636
329789 173775 9978963
874503 623011 9989995
829276 10246 10045585
867907 209339 10068267
877538 603666 10131613
691682 169586 10200426
84169 681068 10253362
507986 601871 10372107
298495 527790 10394866
1078958 57917 10422624
775926 287422 10454075
748969 709171 10485800
540623 859570 10526111
1211760 352893 10672718
1313070 423019 10677984
1264774 638981 10712471
378207 825375 10716248
561770 907278 10727668
589189 733140 10775149
788537 321166 10822861
991763 771635 10865205
1090126 813496 10878525
863868 371577 10928227
509683 553787 10930680
628433 176651 10949427
355590 837764 10951453
289778 501168 10970256
876930 253093 11031944
159320 848232 11076892
800603 476604 11127650
1202121 994231 11201867
908420 358823 11254000
26133 548782 11365105
235676 232540 11384316
880598 929988 11506841
119174 387839 11536056
857073 906820 11641172
547428 270643 11651652
1074386 332169 11757332
530293 821123 11803793
370505 240837 11831811
686049 977261 11890083
1121091 55537 11905440
431938 395193 11947496
975487 715491 11953365
365642 842785 11956972
677285 632830 12090443
1219615 507057 12231649
457171 896122 12281668
882029 742698 12417744
910585 21587 12467083
1139106 546343 12550002
1042431 398566 12642417
161386 750293 12800845
717189 658424 13214196
537238 39699 13301512
564444 711251 13433691
244854 653881 13469392
1144830 826843 13845156
181660 51375 14225245
1116308 439550 14245676
212324 134545 14261560
661914 28757 14264681
822765 66612 14277931
464086 880222 14346530
1307510 261383 14357818
1191320 508195 14390945
634296 123344 14427273
84808 417828 14442177
1162783 603275 14455421
341987 951007 14565795
114207 231804 14571718
957077 291637 14582350
838422 471091 14666093
760105 339749 14685849
1014096 596998 14768736
982165 155375 14769675
353865 681448 14884802
8862 688212 14886387
168686 802625 14959945
436308 946400 15140941
1289595 676563 15144710
1181049 299040 15215020
514619 771896 15260339
1091576 103051 15372794
708190 286458 15516931
372224 602480 15548481
369443 205387 15592877
5783 531525 15680945
336778 662198 15721631
1104371 902269 15736984
1258161 760583 15817465
924354 605229 15833268
535765 656039 15951510
1006758 225570 15962465
810053 349248 16144163
97106 183300 16203695
270267 126186 16252701
42407 672030 16326345
1279035 975529 16412953
891895 908713 16474279
582998 467255 16493631
164565 30471 16522878
1107985 191194 16673737
57947 914715 16863660
991839 152702 16874525
585441 761161 16971320
215271 574308 17032165
944560 490960 17101946
690954 858066 17116286
1118821 351273 17141245
659374 998446 17209790
150432 537931 17276719
919263 965949 17282115
731710 780190 17449059
340595 36758 17470028
143838 642511 17508566
441273 877983 17624387
830454 428377 17675855
512846 247951 17738227
1032508 943335 17764330
951164 946074 17839156
893275 773109 17865269
528956 964805 17933642
1120180 613394 18107994
596272 293884 18284436
998162 733957 18404822
293871 645307 18414501
1315051 444638 18414971
199586 756122 18497667
1321092 754523 18521581
1122226 78711 18558764
265425 23314 18687127
370605 530886 18730940
801488 935761 18811050
356807 472762 18915388
829688 435934 18932665
904667 417906 19196607
642442 642603 19314179
235450 338943 19331640
355121 271092 19354976
1085349 176646 19406528
404108 802767 19432826
177596 451937 19625544
1132670 422444 19626009
713671 333054 19677480
1286462 756241 19689955
1202138 748030 19929780
662424 234500 20063870
926849 567705 20312124
175907 302358 20320866
759839 715233 20396554
293662 433064 20419431
285715 601532 20455478
1168114 204199 20470519
576364 315590 20560640
623218 205728 20603447
62502 333544 20715923
120408 526480 20845141
1085482 722860 21003355
887028 781286 21020738
959400 598377 21071710
177968 674979 21072599
588368 221433 21081527
400674 258489 21130175
699474 188223 21134284
495631 615808 21201279
1090467 483564 21311209
176463 881229 21374384
651025 177544 21428237
441117 196782 21577657
685452 653982 21656571
398427 576650 21662249
1069105 390311 21765202
44480 149576 21784800
745160 994077 21813757
1233666 575640 21814233
360409 971546 21818475
330318 250894 21834120
342033 29596 22054471
728175 68249 22122847
654562 288110 22202665
924584 485439 22412307
706919 631421 22551511
38370 950036 22598403
578673 17579 22613276
286613 294707 22622289
1300187 723020 22671316
285693 304093 22911228
392136 202992 22958412
379279 856797 23056325
349706 166892 23265547
288288 80653 23291607
303024 500902 23293524
708621 852258 23546188
427962 354497 23609900
1239380 114382 23640348
508352 435968 23669252
654890 540405 23687560
997861 529493 23822798
530019 791557 23822989
261492 408604 23889029
1061554 800419 23923408
465365 907460 23963915
977965 793923 24214857
621575 572895 24289730
91127 461312 24325989
1226439 292996 24359959
760504 979 24489886
1036238 934285 24565269
880276 160994 24591525
288656 436858 24645301
1129951 288228 24698147
921718 745575 24755598
1010094 787215 24852032
531576 57267 24871153
400645 48088 24893177
183595 671256 24921986
981347 382613 24936568
766092 499729 25053981
278323 251127 25141911
544075 745917 25294471
105160 505138 25321530
291624 972465 25368114
7157 196680 25553993
937202 870369 25609000
255461 196980 25623023
133775 119958 25694583
1069388 712950 25720755
895666 353791 25819935
303902 424475 25821541
1005080 167264 25884485
684661 539499 25931237
1327918 941898 26123422
226451 763834 26133689
1154063 830873 26196049
418615 465964 26204035
870736 563250 26218283
358856 563287 26224711
1242710 292019 26329401
920041 697918 26559996
623259 912276 26652441
384317 617892 26657560
630680 118238 26795118
1231704 7666 26838167
978916 614405 26845474
524632 359097 27133467
1015252 698339 27202982
601841 99484 27232208
95170 596487 27272263
437117 947389 27374757
177254 904974 27492393
278618 672694 27492776
391665 261943 27756452
1126615 256781 27821330
94067 786680 27832222
1167562 604529 27860937
1179774 194916 27867215
501611 595296 27917025
91654 77778 27954682
312730 670380 27996337
184190 278988 28152364
417660 736488 28160298
1228737 547613 28181832
113930 159701 28354546
638202 795033 28380799
712971 888142 28424079
291864 483658 28425812
1184209 908846 28453507
977732 464539 28546414
470048 768386 28577115
576072 870868 28610529
1096788 476010 28650484
274216 510853 28668384
788335 696351 28784104
1179545 749200 28791187
412559 694003 28866250
1041285 852071 28881819
2516 263688 29049232
908467 770989 29083635
691184 648850 29163387
41419 223316 29176683
217219 717453 29186557
996846 753013 29376722
286330 449906 29501264
995028 272974 29624663
3695 420289 29645384
597537 971180 29659682
952134 76508 29664515
388245 627510 29698786
940204 911125 29719566
282394 524097 29746030
329062 699513 30012887
1139641 31388 30053304
1075745 525231 30151196
755036 497926 30205447
941114 278328 30255170
827477 662624 30306391
60418 19606 30327253
697821 475032 30368555
1210083 547275 30501950
1047448 831270 30598053
583369 736557 30612493
460883 981275 30634493
1026300 258161 30772372
784977 592416 30786565
300402 849383 30857671
330746 658061 30905155
963836 298384 30942199
1060779 612029 30962369
359165 892025 30972725
433175 934469 31025681
299073 492956 31046414
1095219 529423 31076491
126630 366541 31115928
1325748 995815 31160773
353188 355244 31281568
338734 150575 31288708
65321 672385 31310853
618120 36243 31381095
813410 87855 31431485
1081721 336097 31497112
553013 202368 31596813
1256425 802901 31626504
825568 970970 31693754
8698 547571 31693851
1317897 229049 31724740
250014 582675 31849535
367070 652927 31879768
242367 822149 31898719
924398 676087 32045980
646771 230581 32099764
358457 443492 32274943
307131 530419 32279315
123099 35764 32332583
519582 789835 32357131
1023564 142673 32387764
587711 993305 32459263
662606 446649 32464634
1054869 887075 32477890
1230850 924349 32657673
166021 450462 32869745
958036 706964 32895251
1092578 788679 32922188
913912 545285 32960522
502189 814832 33040020
684573 647151 33056486
548832 830942 33068187
825566 855557 33137977
1125513 981817 33373127
107790 276502 33458747
823095 820090 33495858
123532 684021 33569182
1104545 891383 33623237
786677 707909 33691786
565995 561738 33783968
611628 690055 33801101
1032342 418839 33843952
196725 667866 33972261
1079625 656113 34003541
1114246 661028 34024108
255357 560754 34117502
1190846 421735 34218179
1016355 496067 34373929
132784 138962 34406646
716703 945704 34438814
439008 517704 34505490
1116643 746763 35013965
1198693 786803 35035295
563050 523688 35049109
835058 763491 35094821
578121 935907 35269686
1265142 293999 35376398
69940 957034 35394669
633233 292234 35429135
895751 59016 35430472
429426 252593 35448214
289391 855412 35538739
601906 914017 35558098
792522 684130 35622638
249178 630484 35873624
1106995 883343 35913889
1083796 956889 35939197
397921 531875 35988516
230971 501140 36073651
650206 688697 36252770
444701 937686 36260779
1246448 584479 36272861
379875 292945 36315095
516869 759398 36350544
1232642 373692 36444988
991499 851424 36523574
420243 972788 36531593
678439 23367 36536575
1101314 107951 36565074
1217152 884776 36600469
1237634 926056 36653501
152091 667404 36672230
158751 739583 36713498
766852 751634 36721087
463121 554237 36774314
989607 825284 36785996
711801 956443 36826367
971808 41814 36839505
510237 157032 36919845
299015 278304 36983482
694155 444767 37017030
924288 100208 37071295
431461 873257 37099905
369991 500629 37213297
712993 373993 37496482
772381 208662 37647894
324653 469060 37729801
360148 93996 37802323
969098 856846 37901852
74216 70194 37989384
922784 89816 38023415
267774 713024 38586275
869459 248953 38597851
596563 743409 38709301
598926 464732 38717187
956491 916485 38717423
804890 806369 38790962
880639 176675 38810047
832674 170992 38810547
1071673 52251 38831918
1135983 99697 38882024
873065 723042 38898192
1247307 651508 38989890
1074777 407833 39151588
881544 666689 39356450
1062204 536014 39450172
664078 922621 39510017
891062 819699 39516381
1315149 979861 39607045
1122537 81856 39620553
28150 379803 39743348
580409 920052 39821358
858055 756397 39874180
817504 15198 40068336
810004 442814 40175916
1192949 865936 40328394
410163 970017 40341188
100649 97599 40445941
84258 214227 40454041
631460 340250 40635732
669427 480027 40649329
323066 478708 40681402
1264499 990860 40729182
627430 630016 40907162
1128787 925865 40957177
1045976 478808 41119280
97374 110496 41131045
1273919 741236 41131520
1056914 688653 41176208
1017826 183850 41179286
1219822 540961 41285737
1010996 801316 41365140
510123 602251 41379068
109369 227574 41419793
209136 877665 41493728
212731 316087 41716852
1233016 41688 41913471
548632 455096 41989881
1225062 504400 42045337
130443 739755 42226544
76649 441965 42249683
306263 762851 42310968
7462 193222 42328166
302811 931195 42563205
929415 50682 42582692
908980 294720 42649733
341590 137660 42672088
1158850 665990 42678644
791587 377401 42688665
64187 444736 42691844
1235608 506500 42738110
234700 226939 42839499
642324 692661 42900296
398726 710846 42993928
813775 666682 43189527

771 15400755 945439355
9065663 312745 431529
4240684 289437 2371786
388898 236531 3767895
6126433 264232 4574443
2623407 639895 6964556
2752509 935317 7058710
12859124 995429 8181385
2423150 368217 10308468
6746282 723083 10627286
1599787 63807 13749454
11876467 263623 15394913
7532487 892427 16463132
12752354 229626 17464838
8917202 645614 17668533
2330222 501787 18039252
13231800 357779 19219182
8603034 377776 21280725
10488032 352316 21435752
6193818 206724 23333831
565418 134861 25043812
15266763 801223 30871426
7834794 581316 31867511
9023376 422420 32029162
12385848 539822 32782132
3006192 387793 32831269
5088264 481628 36916752
5757919 745150 37322040
13124112 319346 38682813
2649716 939467 38956276
6217239 868822 43272545
10911723 975180 44608873
9599021 371723 45094445
12583356 488436 45155342
8531663 769743 46768536
5221508 807478 46789720
4782665 143441 48192852
12711774 350838 48646425
10481111 625919 49307678
3715663 527128 50053160
7921888 412169 50078453
5581428 653281 50663800
9249566 806439 51630178
4990555 485186 51987165
3369342 555436 52455717
12376483 307325 53303704
8585072 371824 53578341
13832039 988831 54140304
13974451 676511 55260733
1502940 821223 56948915
13049928 667590 57306572
8467764 44698 57624460
5791427 917423 62433015
12851848 69368 62440705
13287549 721643 62699086
4539388 888127 64680812
9586419 623977 68059432
3139540 994201 68734131
14846656 366214 69708481
2516781 780460 69809252
11901228 788690 69842562
2309889 580470 70389265
1972711 633962 70616575
7284642 467188 72190283
1002584 318698 73649968
3486894 835511 76180329
5318399 914839 76597423
3916824 701507 76776122
3861148 843607 77206623
112907 666030 77464844
13124618 100387 79270826
3623505 50479 80336947
917445 947620 81918265
3318482 859432 82653765
10993906 347093 83157053
1927634 80527 83536486
5446075 439738 83738580
5414932 954070 84286374
6060846 342278 84338357
9027686 93582 84954515
9755861 54368 85328780
7409526 222189 86304544
12276257 915840 88994878
1961375 517352 89251121
4233928 978253 89364203
2608990 237666 91459522
9683501 236174 93166143
967562 550961 93200893
14235947 890023 94581257
5422248 739620 94653214
206365 308889 97918124
13357200 714628 98722307
9741438 340511 100332094
13351866 237111 101591991
4058847 354097 101756254
5059121 296002 102999586
11489931 924171 103012239
11202191 440833 103236516
1589307 92196 104195054
530591 883010 105245814
722210 216836 106735439
9371818 749162 106969557
1153520 274159 107544229
10209242 220609 108486118
9985962 21715 109301713
7569273 324711 109777164
13968354 753644 109833646
11297802 98969 109840136
12207595 658271 110265293
8629662 95005 110270489
15092341 38295 111782328
7795942 780737 112736481
11342482 164463 114249001
10105418 309277 115351214
8697015 630763 116030290
8108653 878102 116971644
7243576 267997 118120792
7182077 631690 120488657
2117404 18372 120849658
5026262 178926 125419348
817435 952628 125485675
6562913 599551 125819597
13371833 52469 125929592
5514976 267828 127050838
11700164 848757 130559330
14813339 891601 132874236
9186671 366309 132888657
7943212 589811 133368588
7176420 135989 134247635
4505723 86163 135037697
13878149 240042 135448221
2857342 966037 139884406
5106298 572472 142288360
4313267 196625 144258700
15087978 487856 144507291
22051 522814 145480080
5012149 350991 146030025
396932 926855 146160683
13393034 762584 146313404
9689913 983800 147544492
11070448 263299 149615397
4644489 297793 151191713
3554786 745563 152373907
14272164 155290 155234802
12679132 645310 155499689
12222526 943257 157189512
14171615 447355 157459465
2593545 421372 160095259
70609 680825 163419882
8070584 152413 163485441
4239644 841493 164185688
5888085 267461 165387623
9439381 863442 167615474
1851268 831662 168070173
4185420 534569 169485209
5367006 485618 170221029
7746600 78630 173033409
5346269 455957 174496215
4923306 789710 177851559
1006340 27448 178328241
7513403 937420 179558192
8618924 693666 180370475
1954158 607149 183011387
8237125 733130 184225126
1685834 900123 187072632
11040984 624487 193415427
14559081 973573 197416652
14859846 853893 197509402
3292005 725441 197524983
9252309 748663 200234348
6318566 599285 200515731
11787826 92348 202578463
3266309 454619 203364362
11144885 3291 203471952
6684339 287184 203778739
13496010 271012 205068504
13303750 494103 207018998
7068792 45502 207209715
10286099 297439 207683516
13604628 567189 208382032
9344143 592556 208892531
3467194 364751 209097589
8150851 105297 209105979
6396622 185028 210448364
3770674 944259 211753081
10119340 982449 213694558
2428743 715473 214419410
1657284 193861 214466496
429215 435871 214640758
1641871 879274 216252578
6845517 558769 217888162
10809960 963602 218562388
10001740 496450 219190050
817913 317750 221815281
1038785 830706 222786760
15119813 304305 222864326
12547986 987067 223429112
8250897 598118 225181002
10836505 772916 227918993
1903675 989128 228381244
6626080 672430 228971020
14064976 313795 231698489
8487853 586144 237821923
6374459 445056 238596605
12494345 931263 239539100
3855845 881097 241180883
6553294 20883 242738331
15252288 982768 242840194
6545439 180096 244114220
6587424 923900 246984906
9611049 749833 247897986
5072771 64890 249501116
15251702 995085 251412392
10433645 82943 255024768
456474 490478 255502192
13443341 210075 255638214
9166461 636012 256340623
5585863 16794 258475148
2892243 548243 259307807
9362312 210334 260034040
383133 894466 261025679
10949829 218917 261597981
3416223 928367 261607988
6544252 229157 262908068
4010464 464727 263116560
1139125 741596 266301893
6066221 156675 266523951
4768141 855813 267255314
1411790 184671 267514925
5317236 957828 271930956
1433552 376047 272076599
9810630 874023 272339865
14551290 20948 273136037
2162803 29418 273383273
10798934 643234 275482198
7166591 61819 275903221
3245244 327182 276699490
13144706 74406 277036368
1857174 814097 277311242
2430833 169708 277687294
5205164 637067 278493152
3635746 600095 278609535
15096939 421824 280445631
11335214 616060 281315238
1514506 288812 283857242
13161499 517803 284582112
6897100 442293 284610205
1916421 955920 287229996
2992862 148492 287835236
14344111 523963 287951643
15248926 610327 288550306
2482121 103033 288782633
6084667 80744 288982022
391012 753396 290502552
12198130 358219 290584232
6644094 495947 291150171
8900884 716139 292650212
10418998 920505 292923396
12823954 272873 294781387
13493796 765119 295189614
13088092 913333 295426601
4567836 757335 295790154
2485921 317435 296752095
7486756 325105 297138330
14077296 391766 301973605
7416397 571571 302927177
10823827 482570 303001002
3901837 353837 304539845
8642344 519634 306046867
850005 287522 306243365
8224305 218137 307630430
14932387 606156 309378444
11230668 240509 310909462
600945 537477 311625992
7672123 234580 312102463
14520205 652693 315224583
3197269 352773 319001503
2530308 920639 323554563
6215181 884131 325269563
6731944 435803 326061438
4882329 955434 326907788
9300509 108467 327568156
276363 494194 329655468
1823478 41501 329827059
8240570 377385 330795810
3474612 422337 330999572
9494094 865102 331373339
15008789 58785 332267727
13337849 336711 332660792
10687598 855591 337168598
774606 191350 338615754
5516799 286995 339190243
7392196 660746 340687802
9579686 125893 340688589
9081521 429590 342279046
14537541 524049 344812258
2805536 710435 345469220
6732421 833867 346473555
2528198 679273 346780921
6701598 553102 347270099
1957158 615726 348307644
1857201 310402 349188987
1919843 301564 350633635
2814204 322030 351270317
2367829 250459 351558515
6631968 574717 351610500
13383611 248391 352437566
14462164 23812 354900115
6521606 439564 357729428
5237457 120234 358245704
11135546 579131 359594149
4908532 226639 359976092
8751189 841514 360160964
3242340 806438 362992437
7296690 221816 363008103
11273482 448730 363010868
407930 660747 363156508
2376880 203162 364563387
5826401 734406 364696100
7134531 983636 367413257
448450 843871 371399900
1857145 294180 373319968
10095160 747655 375963081
6346383 165399 376170345
4739536 780971 377781045
9585448 631035 377890420
12328860 564232 377974224
10070432 596162 378136080
2140070 679026 379782323
6613294 815551 385121001
14946515 688938 385150177
297816 319971 386367529
12223028 292468 386448505
13856166 563212 387562091
8999724 161632 388605890
14316056 769404 393917918
10281582 477642 394756520
5457113 866805 395016909
5264788 855835 398741215
7420735 986013 399089000
11693830 852425 400401560
12645780 387603 400800458
9705620 478663 401201507
13982920 241970 402678819
4695659 296413 404905750
8882440 280171 410086634
9008947 349019 410289786
8948234 102437 411551044
14411465 521493 412191511
1919739 811770 414277213
6981828 931064 414497722
13600124 889266 415655004
5115729 296978 416344842
7673308 163026 417013401
12900380 398789 418648545
1248168 807357 419858918
1777929 492897 420276209
10462001 105534 420745272
12819748 486647 421399686
4785963 680357 422420900
14771619 120605 426806430
15399097 750098 427374359
11595587 443086 431908836
13694247 557134 431996620
4480254 440969 432722393
1872778 628544 434267686
13575700 703207 434512736
9403186 858707 436849652
496697 191550 437149146
5572989 554622 441875954
12602827 317085 445605863
555047 959258 446590060
4096083 436186 447866492
7831261 646531 449152988
8881761 609283 450881395
14105494 269282 451523734
14224071 129018 451593816
9738670 63704 452516050
13744161 783504 455092292
6262638 328415 456794006
6953003 339865 457836282
11212097 983457 458168705
13807808 338476 459318475
4416364 378547 461510586
5476671 503414 464459931
5783203 113113 464865155
7082312 777897 464924143
12855931 986093 466200358
11662068 908243 467532403
13455200 625344 469596378
4227798 408035 469987587
7186446 2217 471163139
1605637 493424 471584682
13524780 642551 472383175
2428279 975728 472423304
14110059 548369 474528178
5261644 6474 475162665
15047804 313569 475884304
1864966 298495 476329603
13674029 714967 477168206
6686157 380058 477841858
1525208 247674 478145777
5182461 641524 478936900
5789578 660096 482893994
11074513 532313 483005356
4917046 89761 485047476
8642835 717946 485314110
473722 919851 485438944
9320800 953424 485601189
2378654 96864 485768737
9415328 314271 488832329
3102098 643290 489969942
11018738 974461 490160122
3901287 361988 491349503
13639157 999313 491394502
7879903 730418 493272819
12283368 557218 493517520
5331494 328115 495044369
5189346 984829 495230173
13187924 619644 497114831
14884411 859786 498599302
13022224 552668 498872969
8125787 372715 499128309
4559875 85121 499264968
4561067 905432 500252045
13620101 249772 500687290
2950592 36736 500800979
6032525 483935 502532799
11587157 714905 504921360
2901921 332985 506475664
6805739 268776 506940399
5454022 263620 508232649
5934572 915013 509783818
5162973 682118 512138448
201556 332680 515034126
13605128 816077 516368765
12257906 588513 517443304
12530864 784220 518455929
10051682 720666 519209832
3212274 827634 519417713
2101361 657668 520303895
7174828 19238 523165228
1534683 973560 523307625
607948 966071 525319378
4911890 100070 528434287
4309534 131631 528965133
6546359 274389 529233407
6645658 822899 529850888
7268243 768851 529892188
11050086 882768 530499401
6732103 166443 530749918
2478211 434385 530920197
4412096 593365 531869508
7537906 692808 532385210
11110546 447690 532990777
160674 113046 533823927
14404712 209137 534586692
5129847 981394 534617597
11379817 794285 534784152
14057907 257047 536124592
3523448 553353 536815552
13735667 25325 538000145
5165139 252539 539364629
12479693 278264 539637009
9697181 175699 539985988
12784232 134944 540202219
7054123 697202 541600783
11032442 309271 542361408
14815565 121176 542918879
1193481 795997 542993169
6586310 4653 543611285
12122915 702544 544164014
4691466 997710 545596353
5612596 594560 546071740
12321990 471221 547607830
4030803 940949 549122364
14898133 347682 554284522
13521307 708909 554349309
746358 40627 554947393
9167191 438467 556721961
940770 716914 559255199
5936487 517716 559261862
14211805 413066 559319424
11809148 773876 559589837
5749360 561606 560396206
6472183 73729 561109810
10980170 870698 561727215
7625294 370641 561935851
10794188 500112 562911202
8587557 380330 564429182
11310866 729529 566506776
14205381 779493 567422568
4829101 459242 567837762
279197 860336 569267549
10806481 648041 573482171
12187818 610660 574331686
5255090 109979 575076896
2940192 344507 575551772
14428070 987514 576810864
14693771 148155 577252657
11973860 927509 580301358
4627968 243146 580682469
3916315 116107 581014441
11151057 754583 585017670
14133733 858255 585675931
1747979 422874 585960216
12466 843611 588789657
14974972 528092 589837339
10392107 83201 590027067
10332100 307974 590270847
1141383 872345 590489344
12317950 929234 591853527
9123269 728997 593999683
13360019 50283 595429667
2278402 543049 597224667
2602825 928664 598223573
10297411 68028 601629474
5081169 996238 602531058
12504126 541882 603633208
2507638 317404 608313712
11723554 799410 610159211
13809307 857329 610309719
5581823 693074 612659555
14141361 345453 613388110
13542397 173458 615134125
1341837 79889 615807877
10703682 618247 618511557
4637602 733369 620700103
11575158 788002 622703299
13585679 941239 624104620
1730761 703663 624885672
6748864 502578 626227736
6410352 258930 627713583
8924137 927309 628124473
12619215 603467 628172780
7637855 346799 629934376
12822576 947393 629998469
8523786 587958 630318801
1042747 715343 632096831
12909223 482766 636090384
13376975 88782 636618799
5758411 684049 638806551
15103850 186514 638963071
6210616 207735 640396681
2713662 721773 642559284
1686248 575815 643016186
8038029 341452 643660216
10826182 408683 644014494
6837907 707819 644747121
15312450 52864 645556388
10028054 608180 645701699
3936912 466484 646046043
10240168 821500 646675165
160016 814627 646915747
5480762 555006 647174730
1109538 824295 647681484
12312715 587306 649411370
14016218 736562 649609910
4157593 487184 652233499
5026974 444141 652677347
4933031 192161 657384960
15299747 446898 658515447
11516028 994176 660859632
10065974 296959 662434275
6218879 956148 663928371
2363152 204378 666060382
6862380 450512 667194707
1584081 720585 667531315
1349688 415282 668762213
7378246 242145 669916317
14561894 178086 671918982
9838262 676418 673794676
9718899 758180 674137240
6940992 905845 674338106
4391210 377583 675418515
13881548 416766 675553879
14626314 189341 676009091
4293870 79663 676388623
3617237 981174 676522046
9733528 182533 682697263
591608 25785 683184864
9338964 967320 684669108
4345619 602253 685532170
7570886 153620 685619274
10798783 656680 690184178
11159965 995643 690538959
643506 631625 691308018
8155183 277043 692429741
14533723 375719 695681004
9701172 79134 698288183
10481114 413626 699773741
7330749 46116 700427653
15075353 536886 703724403
115548 610730 711075585
8113773 989291 714702614
5418773 839835 715050702
12986923 576684 715410699
7995252 302145 727637016
8048934 465605 728156321
9432942 542009 728442178
6160142 719421 729210314
1492809 877031 730547955
5458748 764108 733156441
7081004 298448 734997690
12687238 898400 736159278
8292827 308495 737285850
4396557 552454 740224263
11846323 992389 741183635
11026887 578422 742442009
14121369 207956 742454526
10813964 578984 742646680
7749743 619993 743284513
12773316 347471 743625625
9783400 125205 745318935
10376673 757226 745903708
5819471 555739 747056763
12533013 281197 747791656
13923058 415279 749885979
12975942 40137 750036748
3080002 936356 750792418
2787779 932415 751015319
5195490 816481 752681062
11779686 355551 754214036
7668998 248848 755062303
9335220 463818 757256440
1654097 387951 757304473
1034154 470091 757988721
9067375 503893 758216525
4016463 970127 758390149
3624976 959186 761454389
6658725 183026 763326125
7904006 753103 763394435
10237998 279160 764034235
5269559 142495 764969276
499192 419912 765989188
11274135 557328 767261336
8077862 702252 768606039
6557002 710038 768864524
10072802 347267 769540488
8473007 804003 774381855
11146316 16165 775369737
6859903 469535 776503883
11069763 778426 776549685
10403403 166763 779038583
7630138 559410 779275392
9291766 183057 779717559
13589850 700895 780384259
10261180 980273 783738299
10697642 753263 784985809
4424225 55150 789038595
8776945 287644 789862132
5428955 252039 791809735
741432 449545 794199032
8903300 464652 795865515
10459928 926318 796628879
667443 448124 797618426
9416752 414342 799225273
3744601 865097 799853358
4734609 988081 800506589
2995573 318643 801795860
9940987 776948 803517796
4554070 874148 804353003
6073708 491910 805348809
3818159 901909 806044216
4765192 59538 806509585
5466490 272845 807439795
4304756 566421 808451243
14180452 581073 810256193
4608075 792150 811155650
8079323 414060 812135293
8439216 814274 813409066
175391 366073 814573206
1703833 448397 818060779
6179728 426193 818444373
5331944 982601 819535945
10408547 138665 820096769
6055382 946777 820718135
12996927 744314 822411704
3310258 518881 823154450
15337364 106052 823431158
10942733 518434 823620557
10360124 884361 826240739
7234110 711783 827826849
7374497 673983 829274657
14251888 217709 832267851
9687954 239451 833713047
10025987 155805 834032751
6342918 252602 835348772
10977988 898842 837483554
9016329 130794 837685465
2723477 611594 840815453
13791832 315148 843675178
10605115 986484 844546412
14281770 104937 845724336
4389648 733497 849397729
10911361 840598 849615936
12052247 967025 850168744
5064457 692979 850785172
14158743 788883 851091031
7700177 987452 851362858
14468861 548202 852765775
12987926 201131 853344263
4776893 551529 855371348
795170 384813 855475821
14408477 4994 861181320
6471208 488882 864230565
10765351 470465 865444161
7334743 391740 866709555
6748695 381043 868312054
14673176 30512 871037850
7634503 253562 872712775
12829160 365196 874685302
12996476 822623 875164982
4704428 494005 875959202
13122729 350969 876172513
9309357 967517 876346135
1249251 754870 878193491
5935976 10543 878439039
7624869 981863 878538400
11550413 333928 879356303
4693317 821715 881463253
543182 75297 882224277
3666948 125221 883028407
6748296 678282 883294919
14262073 814112 886610750
3137638 645860 886857163
6564721 337895 887599144
9546862 883663 888497057
7819260 433228 889216835
94517 599228 890279698
3577542 110880 891091392
6537826 622366 893624289
8489664 568543 897666054
11019022 679698 899192548
1364012 536791 900365044
1831753 255816 900389144
14226265 424471 901904327
2797912 626061 903131322
5196844 504993 905938550
3782765 535793 906194037
7251175 938272 906790421
14913032 83334 907442711
14179194 57735 907502136
2193563 11073 908035511
11286261 390394 909041482
13877590 347280 909438292
11484665 33592 911538719
10390422 198304 918945049
6799214 824092 919391277
4020627 5129 919517751
4554747 295136 921265088
7792040 657747 921807842
9824986 434151 922668342
14597798 971722 923968929
7977947 560738 925021768
2748199 233295 925273587
2452496 676401 930292367
9316039 801651 930422432
651839 184505 931093128
1247651 991833 931925171
6896788 747293 932346732
6275418 856874 932614972
3300992 110223 932757179
4425070 546416 933386822
8396877 405827 933567366
9642623 25343 933628919
8751826 299463 934276284
10165218 198877 938864300
11545222 753552 938886687
2895793 612267 939538431
10823869 891422 940817683
14065963 247634 944911125

878 66500320 112473953
27708194 423848 13423
17438185 785105 128802
51276757 669580 275920
25160997 460121 512381
12887529 949007 518497
62913644 467102 534409
2111872 779916 545613
2001750 140233 565430
42195845 452152 662077
31743699 35794 882196
65847410 14418 1409199
35921854 20622 1483331
40865239 317417 1587178
14815101 794139 1724011
23232374 532949 2249295
38767471 627421 2687973
58552295 241992 2935884
25316146 366055 3126611
50891360 695131 3184127
3712359 564609 3199790
2437489 367617 3210112
57320186 853903 3279027
44331450 762341 3284944
50689514 770022 3291967
37443584 832442 3296881
17014850 447814 3390439
58489457 16017 3425415
37205898 789357 3466866
53009715 21670 3553511
19382901 498560 3806960
65219843 118486 3980413
7589847 359078 4165184
22223623 125438 4183149
48693977 821379 4227928
35078356 137992 4294112
6628827 121762 4450518
32458978 359523 4802630
30520523 676681 4806275
16238040 509057 5252261
15915471 716226 5436533
22376428 503760 5445364
63339750 679722 5500068
55523491 35388 5594755
33653722 479386 5917240
58527099 516826 6069161
31960877 700477 6325021
3606350 912487 6383432
24208742 329628 6385260
56853889 513520 6906334
45841444 967037 6927459
31151783 24840 7037544
43194872 29363 7227084
39588277 357020 7697319
20736609 854644 7924586
45121496 783606 7975055
58565043 723317 8137940
26613956 652784 8379325
38481618 347576 8559498
48292386 278112 8567885
32171435 741367 8696538
10817099 22451 8698464
11328198 329084 8799573
35233465 856034 8929719
57188849 151955 9281579
14886916 488355 9443034
44604877 990205 9500530
1533560 761023 10243139
52831418 899400 10369590
45716624 976739 10525104
5529131 329930 10531023
15460912 11956 10541749
3896447 552137 10581573
18593637 200373 10596378
17062661 326411 10622682
22773975 97135 10627408
43024934 804730 10656238
22297756 666936 10692819
44119698 303984 10735500
20988881 907100 10781591
638169 156495 10800851
28252966 406467 10848178
18055765 235532 11125847
35672543 551181 11242232
41526138 36751 11373522
41867606 573596 11380973
37613845 383880 11422006
47291749 917150 11488638
53325864 651953 11606358
2678212 243057 11626409
60742587 670220 11708786
10984999 820784 11716833
14002903 262635 11787275
50495184 776224 11878833
24308588 723029 11955484
12969686 148441 11982082
57860183 795538 12012923
15268113 640235 12022833
49755065 645138 12106005
25935149 915428 12123041
25149893 811440 12264757
35909293 407643 12282679
10325281 516854 12328770
16588027 291687 12691976
66093779 375182 12936816
12587169 807808 13052465
60266141 776931 13127104
10867035 130726 13142273
33383007 780614 13508862
16439735 17643 13740322
46142743 969174 14036798
51838285 637472 14269737
55033769 288115 14362432
33739631 445762 14465393
36217295 588271 14481833
6496955 906033 14564624
97104 621838 14583868
60953424 766373 14703612
41675324 109486 15068913
65018562 770621 15074416
13813260 888141 15286228
2872154 928844 15447873
33560926 294399 15493188
25807176 782758 15681125
23090901 419126 15762580
30086336 406921 15944541
28096578 505637 16053862
42955323 995301 16135712
23077068 772546 16431633
8837553 123744 16571268
28438871 293030 16633767
51023042 632374 16949788
1107283 870160 16976287
8148434 579631 17308844
56517698 889755 17471870
59579591 207885 17844557
11482137 561146 18153142
39975955 729322 18340901
26628328 860382 18728186
38798679 822396 18801703
40322758 352096 18813652
56466660 770076 18900253
20197466 786300 19072609
8669331 24359 19299899
62958210 787720 19377362
4665066 14066 19402091
64849543 589477 19450040
9929192 95084 19895394
9645175 687052 20285481
5199922 269278 20522373
51192289 191762 20568478
64172251 980141 20713533
29256559 355103 21257445
63482716 589788 21282219
62818922 939934 21301420
63649022 779396 21370805
60818544 274679 21373710
63689465 72846 21633089
65060883 147359 21739205
38693709 87734 21876868
31880342 562127 21977488
15852611 872688 22183785
3013422 322923 22585414
18616040 969408 22716508
37568500 63300 22831382
38955815 711928 22949697
57117516 734040 23331977
29987955 60816 23390615
26128507 362716 23462132
1459874 670495 23546737
12318569 299493 24166566
28447400 872280 24207645
55061199 299231 24245258
7336922 8313 24281065
21098579 81978 24384829
4016486 42396 24552571
2511232 511897 24567607
27212597 840170 24598780
57832329 554057 24615499
15527791 762088 24751236
28905883 469729 24843400
55297083 328398 24910680
260514 487508 25071965
38034568 436754 25133408
17362130 327914 25228848
49035514 482250 25294606
20236292 390989 25432645
53750070 595833 25609960
45261058 382606 25678940
45584153 321110 25744350
49885929 751227 25777507
29934767 206561 25872131
58107214 845457 25910629
7650623 196728 26174422
48298644 737500 26195540
9062973 818581 26336789
40540680 710777 26571293
20450673 828841 26853070
31575816 273887 27124050
64628737 414495 27186421
11318391 655197 27195288
5689225 368815 27209183
44492822 920294 27276818
23989771 238985 27473376
52361860 12812 27884435
50185474 175058 27952019
30241769 680717 27977458
33496886 688237 28098529
50323056 564248 28203421
25475350 839462 28347250
59136505 22455 28908801
45299559 738082 29044032
7216107 2521 29093249
34393174 250215 29100510
43047057 217351 29438719
38104128 240048 29644790
28961000 324579 29806989
34065976 450277 29851408
22233728 400701 29969434
38225114 133391 30337870
49655633 141350 30341070
58444116 384181 30396867
11736736 523017 30514917
24080889 227357 30664223
65990102 410827 30699358
52102296 889653 30781342
40439347 510068 30916528
8644245 676662 30959467
18183061 667578 31041612
34483456 831534 31060000
20745823 743735 31163068
60799284 425893 31542783
45737144 538683 31585935
2771084 183729 31826588
42714083 553990 31866291
26405360 308112 31872575
35685409 211373 32098584
19478871 535772 32127238
28919931 604641 32143030
39253880 483769 32310266
4525638 303120 32449477
12623979 208266 32708087
20245621 293992 32835617
10151666 734006 32912973
58153080 311802 33058245
16394515 297527 33118786
11080632 817029 33417984
50988117 216614 33830533
65751541 271169 34307708
47247417 300753 34333333
18962758 898265 34547812
1377722 680105 34602106
29702760 694602 34734546
27421734 532431 34906685
62241020 424245 34987448
36964488 351018 35306966
37112637 612324 35316955
9602588 822317 35510058
25701068 380992 35647602
65273480 508218 35688051
121072 407877 35932373
37744128 120464 36129112
13196412 716678 36550049
39131066 266820 36564188
18203000 825181 36636590
37754403 728428 36685833
42630238 383685 36709448
53506012 952839 36789028
61132152 277392 36827651
3088178 232815 36847101
61443138 158738 36882691
16513376 720600 36893552
58515505 798299 36947642
29422424 387128 37175004
50802202 859283 37367345
48320662 680272 37407122
59567529 706300 37499158
50253052 468131 37499663
1656398 633237 37509965
40691976 895941 37761007
46645046 201291 38002307
60563161 25894 38058376
64162860 266319 38291636
46318395 109367 38339027
36151735 629394 38423827
61114880 891656 38505726
38788610 962695 38598179
44061913 236484 38679312
37540400 612882 38688368
3449472 864523 38875538
14862620 906694 38897209
14494775 391585 38987543
41205995 768493 39087149
26654998 620754 39287586
8714891 15784 39423895
62738660 989305 39497805
57124837 505446 39542619
13559723 965578 39872754
14415521 24987 39897989
54687594 974578 40089604
52744767 389077 40097740
14594800 731462 40179118
12816705 674031 40291837
14109484 769368 40444585
14135764 515478 40508797
30704158 439031 40690537
51735047 994342 40693069
42987989 276307 40805531
41728061 806386 40855488
28710718 902380 40942340
43872013 612231 41000478
62405109 740965 41008697
18485404 456411 41167954
29322330 209876 41174588
11972848 771904 41318892
16637419 533304 41320164
59077496 800643 41458970
59515451 996173 41550311
40095988 721507 41581108
42537359 368128 41933820
48268142 660213 41989330
33121547 700317 42007131
8307762 77474 42011072
46531775 758475 42230781
65485814 694108 42301201
39395826 784783 42313976
62152107 137252 42342256
8551608 275104 42388605
17869277 115006 42392253
21093810 379652 42403108
65244528 680949 42772930
37885968 625838 42819450
14515357 883504 42874460
40774056 32490 43216491
15254821 388655 43275935
39535581 611431 43353161
28929988 145226 43416994
14641592 932899 43471697
32162912 182206 43532269
4074513 555569 43603709
58766627 931083 43659512
26543709 299814 43692780
31001451 419657 43900672
11309714 216787 44024674
51796866 435948 44225461
16506642 758635 44270759
45415987 622936 44682662
35758472 805066 44820551
34574732 379739 44954257
42211253 765800 45040320
44126296 436891 45053705
29370984 619691 45187228
50411347 613421 45349528
59513955 777719 45448656
42264078 211441 45485892
1207363 679564 45618691
64712733 603356 45754225
60726212 422885 45863438
22410266 572227 46024439
48995505 761820 46188635
47301463 399074 46268408
62067631 873947 46390109
49479104 189469 46466569
6128951 997504 46571747
26596613 224159 46602366
15391227 882043 46651395
50412699 398712 46688009
35920873 401396 46757835
17508119 913364 46851140
57223430 298622 46945891
33785214 322099 47174492
17930588 523234 47196779
65813874 952114 47242804
32474914 644736 47456846
42657026 244671 47464426
22201898 74606 47544019
25161166 718611 47652488
29007726 609908 47718819
35996723 377426 48074877
56301033 75009 48098390
30174565 989167 48340946
5872997 209350 48390739
51300496 360865 48399700
36383701 996058 48609380
62605998 903265 48615081
16672668 167842 48698846
43591483 523611 49058249
50860580 284559 49168132
21639926 843481 49222089
32971973 81171 49286899
15583732 162902 49382283
27359342 901941 49558510
29996575 656284 49559352
16322308 987331 49890271
58740877 997532 50067532
13732550 322263 50760834
57674417 937367 51041480
5804080 465689 51202969
34799796 579371 51293611
33029416 882431 51370227
56566852 71665 51489126
7460226 797822 52343738
44238847 321908 52376329
33932241 820383 52483695
54471602 333188 52603140
55577622 860040 52690680
65654229 683097 52691488
8523526 398327 52702324
45854159 690279 52718216
51239277 716580 53080159
4922300 278776 53394192
46156428 287339 53455496
43764843 441952 53623337
31808662 91717 54036578
17011836 194435 54058027
1593401 8745 54292275
28264369 261145 54805086
298621 85932 55097971
65549577 141425 55100152
11385668 78443 55148296
20907177 314049 55189233
51526078 765418 55269480
435088 25736 55336176
29789000 640114 55352859
9645018 496860 55443257
21494614 993633 56012374
58798134 943146 56049219
6533362 196977 56073300
19867668 219382 56180365
61143171 436820 56180546
52546800 521325 56228102
64049655 917445 56276125
3032938 952677 56284810
25898929 4841 56315952
5685714 603883 56358692
3528397 561146 56529058
16273370 73795 56659152
33970390 952407 56873005
22765746 507861 57316924
59218224 899718 57409371
6496858 978419 57449799
53408658 596559 57547232
12541828 887604 57565834
61897379 142551 57792142
48269794 804984 57839064
31281097 606017 58021819
7901831 921709 58084272
31958639 390679 58211737
16316048 542601 58328564
14659463 670507 58451010
65835838 76198 58584700
50272883 643755 58937871
5309789 987798 58977829
39056823 237359 59104865
26302186 188433 59390443
18631898 385484 59464195
57366983 226875 59569678
2335870 569115 59808536
17073039 642260 60172029
53017873 536981 60440753
45013201 468058 60589398
8998094 440391 61078088
11139436 670701 61190708
1580565 680104 61193446
62392920 30126 61392698
26779833 589409 61430208
17277763 166902 61460575
1340745 528168 61648842
19433580 590372 61779405
45817006 688479 61790745
27025796 139160 61815970
44196421 13519 61860334
29126655 674518 61898679
12758600 818026 62096621
10545512 185801 62096785
44366390 90975 62171234
62461500 64543 62232861
801836 822940 62252722
16951679 272868 62296094
43604366 209572 62354705
9387615 40063 62354719
12369604 857881 62355941
65560090 327558 62492886
27222743 423795 62539844
9595076 461323 62571556
17122230 31045 62763879
44629026 121034 62799736
4954454 904487 62804455
48066935 505023 62974259
12242942 173146 63015034
27296290 519266 63066473
51002420 420303 63081113
38496597 97045 63107347
39598655 821131 63234156
23948987 802706 63357776
47011685 349259 63575883
1602774 490188 63714732
10020431 315245 63742442
36002930 396438 64065011
54183157 645784 64067516
1128489 907816 64359677
16394845 81215 64627426
50521971 619858 64673805
26376522 921017 64748287
16624917 484755 64939077
63793667 958548 64939805
37311778 902445 64939912
49023481 873360 65027430
18669421 298052 65033770
32720598 662332 65046284
14143846 697442 65085157
22328350 826633 65303702
31671862 852613 65699236
44063757 170015 65721838
33185266 519207 65821619
6561695 584557 65834127
48227121 423417 65981043
23667918 809631 66001926
57809919 731102 66045734
19617576 956536 66055327
29999909 372080 66142639
61476257 871597 66162659
13280990 593356 66260260
24454244 253734 66387066
45266204 520853 66454577
27645682 136301 66826456
34080565 402155 67021860
38693986 861913 67111138
35695499 250 67499572
33823956 876184 67583536
36658217 420466 67608318
57912851 180557 67751414
1061374 163952 67760350
62291040 498398 68094968
55590964 661221 68198649
27680401 286214 68259893
29353490 146870 68269162
52549084 448202 68406622
7301048 165504 68419547
17399725 604228 68427118
10246572 988129 68519847
45383473 248487 68540386
42678147 267219 68743654
10110745 49541 69568988
57292822 304568 69754813
52224707 564919 69843023
61230474 486152 69981770
4267947 302961 70043702
35497772 861468 70137960
20232993 954344 70148038
47402882 177215 70312076
10887090 587451 70399879
25587313 834908 70430679
1957266 521648 70904788
4513041 437922 71382975
3753451 270859 71389691
40842464 156138 71401207
23738907 84921 71591546
13837451 190106 71645236
6197829 511206 71835330
5815701 48166 71843677
31803727 878041 71912040
46943333 624065 71960781
51460206 700945 72209408
4730413 142794 72218821
54183344 853412 72240790
57936561 416837 72561638
5894278 686337 72577046
65409578 591735 72675175
57278292 276249 72809679
64913654 237129 72865326
22968132 564432 72900897
52418067 93344 72923375
46635305 947447 72973676
63467646 204521 73165354
51745375 993052 73283491
65878369 526468 73433148
31666489 343869 73518077
10816448 625319 73519853
14111113 93532 73615522
24383591 300798 73663525
38005388 602109 73827080
26868624 817394 73841196
7418498 669679 73926054
44839342 396535 74067566
66126558 103210 74505341
28702728 225920 74511072
24803592 920412 74535680
56102938 264769 74783045
7077581 470724 74935998
63798515 673079 75005767
49189420 333084 75156410
15681294 988820 75512571
50772511 188818 75747501
38658662 620459 75759311
38311682 794884 75789851
28671254 880200 75789990
51578206 885739 75852887
33576959 490731 75873531
54280548 784326 76054108
13815473 562718 76099223
62233363 38333 76107842
19360378 570976 76178633
54596117 199510 76402720
24661035 182288 76610623
7652421 841662 76796707
16412301 223913 77000585
17800369 376432 77109657
57843381 377987 77116791
25966647 449197 77283943
35957783 193080 77290526
45523933 118211 77497940
44065897 628428 77631026
40658619 262129 77658441
11779839 740889 77686602
51614153 174778 77782515
6735975 557169 77783906
16572827 934455 77874079
17103190 381024 78234757
48827287 587340 78304338
310888 673644 78335202
21050220 74015 78379614
59529082 298227 78388203
22411462 871432 78422179
18394332 389347 78961778
12865209 986303 78967501
27506037 250711 79076963
7975181 355403 79138268
39110086 343429 79148741
57260591 376809 79189820
46927061 866326 79668964
3643342 93151 79715542
61281434 760991 79910960
13066282 252202 79972995
37605044 422701 80085107
20788904 795914 80530773
404642 218180 80667942
29296327 166964 80863466
57049584 318106 81179707
57602017 607402 81663140
32779860 115482 81685095
62398461 898321 81739840
20731632 232589 81763782
14831393 42462 81953571
640078 848317 82066234
18727384 253550 82504569
18360366 250370 82594768
42409803 327815 82691032
65324933 989069 83160251
3225731 313379 83746039
38412232 797689 83809859
21578580 79859 83855803
64988799 624425 84039883
51973890 124742 84070955
49585868 636957 84119380
56963358 851152 84158452
40839986 655265 84181682
51550453 423734 84197138
19975779 939616 84211632
59045204 275797 84345718
58481125 172561 84399477
49700572 279219 84484466
51096212 876089 84490378
60450675 862378 84554405
57233331 762416 84725065
7436124 147677 84751428
59179552 475570 85020550
30757197 311877 85330456
55308096 739957 85386801
60939170 28605 85388620
18982476 289104 85475396
5601933 454233 85518978
50812506 122814 85543683
5922042 522465 86091081
33125650 863162 86133496
8192592 875477 86155633
63323780 266863 86242897
63182531 870720 86458127
28837873 252448 86587342
39404375 850656 86592643
49982676 976227 86602949
30680325 626869 86844418
35436893 711406 86882741
55466646 908897 86895867
7804461 776832 87249264
40402145 695406 87314837
39871736 454476 87465270
43347874 657761 87676981
20924116 696844 87778101
28831139 313143 87894758
53366514 560720 88203619
59644906 190340 88285209
25023211 22335 88391863
33230701 161922 88582340
34253771 32393 89184280
42195591 631915 89291418
36290998 321322 89423163
63958582 46466 89450194
47923766 784524 89526548
1298080 528667 89719955
50237842 284683 89803076
33315215 84425 89919653
25801251 611235 89925028
58005941 694745 89925748
57177010 133367 90319850
17139090 466121 90391704
66020266 527370 90418403
26317328 953126 90610223
13570535 939455 90822725
3039146 129480 91459506
204913 927772 91485002
34274658 224019 91574527
8655610 531752 91596775
46574603 433994 91770519
17849398 97835 91872512
50629858 962506 92656724
50356782 447640 92763444
61825362 566903 92771429
50854867 468086 92834661
52233591 107591 93013145
39518060 618398 93086456
36934754 913146 93271175
34038617 760154 93372537
51194760 532735 93666857
55278634 198908 94033488
26909119 502319 94185652
39492260 757085 94188474
33734953 531218 94328003
37622908 475704 94378228
64093831 769665 94469250
13712000 845614 94512668
37951842 303593 94865529
5201848 665663 95066567
27661652 755714 95269377
63174856 386427 95290213
11909325 17922 95353341
5650728 541516 95472139
41334410 980614 95537430
46088298 970632 95695308
48627565 398846 95730035
41815267 417897 95888702
11270235 143039 95927584
62294697 701340 96020924
31557479 907039 96025663
30558791 300392 96498328
32499581 643654 96654054
6999900 420446 96891400
56996570 631685 96928666
41171314 231551 96981233
2339461 381084 97137859
66308432 406055 97138523
2712572 709155 97235756
32820204 712619 97262090
5693293 326770 97354049
32885363 956355 97407129
64946604 442812 97575175
13212154 130482 97670328
11016181 629441 97694589
37622808 900200 97914504
6205449 896060 97976757
33430837 531628 97979216
26344134 556844 97996473
59013057 459704 98221332
51891640 641649 98235478
8453289 214143 98270878
66310510 751724 98272281
52981282 486230 98513913
60437605 936966 98595958
9002589 377444 98658224
29466682 776176 98715307
29504945 501200 98779821
15761258 521359 98855950
5312616 859623 98938384
33203740 997297 99192621
63524271 285323 99247976
58514895 62128 99410023
17461285 897897 99416409
26267553 644881 99538529
6097603 14164 99847303
45061738 418894 100236018
9143822 440319 100675167
58209334 310127 100779407
29021489 920818 101129352
14831599 574541 101271536
25159684 127554 101423372
64846118 437458 101691574
41891415 237743 101718298
7353714 900299 101760826
60381163 901463 101852161
6495679 550661 101945670
62256273 485871 101957641
30943118 543347 102184071
40020662 746257 102239987
9046680 182107 102529664
35313080 149800 102663975
58973608 505258 102840527
6227647 920774 102934855
39214401 377889 103018704
61843023 360561 103069290
54014531 87615 103088614
65395932 316344 103408593
28689093 941140 103647813
43257218 333027 103717678
35025733 193314 103829940
49969148 738932 104160280
48213275 184579 104188791
30267621 482142 104229523
19794978 707905 104266038
9760767 22871 104551478
36740059 976266 104566840
26582185 193128 104591689
55609178 330628 104688931
31797111 585499 104797333
18872302 945578 104872929
29242250 730147 104951794
14516502 985053 104959100
7322553 165830 105064281
60560310 833578 105156250
19185809 706075 105523970
7633340 466690 105730059
39009607 273787 105779054
15341877 192632 105786643
12206482 246628 105808931
21458813 608498 105890771
44511158 462653 106181734
35637717 459923 106189623
41222803 788236 106238973
15967986 776071 106283420
34909919 615539 106339532
45539177 434738 106355027
56872146 609061 106406946
48628296 262650 106441458
27074328 556232 106785638
913488 464712 107055575
48425931 510343 107070562
45044152 659715 107113296
31983841 935089 107233757
56685998 452856 107459669
29557160 589658 107712750
34764790 210522 107721986
46473978 523327 107830651
7845189 530181 108156849
12393394 226681 108203216
3275840 202097 108345043
58640300 959620 108574029
27157852 925693 109014350
57316028 543094 109111398
44340589 657819 109279887
26575559 849777 109391108
58183499 836525 109622469
49388815 980565 109808442
58735444 369322 109842000
32629490 609522 109870828
66337018 533581 109896222
22089543 244309 110145265
17228660 786710 110177189
30337258 960924 110610377
45184515 3613 110706512
498433 735341 110875596
20112226 982183 111049836
15622034 485579 111082650
65420077 367460 111148781
64343445 993884 111217771
35180736 129028 111223139
39510256 480363 111269115
48844414 489321 111300079
13079931 552031 111322462
18978565 622203 111519094
43731670 483662 111658132
42527367 163090 111698212
34892120 350062 111752773
62424206 740578 111983024
64962991 753682 112098009
57463687 782680 112119075
21631333 617160 112172565
40588971 111658 112204545
52047451 647044 112241675
11628953 245274 112277596
51019684 461620 112373122

900 81454354 692403172
2843490 465142 379911
74014913 917907 689677
59804631 333627 1346494
34369742 818105 1770606
26766665 902640 1806276
53254384 665333 2517417
42358625 736084 5222543
11916006 703603 5983436
16424379 883948 6897258
53512292 693429 8664155
15624540 939954 8799227
47035491 669033 9660347
47345601 638041 10689014
18903008 234193 12047805
44465644 812784 12176000
56912510 772965 12199804
62439224 242370 12271136
30440826 684353 12569676
19606043 744320 13710731
19038480 586026 14175265
75970345 594280 14431463
68833097 9266 14720954
73411914 418876 14755726
40501173 130181 14822882
73219269 175758 15256305
78186978 950812 15403517
39581191 329424 15558751
39137946 493905 15572969
39483616 437404 15676773
29230536 972335 15918655
48854865 87227 16109415
69156613 481859 16460683
79515468 609855 17987585
69951575 364261 18430234
25762904 36336 18613700
30099671 763339 20103304
7411571 584758 20519450
75795798 68848 21056630
999089 23252 21353640
41633377 127796 21677074
17822978 323999 22236885
62148231 571399 22359793
80662564 363234 23403618
51106321 247896 23444926
54875864 574072 23627711
77888985 86601 24555597
64298249 13579 24976323
18698208 104767 24979693
60689978 535807 25315368
59408307 120731 26650931
70213579 689683 26754330
14506632 533058 28764554
68626867 338485 28915574
28428067 355084 29439815
23390497 896605 30433428
6652789 402338 30551463
26820969 195941 32381068
45558703 658171 32926078
50037649 599335 35203064
40434976 891560 35605194
32920607 824671 36277737
45350389 529399 37262431
16525077 335309 37668559
24840724 242116 40361144
36417360 46573 41693526
57306491 740546 42696143
16480719 518491 44238516
8292283 310058 44300890
16878566 977426 44942407
33083326 247594 45076602
43906626 333465 45457634
15604994 297103 46332847
77661830 61647 46477377
60647368 214008 47200078
48811362 790508 47225970
74197834 410745 47545332
47335035 325793 48025737
77247298 937256 48498686
29143753 448737 50909926
667691 761938 50986972
62100280 489305 51046700
23909877 427702 51907113
19474509 191227 52072043
50837943 544447 52134332
55072051 333242 52527306
38466013 592227 52732008
58105230 690881 53279508
21931558 37250 54017967
3331950 746561 54037226
49354040 230197 56044225
37169122 732286 56091494
32292988 557866 56411347
25695611 796638 56711895
22726738 373011 56970309
3916126 597080 56979084
24728714 222468 57555597
36298180 963180 58049157
8832563 605719 58510755
55915570 954943 60649809
43864034 395448 61423037
72365851 383259 63357969
5386592 5316 63906619
43202254 983824 64464115
74303984 10419 64765354
63673675 707751 65167878
16942719 32185 65306837
13670812 645594 68050668
12564755 424991 68826504
71279780 543901 68832673
56364915 173267 69033858
29248809 306091 69532892
2592315 65648 70982291
19234975 823823 71012128
11953761 258920 71034443
43059607 906888 71714116
58352962 949382 72172886
19071631 181545 72658284
58323865 161143 72760163
26285892 857921 72812177
30258367 389655 73294525
61521236 514868 73463440
68860136 765324 74752345
31576821 793509 75494128
45687943 428950 76459533
69165958 9848 77484615
62135434 888254 78135644
1866653 923250 78190980
43792095 929402 78277318
10854296 498067 79757013
48784446 47689 81652651
30864604 263014 82000257
69354530 19180 82992152
80890570 836467 84986539
26322227 483118 85588795
30438712 241875 86647648
32207785 882331 87431896
23353276 254156 87677383
74131213 392554 88046355
6881859 604629 88404080
73455836 297551 89616927
1072436 61893 90189911
55007485 60758 90479511
27997087 794040 91727486
10715685 635268 92656376
25489929 223435 94069266
20621472 960239 94738203
19878533 273258 99302673
71356032 389133 99446856
938185 136903 101212215
42801217 303104 102153572
42141861 604405 102294127
9055823 86024 104298148
44091823 451088 105033303
28791718 980282 105377067
81162440 722531 105801393
436427 169978 105803171
9440679 22094 106110426
69918293 436354 107027651
43962842 106022 107497519
29726572 261075 109210831
72000609 597736 109949244
54365842 694221 110622045
60253606 592094 110763817
27734309 227365 110931935
71438945 953003 111293062
13774530 374348 113785464
8763538 468549 114036420
9901566 736035 114550721
57718 414990 115060077
11762281 155333 115521527
54031999 386996 115833117
49853512 63875 117986329
60193063 587837 118803648
47976812 65867 119025474
10509094 845580 121060235
9956851 847197 121293482
27551932 264078 121404174
44144074 493880 121520172
71047812 211327 121960022
80893603 933921 123433518
28154544 83696 124033879
27505615 303545 124959295
79874196 747640 127318766
54479629 996448 128027726
63507364 796732 128686815
1710164 562604 129417179
69226764 655240 130133975
8854308 46397 131740825
39520941 937738 133544069
54711637 672782 133847409
30454599 761702 134149536
35614547 538348 134581267
70785794 933675 134901228
19423128 627262 134945888
62616557 429358 135825660
1257835 419408 136054555
23418623 324626 136281706
54231939 203819 136384549
71411929 965144 136697244
27576685 237020 136744618
77746462 307835 137276718
15419221 514218 137551773
71761347 677419 137999412
18344103 709492 138355958
12909028 143209 139094821
59420797 667440 139869214
62024005 376975 140931911
15577486 934548 141239943
15990038 399660 145779603
50991156 850901 146128589
74385429 172559 146741394
45601014 924665 149803510
51136682 26605 152759297
13638401 966840 153037381
61061919 944294 153785428
17387754 282317 155720186
51424763 668402 155730920
68642480 75254 157003886
76494857 7487 157638400
22296891 693598 157706641
71063674 976676 158151099
47913662 250118 159023314
35683124 58095 161628547
14838193 225657 163192996
35334612 501834 163825826
44839980 325517 164869766
70711884 496694 166120257
64122857 155030 167081489
72964891 158314 167915279
28888390 702626 168259941
11905094 957078 168527064
23936606 194763 170902137
37450239 423097 170959445
67659754 115640 174065971
78086366 756711 175131748
53814475 815475 175841872
80239116 685018 175877892
29089404 780895 177087592
54175932 592285 177617651
40736478 934385 178087242
20932016 722463 178273643
47008102 529120 178937440
63204842 676194 179894717
24827135 614989 180625824
24275839 808549 180870550
17277884 930602 183069185
34001753 151485 183663950
30197041 715800 184350116
75429968 634104 185765753
18247077 457245 186636434
52780247 902677 186753091
62319516 83161 187374039
1412970 371784 188282501
7387610 99309 188329138
44620245 283212 188628967
66716567 338451 188671272
63584920 566952 188928181
80740005 651345 189113458
16646217 650799 189369641
58745003 605024 189443311
16251059 833385 190038653
248938 793532 191412881
80606804 630427 193078074
43905526 494862 193466176
57923200 597918 194511982
45346611 366600 195092288
34946401 311024 195601652
44168545 857030 195672009
16587916 504535 196689755
79446296 123670 196967853
21279656 18789 197861753
27839401 59550 198409993
67074034 454029 199265429
52841420 168073 199631587
31170676 752197 200325311
31687458 439168 200759374
44249825 82781 201084393
13500256 429746 201140787
60848590 309631 201486047
67778863 566865 202627221
78400298 54088 204148285
42981473 718475 204318792
60468280 707090 204860730
80200525 749167 205478757
37382396 378900 205636715
72885184 268398 205802554
58723334 420186 206778135
50224443 677954 206876502
32158265 743572 208924974
44989196 225148 209152400
260495 242921 210546320
27151979 199636 211267274
35378410 138957 211640746
2105558 727757 213670376
45966628 703946 214165894
3137855 169009 214621623
40921739 936487 215112198
32353986 551796 215444999
38978364 464955 216469109
48789552 903113 216932916
51858743 18245 217790089
23687734 404197 218151786
31582102 177153 218171769
63609054 450171 219038577
61347501 211268 220629695
77130287 299661 221628476
44413250 842351 222003390
18203948 456051 223096358
44667333 373928 224218026
58338658 114371 224559455
65624863 513803 224724586
60661202 928616 224751361
27899282 229062 224926331
75871963 259232 225002574
39595476 920526 225786515
43294284 55134 226252184
28752502 150852 226832552
55076182 136591 228215610
47282484 708478 229202180
62852700 168662 230447434
26753917 972981 230607569
40183713 360989 232099254
63425512 796100 232149565
40480842 921305 232254950
9657451 752067 232579718
39877758 372787 233107946
47819211 353701 233411071
35096081 649679 233590469
16780522 884073 234827783
57564305 353009 236531861
9617289 48251 237161583
32222681 887727 238568940
68158930 574119 238821185
80955221 29335 241277920
40854527 254740 241862933
13800758 664876 242026706
22539074 261569 243063081
4754583 106387 244687097
27977648 189860 244710071
57345790 167002 245532020
34406627 974547 247493760
78915962 548894 248888539
77733492 614139 249588408
59121734 634443 249788015
65726361 354669 250166060
55690777 350590 250201509
10005241 481561 251201330
76733290 654946 251256245
43793329 662224 251293666
80961821 44415 252107128
45517457 742825 255634045
2537768 32056 255787117
27087399 975805 256099246
68911516 283712 256252045
30399551 107273 256445966
35742766 480895 257336585
1336564 832267 257907284
74255821 74385 258191927
28678348 292043 260334617
54214023 561972 260386346
66287387 294300 263832746
40261385 366171 265722750
18632899 986815 266470551
45220553 833830 266760913
32259494 297080 266779296
41135530 346610 267448684
22308514 894752 267971367
80759506 85774 268237820
5641669 545908 268565466
36117012 380937 268674323
30366332 162318 268689117
2277629 404123 269428590
64923539 678442 270204481
1510262 130460 270812376
1320348 899308 270939003
21088808 987477 272973976
3360939 503308 273185522
15597462 752794 274372662
35881488 839509 274560386
2692776 777327 275103052
60993706 798396 275316542
16084935 407204 278057051
15582257 339320 278965991
28468472 157440 279418325
66782225 51914 282254360
43660490 442335 283032363
37224010 566419 284151878
27685900 129319 284162122
35326000 286501 284175150
11499515 312446 284731512
69681118 898933 285711766
69984044 101454 287037231
36243353 4333 287857303
9357942 380044 290909360
28979363 657602 291334120
31910219 957039 292402054
49671470 904708 292569134
70343955 607378 293444524
43594170 216527 293785526
23571556 478238 294302119
25501367 286017 294384668
38317174 488104 294407557
77773221 18477 296838309
218624 350372 297449999
74850645 789527 297949695
66732518 437507 298736171
53832464 280741 299364966
8638543 49619 299760102
13034227 297342 300014226
55891673 229432 301555140
10118035 262759 303615312
45209380 413195 304663223
18141015 225137 304719531
37498754 831438 304808083
54349199 449001 306737190
59127353 722948 306952661
57072923 164192 307451631
20503908 945560 307564878
6615761 318659 308118485
74897169 363817 309661870
38588573 114260 309729607
34484467 416379 310277249
26946882 843138 310347703
22521553 362015 310717448
30827761 114576 311222245
71634614 588600 311384424
73584951 594059 311543818
15080736 330089 313702354
16174569 609449 314395548
3973419 925215 314568368
38508422 578199 318271843
16865096 937717 318402770
53983245 991070 319029442
79758926 293730 320582280
25556657 859129 322642826
43586050 247707 324904495
7294185 782953 326219739
14868580 887803 326779072
23515267 417366 327612019
52951819 181281 328159197
17874720 960918 328222512
13860296 360366 328528252
2621885 289647 329384514
39933141 43410 331617128
51683024 15296 332716034
32914092 784400 333461476
49834590 253468 334416869
52802183 155010 334931493
7438856 696668 335148464
71103095 458458 337261395
9843709 990126 338140461
73719059 303139 338416921
10856461 517902 341101461
11642353 504009 341585055
66842125 678753 342087604
81048546 933873 342701107
17932547 95977 343524366
18065773 186426 344255378
27415255 309856 347309102
16547327 472339 347444661
64102074 375584 348662193
57119424 403753 348885604
40706344 789993 348982672
77539396 716942 350924482
6053271 269848 351173178
49561614 945981 351555589
27227105 129117 351858836
60638011 67288 353009736
38030732 245506 353693884
29236649 390877 354359607
2099744 825635 354403825
68104266 272608 354675513
40711451 392047 357490032
11642065 392558 357599350
56906460 273355 359049136
60807856 56468 359415239
48674564 867115 361374121
45898851 638104 363819208
45308816 49595 365511390
62340936 580565 365960582
41877629 764342 366203362
31601415 46188 368046815
19443738 456171 369397439
33773512 243855 369982616
13606520 885009 371543650
77611668 872323 371899408
61978701 685181 372317483
70368842 752575 372567717
39003517 285864 373904405
15797609 480782 374154791
40937940 504194 374709236
13221508 63260 375987600
74036890 371021 377803205
76361577 986235 379024818
64363090 219625 379923785
15738230 457129 380849153
638477 743074 381003155
55483159 597955 382950591
56994958 904715 386035866
28560247 225267 386395594
29839937 591314 386693623
31618314 451470 391257259
36913694 794154 391604563
24157468 502545 391738478
37234838 941709 393888902
43086878 284759 394665531
49276455 819232 395372235
68231205 116120 395465754
51035195 401736 395659675
40840160 792895 396172212
22711717 143685 396833670
23180552 521324 397009002
58875480 230975 397574776
10364875 581448 398582554
26834744 217171 398800827
75029228 463148 399019993
32592611 374155 399119578
53227053 684765 400072178
63808618 20233 400632023
44467212 294051 400758140
31918302 396055 403797830
3466483 545686 403870895
50092495 854291 406380684
11798561 534394 406531635
2636326 395550 406596170
76131413 144926 406689672
7411382 512910 407584666
78131515 471476 407689591
62536155 910708 407745434
40438409 767987 408801537
41627074 783456 409492043
49328762 87024 410035856
21784266 323130 410576411
79559958 383734 410878076
14896528 635648 411031990
80326840 765370 411906761
22698032 179475 412620667
69448348 288179 414250213
73065422 135471 414264503
32692104 990615 415395854
12175668 887290 415648097
66222131 178180 415677549
21110743 659942 417068758
49414801 729200 417520512
71272549 457120 417806794
27742989 73014 417921264
3314261 515707 419685842
11890958 334945 420228622
20377334 394427 423566390
8699927 509634 423766094
13595340 146953 424184524
52342465 112943 425126663
16761369 833831 425870835
18705663 697469 426149812
58493873 107279 426792716
46922412 336117 429287805
77477758 590767 430319810
46607113 241254 430895034
34494166 929050 430962010
73950808 740952 431582209
47085189 706245 432156508
17547177 195951 433103068
56369216 216614 433348526
3216768 553343 437290501
8129983 426450 437479923
56774486 45742 437622565
29994310 512702 439806891
43995005 524626 440498153
17869546 63772 440957233
52025278 646231 442746932
60535652 659140 444006252
37355339 401443 446099580
51500375 123734 449363558
16626451 117263 449368206
77016441 506544 451647878
43416375 812880 453635690
55045722 451540 455299833
43688540 691317 455364711
37772420 457837 455811978
12852943 542157 457282389
65286219 483032 457820916
11475697 409846 458157310
26864581 89119 458846355
21271737 57192 460181354
40062019 895811 460828270
22793205 457468 461326393
77445906 758127 461363240
63770237 641566 462017342
8506391 275292 462568510
30925049 850920 462599554
21102309 560459 464019474
50124718 588172 465191808
76487097 35261 465534628
44198281 314708 465793646
39067102 802359 467217447
62672190 461064 469038687
10046044 152123 471572614
1888115 26303 471676136
69532386 924408 471809781
53734264 450741 473242276
21016310 449017 473260947
48911732 625037 474280438
73743077 53796 474613938
62859432 430451 474673398
14014029 973474 474990305
4997837 442144 475097882
62420331 94477 475426274
61657957 327033 476743237
63634482 268655 476999083
56872202 892418 477165907
58982914 552907 478035698
78564277 639828 478626841
14577607 961088 479025707
46555605 893567 479853923
72947578 137471 480687661
42478930 218808 481307130
28858643 824213 481321014
5281238 594119 481567820
36958991 533403 481629770
65773827 194790 481772828
35038703 285482 481883020
28965670 358521 481944642
67668602 179912 482698011
65211220 300692 483418354
6855854 48887 485563168
73281060 169690 485611987
56315786 487868 486280934
25106481 233348 487573524
4407058 932625 489260399
71548874 829670 489979688
44439965 398631 490391699
7309831 553653 490594869
31759266 697817 491182149
11653388 869799 491685800
10389431 261351 492070458
44382972 452099 492774603
47561916 448485 492841891
24945709 539284 493206752
27321652 700791 493237283
1872068 754441 493438420
78780991 565278 493677157
4934131 936657 493696119
58052612 298919 495327983
33409223 644050 495937923
52914921 728947 498848249
56980283 23319 500296580
2313801 1969 501140519
48723523 590796 504844170
39461933 693675 504935394
72064160 639094 505802255
43535955 513011 506245951
18510114 794652 506301282
36917699 462160 507666231
56372200 632074 507822077
4598503 43145 507995349
567834 914110 508809547
64905088 388373 509330512
2746940 926411 510773537
73062117 224267 511044983
4955965 233075 513256495
45365710 709899 514150143
74826211 50002 517199473
53488415 370678 517342483
33393164 83925 518002852
11004483 600747 521601496
65663820 80937 521610080
15131078 477845 523004885
33011086 589327 523503206
61646562 480221 523754197
53990802 453734 523794971
25842836 166109 524040320
78756229 204165 524060991
30390898 545843 524347391
35365020 365327 524998547
13119351 423140 526092084
76336845 344322 526932625
54253059 917010 527208050
59982625 452067 527615059
2113337 467720 528393961
6367859 735083 528662116
36149442 839689 529901122
66493951 908490 530137711
42186258 388418 532176561
21603620 455930 532239374
36467622 301322 534141663
57554960 834668 535100428
42929387 589904 535129184
50909131 972991 535388151
26776786 361319 535539218
43226663 79736 538683353
36498451 370374 539508447
73690959 467103 540739273
44888073 995104 541659213
39311076 853132 543775115
13408646 693810 544941413
4697531 914187 545739599
30418304 695238 545923810
42697193 950812 545943605
73622985 105323 546473665
69833749 921929 547717726
59235448 306988 547754977
78188286 226468 549308684
71239261 277843 549524217
46736745 566964 549668772
40669324 337350 549831663
2778900 893265 550161067
78944801 394572 552572839
75620759 41416 552753304
26253181 123215 553528497
47437386 748862 555527580
58760947 18629 557887879
70739660 900074 558872909
54224948 478544 558949894
76217447 152327 559020545
75624473 864975 560212127
73552283 793325 560403641
69892967 371014 560963298
51161544 687781 562377292
17188206 925797 562533050
15785473 413500 562700143
53473511 480475 562753008
70099111 541375 563014043
43726820 626287 563029479
34110842 961027 563933525
13550978 743506 564440239
43456720 300886 564695553
73075195 371218 567420041
77157470 612701 567587395
32726438 626348 569944596
69032865 425247 570134410
25934687 100165 570413751
28950405 334741 570901295
3788869 902656 570959271
80550901 487661 571047151
60194532 743232 571529632
78870372 437544 572573738
34265707 808432 574032128
1623343 715615 574108656
81303837 701364 575806094
5251018 586490 575847240
58013861 44180 577525897
46277988 258618 577721593
25472938 213446 579086790
57904736 216295 580486017
77417122 567698 581604919
54704994 911327 581848822
78286882 784215 582248021
26836986 516858 582596464
14455561 294628 583490091
2115986 924595 583506868
63739905 246149 585048198
41235620 531939 585462051
33507988 440171 586034808
21198360 718793 587880927
69935658 325199 588939700
30245522 273570 590276692
66078934 424474 590581469
49608503 938450 590744628
79241030 90470 593692378
27390770 36884 594718510
34704444 920019 595728963
77369734 145497 596598280
30998208 24568 596601494
75772120 991487 596712985
52672798 147674 597578888
21273025 156959 597718599
11405138 857826 599388570
62025345 342064 599547483
75731760 252892 599663434
70824584 567661 600297812
76292056 914646 600993217
57418867 228069 601950996
69696676 697513 602693575
17887365 300731 602782260
45421531 285087 603416273
68482646 493934 603841814
36574538 93853 604260114
34323414 344607 604805194
28436015 660082 605114002
69482096 63250 605188702
72037329 611184 605226709
30715051 269601 605331505
61936982 957379 606267120
70577065 164301 606816558
42640069 485339 609022127
15751394 904586 613841842
15966408 663223 614466902
49859631 295215 614918186
77810266 765088 615794191
6253446 878673 615834496
4168837 961074 616451943
8872918 954019 616481819
14576600 221975 616759816
42062946 96586 617329353
60283235 581530 617639179
49629276 934759 617683610
79756318 490553 617819434
78758417 773096 618627265
39299831 961087 619184437
19006993 237843 619686312
75670788 792723 619801375
67752184 528363 621792906
45950742 383433 622060523
61017779 460810 622767369
23203773 228054 622778427
24014977 491655 623902509
7109971 78133 624382539
64856687 324911 626608344
26948908 146110 626847868
25105914 67953 630314057
42562239 51516 630476423
59757525 648583 630638677
2647225 123284 630661122
76990550 301043 630812899
23292594 680657 631130719
60711573 388457 632583268
55174092 868629 632589749
52654010 419366 633638766
7286041 451736 633671579
80028718 153820 633807706
14355319 51328 634189101
271321 669307 634252910
5590 750609 634730683
570015 285133 634945646
60081767 192871 635646424
19843777 797789 635856558
8734050 808209 638891350
16548741 472123 639085501
5154315 898295 639100456
66624108 770484 640694953
76639765 657799 641266969
48994232 620103 642722886
16712669 598785 644102597
29477687 166466 644925576
11242260 931022 645480446
74736066 745307 645530696
41663610 16458 645870366
4566849 170783 645965953
24920723 435495 646311640
63757264 818784 646442065
34663 456985 647431080
17357505 194142 647456080
36408351 148529 647840023
45478782 659609 647842545
48432535 26489 650683367
59403512 557276 650786259
20636686 589066 650844331
63992948 25257 651273365
45954390 703414 652511039
18523583 76778 653034261
42020799 210383 653675225
53526464 982243 654148484
51435676 175274 654693396
72628325 217470 654865417
28205690 396857 655034829
38114237 57178 656090473
65854313 820547 656763594
16333916 375377 658252924
34161832 818930 659965637
48947697 545967 660308683
10810235 570886 660873094
45391870 538610 660911472
26988082 203338 661901466
33667084 592251 662010038
59059048 231077 662328320
35557571 326685 662608047
42475049 770374 663509241
31239500 3290 663898958
60384220 881885 663941706
32215464 702388 664797479
61908189 196058 665124398
27686152 212826 665691791
23951626 749879 669811733
43544088 175503 670075370
9012368 201985 670773720
60207246 948044 671096305
38900263 183675 671247275
36171161 696658 672663112
2282566 941406 674466317
79159082 601252 676105483
60096193 599825 676432874
18757095 191409 677465231
10682998 618183 677827444
1798754 263101 678487093
56402337 739348 678812516
51284382 500039 682031365
52878186 359579 682456377
67306861 571234 683194219
33837158 626217 683715723
28276757 744268 685091208
149460 772740 686266630
63474815 904187 686737567
48433540 13601 687104893
76568477 523337 687986628
71674938 195034 688291366
78618153 382298 688731863
32124084 420567 689802961
11312347 707724 689897950
27732111 314428 690775367
3217755 390618 690852947

969 157928334 957187714
135424601 589464 28823
101671951 493716 2062988
136533165 793027 3613859
99113419 513913 5887139
146412776 277542 6831871
9814495 908595 7553998
77862295 370203 9480125
123164257 832112 10551960
149188440 230576 11508012
48542684 962209 11690361
69955853 707913 13600440
122333670 540701 14151449
142620372 723520 14556043
23648429 153551 16980418
96777162 832585 17473804
131692646 769131 18164551
10927677 788087 18260237
38257422 466970 18467863
36167755 114494 19870924
65181074 926435 19959506
144797803 621192 21316480
84570970 846582 21603380
87354499 211796 22258928
12622937 501275 23058852
144942287 743525 23279769
155091483 395366 24549936
86687195 101761 24627497
37668511 973412 24877146
148461791 211159 25290560
122581591 333094 26788957
128397087 656133 27028914
50526579 21612 30205580
14895359 169185 30342626
155713978 230707 33524908
47437958 886810 33822224
101835747 45526 34454917
9965455 467824 35145486
22065955 761350 38624887
91436390 260235 40961894
48346722 377633 41859562
4388361 782279 42771033
68505165 675425 42802123
151785995 309367 45957327
147273615 384822 47099014
29469054 733629 47211443
90102568 73556 47921128
85397996 133012 48355874
40349983 676990 48408510
97972934 590499 49903995
23972081 373175 50576041
86577168 39252 51058752
55678487 72532 51092113
45456795 102246 51377258
4769692 560072 51783616
97341524 157226 52131325
105770452 851723 54350390
65720898 379591 54798337
41523785 320283 55735735
130751271 513573 55817516
94634556 730090 55942009
39920797 298449 56814724
34651538 752511 58433283
146972567 354693 59410647
116298237 632969 63086501
2395069 39201 64590408
4537419 851719 67079644
43314112 514763 67406029
33817679 619433 71604839
73471039 93479 71895417
28147291 650071 75300357
154776929 928152 75512478
87238773 139366 77236555
38684699 593430 77616115
138159721 341755 78994037
120210242 908074 81646520
7050680 203716 81649432
49069871 467481 81663465
60881037 171890 82699384
51592415 228285 82870853
134244218 809313 83045979
128260665 990836 83740333
85662335 288779 84769763
13791044 447834 85355416
38417827 577668 86090645
12097853 895126 86549399
145752389 234100 87818656
37284907 171384 89296829
82359167 307931 90536083
139369514 472951 90718768
12573962 389071 91004518
28732337 905263 94296775
24895369 120537 94499439
76997319 376474 94734156
43425194 449859 96735229
92708282 327258 97506405
8880521 341904 97551557
68512763 844893 98197524
119189777 992419 100694778
13620061 17666 101654477
156443247 291000 102377146
84566427 390567 103090355
118293198 685423 103310236
87753573 518087 105038607
24513730 7429 108786387
139931118 595708 109599261
154332459 395431 109673737
132174669 61460 109766533
72824582 202876 110470461
39760606 118051 110769348
127698985 4692 112219199
39878523 761841 112882139
109573052 468335 113462016
74463347 119466 114301684
96458193 408687 114682900
145497897 595334 115191347
134604359 493958 116822980
82860492 826880 117460127
139482444 783043 117698672
138178747 692301 119327647
143605687 230246 119642228
101820593 325934 121137793
143210410 214305 122807399
85908612 387288 124929000
41733691 787577 125376342
41333539 96352 125508818
137919972 263723 126229623
75928877 450542 127502524
20212427 705967 128945768
127288200 27021 129152705
79174521 754749 129210342
79899244 732241 129243075
97984738 761269 130135432
91312244 496124 130911013
78097050 160491 130945633
23572247 156722 131070730
33615536 818663 133353860
129318323 296856 133496819
18641703 847616 135152898
153957645 231451 135266965
126093167 329622 135771788
108280189 270484 139322610
143799388 322514 147609124
117722213 499516 150893520
14227171 308629 151241521
27388299 770349 151408902
127838915 662835 152636009
97355544 30386 152642490
48167359 276810 153781606
77680122 171292 157912498
124746916 743132 158216245
82483753 605383 159479663
153004738 859179 159604227
1634444 963927 160638063
67643873 27345 161062794
145503450 186291 163265243
79978952 46374 163317031
27471678 809374 163636481
24967795 898546 164938715
72615706 102054 166047597
101610576 598323 166110871
28656974 307088 167618513
112131695 341482 168745413
80266981 412889 169429414
1566263 238392 170010542
110870464 698714 170281702
150102057 806502 170438621
44166886 729442 173484737
124301537 323343 175079944
1012365 371392 176066501
15642122 94236 176134964
50945540 878324 176522892
72838634 945145 178311931
25563680 230050 180076928
76011460 923017 181264211
15760524 467628 181589503
151532644 295137 181832664
153796721 397784 182122558
115481838 338370 185330063
29232964 185848 185636506
148177442 316615 186201472
119484500 588172 186712039
42360854 330396 188355907
72494173 727462 189456489
36905487 261513 191654201
102850207 911023 192438186
125184729 152236 193942826
86327807 751088 197485537
38895524 820268 198622839
152819439 609 198795680
99363990 958660 199030094
83090730 929200 199373169
144540896 213963 199890156
104300197 932204 200537359
59163676 292414 201903522
15663566 397738 202596850
103852933 538283 205296081
5776563 498993 207546391
34999633 343412 208140145
57771312 467359 208243949
154483596 871990 208655936
1775224 998689 208762456
105326677 389609 209108547
43626940 451837 209642082
46250494 255971 209849436
80700669 667176 212349423
84382979 797615 213570508
4073136 542478 214296720
121746895 81749 214373548
64195372 426662 214566160
40036826 304273 215454719
125112120 259413 216039506
106066932 364564 216315809
84079050 717295 216907170
124738952 414423 216927248
18567958 38128 220201236
13573006 182565 220958896
48428017 784267 220977318
22159832 940055 222935746
72281728 97038 224600205
79906032 674079 226356725
121429654 732468 227449955
12713008 820441 227692796
155721119 633642 228132479
130877137 385113 229705643
125422074 287664 231090261
101654855 597261 231127023
154381841 741100 232601914
43250662 590602 232825002
106836276 670012 232920421
139951791 12676 233583125
49933439 134793 236023578
27185278 263686 236970615
49849422 531848 238402703
64886352 811881 238836049
143566517 26675 241733893
115599942 814356 243340180
20615756 184090 245573541
74923042 877269 246580545
117860562 68861 249281193
30963878 548160 249281429
77238924 972129 249310840
43328884 463209 252466689
116220763 695072 252725828
148910833 440953 252846781
95071791 711087 253354873
96839445 199646 253525001
116374821 253150 254822150
61872159 728491 256159862
25294096 232243 256758848
96732572 22570 257129576
58760959 319975 258059429
3195513 663996 259583971
46427239 19385 260342922
13080233 154847 260684718
124525424 194442 261433968
11040996 590217 261839638
19527399 962742 262680094
68032637 690124 264241752
155938531 536083 264410309
76308891 393229 265794549
43691880 450062 266398093
110764583 820276 266501554
60238645 23263 268588925
7609675 583311 268862206
53883901 703073 270225461
126939122 510654 270304550
41011450 525580 273480903
28623120 13997 274303909
53608698 715860 276441984
143955948 218565 276717151
40204159 847930 279596352
141457867 36208 282172045
86866796 432214 283620469
59076156 809368 284438486
107270764 570151 285387292
69191520 395079 286723310
22055802 317639 288324255
30900727 103384 289972414
20294702 441917 290054783
156421682 846457 291082100
54295507 407790 291914288
110183682 58217 294104750
18109331 281884 295015994
74227052 423131 295100328
97771548 869821 296009835
63565918 685303 297812411
105176969 876754 298178481
47459050 798313 298278268
138274590 341142 298338740
65587947 749946 300631858
133589525 338449 300674551
105830069 950199 300858170
24730883 716332 305441344
36467166 15293 305836368
56282131 97405 305921258
120952328 25627 307164879
111357609 365659 308242789
141721699 933093 309115331
122827731 552752 309334202
106120606 61176 309832204
114537286 43292 310007051
70661734 483147 313300540
60997522 717113 315850394
47737651 486292 316718416
110322225 849316 316780593
130274024 822761 317308889
3741230 489736 318170353
120280578 866843 318920834
122297968 173816 319123049
45084819 854846 319366602
53954839 818777 319599445
139809857 7085 319965910
79998501 691902 320265623
54654562 935971 321280598
58450943 858722 322303900
83654076 994061 322612854
112696852 903753 322922031
45241547 327856 324126552
12769271 934452 325906900
105322627 211609 326456047
53742772 914316 326746282
41060740 678939 326890473
10768051 330108 327059338
16091965 987236 327465375
133622061 661263 327681742
80628389 735877 328312667
31696957 568624 329138398
68745551 756161 331998941
54899001 542300 332204179
129983913 700194 334740004
97698632 106189 334767945
139332033 255108 335827950
67104836 758756 336246775
48154278 411036 336629696
38277854 407124 339160478
73857320 373428 340993059
34415045 84937 344796140
41806615 894329 346625975
80748255 283666 347462505
60793254 957700 348170082
121250111 359329 349718865
44730405 902186 350690481
152037007 59766 351487403
69485805 513858 352440858
122199346 4578 354289284
107445414 308037 354506958
124968237 795789 354512303
10313169 207565 354657788
137313826 394300 354907834
102570871 905006 359885064
114247968 581506 359993054
73129400 75971 363147958
140020145 503524 363710986
130641634 999985 364699198
128457843 388859 365386208
70395876 190951 365891230
93156015 548902 366982914
140368470 994265 367793813
100424705 787255 368123064
80608985 111124 368586019
104029143 613832 370781768
27124349 789288 370913277
5675744 908233 371473472
4500954 199155 372283703
97260261 576081 372291516
109725747 699929 372865748
21369400 117367 373443434
101587312 232413 374953897
130729651 142111 375025361
84331093 610708 375057617
81413094 414474 375158639
33377083 23478 377197673
36452241 270007 377477872
120416761 212618 377668020
111267917 437837 377980156
140893861 375470 380512704
127654804 518970 380683835
105472470 438702 380684106
125150064 43034 380962924
39268479 525256 381159498
66469696 227994 382397451
154198925 107212 382445118
84478567 980474 383844864
8304012 12271 384818018
93530536 165139 384904344
98233340 749851 388578569
28012352 948151 389292403
131074444 476184 389376379
18183673 459043 389394018
88200926 647859 389658112
14396198 943623 390245854
84778336 605250 391851247
77004036 518685 394291848
111127855 262068 394416200
143958009 773435 396142600
99489631 286748 397167190
109938886 182372 397759425
66449078 879094 398872160
64017836 378556 401352092
145660807 211712 403464549
68323037 658816 404516066
46616895 386333 405038101
80430299 56907 406390901
20014890 860573 407452372
62122915 892229 409313237
92161428 193389 409480426
104656274 815931 410049344
123532331 566554 411052639
105675966 850608 411417985
128698302 148762 411752220
155686895 708914 411970032
29583592 502430 411971402
73634755 524357 412703397
122285342 618282 414020994
55010632 452342 414367387
22105801 240043 415554822
56093357 50414 416098642
56405672 71310 417505864
105295736 780724 417545859
126250542 891071 418908344
14400877 685908 420859475
38048984 409945 423835055
61719787 387547 424733736
42028753 175537 428841355
116688597 895299 429940205
132599307 600684 430154685
60329779 694737 431754951
144647884 354254 431769903
87346493 908841 434655791
37566178 840097 435104170
84573336 649185 437643993
101065695 123569 437928103
145076543 567320 438003601
40935307 865916 438905149
96997167 701034 439941197
56620954 66136 440955812
108349041 396732 442693648
128593695 77520 442887457
19119073 778501 443631566
110707216 925475 445383253
43791678 469686 445492986
38008691 140705 446593436
124031137 291207 448473336
2556608 607636 450123040
132995704 651559 450764025
22974727 122158 451477161
123091150 185192 452026491
157560875 282659 452676929
124148443 988039 452697652
92775398 697800 453849730
120330748 146812 454145457
51186634 920200 456605361
59249017 871630 456923569
60859817 102572 457183741
37845210 272518 457930894
140195570 202896 458406057
19078139 912493 459387661
60112309 398737 460448672
110418771 251835 460475441
9998247 977476 461037563
99285751 678233 461882391
73917030 88582 462959773
59412234 617059 463410547
93934544 978672 464051109
119540950 10864 465542823
11265873 701506 466066285
109504125 999261 466606576
46198775 645614 466902460
84821116 785831 467473014
153157445 926429 468492644
1008478 564335 468679863
87723144 891782 469258797
132406688 901699 470458432
2759786 362762 470614474
105446489 375847 471789118
68970013 945551 472073159
63771938 419547 472657155
12909520 393040 472824918
4657899 517267 475375801
136292867 731133 476729001
149200705 907487 477074060
52066093 533564 477385106
137831727 959671 477771274
83471416 100018 478030209
73718228 212497 479223004
114540052 835577 479507333
80128618 110111 479641333
102674246 965591 479718917
76553752 301483 479860027
11299490 54232 479937394
97332562 704291 480843265
149950699 4432 481007832
132952956 250307 481233928
16376166 122584 483550906
961642 68578 485635271
98099345 118082 485671275
73689819 267282 486285227
149650318 318464 486323795
13446167 840735 486626909
52258167 731314 486628209
120522807 123782 490131957
99616160 803755 490543035
151786262 372898 490600780
96336833 25723 492135532
12915429 75720 492734291
1462823 751208 492974035
148119607 963422 493119545
58796574 215816 494738110
69342069 232238 495644778
71085943 824214 496168835
50357700 226016 497097808
29955196 862657 497195549
93428366 204348 499747855
116769640 596680 501264914
90271478 39266 501381441
6840899 423034 501774225
66095431 861745 503167060
58351587 2810 507492463
154991672 381726 507952218
46891399 865094 509746547
26502889 951536 510049876
118187210 421454 510726123
75322292 567513 511186633
109022233 634898 512966277
89004103 497407 514315958
35303456 92342 514355500
25329953 79403 515748916
76572076 290165 516706433
29488727 711029 518905301
66004048 744908 519748263
14971965 11592 521243761
154279610 589147 522491407
116435705 524700 522769680
30244397 320967 525367823
67403637 499357 526101895
71644336 640775 528540363
123078826 840021 528816921
112152602 849543 529688321
23090501 18930 530000925
59328893 958373 530905767
25900324 541347 532585036
130480508 490408 532851398
30434676 434937 533450762
86902692 655147 534404374
109516662 623096 536002615
98604724 823027 536944982
54717868 567223 540928167
71851983 901302 541608926
157186886 481775 541814699
132540310 457204 545512143
45918047 701149 547943101
154941510 51080 548258931
106053205 394081 548757058
51977176 865782 549368393
21403104 977134 553364480
51717297 457326 553697417
51043898 962738 553971497
40579276 297273 554004123
151249084 184977 554107498
102405996 735124 554992780
12978695 837864 555241838
114440741 421456 556603773
117081945 219065 557062263
100618679 899024 557132442
50146869 922534 558217246
65695634 725833 559099422
2562912 542480 559609990
2237946 631313 561731620
31751522 29633 562924565
102786743 224957 563005504
121419006 43399 564680793
67170824 251822 567160468
3838821 809662 567213928
49338280 521292 568533666
59729463 796471 569407326
28635268 138931 569456629
118278690 35825 569810273
153732591 654959 572477707
42109034 452505 576461211
54439937 781689 577012538
142781137 126360 577765341
34173586 122887 577948814
79552211 547397 578800137
137224319 905794 579284058
6168279 942605 579813790
106085947 281795 580884384
149666618 318496 582028459
92000600 254682 584953809
106578927 51036 586007685
118904952 325937 587267820
14688957 219301 587458630
154986852 480082 589957717
113615751 336453 591128443
70162464 520025 591957163
96025620 946695 593059674
2905665 733034 593495129
51678741 433459 593694401
96875342 751328 594598586
110605553 348760 596262365
138901170 149300 596361533
559248 116538 596977030
148003148 755512 597378241
66193263 167315 598034656
108166571 728483 598977300
125250549 384677 599462816
85808666 621774 601886991
114652908 583375 603756182
46227671 195030 605137465
88243011 844229 605166805
113651910 824721 605169021
79460051 696401 605949271
115074670 897682 606105806
30451858 686869 606764408
137456857 811638 610225434
51435090 53013 610740067
1549092 375636 610942696
36814415 320667 611984798
10707752 395549 612012368
38356664 691373 612109533
39437444 85176 612235143
134372198 760004 613801006
150021486 768647 613901907
142567801 509003 615183029
19296948 174994 615543411
132552985 453966 615881846
157025969 448118 616046459
134632841 506209 616924066
71456121 258802 618530198
86105131 36235 618906655
74414871 450766 620402500
87072468 363815 620803079
43206277 623238 621644717
86582323 536879 623355463
54298395 898761 626426877
31945698 101570 627012563
109045182 131424 629925542
93237299 512183 629969445
152594390 4283 630361317
111306902 925570 630382053
84806811 464689 631359705
16049978 100308 631585194
65261384 856915 631923279
35609295 628910 632431272
98985819 586224 634525419
92155446 75480 634576868
132390191 106947 636568297
71301602 31106 637575771
53406309 469803 637986320
72931096 103737 638150847
153751029 524314 638199389
136043513 507520 638673703
79021331 698106 638929904
145895247 360989 641013159
126643235 383230 642992654
12956824 333437 643488468
155135075 202866 643683057
18572176 77060 646890197
3730430 196707 647065634
143303990 382408 647680644
89380730 939266 650289195
57484089 334216 650494584
26223354 568155 652656365
94759492 789828 653578872
67704496 136408 653710251
73564749 290283 654145855
18069134 32016 655332196
117670273 868680 656549843
18679923 723977 658534400
14561260 117637 660751427
35426405 950851 662984267
59195104 486977 665430774
62629397 130581 665842014
19384781 603310 665981869
136836353 722876 666553115
73853683 824680 666898914
121623905 163521 667655604
100073085 213112 670920354
137728658 305291 671022878
14314754 60067 671045197
13924056 950792 671336315
70639578 253378 674210843
71168769 162820 674633090
6268214 21754 674827229
154730631 763898 675280719
54944603 194016 676104497
10732114 681116 676160781
12216022 324377 677601149
34673761 952195 678655762
27541710 992443 678706128
127414780 94235 681962856
97281801 383758 682289880
899803 248118 684453714
121143572 23357 685391866
142774429 144915 685540647
48394315 202506 685807096
41645331 488236 686103294
111739142 729389 689323052
41339831 428371 691811171
152896243 373636 693601532
129746388 811580 695457172
40175468 986486 695789118
37165613 391765 695859250
60701924 855612 696132433
4541423 893864 696363134
116970491 169992 696820478
96798353 129375 698175925
56024135 270355 698482997
106018956 948501 699110414
93868579 83297 699648106
100548676 658493 699855701
16276091 392187 700583845
123198997 644490 701158670
132879800 312850 701777623
110564064 479524 702555335
109912061 991110 705214720
119968500 428238 705379253
97004953 317032 707266469
110480834 324759 707662675
87148780 258248 708308366
43770008 801439 709625555
17303667 450391 709772319
71334905 506563 710037030
59509535 903006 710783701
125678225 618891 712220933
88638400 732811 712480858
22796644 780399 715630714
4893954 88052 716955733
157400700 798201 717042607
90236325 869528 718608402
26205976 38195 718669063
20285581 84625 719283265
63052165 466729 720038243
70964735 34476 720218538
123900822 273907 720599084
6092744 627434 722323231
122370802 339901 724288632
125634436 959353 724298790
149713793 299548 724661236
152171153 39000 724687537
21515828 115879 727047291
11446738 330029 727804192
153299217 227476 727906478
140934886 712228 729022999
30496302 820296 729658012
6683108 449651 730942719
96136488 146859 731187806
109626031 597212 731940051
100928059 236816 734373543
137789156 616632 734875876
135201178 37212 735715635
37188484 914867 736179539
97425004 726605 736298143
81563244 327141 739448749
117764307 798177 739785887
20615948 726439 740186532
96954324 700149 740572937
86763368 342221 740806792
85980217 725043 741027345
107186806 371334 742699710
64487325 397513 744572812
2059584 28239 745371431
119358774 919825 746088173
42013168 100975 746411794
47415083 358835 746498579
134153938 338700 747533240
96955633 551200 747600601
14042969 846900 747876893
121579091 216074 748075829
55280102 705934 750341734
96362704 766305 753886538
42770810 426647 755020850
150514940 157823 755700187
133060530 36739 756335552
110664339 131639 756658804
108266030 617670 758488800
24958698 821384 759136230
41097038 113115 759797688
60496246 763271 763196113
1757442 606200 764111759
105936987 834311 764651791
108357489 130159 765037429
23404521 605429 767344817
20531969 254388 768577983
19350689 435490 769602831
150171362 662135 771710842
60841818 801323 773416350
109581230 151047 773631689
144626457 892458 773853155
88673491 404722 774836179
80622409 95618 775825305
133607657 213818 775886998
91232532 905234 775936097
65641634 96390 777443520
972740 986315 778651014
27819076 353992 780962679
148124431 591212 781499309
152409528 528331 783153232
70535935 368090 783340568
30001103 568058 783854518
77996666 205006 784001787
45214617 464633 784412638
156498590 593389 784926751
96896693 284511 785415098
113260374 717450 786754915
140560412 648368 787109849
148865030 311090 787174497
36960498 95922 789583428
40756693 454293 791192348
22602481 459621 791799736
143260740 681353 792142875
7000473 985517 792692546
115730887 555170 792764680
153710681 897174 792806751
27194193 3574 793753851
65964903 803050 794658563
51418898 910833 796361842
58741168 162563 796386082
130893394 725233 797722582
60045086 27815 799168275
148232207 265099 803310881
54985195 304659 803985288
35888283 19940 806031223
36953090 131560 806908510
140828509 159105 807051180
15429150 28791 808006107
19847829 313798 808745652
124443813 287073 808943085
33311381 24495 812219751
156462647 99079 812463960
113432806 430197 815234634
155589565 168812 816926143
29585008 968801 817283793
122255816 223006 818069153
29337403 248004 818140020
72803429 699649 818156081
57443451 611787 818877020
127004219 235417 818909106
115867065 514809 819002331
120369157 420621 820490336
94157590 49728 820836393
75177788 600871 823378249
155775279 218658 823474840
110776866 584443 824968532
74436612 296363 826900353
121927850 48282 828070875
156872437 447922 828819501
52952174 924875 829158404
63821995 140280 829404474
15996043 130762 831094321
91029763 271320 831392988
96544616 600493 832379431
808603 744269 832595132
123453646 59089 833284787
117052964 447809 834167744
134127675 259293 834298918
101933682 599377 838950899
5918318 881521 844375375
84213044 565403 844571910
144313717 964324 846432258
125035506 85967 847094818
126214960 127094 847287532
64921024 887769 850908306
9926077 927910 853018424
19753395 121251 853944626
119740458 831020 855592992
25522163 326746 856164448
17721669 610962 856555451
15543421 440828 856725086
43551793 164763 857229408
50051261 538181 861296547
51990021 855785 861651179
58243401 985407 862957166
55455223 857934 863616205
70389902 703458 863655691
147794315 272729 865911743
33888238 427766 868470208
17336144 694290 869017788
86586068 43902 873392656
90479470 809928 873523342
67125376 698644 873944660
151109893 594984 874643349
107677231 247534 876405691
27858977 204036 876990302
82918444 988750 882314903
59562043 68227 883131713
33884479 109820 883729393
87416091 560483 884207851
39699774 603794 884496177
67868738 526197 884867316
34702756 579372 885274006
53091957 414785 885283746
138346180 172087 886577676
22834862 966921 887446943
3523275 893412 888517285
138484671 195592 889582174
108289347 679204 890036050
76724394 697866 890155951
61831751 505387 890201767
133671296 766955 890448260
84540563 777921 892917649
34053039 513351 893080347
37483887 428897 893155942
141688284 54188 893469333
55737252 533520 893714970
76514089 126156 894060649
129697544 199242 894310899
91644980 759647 894803746
24711579 208862 895940378
12251409 87703 896407797
35000322 643767 898784602
54338220 402309 899099856
5145668 470177 899117893
105667555 937856 900566715
75543093 957444 902626397
129633100 7076 902907513
30238532 322239 903426595
128444752 474148 904339869
60639901 607422 906132845
152031657 528179 906920285
115059316 972672 908344772
116809084 18868 909152224
106267381 150642 910010222
155293453 871139 911869105
15673965 852022 912781539
64905568 715629 917186842
2191073 869405 917887477
61392463 958558 917915266
39692946 728505 918563772
133622627 524830 918755660
19715540 852663 919014136
67767937 672401 921936999
136895447 330892 922516300
31909425 263753 923858072
61802665 606117 924968105
128968571 946273 925186614
110789002 537783 925904804
52756528 505095 926931340
150120540 186169 927206153
7038225 115599 928313674
65068586 706789 928810014
136432210 893678 928938341
13421133 82100 929254771
136098339 826713 929929893
61341743 820123 930036199
82150832 3652 930170727
87095657 194704 930313637
35926288 344892 931422072
106638718 851619 931728624
92609561 825821 931748743
8108206 262259 934253241
132502861 939417 934554735
125464406 852425 936309196
16762887 874343 936961205
81647334 159016 937033881
107068290 600590 937404713
102290859 326832 938619714
109963443 979688 938668060
48834740 699795 941431535
85846219 595170 941965246
60295980 659698 942265429
65607379 406658 942830068
63462000 957638 944728215
105112503 599637 945959627
24418565 156738 946512153
15188668 264918 946961613
28392438 756193 947964558
29442815 738668 948220142
37000836 258113 952584057
123703483 962260 954760208

945 212428831 602368074
205536497 247987 560589
108670737 769203 1737956
211749314 21244 2173428
134662043 876006 2180837
78334967 341798 2388140
113514989 617607 2866354
125035677 181542 3692520
179733126 304698 3920365
97192988 124693 4020342
111619085 603104 4192722
132522583 988149 4308732
137134387 428888 5721110
27175928 29248 6447589
177114433 92705 6914823
116756001 345949 8316441
187600291 765577 8452289
108767997 73706 8700813
120993650 281295 8827193
99251626 374516 9055519
147017666 839717 9218433
81488243 133134 9422664
150415154 249659 9483495
149445170 916965 9933822
192176134 81968 9958188
60488927 379255 11375778
46204344 48339 12419442
141284552 942757 12655371
58651156 425579 12884537
72730950 855331 13780291
177821634 719546 13996770
30448493 867783 14454138
193838340 368698 14514450
10244829 675706 15151356
43220125 243895 15583779
113901294 927138 15822544
187620300 372955 17189651
32676163 466221 17223192
92517090 811674 18795110
102333333 556609 19004253
39241460 104847 19807548
22371149 435527 21766674
12714697 925901 21871891
94387912 982132 21920336
168346324 598672 22241271
80682868 230426 23095258
95088270 888481 23771347
198574675 745724 24396242
178583252 906068 25029846
84969133 34905 25764657
51477456 640858 26832344
27672023 859121 26990231
24563875 448856 26991101
24062668 870303 27423568
117507142 199617 29280165
85316512 657968 29423042
73326111 789294 29433976
90622548 233451 29673124
181693821 65796 30522117
95893021 43391 30792327
129611709 512106 32651797
56360212 976021 34234852
187528659 138080 34252772
159435346 697279 34401516
84395503 326879 34551793
176427624 325377 34735314
190277886 310652 35415624
81616388 201770 36034058
197534194 231590 36215217
78268901 732087 37658907
174524652 677292 38277715
44931155 982957 38329379
2008936 515433 38348744
195244826 529260 39131807
115313406 116122 39920405
61036294 133080 39936481
55776464 837345 40364426
67526195 82219 41370011
205100313 181089 41384061
201373350 906263 41548377
36353934 326322 41629961
112678024 760898 42008564
47806525 302864 42112802
60267624 878630 42932371
166405083 728494 43293939
29413648 962030 43416695
57314299 69575 44008668
161968943 788070 44231182
2272599 117601 45138940
152672277 61369 45424749
73722069 811099 46101745
171093312 445686 46328007
30040092 382992 46346786
54823406 352107 46946772
57927173 759421 47812072
189277840 157379 48478339
106701051 310577 51202943
51424795 214636 51511978
33623821 6095 51678057
192711565 368348 51698711
10626654 160845 52903486
154075759 791381 53006505
67629839 527843 55672595
96325211 9594 56549817
81822926 45404 58323005
47337037 127689 58812235
180741150 912353 59394553
105073086 930481 59646303
57299189 490036 60120732
206164232 786180 60830942
165308190 549257 62946952
177590907 299507 63147873
189433728 312901 63441472
125874777 310246 63511392
7914362 390445 64425729
143271398 466751 65900513
59740075 948299 65985719
210509212 519999 67824560
135023987 726423 67927527
148834655 359948 68365282
47026910 930572 69205872
181566605 116454 69328141
81055664 965562 70237812
162609669 544926 70398920
165463223 68602 70991299
46741912 348822 71722761
119881092 17041 71796731
92240527 900083 72273939
203280017 768729 73025413
49657630 724141 73025776
76107310 133412 73094095
198240373 616354 73680592
92154602 726773 75193741
1534121 959686 76738279
170526504 48250 77185063
156205139 500715 77981290
106143026 588926 79131390
112403064 405971 79216871
161630714 600446 82121146
199294553 867654 82173970
110930529 185091 82706886
25066189 253218 83986888
166872662 210684 84485179
128901104 449858 84562783
165317445 820068 84770155
82874004 768183 85115998
59440697 239213 85646361
4607611 20800 88995919
130721365 773134 89173205
89456845 932333 90938845
123557286 993070 91734520
21215472 865122 92118542
111834483 838454 92156963
6117419 31874 92280050
117107444 786892 92827991
88211340 209429 93094735
64148191 343020 93119699
197024726 608350 94658671
44380961 488857 95157307
144352262 907812 95572890
24968529 611922 96699280
46338988 346173 98446149
48208874 913014 99333955
106424061 956032 99715990
193209913 599462 99863810
48780301 818230 100110780
203092599 123041 100197281
188974946 648608 100572298
34686590 528369 100943495
3618693 703911 101759001
203103850 301488 101932121
163191544 748144 102449210
200964150 610393 102938020
76287749 905162 103306328
32197452 377471 103801073
137526063 485707 103874338
142858874 659378 103993006
177792165 654709 104893252
71670778 268438 105281203
27151354 101725 105942659
191342460 102118 106499010
35017422 357627 108364397
139282007 108111 108478054
116359166 196988 108748248
201770143 10618 110153752
177582721 427474 111776043
144709636 376678 112954274
188867618 300990 113042491
11656664 686934 113095665
104195447 233866 113503184
92287663 475735 113543818
88452972 231271 113967286
169732715 564026 115645240
169148728 379677 117259768
40826578 455799 117805615
110931193 682781 118918785
86247307 637748 121484334
119663497 306237 121722763
173205338 207408 123962124
17179109 663459 124190357
19297561 76606 125749978
207357101 478506 126881499
47452791 96657 126981674
123228059 722836 127680010
169560452 867313 128028091
189693375 268455 128547739
80973461 315552 129212360
55690924 55119 129400709
35925982 874249 130344924
67432434 816891 131197017
202854577 567563 131223315
187075704 798405 131584122
203494456 777892 133048281
106341547 560318 133500902
193947164 878290 134301427
10577355 284311 135259980
129879326 452738 135483084
90066793 941324 136720412
152842159 485791 137359952
137847205 959756 139295558
93952790 23189 139398914
174273780 856858 140125913
208981314 189823 141272974
112374787 578108 141585526
10817087 890636 142939242
19673052 300887 144227073
77263540 867733 144635500
59359414 399282 145342673
5947816 828932 146386629
172249940 808508 147144538
16261539 629376 148385558
21797234 174457 148704980
189315832 340342 149470218
123322806 775644 153100002
82918892 804193 155405792
34668886 486582 155582227
163808253 921747 155621765
203718347 669409 156095037
97031740 237835 157188778
212099174 969985 159899663
82706807 587243 160500416
22199436 239825 160865766
129669508 655201 161400770
148157740 484737 162300446
205675675 22277 163096872
190989025 561871 163356892
79058697 349326 163696108
206260765 47726 163807505
163179865 794080 164932825
102145960 79618 165003358
197505430 893199 165879279
142110101 160606 166432665
159508026 531479 167080794
148887178 863777 168318225
74179419 722708 170349672
31324278 472156 171280730
35478700 848710 171283076
62455452 614914 171845225
3925850 278251 171879275
199073564 127353 173050557
28649792 41298 173548617
44052745 912195 173575891
70094453 532383 173988971
71979020 458871 174084551
142176935 472637 174579029
27063293 42446 175102243
196424284 138410 176412306
21465463 734010 176831395
153530164 383350 177482946
82431616 806619 177718993
154248289 216293 178659817
141882868 359524 178800616
20778778 609715 179598671
112993037 325537 180092535
62706368 656421 180110410
42723384 343227 180385907
177234220 202879 181030179
21711874 333591 181057453
170786416 746217 181085481
152603774 620664 181435193
31006533 392722 181797614
90803614 894499 182951688
141936926 514339 183901469
169503701 660425 184306662
37879686 394994 184554191
148514995 371707 185602082
91533787 346592 186210748
64981274 574272 186635947
84913780 73215 187073113
120819716 243603 187177129
202011908 611133 187633082
103389434 198573 187720008
121262754 845929 187894794
99315381 219281 188565286
116327609 789333 189989247
2471693 535362 191175786
196063821 536271 191722526
69061674 503224 193146432
158013212 640791 193233185
175590076 233972 194678432
170770752 106801 196698295
10857391 727594 196907702
18894004 496120 197821547
201614151 862867 198138916
68874798 790757 199822924
172055225 64497 200648302
208764601 46072 200673711
65275594 416359 200675470
129360132 850070 200837958
113041882 870948 201541018
50853258 311438 201572711
162995704 477472 202864810
181528254 792609 203093479
181093931 561337 203594535
24900399 933874 203657864
79382221 644976 204375794
19441404 931118 204546976
24199229 568689 205821963
119536644 318941 207016248
129266679 352044 207092140
167028096 954804 207894675
4034513 206753 208504621
156302683 160934 209534635
136738434 495459 210475492
43069042 769646 211114990
58684186 417055 211705574
169525712 577058 211897249
211924104 828418 212986336
68724031 599484 213120592
90297924 886327 213707090
37315105 122087 214080879
42552621 130329 215830935
190284265 705287 216313795
171651483 554174 216850603
201647878 240519 217447097
155487112 538017 217926943
52044540 219272 220391806
11267638 835837 222353256
134282768 690392 222803233
104503109 712136 223145511
157983679 807951 224072943
23173664 977621 224089855
28946486 559849 224208609
124155332 994169 224700127
134450497 878039 225124487
94063144 161935 225530119
26233074 123295 226271248
180545618 186327 226699084
71532491 422844 227010659
34826475 694757 227137296
30964886 151460 228982363
117122008 48590 229860340
147060514 839822 230106384
95264308 993286 230167338
83224822 453591 231346020
124195269 888661 231687935
125183224 810195 231893225
68041167 87464 232135095
52483457 861278 232174981
209802028 769447 232377534
124266537 164270 232799645
44431079 393463 233471464
41792779 543632 233857306
174594227 276328 234056370
139472043 453883 234156134
107778134 244847 235289769
96698106 978172 235552676
165020229 778626 237433545
104977176 758843 237634797
111533925 169422 237900243
127393428 225520 238241220
29376826 410708 240054712
178603871 632388 240856048
202610866 929711 242014839
197529111 86427 243005209
116414721 259878 244543424
15466392 735858 244821720
101492257 450276 245204407
6288517 489013 245503833
175737405 677133 245564509
94733702 381011 246912402
77483880 247454 246933805
152520202 386142 248022085
147089896 783783 249781924
116997302 954020 250445239
79150110 681820 250562621
149700624 113187 251062226
98089886 400977 251330556
802845 180511 251605492
46867980 515034 251749149
65316249 138166 251853277
156894114 774391 252011514
206790983 922278 252012014
36866487 787323 252020743
116896122 315648 252293141
21426586 811184 252455926
192591709 199942 252906286
120936 231567 252938499
111837598 64680 253134247
15311439 231645 254176730
157615301 427212 254308646
188435704 943044 254972338
171337915 22384 255332228
39418855 721586 255872486
11162841 569047 256546447
198618282 736435 256710548
92986543 387135 257407811
1742117 185929 257636749
82835323 741717 258033102
10881257 991507 260651776
175071309 600017 261015446
141692388 630964 261423944
99015009 540496 262034224
160343792 716045 262138639
209542555 217734 262233386
179614474 323828 262291016
130028850 49764 262931359
185224143 308875 263580785
31570944 771278 263826980
89324325 384026 264602994
134426475 868680 265517185
151885593 484334 265562250
113204246 428578 266579556
66683077 786975 267629030
79175102 685860 268048608
27888934 438155 269967862
132835140 442705 270699755
211574547 283771 273357425
207544456 94902 273566825
120283815 182927 273642114
133381753 520658 275086299
204220536 295157 275145945
136958636 583916 275473513
96769674 572324 276250042
171149096 863832 276435633
98477665 393584 276881217
151319629 184133 277374537
184221863 285479 278385469
127161194 344540 279579910
65359195 676209 280319895
58124487 243590 280611989
184589269 545023 281217523
135375176 728314 281895794
138831159 300546 283220817
66659952 791966 283639029
4386258 510994 284474815
48296919 274727 284675540
128456917 686510 285831356
209229672 468620 285987706
64688811 269330 286178719
113230609 645429 286304690
106391973 42363 286752326
145200082 841727 286956972
144491724 65833 287053320
129238423 637244 287711532
116129819 856300 287858879
34762552 683435 289265751
45073519 625088 289330822
129975380 580312 290096282
41280009 295601 290272611
96807987 770770 291366186
80414634 772306 291876548
201216757 832343 292773292
170967490 72283 293154032
118160558 156545 293268538
76706569 705504 293610972
147708820 395856 295249274
172582478 919895 295814036
22782688 837392 295887711
60335544 269254 296408496
128660525 120884 296730032
149936080 714939 298099924
202293286 888367 299866412
135184577 575920 300496552
124818879 125455 300552786
31459522 484673 301219737
39656055 917230 301511779
85545894 306305 302089644
108926547 166495 302558070
44040894 304668 303009390
14543592 32860 305284146
71136262 848184 305529526
207341092 272049 306306614
13954663 981173 307236600
72123862 369111 309693751
17407036 433911 309923556
135904677 883402 310456260
127409681 744617 311225414
175822975 92452 311485210
122769376 56753 312563072
47637932 339174 312637473
49713999 376158 312901196
25172873 367581 313563237
174485245 748625 313994628
202769096 172131 314017858
167300811 431503 314051601
176972794 664633 314575626
15073669 272472 314596157
94407543 422416 314966417
35483861 554503 315276888
52983312 195086 315746501
128892281 337016 316137788
168410822 579873 318539353
94529636 297459 318594781
71196869 531553 318922520
90715521 632493 319026859
98365065 537323 320372220
6114080 74934 320908168
132061838 599630 321792069
75549035 288699 323691722
162862325 589121 323854865
73455714 607053 324389762
49771876 368887 325650303
64008212 30175 325960681
126567098 243659 326159625
54777737 822508 326628232
156622088 217802 327108904
40799882 328966 327448213
29634660 654335 327712477
155549085 702718 328462331
202057644 215654 328547492
133314771 506651 329489736
157209841 394107 330025655
111073908 731077 331475103
174986691 387071 333152677
125613784 714033 333864072
111164532 720065 334033903
179013105 962303 334565016
53128902 79460 334779357
75943174 765765 336225842
122220243 983169 337051825
151423126 150728 337597262
145843883 974162 337758607
168686866 807479 338226898
67970987 138467 339020033
49822262 831293 339071438
118821301 702407 339529047
197127537 299502 340206054
167397879 864478 340671612
44359262 58865 340703785
210730868 97526 343404366
33971654 366331 344074584
60217767 714129 344346054
75131107 667596 345909771
121053010 198501 346898636
19470467 250513 347049011
7746748 599432 347053693
178224117 889621 347739760
69827728 464899 349462387
23970640 634492 349546415
62633973 822021 349750524
19075845 523500 350209432
35974600 263927 351045722
117297920 800168 351051824
69992768 468035 352383493
125309470 96505 352498133
99627482 606760 353195335
19351539 964113 355216650
189188791 548920 355273274
70593146 660812 355363797
207300352 757301 355395657
85169716 190878 356830141
55549778 113471 357569216
146775769 720432 357597559
182423902 978202 358761895
91187493 335583 359262167
131138915 883776 359995336
125901390 730512 361946955
102852442 345311 362115421
183633372 573213 363122062
103921314 813537 363175362
56869325 298501 363235741
175761686 846824 364191865
29404301 946872 364642698
121120689 298190 365210989
201545894 711480 366088448
9662997 670155 368023330
44001712 165940 368289384
20227263 587582 369154605
89290304 413820 369683054
95753290 556742 369899637
165615542 260876 371676690
92455900 503715 371972862
95130333 483207 372563392
62974457 250395 372930233
10904189 962040 373311551
81447927 369154 374047959
87571956 91714 375508911
88506923 738951 375729796
71296453 886606 376287665
109702362 144620 376684513
20638394 982867 376896399
89776966 31519 376921609
13381799 602851 377645385
93295003 400662 378299464
196554951 293145 379244795
434472 51388 380370154
94465782 999548 380602822
17863327 503185 380626339
202250719 432640 381075367
135777224 879826 381087707
199793954 515498 381519662
79009779 729976 382079376
185560924 699394 383312352
138549526 932232 386179923
62066908 710927 386828097
174011343 96321 386843478
69418179 843881 387065749
146182579 561768 388234913
102811293 242046 388536179
150762886 512418 388541043
23457710 955672 388706588
47191914 626641 388758166
176543691 713199 389360725
210216840 457591 391186369
149743651 478940 392119154
4295477 932428 394347798
133401637 264322 396437212
143600389 406928 398307594
211491059 499376 398499671
97167128 55701 399306368
191405473 82300 399427181
63175794 419968 399710132
31860057 845303 399914014
201382735 779580 400536834
143706662 387624 401163659
161482733 920262 401488615
176574799 672658 401580493
163355490 401534 401688693
42637636 748912 402141030
61340037 741231 402771567
168872105 231816 403615458
183466442 733352 405832551
15647547 246451 406837218
98966388 673671 406962390
11558262 648325 407541353
110508742 776749 408202572
29407449 637691 410659784
104617148 246212 410704185
112425226 448952 410977525
21072254 560605 411090244
160995812 382534 411561462
192707730 888125 411967458
29293414 357198 412061548
153227637 399973 412116257
128804331 870198 412343064
115836551 889916 412998687
207437680 500197 414552661
29474139 885010 415241612
183921311 790616 415343562
185634823 709068 416558951
135668128 533505 417771486
51005823 374142 418407730
132751929 756226 421445464
146894765 881144 421456804
210584765 373149 421514805
121326565 994898 422072058
38915408 938245 422183285
146889198 459020 422996154
169502734 609314 423267463
193971091 615829 423357459
12738940 727518 423480825
151259467 237359 423698797
9168418 521004 426255400
87409557 909669 426419886
129835767 662414 427695085
52007909 780732 427840927
99115683 990325 428684675
157903759 913075 429514837
122703030 631902 429791706
57725290 732752 430342535
166954699 411611 430456443
179235627 649943 430509140
192945848 21778 432867214
155360024 53630 433042701
69139327 1595 434335678
33698857 55658 434349156
182374455 236017 434663146
72917290 644544 435047605
9082151 930349 435203326
70715415 54119 435518530
198275387 479682 435914528
36179148 636778 436367818
34703955 404285 437049450
184380990 389732 438088841
191112112 533187 438292924
103103877 790446 438338930
207161346 149519 438442389
198057923 271829 439493105
15288485 259192 439625309
6986190 396537 440470988
41660474 659563 440490290
130105099 557250 440592224
52311977 329389 440968453
34520419 192513 442565250
212233309 159026 444718919
168396962 395790 445450740
95247949 989006 447630872
42917039 192499 447733464
107626735 312010 451016203
136104704 112810 451248199
23462250 256079 451411584
71752095 126057 451526662
27356106 810564 451863730
96139336 731505 453007985
100118018 470737 453874375
86905344 473152 454019374
141570237 408507 454081511
64503180 685909 454179501
18801689 542583 455196064
175677240 962194 455231922
3520771 751576 455432179
139892007 224627 456495421
108123 264938 456600130
208461059 235065 456669174
25931727 284033 457838295
17227642 690037 458440798
81552950 325818 458509271
56919295 252244 458729992
209142891 886187 460341872
141150841 303135 461245325
49022923 799857 461530604
93656172 778474 461707048
92009888 324090 462043209
198259458 635819 463397079
193833972 790957 463789815
172299801 533586 464255087
44043268 759962 464811203
48944113 143605 465089863
194034125 882402 465246415
77529965 73379 465991962
176626577 279139 466012246
210742256 294011 467657034
905998 167103 468525718
117744495 304996 468558011
8258317 814921 468693357
70762348 402289 469092879
169909711 751720 469271748
15500624 850318 469523829
151653565 823063 469722910
29943103 924383 469874699
158636643 599264 470336128
127510040 178564 470739771
18894382 552364 470771014
197348336 25382 471193825
193380341 987345 471482786
130785541 953810 473840699
65738893 995320 473882652
123969260 26013 474205018
138149743 920501 476063090
183155296 897210 476272865
125924263 643946 477072851
70577656 169278 477439403
112529999 976489 477789064
75054285 65757 478115893
52695543 127934 479237796
123457589 833469 480458563
69054163 453957 480583068
147273040 772011 481071746
89097994 345298 481427559
90110480 696484 481999573
74789240 76347 482110742
28811458 709369 483201174
111814428 481815 483415659
72166260 698908 484216235
121393450 668045 485249191
55330561 721207 485697383
141741291 540907 487685487
110549371 184927 488330299
41904331 489874 488335176
18190375 349703 489164449
179426625 950420 490410553
5126104 313466 490762865
107935631 719014 491367763
144725345 824173 492177582
212006393 860699 493462524
162592772 893024 494002257
33628550 617256 494188595
128774954 489795 494899221
34150953 742582 494964288
207179943 626198 495962885
61926216 215629 496227307
72178713 717817 496935093
158842612 493866 497087371
60040337 414820 497429140
157791874 195257 498188983
137684724 487004 498914967
18125844 929282 501272130
86580908 355849 502066703
82210779 888890 502173069
98212046 444152 502855330
125657468 595332 502944980
3788188 112125 503338213
46455177 504871 503400344
130610791 375197 503778535
59430068 195093 505466414
165148065 767141 505931823
66248429 763095 506816351
159331167 857012 507069733
171639591 941141 508218190
125312978 271387 510373802
103407060 877083 510679176
192554097 627018 512200900
173770129 602133 512453299
206528035 700349 512792975
144965107 914973 512835715
7947801 837298 514857705
23985113 283056 515034646
49290367 845741 515038392
95431283 81755 515754893
203435484 519160 516529979
14615853 842424 516983567
173734103 341029 517368814
205353552 792490 517791637
211286436 695836 517818665
86160681 170899 518257574
34082255 458112 518383504
181105504 647713 518572947
88193545 911312 520139323
119988206 926661 520413173
195837787 513522 520725779
16931307 188587 520787378
81347958 414058 521173892
130733591 529023 521747508
33335868 551465 522551660
17966394 978738 523199313
23220679 281389 527752058
200949246 321585 528945145
52120939 902210 529611604
32691571 713852 529664192
18081856 528721 530981095
174993028 392142 533759788
166045509 505999 534283506
84841251 403142 534428323
80394504 169350 534700494
98722635 213093 534977872
209289734 786731 535270019
126383688 892555 535328546
20485473 820048 535906231
129008586 605383 536769543
73566603 449455 538680273
201813958 684639 538812722
135376547 860076 539005561
168544333 109363 539159261
203443509 21018 539753836
150796606 437954 540274326
141356670 210812 540746636
110509939 856586 541144361
207326639 588793 541194858
42592584 867087 543387817
6643582 820162 543668969
82176174 108232 543692882
148959640 264584 543822017
6402240 460670 544065490
211913939 52879 544662391
104694217 360838 545765288
107551659 384731 545937275
69715741 804043 546002091
204285565 804464 546606019
13991596 90872 546707693
142167327 539568 547445589
56538140 358885 547891478
42590794 357469 548537997
65815096 957456 548989314
211539679 551918 549441390
27042854 521668 549499198
179032911 608690 549748989
199978697 960438 551580130
35327550 412420 552590775
107557103 372346 552637205
61159658 736697 553181205
89940106 97777 554179446
164090261 601562 555964294
126774884 99985 556040457
69641206 739975 556295768
50801206 695695 556380497
30599419 151327 557550051
18068340 415739 558251994
31897982 606251 558671814
10444357 689276 558978753
118828825 169040 559028171
44505080 849357 560128848
123026044 807184 560780942
98528747 605045 561781518
87654274 876257 561791479
28176957 893682 562131095
138383173 353684 563530343
73457612 193211 564292691
52422800 27799 564980785
136303045 935686 565317780
200592973 304333 565392454
55035818 85697 566389748
91512581 465732 567962613
69362280 187587 569040286
110742684 424845 569741988
117533767 17347 570129264
200209979 494381 570314700
1658066 907712 570556628
146650105 524134 570764951
906293 634729 573683601
130490593 682110 574049691
125179223 81136 575244063
150067413 311824 575510825
138251353 848225 576733732
194275863 658831 577090681
117104729 384471 577279335
110213615 911193 579105459
171460330 387471 579185755
128230702 211964 579548496
37162676 162224 579856553
50318817 867615 580321369
59207434 525392 580519808
124367426 365523 580880100
22088675 993685 581021454
52948741 86181 581614613
202175466 413631 581730720
9956743 262011 582833595
160530921 488003 583745710
25959876 835215 584262830
140095327 740064 584402377
11790740 825875 584681304
150767572 295408 585406047
77936802 898792 586201841
186301289 499320 587710397
10729561 830502 588942500
22742772 363466 590934648
157465547 807692 591308777
208650232 332751 591428570
136728804 350696 591751739
66354859 212361 593910429
27503717 170503 594279417
113932364 581671 594284049
15716897 910567 594363269
90085201 811051 594700768
31530644 910637 596116390
5763931 723997 597087302
184746346 587969 597770359
121752850 899753 597871152
553933 753116 598068321
56690857 451920 598122213
40691754 179505 598613768
182444347 884963 599427307
113833286 894673 600227139
27164790 833550 600483295
179130830 239432 600917053
93457253 51456 601180868
